date,DFF,DGS2,DGS10,T10Y2Y,CPIAUCSL,CPILFESL,PCEPILFE,UNRATE,PAYEMS,VIXCLS,DTWEXBGS,DCOILWTICO
2000-01-01,3.990,,,,169.3,179.3,74.306,4.0,131011,,,
2000-01-02,3.990,,,,,,,,,,,
2000-01-03,5.430,6.380,6.58,0.20,,,,,,24.21,,
2000-01-04,5.380,6.300,6.49,0.19,,,,,,27.01,,25.56
2000-01-05,5.410,6.380,6.62,0.24,,,,,,26.41,,24.65
2000-01-06,5.540,6.350,6.57,0.22,,,,,,25.73,,24.79
2000-01-07,5.610,6.310,6.52,0.21,,,,,,21.72,,24.79
2000-01-08,5.610,,,,,,,,,,,
2000-01-09,5.610,,,,,,,,,,,
2000-01-10,5.740,6.380,6.57,0.19,,,,,,21.71,,24.71
2000-01-11,5.630,6.450,6.67,0.22,,,,,,22.50,,25.69
2000-01-12,5.590,6.490,6.72,0.23,,,,,,22.84,,26.30
2000-01-13,5.580,6.400,6.63,0.23,,,,,,21.71,,26.63
2000-01-14,5.560,6.440,6.69,0.25,,,,,,19.66,,28.01
2000-01-15,5.560,,,,,,,,,,,
2000-01-16,5.560,,,,,,,,,,,
2000-01-17,5.560,,,,,,,,,,,
2000-01-18,5.830,6.470,6.75,0.28,,,,,,21.50,,28.98
2000-01-19,5.470,6.460,6.73,0.27,,,,,,21.72,,29.11
2000-01-20,5.440,6.490,6.79,0.30,,,,,,21.75,,29.67
2000-01-21,5.360,6.480,6.79,0.31,,,,,,20.82,,29.71
2000-01-22,5.360,,,,,,,,,,,
2000-01-23,5.360,,,,,,,,,,,
2000-01-24,5.530,6.430,6.69,0.26,,,,,,24.07,,29.25
2000-01-25,5.460,6.440,6.70,0.26,,,,,,23.02,,30.28
2000-01-26,5.520,6.450,6.69,0.24,,,,,,23.03,,27.66
2000-01-27,5.610,6.510,6.68,0.17,,,,,,23.54,,27.22
2000-01-28,5.580,6.580,6.66,0.08,,,,,,26.14,,27.27
2000-01-29,5.580,,,,,,,,,,,
2000-01-30,5.580,,,,,,,,,,,
2000-01-31,5.870,6.610,6.68,0.07,,,,,,24.95,,27.65
2000-02-01,5.790,6.600,6.62,0.02,170.0,179.4,74.415,4.1,131120,23.45,,28.28
2000-02-02,5.640,6.630,6.60,-0.03,,,,,,23.12,,27.52
2000-02-03,5.710,6.560,6.49,-0.07,,,,,,22.01,,28.26
2000-02-04,5.700,6.630,6.53,-0.10,,,,,,21.54,,28.67
2000-02-05,5.700,,,,,,,,,,,
2000-02-06,5.700,,,,,,,,,,,
2000-02-07,5.760,6.680,6.64,-0.04,,,,,,22.79,,28.40
2000-02-08,5.670,6.690,6.59,-0.10,,,,,,21.25,,28.05
2000-02-09,5.760,6.690,6.56,-0.13,,,,,,22.90,,28.71
2000-02-10,5.790,6.670,6.67,0.00,,,,,,23.07,,29.49
2000-02-11,5.710,6.650,6.63,-0.02,,,,,,24.42,,29.51
2000-02-12,5.710,,,,,,,,,,,
2000-02-13,5.710,,,,,,,,,,,
2000-02-14,5.790,6.620,6.56,-0.06,,,,,,24.38,,30.30
2000-02-15,5.850,6.660,6.56,-0.10,,,,,,22.92,,30.17
2000-02-16,5.670,6.630,6.56,-0.07,,,,,,23.51,,30.01
2000-02-17,5.660,6.690,6.58,-0.11,,,,,,23.17,,29.37
2000-02-18,5.700,6.660,6.49,-0.17,,,,,,26.00,,29.51
2000-02-19,5.700,,,,,,,,,,,
2000-02-20,5.700,,,,,,,,,,,
2000-02-21,5.700,,,,,,,,,,,
2000-02-22,5.810,6.570,6.36,-0.21,,,,,,25.86,,29.63
2000-02-23,5.770,6.610,6.44,-0.17,,,,,,23.89,,30.19
2000-02-24,5.760,6.520,6.36,-0.16,,,,,,24.38,,30.23
2000-02-25,5.730,6.450,6.36,-0.09,,,,,,25.20,,30.34
2000-02-26,5.730,,,,,,,,,,,
2000-02-27,5.730,,,,,,,,,,,
2000-02-28,5.810,6.470,6.37,-0.10,,,,,,24.68,,30.11
2000-02-29,5.850,6.530,6.42,-0.11,,,,,,23.37,,30.57
2000-03-01,5.780,6.520,6.39,-0.13,171.0,180.0,74.568,4.0,131604,21.64,,31.71
2000-03-02,5.760,6.520,6.40,-0.12,,,,,,21.06,,31.51
2000-03-03,5.720,6.500,6.39,-0.11,,,,,,19.21,,31.46
2000-03-04,5.720,,,,,,,,,,,
2000-03-05,5.720,,,,,,,,,,,
2000-03-06,5.730,6.550,6.42,-0.13,,,,,,21.50,,32.19
2000-03-07,5.680,6.480,6.39,-0.09,,,,,,24.31,,33.90
2000-03-08,5.770,6.500,6.38,-0.12,,,,,,23.82,,31.22
2000-03-09,5.790,6.480,6.35,-0.13,,,,,,22.21,,31.61
2000-03-10,5.750,6.550,6.39,-0.16,,,,,,21.24,,31.76
2000-03-11,5.750,,,,,,,,,,,
2000-03-12,5.750,,,,,,,,,,,
2000-03-13,5.810,6.520,6.36,-0.16,,,,,,22.85,,32.11
2000-03-14,5.800,6.480,6.31,-0.17,,,,,,24.41,,31.93
2000-03-15,5.900,6.500,6.29,-0.21,,,,,,22.34,,30.47
2000-03-16,5.770,6.500,6.26,-0.24,,,,,,20.77,,31.10
2000-03-17,5.760,6.500,6.20,-0.30,,,,,,22.37,,30.86
2000-03-18,5.760,,,,,,,,,,,
2000-03-19,5.760,,,,,,,,,,,
2000-03-20,5.820,6.520,6.18,-0.34,,,,,,22.96,,29.33
2000-03-21,5.810,6.500,6.13,-0.37,,,,,,21.70,,28.01
2000-03-22,6.020,6.500,6.13,-0.37,,,,,,21.49,,27.28
2000-03-23,6.040,6.520,6.08,-0.44,,,,,,22.26,,27.47
2000-03-24,5.980,6.640,6.20,-0.44,,,,,,23.31,,27.86
2000-03-25,5.980,,,,,,,,,,,
2000-03-26,5.980,,,,,,,,,,,
2000-03-27,6.070,6.660,6.21,-0.45,,,,,,24.53,,27.59
2000-03-28,6.020,6.600,6.17,-0.43,,,,,,24.86,,27.10
2000-03-29,5.980,6.590,6.18,-0.41,,,,,,24.10,,26.36
2000-03-30,6.110,6.520,6.06,-0.46,,,,,,25.47,,26.67
2000-03-31,6.170,6.500,6.03,-0.47,,,,,,24.11,,26.86
2000-04-01,6.170,,,,170.9,180.3,74.617,3.8,131884,,,
2000-04-02,6.170,,,,,,,,,,,
2000-04-03,6.150,6.450,6.00,-0.45,,,,,,24.03,,26.28
2000-04-04,5.980,6.350,5.90,-0.45,,,,,,27.12,,25.46
2000-04-05,6.080,6.350,5.90,-0.45,,,,,,28.41,,25.76
2000-04-06,6.050,6.380,5.93,-0.45,,,,,,27.15,,25.51
2000-04-07,5.950,6.380,5.86,-0.52,,,,,,24.39,,24.97
2000-04-08,5.950,,,,,,,,,,,
2000-04-09,5.950,,,,,,,,,,,
2000-04-10,6.050,6.310,5.80,-0.51,,,,,,25.99,,23.91
2000-04-11,5.970,6.360,5.89,-0.47,,,,,,27.25,,24.17
2000-04-12,5.930,6.400,5.97,-0.43,,,,,,28.98,,25.49
2000-04-13,5.970,6.400,5.94,-0.46,,,,,,29.40,,25.29
2000-04-14,6.080,6.270,5.85,-0.42,,,,,,33.49,,25.48
2000-04-15,6.080,,,,,,,,,,,
2000-04-16,6.080,,,,,,,,,,,
2000-04-17,6.180,6.330,6.01,-0.32,,,,,,28.95,,26.06
2000-04-18,5.930,6.330,6.05,-0.28,,,,,,26.12,,25.92
2000-04-19,5.930,6.330,5.99,-0.34,,,,,,27.02,,27.38
2000-04-20,6.050,6.380,5.99,-0.39,,,,,,25.85,,27.29
2000-04-21,5.940,,,,,,,,,,,
2000-04-22,5.940,,,,,,,,,,,
2000-04-23,5.940,,,,,,,,,,,
2000-04-24,5.900,6.360,6.00,-0.36,,,,,,27.37,,27.41
2000-04-25,5.990,6.480,6.14,-0.34,,,,,,25.24,,26.41
2000-04-26,6.000,6.500,6.14,-0.36,,,,,,26.97,,24.69
2000-04-27,6.000,6.630,6.23,-0.40,,,,,,26.19,,25.53
2000-04-28,6.060,6.680,6.23,-0.45,,,,,,26.20,,25.71
2000-04-29,6.060,,,,,,,,,,,
2000-04-30,6.060,,,,,,,,,,,
2000-05-01,6.170,6.730,6.29,-0.44,171.2,180.7,74.697,4.0,132105,25.88,,25.84
2000-05-02,6.050,6.720,6.32,-0.40,,,,,,28.50,,26.86
2000-05-03,6.050,6.730,6.40,-0.33,,,,,,31.63,,26.60
2000-05-04,6.050,6.770,6.46,-0.31,,,,,,30.77,,27.08
2000-05-05,5.940,6.840,6.51,-0.33,,,,,,27.53,,27.37
2000-05-06,5.940,,,,,,,,,,,
2000-05-07,5.940,,,,,,,,,,,
2000-05-08,6.010,6.870,6.57,-0.30,,,,,,28.20,,28.05
2000-05-09,5.920,6.860,6.53,-0.33,,,,,,28.93,,28.46
2000-05-10,5.950,6.840,6.47,-0.37,,,,,,29.87,,28.10
2000-05-11,6.050,6.820,6.43,-0.39,,,,,,27.76,,29.25
2000-05-12,6.110,6.910,6.51,-0.40,,,,,,26.05,,29.64
2000-05-13,6.110,,,,,,,,,,,
2000-05-14,6.110,,,,,,,,,,,
2000-05-15,6.340,6.880,6.47,-0.41,,,,,,24.86,,29.95
2000-05-16,6.130,6.890,6.43,-0.46,,,,,,24.34,,29.76
2000-05-17,6.250,6.900,6.48,-0.42,,,,,,23.98,,29.38
2000-05-18,6.490,6.930,6.56,-0.37,,,,,,23.96,,30.28
2000-05-19,6.510,6.860,6.51,-0.35,,,,,,25.44,,30.02
2000-05-20,6.510,,,,,,,,,,,
2000-05-21,6.510,,,,,,,,,,,
2000-05-22,6.520,6.810,6.44,-0.37,,,,,,26.00,,28.62
2000-05-23,6.470,6.830,6.45,-0.38,,,,,,25.87,,28.61
2000-05-24,6.480,6.790,6.47,-0.32,,,,,,24.32,,29.89
2000-05-25,6.560,6.710,6.39,-0.32,,,,,,24.58,,30.43
2000-05-26,6.400,6.690,6.33,-0.36,,,,,,24.47,,29.76
2000-05-27,6.400,,,,,,,,,,,
2000-05-28,6.400,,,,,,,,,,,
2000-05-29,6.400,,,,,,,,,,,
2000-05-30,6.710,6.740,6.38,-0.36,,,,,,23.62,,30.36
2000-05-31,6.830,6.690,6.29,-0.40,,,,,,23.65,,29.03
2000-06-01,6.650,6.610,6.20,-0.41,172.2,181.1,74.754,4.0,132063,22.36,,30.19
2000-06-02,6.440,6.520,6.15,-0.37,,,,,,21.48,,30.34
2000-06-03,6.440,,,,,,,,,,,
2000-06-04,6.440,,,,,,,,,,,
2000-06-05,6.510,6.490,6.12,-0.37,,,,,,22.71,,29.87
2000-06-06,6.470,6.510,6.14,-0.37,,,,,,23.05,,29.78
2000-06-07,6.500,6.520,6.13,-0.39,,,,,,22.48,,29.29
2000-06-08,6.540,6.560,6.13,-0.43,,,,,,22.77,,29.78
2000-06-09,6.470,6.560,6.13,-0.43,,,,,,22.14,,30.22
2000-06-10,6.470,,,,,,,,,,,
2000-06-11,6.470,,,,,,,,,,,
2000-06-12,6.540,6.520,6.09,-0.43,,,,,,22.32,,31.76
2000-06-13,6.460,6.490,6.11,-0.38,,,,,,21.67,,32.73
2000-06-14,6.540,6.440,6.06,-0.38,,,,,,21.48,,32.72
2000-06-15,6.700,6.440,6.05,-0.39,,,,,,20.68,,32.70
2000-06-16,6.460,6.380,5.99,-0.39,,,,,,20.50,,32.35
2000-06-17,6.460,,,,,,,,,,,
2000-06-18,6.460,,,,,,,,,,,
2000-06-19,6.510,6.400,6.00,-0.40,,,,,,20.63,,31.57
2000-06-20,6.490,6.430,6.03,-0.40,,,,,,20.88,,33.07
2000-06-21,6.470,6.500,6.11,-0.39,,,,,,20.61,,33.64
2000-06-22,6.520,6.500,6.12,-0.38,,,,,,22.00,,34.72
2000-06-23,6.510,6.550,6.19,-0.36,,,,,,22.34,,34.76
2000-06-24,6.510,,,,,,,,,,,
2000-06-25,6.510,,,,,,,,,,,
2000-06-26,6.630,6.500,6.11,-0.39,,,,,,22.45,,31.56
2000-06-27,6.560,6.500,6.10,-0.40,,,,,,21.80,,32.01
2000-06-28,6.500,6.430,6.11,-0.32,,,,,,20.29,,31.86
2000-06-29,6.760,6.370,6.04,-0.33,,,,,,19.70,,32.73
2000-06-30,6.860,6.380,6.03,-0.35,,,,,,19.54,,32.44
2000-07-01,6.860,,,,172.7,181.5,74.925,4.0,132228,,,
2000-07-02,6.860,,,,,,,,,,,
2000-07-03,7.030,6.310,6.00,-0.31,,,,,,19.83,,
2000-07-04,7.030,,,,,,,,,,,
2000-07-05,6.520,6.290,5.99,-0.30,,,,,,21.16,,30.76
2000-07-06,6.510,6.340,6.05,-0.29,,,,,,20.94,,30.19
2000-07-07,6.420,6.290,6.01,-0.28,,,,,,19.22,,30.26
2000-07-08,6.420,,,,,,,,,,,
2000-07-09,6.420,,,,,,,,,,,
2000-07-10,6.510,6.310,6.04,-0.27,,,,,,20.33,,29.51
2000-07-11,6.390,6.320,6.06,-0.26,,,,,,20.11,,29.61
2000-07-12,6.380,6.340,6.09,-0.25,,,,,,20.03,,30.34
2000-07-13,6.500,6.310,6.01,-0.30,,,,,,20.03,,31.41
2000-07-14,6.510,6.410,6.10,-0.31,,,,,,19.32,,31.31
2000-07-15,6.510,,,,,,,,,,,
2000-07-16,6.510,,,,,,,,,,,
2000-07-17,6.580,6.460,6.17,-0.29,,,,,,19.45,,30.71
2000-07-18,6.470,6.440,6.16,-0.28,,,,,,19.75,,31.94
2000-07-19,6.450,6.460,6.16,-0.30,,,,,,19.65,,31.10
2000-07-20,6.520,6.320,6.01,-0.31,,,,,,18.94,,30.94
2000-07-21,6.510,6.320,6.01,-0.31,,,,,,18.94,,28.56
2000-07-22,6.510,,,,,,,,,,,
2000-07-23,6.510,,,,,,,,,,,
2000-07-24,6.520,6.350,6.04,-0.31,,,,,,19.92,,27.97
2000-07-25,6.460,6.350,6.04,-0.31,,,,,,19.39,,27.89
2000-07-26,6.490,6.290,6.04,-0.25,,,,,,19.67,,27.81
2000-07-27,6.520,6.270,6.02,-0.25,,,,,,19.60,,28.21
2000-07-28,6.440,6.300,6.04,-0.26,,,,,,20.84,,28.22
2000-07-29,6.440,,,,,,,,,,,
2000-07-30,6.440,,,,,,,,,,,
2000-07-31,6.640,6.300,6.04,-0.26,,,,,,20.74,,27.50
2000-08-01,6.510,6.270,6.00,-0.27,172.7,181.9,75.021,4.1,132234,20.55,,27.85
2000-08-02,6.420,6.230,5.98,-0.25,,,,,,20.00,,28.27
2000-08-03,6.450,6.220,5.95,-0.27,,,,,,19.99,,28.92
2000-08-04,6.440,6.150,5.91,-0.24,,,,,,18.62,,29.94
2000-08-05,6.440,,,,,,,,,,,
2000-08-06,6.440,,,,,,,,,,,
2000-08-07,6.460,6.200,5.97,-0.23,,,,,,19.03,,28.93
2000-08-08,6.440,6.160,5.93,-0.23,,,,,,18.79,,29.26
2000-08-09,6.480,6.180,5.81,-0.37,,,,,,19.18,,30.38
2000-08-10,6.520,6.160,5.76,-0.40,,,,,,19.19,,31.09
2000-08-11,6.500,6.250,5.79,-0.46,,,,,,18.55,,31.02
2000-08-12,6.500,,,,,,,,,,,
2000-08-13,6.500,,,,,,,,,,,
2000-08-14,6.580,6.250,5.78,-0.47,,,,,,17.88,,31.92
2000-08-15,6.630,6.280,5.81,-0.47,,,,,,17.98,,31.43
2000-08-16,6.480,6.300,5.83,-0.47,,,,,,18.02,,31.91
2000-08-17,6.470,6.300,5.81,-0.49,,,,,,17.48,,31.88
2000-08-18,6.440,6.270,5.78,-0.49,,,,,,17.05,,31.97
2000-08-19,6.440,,,,,,,,,,,
2000-08-20,6.440,,,,,,,,,,,
2000-08-21,6.480,6.280,5.79,-0.49,,,,,,17.35,,32.42
2000-08-22,6.420,6.270,5.78,-0.49,,,,,,17.47,,31.24
2000-08-23,6.500,6.200,5.73,-0.47,,,,,,17.38,,31.23
2000-08-24,6.560,6.190,5.73,-0.46,,,,,,17.04,,33.41
2000-08-25,6.540,6.190,5.73,-0.46,,,,,,16.53,,34.01
2000-08-26,6.540,,,,,,,,,,,
2000-08-27,6.540,,,,,,,,,,,
2000-08-28,6.570,6.230,5.78,-0.45,,,,,,16.54,,32.92
2000-08-29,6.510,6.260,5.81,-0.45,,,,,,16.89,,32.73
2000-08-30,6.510,6.240,5.81,-0.43,,,,,,17.69,,33.25
2000-08-31,6.650,6.180,5.73,-0.45,,,,,,16.84,,33.09
2000-09-01,6.520,6.090,5.68,-0.41,173.6,182.3,75.203,3.9,132337,17.53,,33.42
2000-09-02,6.520,,,,,,,,,,,
2000-09-03,6.520,,,,,,,,,,,
2000-09-04,6.520,,,,,,,,,,,
2000-09-05,6.610,6.090,5.69,-0.40,,,,,,19.82,,33.92
2000-09-06,6.560,6.110,5.72,-0.39,,,,,,20.79,,34.97
2000-09-07,6.530,6.140,5.76,-0.38,,,,,,19.42,,35.18
2000-09-08,6.500,6.110,5.73,-0.38,,,,,,18.46,,33.62
2000-09-09,6.500,,,,,,,,,,,
2000-09-10,6.500,,,,,,,,,,,
2000-09-11,6.500,6.120,5.77,-0.35,,,,,,18.40,,35.14
2000-09-12,6.470,6.120,5.78,-0.34,,,,,,18.59,,34.25
2000-09-13,6.470,6.090,5.74,-0.35,,,,,,18.32,,33.87
2000-09-14,6.500,6.110,5.79,-0.32,,,,,,18.26,,34.37
2000-09-15,6.550,6.070,5.84,-0.23,,,,,,18.52,,35.87
2000-09-16,6.550,,,,,,,,,,,
2000-09-17,6.550,,,,,,,,,,,
2000-09-18,6.440,6.040,5.88,-0.16,,,,,,20.25,,36.75
2000-09-19,6.400,6.050,5.86,-0.19,,,,,,19.54,,36.96
2000-09-20,6.500,6.110,5.91,-0.20,,,,,,19.93,,37.22
2000-09-21,6.530,6.110,5.88,-0.23,,,,,,20.18,,33.84
2000-09-22,6.480,6.090,5.85,-0.24,,,,,,20.74,,32.66
2000-09-23,6.480,,,,,,,,,,,
2000-09-24,6.480,,,,,,,,,,,
2000-09-25,6.540,6.110,5.84,-0.27,,,,,,21.41,,31.50
2000-09-26,6.500,6.070,5.81,-0.26,,,,,,21.88,,31.78
2000-09-27,6.500,6.000,5.83,-0.17,,,,,,21.67,,31.23
2000-09-28,6.590,6.020,5.82,-0.20,,,,,,19.47,,30.26
2000-09-29,6.600,5.980,5.80,-0.18,,,,,,20.57,,30.87
2000-09-30,6.600,,,,,,,,,,,
2000-10-01,6.600,,,,173.9,182.6,75.308,3.9,132352,,,
2000-10-02,6.680,5.980,5.83,-0.15,,,,,,21.23,,32.05
2000-10-03,6.460,6.000,5.87,-0.13,,,,,,21.85,,31.86
2000-10-04,6.510,6.030,5.90,-0.13,,,,,,21.54,,30.91
2000-10-05,6.540,6.020,5.87,-0.15,,,,,,21.03,,30.66
2000-10-06,6.430,5.980,5.82,-0.16,,,,,,22.71,,30.86
2000-10-07,6.430,,,,,,,,,,,
2000-10-08,6.430,,,,,,,,,,,
2000-10-09,6.430,,,,,,,,,24.02,,31.98
2000-10-10,6.570,5.980,5.80,-0.18,,,,,,24.86,,33.29
2000-10-11,6.460,5.930,5.77,-0.16,,,,,,26.57,,33.20
2000-10-12,6.470,5.860,5.73,-0.13,,,,,,30.51,,36.06
2000-10-13,6.460,5.840,5.73,-0.11,,,,,,27.60,,34.96
2000-10-14,6.460,,,,,,,,,,,
2000-10-15,6.460,,,,,,,,,,,
2000-10-16,6.590,5.890,5.74,-0.15,,,,,,26.79,,33.18
2000-10-17,6.450,5.830,5.68,-0.15,,,,,,27.84,,33.36
2000-10-18,6.530,5.820,5.66,-0.16,,,,,,28.72,,33.51
2000-10-19,6.540,5.860,5.66,-0.20,,,,,,25.09,,33.06
2000-10-20,6.500,5.840,5.64,-0.20,,,,,,24.24,,34.31
2000-10-21,6.500,,,,,,,,,,,
2000-10-22,6.500,,,,,,,,,,,
2000-10-23,6.530,5.820,5.59,-0.23,,,,,,24.69,,34.90
2000-10-24,6.490,5.860,5.63,-0.23,,,,,,24.28,,34.53
2000-10-25,6.530,5.870,5.67,-0.20,,,,,,26.65,,33.62
2000-10-26,6.530,5.900,5.69,-0.21,,,,,,28.62,,33.75
2000-10-27,6.510,5.940,5.72,-0.22,,,,,,26.47,,32.78
2000-10-28,6.510,,,,,,,,,,,
2000-10-29,6.510,,,,,,,,,,,
2000-10-30,6.590,5.970,5.74,-0.23,,,,,,25.46,,32.86
2000-10-31,6.590,5.940,5.77,-0.17,,,,,,23.63,,32.70
2000-11-01,6.610,5.880,5.74,-0.14,174.2,183.1,75.441,3.9,132556,24.28,,33.14
2000-11-02,6.540,5.870,5.74,-0.13,,,,,,23.92,,32.59
2000-11-03,6.480,5.940,5.83,-0.11,,,,,,23.67,,32.62
2000-11-04,6.480,,,,,,,,,,,
2000-11-05,6.480,,,,,,,,,,,
2000-11-06,6.490,5.990,5.87,-0.12,,,,,,24.52,,33.02
2000-11-07,6.480,5.990,5.87,-0.12,,,,,,24.91,,33.44
2000-11-08,6.510,5.990,5.87,-0.12,,,,,,25.66,,32.92
2000-11-09,6.520,5.940,5.82,-0.12,,,,,,27.20,,33.87
2000-11-10,6.480,5.920,5.82,-0.10,,,,,,28.53,,34.05
2000-11-11,6.480,,,,,,,,,,,
2000-11-12,6.480,,,,,,,,,,,
2000-11-13,6.550,5.900,5.77,-0.13,,,,,,29.06,,34.30
2000-11-14,6.520,5.920,5.76,-0.16,,,,,,26.81,,34.72
2000-11-15,6.610,5.900,5.72,-0.18,,,,,,26.15,,35.54
2000-11-16,6.550,5.870,5.68,-0.19,,,,,,25.05,,34.84
2000-11-17,6.480,5.880,5.71,-0.17,,,,,,24.81,,35.62
2000-11-18,6.480,,,,,,,,,,,
2000-11-19,6.480,,,,,,,,,,,
2000-11-20,6.520,5.870,5.68,-0.19,,,,,,27.43,,35.98
2000-11-21,6.500,5.860,5.67,-0.19,,,,,,26.62,,35.54
2000-11-22,6.580,5.850,5.62,-0.23,,,,,,27.71,,36.06
2000-11-23,6.580,,,,,,,,,,,
2000-11-24,6.490,5.860,5.63,-0.23,,,,,,26.00,,36.06
2000-11-25,6.490,,,,,,,,,,,
2000-11-26,6.490,,,,,,,,,,,
2000-11-27,6.500,5.860,5.64,-0.22,,,,,,26.93,,36.24
2000-11-28,6.460,5.790,5.59,-0.20,,,,,,27.64,,34.02
2000-11-29,6.500,5.690,5.55,-0.14,,,,,,27.49,,34.58
2000-11-30,6.620,5.610,5.48,-0.13,,,,,,29.65,,33.61
2000-12-01,6.600,5.620,5.52,-0.10,174.6,183.3,75.515,3.9,132716,27.48,,32.06
2000-12-02,6.600,,,,,,,,,,,
2000-12-03,6.600,,,,,,,,,,,
2000-12-04,6.570,5.590,5.53,-0.06,,,,,,27.78,,31.28
2000-12-05,6.510,5.490,5.43,-0.06,,,,,,24.99,,29.25
2000-12-06,6.480,5.420,5.32,-0.10,,,,,,25.07,,30.24
2000-12-07,6.490,5.450,5.32,-0.13,,,,,,25.34,,29.36
2000-12-08,6.470,5.500,5.35,-0.15,,,,,,22.41,,28.31
2000-12-09,6.470,,,,,,,,,,,
2000-12-10,6.470,,,,,,,,,,,
2000-12-11,6.490,5.520,5.37,-0.15,,,,,,23.51,,29.75
2000-12-12,6.430,5.540,5.36,-0.18,,,,,,24.88,,29.81
2000-12-13,6.470,5.450,5.29,-0.16,,,,,,23.63,,28.75
2000-12-14,6.530,5.430,5.23,-0.20,,,,,,24.86,,28.06
2000-12-15,6.580,5.380,5.20,-0.18,,,,,,26.55,,28.86
2000-12-16,6.580,,,,,,,,,,,
2000-12-17,6.580,,,,,,,,,,,
2000-12-18,6.500,5.330,5.17,-0.16,,,,,,27.70,,29.52
2000-12-19,6.470,5.350,5.19,-0.16,,,,,,27.17,,29.34
2000-12-20,6.470,5.240,5.08,-0.16,,,,,,31.74,,25.83
2000-12-21,6.480,5.140,5.03,-0.11,,,,,,29.66,,26.06
2000-12-22,6.440,5.100,5.02,-0.08,,,,,,27.55,,26.16
2000-12-23,6.440,,,,,,,,,,,
2000-12-24,6.440,,,,,,,,,,,
2000-12-25,6.440,,,,,,,,,,,
2000-12-26,6.580,5.100,5.04,-0.06,,,,,,28.73,,27.00
2000-12-27,6.530,5.100,5.11,0.01,,,,,,28.14,,26.55
2000-12-28,6.530,5.180,5.13,-0.05,,,,,,26.57,,25.82
2000-12-29,5.410,5.110,5.12,0.01,,,,,,26.85,,26.72
2000-12-30,5.410,,,,,,,,,,,
2000-12-31,5.410,,,,,,,,,,,
2001-01-01,5.410,,,,175.6,183.9,75.796,4.2,132703,,,
2001-01-02,6.670,4.870,4.92,0.05,,,,,,29.99,,27.29
2001-01-03,6.350,4.920,5.14,0.22,,,,,,26.60,,27.93
2001-01-04,5.920,4.770,5.03,0.26,,,,,,26.97,,27.95
2001-01-05,5.830,4.560,4.93,0.37,,,,,,28.67,,28.02
2001-01-06,5.830,,,,,,,,,,,
2001-01-07,5.830,,,,,,,,,,,
2001-01-08,5.980,4.540,4.94,0.40,,,,,,29.84,,27.44
2001-01-09,5.950,4.640,4.98,0.34,,,,,,27.99,,27.72
2001-01-10,6.060,4.760,5.10,0.34,,,,,,26.80,,29.42
2001-01-11,6.050,4.770,5.14,0.37,,,,,,25.79,,29.42
2001-01-12,5.980,4.900,5.25,0.35,,,,,,24.56,,30.07
2001-01-13,5.980,,,,,,,,,,,
2001-01-14,5.980,,,,,,,,,,,
2001-01-15,5.980,,,,,,,,,,,
2001-01-16,6.200,4.890,5.24,0.35,,,,,,25.28,,30.19
2001-01-17,5.940,4.840,5.19,0.35,,,,,,24.93,,29.77
2001-01-18,5.930,4.720,5.12,0.40,,,,,,23.37,,30.42
2001-01-19,5.920,4.750,5.19,0.44,,,,,,23.24,,32.12
2001-01-20,5.920,,,,,,,,,,,
2001-01-21,5.920,,,,,,,,,,,
2001-01-22,6.000,4.750,5.25,0.50,,,,,,23.25,,32.21
2001-01-23,5.970,4.820,5.30,0.48,,,,,,21.57,,31.66
2001-01-24,6.050,4.810,5.33,0.52,,,,,,22.03,,31.46
2001-01-25,6.100,4.780,5.29,0.51,,,,,,22.64,,31.61
2001-01-26,5.960,4.780,5.29,0.51,,,,,,22.57,,29.79
2001-01-27,5.960,,,,,,,,,,,
2001-01-28,5.960,,,,,,,,,,,
2001-01-29,5.980,4.770,5.32,0.55,,,,,,22.61,,29.07
2001-01-30,5.900,4.700,5.24,0.54,,,,,,22.57,,29.12
2001-01-31,5.740,4.620,5.19,0.57,,,,,,22.02,,28.62
2001-02-01,5.570,4.550,5.10,0.55,176.0,184.4,75.93,4.2,132788,21.66,,29.88
2001-02-02,5.500,4.650,5.17,0.52,,,,,,21.95,,31.27
2001-02-03,5.500,,,,,,,,,,,
2001-02-04,5.500,,,,,,,,,,,
2001-02-05,5.520,4.680,5.18,0.50,,,,,,22.19,,30.55
2001-02-06,5.480,4.720,5.22,0.50,,,,,,21.98,,30.27
2001-02-07,5.500,4.700,5.10,0.40,,,,,,21.67,,31.27
2001-02-08,5.500,4.730,5.10,0.37,,,,,,21.46,,31.57
2001-02-09,5.440,4.670,5.03,0.36,,,,,,22.03,,30.93
2001-02-10,5.440,,,,,,,,,,,
2001-02-11,5.440,,,,,,,,,,,
2001-02-12,5.480,4.670,5.05,0.38,,,,,,21.92,,30.52
2001-02-13,5.460,4.750,5.07,0.32,,,,,,21.37,,30.12
2001-02-14,5.500,4.840,5.13,0.29,,,,,,21.52,,29.55
2001-02-15,5.570,4.890,5.19,0.30,,,,,,20.27,,28.96
2001-02-16,5.460,4.750,5.11,0.36,,,,,,22.12,,29.22
2001-02-17,5.460,,,,,,,,,,,
2001-02-18,5.460,,,,,,,,,,,
2001-02-19,5.460,,,,,,,,,,,
2001-02-20,5.570,4.730,5.11,0.38,,,,,,24.69,,28.60
2001-02-21,5.500,4.680,5.14,0.46,,,,,,25.75,,28.64
2001-02-22,5.520,4.630,5.15,0.52,,,,,,26.76,,28.52
2001-02-23,5.460,4.530,5.10,0.57,,,,,,27.21,,28.83
2001-02-24,5.460,,,,,,,,,,,
2001-02-25,5.460,,,,,,,,,,,
2001-02-26,5.550,4.460,5.05,0.59,,,,,,25.43,,28.27
2001-02-27,5.490,4.440,4.96,0.52,,,,,,26.49,,28.26
2001-02-28,5.590,4.410,4.92,0.51,,,,,,28.35,,27.35
2001-03-01,5.590,4.410,4.87,0.46,176.1,184.7,76.009,4.3,132751,28.08,,27.78
2001-03-02,5.520,4.480,4.95,0.47,,,,,,27.43,,27.89
2001-03-03,5.520,,,,,,,,,,,
2001-03-04,5.520,,,,,,,,,,,
2001-03-05,5.520,4.490,4.98,0.49,,,,,,27.12,,28.61
2001-03-06,5.390,4.490,4.99,0.50,,,,,,25.89,,28.40
2001-03-07,5.340,4.430,4.92,0.49,,,,,,24.12,,28.95
2001-03-08,5.460,4.430,4.89,0.46,,,,,,24.29,,28.31
2001-03-09,5.420,4.470,4.95,0.48,,,,,,25.62,,27.97
2001-03-10,5.420,,,,,,,,,,,
2001-03-11,5.420,,,,,,,,,,,
2001-03-12,5.500,4.460,4.92,0.46,,,,,,30.32,,27.91
2001-03-13,5.500,4.460,4.95,0.49,,,,,,27.55,,27.45
2001-03-14,5.480,4.320,4.84,0.52,,,,,,29.61,,26.49
2001-03-15,5.520,4.220,4.81,0.59,,,,,,28.56,,26.56
2001-03-16,5.400,4.260,4.78,0.52,,,,,,29.91,,26.68
2001-03-17,5.400,,,,,,,,,,,
2001-03-18,5.400,,,,,,,,,,,
2001-03-19,5.380,4.320,4.82,0.50,,,,,,29.78,,26.17
2001-03-20,5.140,4.240,4.78,0.54,,,,,,30.96,,25.99
2001-03-21,5.050,4.210,4.77,0.56,,,,,,31.93,,26.43
2001-03-22,5.040,4.170,4.73,0.56,,,,,,32.84,,26.19
2001-03-23,4.940,4.240,4.80,0.56,,,,,,30.45,,27.31
2001-03-24,4.940,,,,,,,,,,,
2001-03-25,4.940,,,,,,,,,,,
2001-03-26,5.030,4.270,4.85,0.58,,,,,,29.04,,27.40
2001-03-27,5.040,4.410,5.00,0.59,,,,,,27.04,,27.62
2001-03-28,5.050,4.300,4.97,0.67,,,,,,28.58,,26.43
2001-03-29,5.190,4.270,4.98,0.71,,,,,,29.17,,26.47
2001-03-30,5.290,4.180,4.93,0.75,,,,,,28.64,,26.37
2001-03-31,5.290,,,,,,,,,,,
2001-04-01,5.290,,,,176.4,185.1,76.13,4.4,132458,,,
2001-04-02,5.300,4.220,4.98,0.76,,,,,,31.21,,25.70
2001-04-03,5.100,4.150,4.94,0.79,,,,,,34.72,,26.65
2001-04-04,5.010,4.120,4.94,0.82,,,,,,34.07,,27.16
2001-04-05,5.040,4.190,4.98,0.79,,,,,,29.94,,27.24
2001-04-06,4.940,4.070,4.89,0.82,,,,,,31.69,,27.07
2001-04-07,4.940,,,,,,,,,,,
2001-04-08,4.940,,,,,,,,,,,
2001-04-09,4.980,4.100,4.93,0.83,,,,,,31.91,,27.45
2001-04-10,4.960,4.240,5.09,0.85,,,,,,29.44,,28.47
2001-04-11,4.950,4.290,5.12,0.83,,,,,,28.46,,28.42
2001-04-12,5.020,4.360,5.17,0.81,,,,,,26.12,,28.75
2001-04-13,5.010,,,,,,,,,,,
2001-04-14,5.010,,,,,,,,,,,
2001-04-15,5.010,,,,,,,,,,,
2001-04-16,5.170,4.490,5.28,0.79,,,,,,26.33,,28.81
2001-04-17,4.990,4.410,5.21,0.80,,,,,,25.61,,27.89
2001-04-18,4.670,4.260,5.14,0.88,,,,,,24.13,,27.83
2001-04-19,4.470,4.290,5.27,0.98,,,,,,24.16,,27.92
2001-04-20,4.380,4.260,5.29,1.03,,,,,,25.38,,27.00
2001-04-21,4.380,,,,,,,,,,,
2001-04-22,4.380,,,,,,,,,,,
2001-04-23,4.400,4.150,5.20,1.05,,,,,,28.16,,26.97
2001-04-24,4.410,4.160,5.22,1.06,,,,,,28.49,,25.24
2001-04-25,4.540,4.200,5.28,1.08,,,,,,27.40,,25.93
2001-04-26,4.570,4.140,5.20,1.06,,,,,,25.96,,28.47
2001-04-27,4.510,4.280,5.34,1.06,,,,,,24.02,,28.35
2001-04-28,4.510,,,,,,,,,,,
2001-04-29,4.510,,,,,,,,,,,
2001-04-30,4.670,4.300,5.35,1.05,,,,,,25.48,,28.48
2001-05-01,4.610,4.230,5.30,1.07,177.3,185.3,76.148,4.3,132408,24.20,,28.37
2001-05-02,4.350,4.270,5.31,1.04,,,,,,24.23,,27.89
2001-05-03,4.480,4.220,5.22,1.00,,,,,,25.78,,28.66
2001-05-04,4.410,4.140,5.21,1.07,,,,,,23.91,,28.41
2001-05-05,4.410,,,,,,,,,,,
2001-05-06,4.410,,,,,,,,,,,
2001-05-07,4.470,4.120,5.21,1.09,,,,,,24.86,,27.79
2001-05-08,4.410,4.100,5.24,1.14,,,,,,24.44,,27.35
2001-05-09,4.430,4.070,5.20,1.13,,,,,,24.35,,28.39
2001-05-10,4.510,4.170,5.31,1.14,,,,,,24.00,,28.50
2001-05-11,4.470,4.360,5.51,1.15,,,,,,23.54,,28.59
2001-05-12,4.470,,,,,,,,,,,
2001-05-13,4.470,,,,,,,,,,,
2001-05-14,4.430,4.290,5.46,1.17,,,,,,24.26,,28.83
2001-05-15,4.220,4.280,5.50,1.22,,,,,,23.71,,28.90
2001-05-16,4.040,4.250,5.48,1.23,,,,,,21.89,,28.77
2001-05-17,4.040,4.330,5.46,1.13,,,,,,21.47,,29.02
2001-05-18,3.950,4.370,5.41,1.04,,,,,,21.23,,29.90
2001-05-19,3.950,,,,,,,,,,,
2001-05-20,3.950,,,,,,,,,,,
2001-05-21,4.020,4.370,5.41,1.04,,,,,,20.76,,29.96
2001-05-22,3.990,4.340,5.42,1.08,,,,,,21.35,,29.75
2001-05-23,3.970,4.290,5.41,1.12,,,,,,22.08,,28.85
2001-05-24,3.980,4.320,5.52,1.20,,,,,,20.57,,27.97
2001-05-25,3.940,4.310,5.52,1.21,,,,,,20.60,,28.08
2001-05-26,3.940,,,,,,,,,,,
2001-05-27,3.940,,,,,,,,,,,
2001-05-28,3.940,,,,,,,,,,,
2001-05-29,4.090,4.330,5.54,1.21,,,,,,22.14,,28.76
2001-05-30,4.050,4.340,5.54,1.20,,,,,,22.76,,28.71
2001-05-31,4.240,4.220,5.43,1.21,,,,,,22.64,,28.39
2001-06-01,4.140,4.220,5.39,1.17,177.7,186.0,76.318,4.5,132300,21.59,,27.88
2001-06-02,4.140,,,,,,,,,,,
2001-06-03,4.140,,,,,,,,,,,
2001-06-04,4.030,4.190,5.35,1.16,,,,,,21.38,,28.14
2001-06-05,3.930,4.120,5.29,1.17,,,,,,19.58,,27.84
2001-06-06,3.910,4.120,5.27,1.15,,,,,,20.39,,27.56
2001-06-07,3.920,4.140,5.33,1.19,,,,,,19.67,,27.91
2001-06-08,4.020,4.170,5.38,1.21,,,,,,19.92,,28.43
2001-06-09,4.020,,,,,,,,,,,
2001-06-10,4.020,,,,,,,,,,,
2001-06-11,4.030,4.110,5.32,1.21,,,,,,20.70,,28.94
2001-06-12,3.980,4.090,5.27,1.18,,,,,,20.70,,29.13
2001-06-13,4.040,4.080,5.28,1.20,,,,,,21.45,,28.81
2001-06-14,4.030,4.040,5.26,1.22,,,,,,23.12,,29.12
2001-06-15,3.940,4.010,5.27,1.26,,,,,,22.81,,28.52
2001-06-16,3.940,,,,,,,,,,,
2001-06-17,3.940,,,,,,,,,,,
2001-06-18,3.910,3.980,5.27,1.29,,,,,,23.17,,27.55
2001-06-19,3.910,3.990,5.26,1.27,,,,,,22.34,,27.49
2001-06-20,3.980,3.980,5.24,1.26,,,,,,21.71,,26.52
2001-06-21,4.020,3.990,5.22,1.23,,,,,,19.38,,26.85
2001-06-22,3.980,3.930,5.14,1.21,,,,,,20.02,,27.02
2001-06-23,3.980,,,,,,,,,,,
2001-06-24,3.980,,,,,,,,,,,
2001-06-25,3.970,3.960,5.16,1.20,,,,,,20.67,,27.11
2001-06-26,3.750,4.030,5.24,1.21,,,,,,21.20,,26.97
2001-06-27,3.680,4.060,5.26,1.20,,,,,,20.88,,25.67
2001-06-28,3.860,4.220,5.35,1.13,,,,,,20.01,,25.75
2001-06-29,3.950,4.250,5.42,1.17,,,,,,19.06,,26.37
2001-06-30,3.950,,,,,,,,,,,
2001-07-01,3.950,,,,177.4,186.4,76.515,4.6,132172,,,
2001-07-02,4.110,4.210,5.37,1.16,,,,,,18.76,,26.02
2001-07-03,3.690,4.240,5.41,1.17,,,,,,18.92,,26.28
2001-07-04,3.690,,,,,,,,,,,
2001-07-05,3.720,4.240,5.44,1.20,,,,,,20.09,,27.07
2001-07-06,3.600,4.160,5.41,1.25,,,,,,21.63,,28.10
2001-07-07,3.600,,,,,,,,,,,
2001-07-08,3.600,,,,,,,,,,,
2001-07-09,3.670,4.150,5.37,1.22,,,,,,22.48,,27.63
2001-07-10,3.710,4.080,5.32,1.24,,,,,,23.25,,27.22
2001-07-11,3.780,4.070,5.31,1.24,,,,,,24.01,,27.07
2001-07-12,3.780,4.070,5.27,1.20,,,,,,22.09,,26.85
2001-07-13,3.750,4.120,5.27,1.15,,,,,,21.14,,26.57
2001-07-14,3.750,,,,,,,,,,,
2001-07-15,3.750,,,,,,,,,,,
2001-07-16,3.820,4.070,5.21,1.14,,,,,,22.91,,26.02
2001-07-17,3.710,4.090,5.22,1.13,,,,,,22.61,,25.33
2001-07-18,3.730,3.960,5.12,1.16,,,,,,23.60,,24.65
2001-07-19,3.770,3.980,5.13,1.15,,,,,,22.51,,24.65
2001-07-20,3.800,3.980,5.15,1.17,,,,,,22.34,,25.67
2001-07-21,3.800,,,,,,,,,,,
2001-07-22,3.800,,,,,,,,,,,
2001-07-23,3.820,3.980,5.13,1.15,,,,,,23.74,,25.88
2001-07-24,3.820,3.970,5.13,1.16,,,,,,25.24,,26.18
2001-07-25,3.890,3.980,5.20,1.22,,,,,,24.00,,26.71
2001-07-26,3.870,3.940,5.19,1.25,,,,,,23.01,,26.74
2001-07-27,3.750,3.870,5.13,1.26,,,,,,22.00,,26.98
2001-07-28,3.750,,,,,,,,,,,
2001-07-29,3.750,,,,,,,,,,,
2001-07-30,3.790,3.860,5.11,1.25,,,,,,22.69,,26.60
2001-07-31,3.820,3.790,5.07,1.28,,,,,,21.62,,26.70
2001-08-01,3.790,3.830,5.11,1.28,177.4,186.7,76.553,4.9,132021,20.56,,26.83
2001-08-02,3.680,3.890,5.17,1.28,,,,,,20.09,,27.86
2001-08-03,3.690,3.910,5.20,1.29,,,,,,19.89,,27.51
2001-08-04,3.690,,,,,,,,,,,
2001-08-05,3.690,,,,,,,,,,,
2001-08-06,3.730,3.880,5.19,1.31,,,,,,21.89,,27.70
2001-08-07,3.690,3.900,5.20,1.30,,,,,,21.01,,28.17
2001-08-08,3.750,3.770,4.99,1.22,,,,,,22.32,,27.62
2001-08-09,3.770,3.770,5.04,1.27,,,,,,21.75,,27.72
2001-08-10,3.700,3.730,4.99,1.26,,,,,,20.55,,28.12
2001-08-11,3.700,,,,,,,,,,,
2001-08-12,3.700,,,,,,,,,,,
2001-08-13,3.790,3.700,4.97,1.27,,,,,,20.42,,27.85
2001-08-14,3.760,3.740,4.97,1.23,,,,,,20.48,,28.10
2001-08-15,3.830,3.800,5.00,1.20,,,,,,20.91,,27.51
2001-08-16,3.750,3.750,4.95,1.20,,,,,,21.54,,27.47
2001-08-17,3.660,3.670,4.84,1.17,,,,,,23.84,,26.65
2001-08-18,3.660,,,,,,,,,,,
2001-08-19,3.660,,,,,,,,,,,
2001-08-20,3.640,3.740,4.91,1.17,,,,,,22.87,,27.20
2001-08-21,3.530,3.690,4.87,1.18,,,,,,24.40,,27.93
2001-08-22,3.510,3.760,4.91,1.15,,,,,,22.44,,27.17
2001-08-23,3.550,3.720,4.89,1.17,,,,,,22.23,,25.63
2001-08-24,3.510,3.760,4.93,1.17,,,,,,19.71,,28.34
2001-08-25,3.510,,,,,,,,,,,
2001-08-26,3.510,,,,,,,,,,,
2001-08-27,3.540,3.780,4.94,1.16,,,,,,20.56,,26.69
2001-08-28,3.500,3.710,4.85,1.14,,,,,,22.00,,27.16
2001-08-29,3.500,3.670,4.78,1.11,,,,,,23.03,,27.07
2001-08-30,3.580,3.610,4.79,1.18,,,,,,25.41,,26.65
2001-08-31,3.660,3.640,4.85,1.21,,,,,,24.92,,26.65
2001-09-01,3.660,,,,178.1,187.1,76.118,5.0,131763,,,
2001-09-02,3.660,,,,,,,,,,,
2001-09-03,3.660,,,,,,,,,,,
2001-09-04,3.670,3.830,4.99,1.16,,,,,,25.85,,26.94
2001-09-05,3.490,3.790,4.97,1.18,,,,,,26.35,,27.03
2001-09-06,3.520,3.650,4.86,1.21,,,,,,28.61,,27.54
2001-09-07,3.440,3.530,4.80,1.27,,,,,,30.99,,27.99
2001-09-08,3.440,,,,,,,,,,,
2001-09-09,3.440,,,,,,,,,,,
2001-09-10,3.500,3.530,4.84,1.31,,,,,,31.84,,27.66
2001-09-11,3.500,,,,,,,,,,,27.65
2001-09-12,3.560,,,,,,,,,,,27.64
2001-09-13,3.310,2.990,4.64,1.65,,,,,,,,28.58
2001-09-14,3.130,2.870,4.57,1.70,,,,,,,,29.59
2001-09-15,3.130,,,,,,,,,,,
2001-09-16,3.130,,,,,,,,,,,
2001-09-17,2.130,2.960,4.63,1.67,,,,,,41.76,,28.84
2001-09-18,1.250,2.960,4.72,1.76,,,,,,38.87,,27.81
2001-09-19,1.190,2.810,4.69,1.88,,,,,,40.56,,26.73
2001-09-20,2.220,2.910,4.75,1.84,,,,,,43.74,,26.60
2001-09-21,3.110,2.910,4.70,1.79,,,,,,42.66,,25.46
2001-09-22,3.110,,,,,,,,,,,
2001-09-23,3.110,,,,,,,,,,,
2001-09-24,3.310,2.940,4.73,1.79,,,,,,37.75,,21.46
2001-09-25,3.110,2.880,4.72,1.84,,,,,,35.81,,21.63
2001-09-26,2.960,2.820,4.65,1.83,,,,,,35.26,,22.40
2001-09-27,3.080,2.780,4.58,1.80,,,,,,34.00,,22.80
2001-09-28,2.750,2.860,4.60,1.74,,,,,,31.93,,23.44
2001-09-29,2.750,,,,,,,,,,,
2001-09-30,2.750,,,,,,,,,,,
2001-10-01,3.020,2.820,4.55,1.73,177.6,187.4,76.654,5.3,131452,32.32,,23.12
2001-10-02,2.350,2.770,4.53,1.76,,,,,,31.18,,22.70
2001-10-03,2.270,2.770,4.50,1.73,,,,,,31.34,,22.17
2001-10-04,2.450,2.750,4.53,1.78,,,,,,31.97,,22.70
2001-10-05,2.420,2.710,4.52,1.81,,,,,,33.39,,22.32
2001-10-06,2.420,,,,,,,,,,,
2001-10-07,2.420,,,,,,,,,,,
2001-10-08,2.420,,,,,,,,,35.12,,22.25
2001-10-09,2.500,2.740,4.62,1.88,,,,,,34.83,,22.55
2001-10-10,2.420,2.780,4.61,1.83,,,,,,31.60,,22.51
2001-10-11,2.420,2.880,4.69,1.81,,,,,,31.50,,23.49
2001-10-12,2.390,2.810,4.68,1.87,,,,,,35.27,,22.49
2001-10-13,2.390,,,,,,,,,,,
2001-10-14,2.390,,,,,,,,,,,
2001-10-15,2.510,2.780,4.62,1.84,,,,,,35.31,,22.37
2001-10-16,2.470,2.770,4.59,1.82,,,,,,32.88,,22.01
2001-10-17,2.510,2.800,4.59,1.79,,,,,,35.08,,21.89
2001-10-18,2.500,2.770,4.58,1.81,,,,,,34.95,,21.33
2001-10-19,2.470,2.770,4.63,1.86,,,,,,34.11,,21.99
2001-10-20,2.470,,,,,,,,,,,
2001-10-21,2.470,,,,,,,,,,,
2001-10-22,2.520,2.790,4.63,1.84,,,,,,32.25,,21.78
2001-10-23,2.480,2.810,4.66,1.85,,,,,,32.00,,21.28
2001-10-24,2.530,2.720,4.61,1.89,,,,,,30.95,,22.00
2001-10-25,2.540,2.630,4.56,1.93,,,,,,29.46,,21.75
2001-10-26,2.510,2.630,4.53,1.90,,,,,,28.42,,22.07
2001-10-27,2.510,,,,,,,,,,,
2001-10-28,2.510,,,,,,,,,,,
2001-10-29,2.550,2.550,4.50,1.95,,,,,,31.64,,22.10
2001-10-30,2.550,2.480,4.44,1.96,,,,,,33.46,,21.83
2001-10-31,2.660,2.440,4.30,1.86,,,,,,33.56,,21.20
2001-11-01,2.610,2.490,4.24,1.75,177.5,188.1,76.81,5.5,131144,32.31,,20.47
2001-11-02,2.430,2.480,4.37,1.89,,,,,,30.71,,20.24
2001-11-03,2.430,,,,,,,,,,,
2001-11-04,2.430,,,,,,,,,,,
2001-11-05,2.450,2.460,4.31,1.85,,,,,,30.50,,20.00
2001-11-06,2.130,2.370,4.30,1.93,,,,,,28.80,,19.93
2001-11-07,2.040,2.320,4.22,1.90,,,,,,29.13,,20.11
2001-11-08,2.030,2.420,4.32,1.90,,,,,,28.62,,21.21
2001-11-09,1.980,2.450,4.34,1.89,,,,,,27.44,,22.23
2001-11-10,1.980,,,,,,,,,,,
2001-11-11,1.980,,,,,,,,,,,
2001-11-12,1.980,,,,,,,,,29.35,,21.26
2001-11-13,2.100,2.540,4.41,1.87,,,,,,26.47,,21.56
2001-11-14,2.160,2.700,4.54,1.84,,,,,,26.56,,19.63
2001-11-15,2.220,2.980,4.79,1.81,,,,,,25.56,,17.50
2001-11-16,1.980,3.090,4.91,1.82,,,,,,25.07,,18.09
2001-11-17,1.980,,,,,,,,,,,
2001-11-18,1.980,,,,,,,,,,,
2001-11-19,2.010,2.920,4.80,1.88,,,,,,24.46,,17.74
2001-11-20,1.970,2.960,4.88,1.92,,,,,,24.12,,18.71
2001-11-21,1.930,3.110,4.98,1.87,,,,,,24.19,,18.38
2001-11-22,1.930,,,,,,,,,,,
2001-11-23,1.880,3.200,5.04,1.84,,,,,,23.25,,
2001-11-24,1.880,,,,,,,,,,,
2001-11-25,1.880,,,,,,,,,,,
2001-11-26,2.040,3.220,5.05,1.83,,,,,,23.79,,18.69
2001-11-27,2.010,3.110,4.98,1.87,,,,,,24.00,,19.57
2001-11-28,2.040,3.120,4.98,1.86,,,,,,25.90,,19.37
2001-11-29,2.090,2.870,4.79,1.92,,,,,,25.18,,18.55
2001-11-30,2.060,2.840,4.78,1.94,,,,,,23.84,,19.46
2001-12-01,2.060,,,,177.4,188.4,76.828,5.7,130983,,,
2001-12-02,2.060,,,,,,,,,,,
2001-12-03,2.050,2.820,4.75,1.93,,,,,,25.77,,20.27
2001-12-04,1.930,2.810,4.70,1.89,,,,,,24.08,,19.71
2001-12-05,1.890,3.070,4.92,1.85,,,,,,23.02,,19.62
2001-12-06,1.870,3.190,5.04,1.85,,,,,,23.71,,18.69
2001-12-07,1.920,3.190,5.20,2.01,,,,,,23.49,,19.08
2001-12-08,1.920,,,,,,,,,,,
2001-12-09,1.920,,,,,,,,,,,
2001-12-10,1.900,3.100,5.17,2.07,,,,,,25.62,,18.32
2001-12-11,1.800,3.030,5.13,2.10,,,,,,25.30,,18.04
2001-12-12,1.810,2.970,5.02,2.05,,,,,,24.87,,18.38
2001-12-13,1.860,3.090,5.13,2.04,,,,,,25.91,,18.20
2001-12-14,1.880,3.200,5.24,2.04,,,,,,24.63,,19.31
2001-12-15,1.880,,,,,,,,,,,
2001-12-16,1.880,,,,,,,,,,,
2001-12-17,1.930,3.210,5.26,2.05,,,,,,24.26,,19.28
2001-12-18,1.710,3.130,5.16,2.03,,,,,,23.29,,19.38
2001-12-19,1.710,3.110,5.08,1.97,,,,,,22.58,,19.37
2001-12-20,1.790,3.150,5.08,1.93,,,,,,23.67,,18.67
2001-12-21,1.780,3.170,5.12,1.95,,,,,,22.50,,19.30
2001-12-22,1.780,,,,,,,,,,,
2001-12-23,1.780,,,,,,,,,,,
2001-12-24,1.680,3.220,5.18,1.96,,,,,,22.62,,
2001-12-25,1.680,,,,,,,,,,,
2001-12-26,1.890,3.260,5.22,1.96,,,,,,22.29,,21.32
2001-12-27,1.850,3.190,5.13,1.94,,,,,,21.59,,21.07
2001-12-28,1.540,3.160,5.15,1.99,,,,,,21.40,,20.42
2001-12-29,1.540,,,,,,,,,,,
2001-12-30,1.540,,,,,,,,,,,
2001-12-31,1.520,3.070,5.07,2.00,,,,,,23.80,,19.96
2002-01-01,1.520,,,,177.7,188.7,76.871,5.7,130859,,,
2002-01-02,1.920,3.220,5.20,1.98,,,,,,22.71,,21.13
2002-01-03,1.720,3.190,5.16,1.97,,,,,,21.34,,20.65
2002-01-04,1.610,3.190,5.18,1.99,,,,,,20.45,,21.47
2002-01-05,1.610,,,,,,,,,,,
2002-01-06,1.610,,,,,,,,,,,
2002-01-07,1.610,3.080,5.09,2.01,,,,,,21.94,,21.42
2002-01-08,1.610,3.070,5.10,2.03,,,,,,21.83,,20.82
2002-01-09,1.740,3.030,5.10,2.07,,,,,,22.13,,20.32
2002-01-10,1.810,2.940,5.00,2.06,,,,,,22.36,,20.48
2002-01-11,1.710,2.760,4.92,2.16,,,,,,22.60,,19.67
2002-01-12,1.710,,,,,,,,,,,
2002-01-13,1.710,,,,,,,,,,,
2002-01-14,1.780,2.790,4.91,2.12,,,,,,23.58,,18.88
2002-01-15,1.750,2.790,4.88,2.09,,,,,,22.70,,18.99
2002-01-16,1.690,2.840,4.88,2.04,,,,,,23.45,,18.96
2002-01-17,1.680,2.960,4.98,2.02,,,,,,22.25,,18.20
2002-01-18,1.710,2.910,4.94,2.03,,,,,,22.52,,18.02
2002-01-19,1.710,,,,,,,,,,,
2002-01-20,1.710,,,,,,,,,,,
2002-01-21,1.710,,,,,,,,,,,
2002-01-22,1.840,2.970,4.96,1.99,,,,,,23.61,,18.36
2002-01-23,1.810,3.070,5.05,1.98,,,,,,21.88,,19.10
2002-01-24,1.800,3.150,5.07,1.92,,,,,,21.15,,19.57
2002-01-25,1.780,3.170,5.10,1.93,,,,,,21.01,,19.80
2002-01-26,1.780,,,,,,,,,,,
2002-01-27,1.780,,,,,,,,,,,
2002-01-28,1.790,3.190,5.12,1.93,,,,,,21.14,,20.05
2002-01-29,1.780,3.050,5.02,1.97,,,,,,24.35,,19.30
2002-01-30,1.780,3.060,5.02,1.96,,,,,,23.22,,19.11
2002-01-31,1.850,3.160,5.07,1.91,,,,,,21.09,,19.71
2002-02-01,1.770,3.080,5.02,1.94,178.0,189.1,77.018,5.7,130737,21.12,,20.40
2002-02-02,1.770,,,,,,,,,,,
2002-02-03,1.770,,,,,,,,,,,
2002-02-04,1.740,2.990,4.94,1.95,,,,,,24.87,,20.02
2002-02-05,1.640,2.990,4.92,1.93,,,,,,25.45,,20.06
2002-02-06,1.660,2.980,4.92,1.94,,,,,,26.09,,19.77
2002-02-07,1.740,2.990,4.93,1.94,,,,,,25.11,,19.75
2002-02-08,1.690,2.950,4.90,1.95,,,,,,23.26,,20.25
2002-02-09,1.690,,,,,,,,,,,
2002-02-10,1.690,,,,,,,,,,,
2002-02-11,1.760,2.950,4.91,1.96,,,,,,21.78,,21.29
2002-02-12,1.720,3.040,4.97,1.93,,,,,,21.62,,20.76
2002-02-13,1.750,3.090,5.01,1.92,,,,,,20.85,,21.19
2002-02-14,1.810,3.070,4.95,1.88,,,,,,21.77,,21.19
2002-02-15,1.730,2.970,4.86,1.89,,,,,,22.37,,21.47
2002-02-16,1.730,,,,,,,,,,,
2002-02-17,1.730,,,,,,,,,,,
2002-02-18,1.730,,,,,,,,,,,
2002-02-19,1.770,2.980,4.88,1.90,,,,,,24.43,,20.77
2002-02-20,1.760,3.000,4.88,1.88,,,,,,22.66,,20.31
2002-02-21,1.770,3.000,4.88,1.88,,,,,,23.80,,20.81
2002-02-22,1.710,2.970,4.84,1.87,,,,,,22.86,,20.92
2002-02-23,1.710,,,,,,,,,,,
2002-02-24,1.710,,,,,,,,,,,
2002-02-25,1.800,3.010,4.86,1.85,,,,,,21.84,,20.24
2002-02-26,1.770,3.080,4.93,1.85,,,,,,21.68,,21.37
2002-02-27,1.760,3.090,4.84,1.75,,,,,,21.49,,21.40
2002-02-28,1.830,3.060,4.88,1.82,,,,,,21.59,,21.78
2002-03-01,1.780,3.180,4.98,1.80,178.5,189.2,77.11,5.7,130722,19.96,,22.37
2002-03-02,1.780,,,,,,,,,,,
2002-03-03,1.780,,,,,,,,,,,
2002-03-04,1.680,3.240,5.02,1.78,,,,,,20.50,,22.55
2002-03-05,1.630,3.250,5.02,1.77,,,,,,20.30,,23.18
2002-03-06,1.710,3.260,5.06,1.80,,,,,,19.94,,23.32
2002-03-07,1.770,3.360,5.22,1.86,,,,,,20.04,,23.62
2002-03-08,1.690,3.600,5.33,1.73,,,,,,19.27,,23.87
2002-03-09,1.690,,,,,,,,,,,
2002-03-10,1.690,,,,,,,,,,,
2002-03-11,1.750,3.590,5.33,1.74,,,,,,19.84,,24.36
2002-03-12,1.680,3.560,5.32,1.76,,,,,,19.59,,24.55
2002-03-13,1.730,3.490,5.28,1.79,,,,,,19.46,,24.14
2002-03-14,1.790,3.630,5.40,1.77,,,,,,19.20,,24.48
2002-03-15,1.800,3.630,5.35,1.72,,,,,,18.42,,24.47
2002-03-16,1.800,,,,,,,,,,,
2002-03-17,1.800,,,,,,,,,,,
2002-03-18,1.710,3.670,5.32,1.65,,,,,,18.93,,25.03
2002-03-19,1.670,3.640,5.33,1.69,,,,,,18.16,,25.02
2002-03-20,1.780,3.710,5.40,1.69,,,,,,18.46,,24.92
2002-03-21,1.740,3.730,5.39,1.66,,,,,,18.15,,25.74
2002-03-22,1.680,3.770,5.40,1.63,,,,,,17.77,,25.56
2002-03-23,1.680,,,,,,,,,,,
2002-03-24,1.680,,,,,,,,,,,
2002-03-25,1.750,3.780,5.41,1.63,,,,,,18.48,,25.69
2002-03-26,1.710,3.680,5.35,1.67,,,,,,18.13,,25.75
2002-03-27,1.690,3.660,5.35,1.69,,,,,,17.70,,25.79
2002-03-28,1.770,3.720,5.42,1.70,,,,,,17.40,,26.21
2002-03-29,1.740,,,,,,,,,,,
2002-03-30,1.740,,,,,,,,,,,
2002-03-31,1.740,,,,,,,,,,,
2002-04-01,1.880,3.740,5.44,1.70,179.3,189.7,77.325,5.9,130616,18.73,,26.82
2002-04-02,1.740,3.630,5.36,1.73,,,,,,19.16,,27.75
2002-04-03,1.810,3.550,5.30,1.75,,,,,,20.20,,27.55
2002-04-04,1.740,3.570,5.28,1.71,,,,,,19.78,,26.64
2002-04-05,1.700,3.490,5.22,1.73,,,,,,19.13,,26.21
2002-04-06,1.700,,,,,,,,,,,
2002-04-07,1.700,,,,,,,,,,,
2002-04-08,1.720,3.510,5.25,1.74,,,,,,19.61,,26.16
2002-04-09,1.680,3.480,5.22,1.74,,,,,,19.47,,25.45
2002-04-10,1.730,3.480,5.24,1.76,,,,,,18.19,,26.15
2002-04-11,1.830,3.470,5.22,1.75,,,,,,20.30,,24.93
2002-04-12,1.790,3.410,5.18,1.77,,,,,,19.42,,23.51
2002-04-13,1.790,,,,,,,,,,,
2002-04-14,1.790,,,,,,,,,,,
2002-04-15,1.840,3.380,5.15,1.77,,,,,,19.82,,24.53
2002-04-16,1.680,3.430,5.20,1.77,,,,,,18.11,,24.92
2002-04-17,1.730,3.410,5.24,1.83,,,,,,18.43,,25.94
2002-04-18,1.710,3.380,5.23,1.85,,,,,,19.29,,25.86
2002-04-19,1.670,3.360,5.21,1.85,,,,,,18.30,,26.43
2002-04-20,1.670,,,,,,,,,,,
2002-04-21,1.670,,,,,,,,,,,
2002-04-22,1.730,3.370,5.19,1.82,,,,,,19.77,,26.28
2002-04-23,1.710,3.390,5.18,1.79,,,,,,20.28,,26.28
2002-04-24,1.760,3.280,5.11,1.83,,,,,,20.77,,26.28
2002-04-25,1.820,3.250,5.10,1.85,,,,,,20.95,,26.36
2002-04-26,1.790,3.220,5.08,1.86,,,,,,22.14,,27.12
2002-04-27,1.790,,,,,,,,,,,
2002-04-28,1.790,,,,,,,,,,,
2002-04-29,1.810,3.260,5.13,1.87,,,,,,24.05,,27.45
2002-04-30,1.820,3.240,5.11,1.87,,,,,,21.91,,27.32
2002-05-01,1.880,3.210,5.08,1.87,179.5,190.0,77.411,5.8,130632,20.06,,26.58
2002-05-02,1.790,3.250,5.13,1.88,,,,,,20.07,,26.31
2002-05-03,1.730,3.170,5.08,1.91,,,,,,20.19,,26.75
2002-05-04,1.730,,,,,,,,,,,
2002-05-05,1.730,,,,,,,,,,,
2002-05-06,1.750,3.190,5.10,1.91,,,,,,22.56,,26.11
2002-05-07,1.720,3.140,5.09,1.95,,,,,,21.94,,26.79
2002-05-08,1.710,3.320,5.24,1.92,,,,,,20.39,,27.76
2002-05-09,1.740,3.270,5.20,1.93,,,,,,21.56,,27.78
2002-05-10,1.740,3.190,5.15,1.96,,,,,,22.41,,27.92
2002-05-11,1.740,,,,,,,,,,,
2002-05-12,1.740,,,,,,,,,,,
2002-05-13,1.750,3.280,5.23,1.95,,,,,,20.72,,28.62
2002-05-14,1.690,3.400,5.32,1.92,,,,,,19.35,,29.17
2002-05-15,1.840,3.370,5.28,1.91,,,,,,19.19,,28.17
2002-05-16,1.760,3.280,5.20,1.92,,,,,,18.50,,28.00
2002-05-17,1.700,3.410,5.27,1.86,,,,,,17.70,,28.19
2002-05-18,1.700,,,,,,,,,,,
2002-05-19,1.700,,,,,,,,,,,
2002-05-20,1.720,3.330,5.21,1.88,,,,,,19.24,,28.24
2002-05-21,1.680,3.280,5.18,1.90,,,,,,20.05,,27.35
2002-05-22,1.730,3.230,5.13,1.90,,,,,,19.58,,27.01
2002-05-23,1.760,3.280,5.16,1.88,,,,,,18.23,,26.60
2002-05-24,1.750,3.280,5.16,1.88,,,,,,18.90,,26.69
2002-05-25,1.750,,,,,,,,,,,
2002-05-26,1.750,,,,,,,,,,,
2002-05-27,1.750,,,,,,,,,,,
2002-05-28,1.880,3.300,5.16,1.86,,,,,,20.31,,25.08
2002-05-29,1.790,3.240,5.11,1.87,,,,,,20.39,,25.64
2002-05-30,1.800,3.170,5.06,1.89,,,,,,20.61,,24.78
2002-05-31,1.790,3.220,5.08,1.86,,,,,,19.98,,25.37
2002-06-01,1.790,,,,179.6,190.2,77.534,5.8,130674,,,
2002-06-02,1.790,,,,,,,,,,,
2002-06-03,1.830,3.190,5.06,1.87,,,,,,23.37,,25.10
2002-06-04,1.730,3.130,5.04,1.91,,,,,,23.89,,25.32
2002-06-05,1.700,3.160,5.08,1.92,,,,,,22.61,,25.02
2002-06-06,1.750,3.130,5.04,1.91,,,,,,24.16,,24.89
2002-06-07,1.730,3.160,5.10,1.94,,,,,,23.51,,24.72
2002-06-08,1.730,,,,,,,,,,,
2002-06-09,1.730,,,,,,,,,,,
2002-06-10,1.760,3.150,5.07,1.92,,,,,,23.72,,24.24
2002-06-11,1.720,3.090,5.02,1.93,,,,,,24.45,,24.21
2002-06-12,1.750,3.050,4.98,1.93,,,,,,24.15,,24.79
2002-06-13,1.760,3.000,4.94,1.94,,,,,,25.02,,25.54
2002-06-14,1.750,2.920,4.83,1.91,,,,,,25.96,,25.90
2002-06-15,1.750,,,,,,,,,,,
2002-06-16,1.750,,,,,,,,,,,
2002-06-17,1.820,2.960,4.89,1.93,,,,,,24.64,,25.98
2002-06-18,1.710,2.930,4.88,1.95,,,,,,24.24,,25.36
2002-06-19,1.690,2.810,4.76,1.95,,,,,,26.06,,25.57
2002-06-20,1.750,2.930,4.85,1.92,,,,,,27.48,,25.62
2002-06-21,1.740,2.880,4.79,1.91,,,,,,27.23,,25.51
2002-06-22,1.740,,,,,,,,,,,
2002-06-23,1.740,,,,,,,,,,,
2002-06-24,1.770,2.930,4.87,1.94,,,,,,26.98,,26.31
2002-06-25,1.750,2.920,4.88,1.96,,,,,,27.84,,26.06
2002-06-26,1.780,2.770,4.75,1.98,,,,,,28.42,,26.67
2002-06-27,1.810,2.850,4.84,1.99,,,,,,26.29,,26.77
2002-06-28,1.730,2.900,4.86,1.96,,,,,,25.40,,26.79
2002-06-29,1.730,,,,,,,,,,,
2002-06-30,1.730,,,,,,,,,,,
2002-07-01,1.830,2.880,4.85,1.97,180.0,190.5,77.692,5.8,130584,27.11,,26.79
2002-07-02,1.720,2.780,4.77,1.99,,,,,,28.96,,26.83
2002-07-03,1.710,2.780,4.78,2.00,,,,,,29.42,,26.82
2002-07-04,1.710,,,,,,,,,,,
2002-07-05,1.720,2.900,4.90,2.00,,,,,,27.11,,
2002-07-06,1.720,,,,,,,,,,,
2002-07-07,1.720,,,,,,,,,,,
2002-07-08,1.750,2.840,4.84,2.00,,,,,,28.25,,26.14
2002-07-09,1.720,2.740,4.78,2.04,,,,,,30.22,,26.16
2002-07-10,1.740,2.610,4.66,2.05,,,,,,34.10,,26.73
2002-07-11,1.760,2.610,4.66,2.05,,,,,,33.85,,27.01
2002-07-12,1.710,2.560,4.63,2.07,,,,,,32.94,,27.48
2002-07-13,1.710,,,,,,,,,,,
2002-07-14,1.710,,,,,,,,,,,
2002-07-15,1.830,2.550,4.66,2.11,,,,,,35.03,,27.23
2002-07-16,1.720,2.660,4.75,2.09,,,,,,36.65,,27.68
2002-07-17,1.710,2.630,4.71,2.08,,,,,,35.45,,27.88
2002-07-18,1.740,2.550,4.66,2.11,,,,,,35.12,,27.50
2002-07-19,1.720,2.480,4.61,2.13,,,,,,38.17,,27.83
2002-07-20,1.720,,,,,,,,,,,
2002-07-21,1.720,,,,,,,,,,,
2002-07-22,1.770,2.400,4.51,2.11,,,,,,41.87,,26.61
2002-07-23,1.730,2.340,4.47,2.13,,,,,,44.92,,26.61
2002-07-24,1.670,2.380,4.49,2.11,,,,,,39.86,,26.78
2002-07-25,1.750,2.280,4.43,2.15,,,,,,39.27,,26.67
2002-07-26,1.690,2.200,4.43,2.23,,,,,,35.51,,26.55
2002-07-27,1.690,,,,,,,,,,,
2002-07-28,1.690,,,,,,,,,,,
2002-07-29,1.750,2.410,4.62,2.21,,,,,,31.33,,26.54
2002-07-30,1.710,2.440,4.65,2.21,,,,,,31.92,,27.43
2002-07-31,1.760,2.230,4.51,2.28,,,,,,32.03,,27.02
2002-08-01,1.790,2.150,4.47,2.32,180.5,191.1,77.845,5.7,130581,36.95,,26.51
2002-08-02,1.720,1.990,4.33,2.34,,,,,,41.29,,26.87
2002-08-03,1.720,,,,,,,,,,,
2002-08-04,1.720,,,,,,,,,,,
2002-08-05,1.770,1.930,4.29,2.36,,,,,,45.08,,26.55
2002-08-06,1.740,2.110,4.42,2.31,,,,,,42.03,,27.18
2002-08-07,1.710,1.980,4.35,2.37,,,,,,38.73,,26.58
2002-08-08,1.710,2.100,4.40,2.30,,,,,,36.33,,26.67
2002-08-09,1.680,2.100,4.27,2.17,,,,,,35.33,,26.87
2002-08-10,1.680,,,,,,,,,,,
2002-08-11,1.680,,,,,,,,,,,
2002-08-12,1.760,2.100,4.22,2.12,,,,,,37.05,,27.84
2002-08-13,1.740,2.000,4.12,2.12,,,,,,35.82,,28.35
2002-08-14,1.780,2.120,4.06,1.94,,,,,,32.36,,28.19
2002-08-15,1.870,2.220,4.17,1.95,,,,,,29.43,,28.99
2002-08-16,1.700,2.280,4.32,2.04,,,,,,28.81,,29.24
2002-08-17,1.700,,,,,,,,,,,
2002-08-18,1.700,,,,,,,,,,,
2002-08-19,1.720,2.250,4.29,2.04,,,,,,28.61,,29.86
2002-08-20,1.700,2.120,4.17,2.05,,,,,,29.59,,30.12
2002-08-21,1.720,2.120,4.20,2.08,,,,,,28.23,,30.37
2002-08-22,1.730,2.220,4.30,2.08,,,,,,27.75,,30.11
2002-08-23,1.720,2.190,4.25,2.06,,,,,,29.32,,29.99
2002-08-24,1.720,,,,,,,,,,,
2002-08-25,1.720,,,,,,,,,,,
2002-08-26,1.810,2.190,4.22,2.03,,,,,,29.89,,29.23
2002-08-27,1.790,2.260,4.29,2.03,,,,,,30.11,,28.84
2002-08-28,1.800,2.230,4.22,1.99,,,,,,33.32,,28.31
2002-08-29,1.820,2.140,4.16,2.02,,,,,,33.67,,28.83
2002-08-30,1.810,2.140,4.14,2.00,,,,,,32.64,,28.97
2002-08-31,1.810,,,,,,,,,,,
2002-09-01,1.810,,,,180.8,191.3,77.972,5.7,130502,,,
2002-09-02,1.810,,,,,,,,,,,
2002-09-03,1.870,2.010,3.98,1.97,,,,,,39.97,,27.76
2002-09-04,1.740,2.020,3.96,1.94,,,,,,37.44,,28.28
2002-09-05,1.750,1.950,3.91,1.96,,,,,,38.86,,29.06
2002-09-06,1.710,2.080,4.05,1.97,,,,,,36.33,,29.51
2002-09-07,1.710,,,,,,,,,,,
2002-09-08,1.710,,,,,,,,,,,
2002-09-09,1.760,2.130,4.05,1.92,,,,,,36.45,,29.80
2002-09-10,1.740,2.120,4.00,1.88,,,,,,35.08,,29.62
2002-09-11,1.720,2.180,4.07,1.89,,,,,,34.81,,29.77
2002-09-12,1.740,2.120,3.98,1.86,,,,,,37.50,,28.95
2002-09-13,1.720,2.070,3.92,1.85,,,,,,35.82,,29.83
2002-09-14,1.720,,,,,,,,,,,
2002-09-15,1.720,,,,,,,,,,,
2002-09-16,1.830,2.070,3.90,1.83,,,,,,36.74,,29.14
2002-09-17,1.720,2.060,3.87,1.81,,,,,,38.01,,29.08
2002-09-18,1.680,2.040,3.86,1.82,,,,,,37.52,,29.57
2002-09-19,1.690,1.930,3.79,1.86,,,,,,40.65,,29.49
2002-09-20,1.700,1.940,3.79,1.85,,,,,,38.98,,29.65
2002-09-21,1.700,,,,,,,,,,,
2002-09-22,1.700,,,,,,,,,,,
2002-09-23,1.740,1.930,3.70,1.77,,,,,,39.68,,30.85
2002-09-24,1.750,1.930,3.69,1.76,,,,,,40.52,,30.79
2002-09-25,1.790,2.000,3.77,1.77,,,,,,37.33,,30.69
2002-09-26,1.800,1.970,3.79,1.82,,,,,,34.60,,30.31
2002-09-27,1.780,1.820,3.69,1.87,,,,,,36.97,,30.53
2002-09-28,1.780,,,,,,,,,,,
2002-09-29,1.780,,,,,,,,,,,
2002-09-30,1.850,1.720,3.63,1.91,,,,,,39.69,,30.59
2002-10-01,1.850,1.800,3.72,1.92,181.2,191.5,78.038,5.7,130617,34.12,,30.71
2002-10-02,1.750,1.750,3.71,1.96,,,,,,36.83,,30.59
2002-10-03,1.760,1.750,3.70,1.95,,,,,,37.31,,29.73
2002-10-04,1.720,1.780,3.69,1.91,,,,,,39.46,,29.65
2002-10-05,1.720,,,,,,,,,,,
2002-10-06,1.720,,,,,,,,,,,
2002-10-07,1.740,1.770,3.64,1.87,,,,,,42.64,,29.65
2002-10-08,1.720,1.800,3.65,1.85,,,,,,41.02,,29.56
2002-10-09,1.730,1.720,3.61,1.89,,,,,,42.13,,29.31
2002-10-10,1.750,1.750,3.68,1.93,,,,,,37.55,,28.96
2002-10-11,1.730,1.850,3.83,1.98,,,,,,35.70,,29.36
2002-10-12,1.730,,,,,,,,,,,
2002-10-13,1.730,,,,,,,,,,,
2002-10-14,1.730,,,,,,,,,36.04,,30.06
2002-10-15,1.880,2.080,4.07,1.99,,,,,,34.02,,29.73
2002-10-16,1.730,2.020,4.06,2.04,,,,,,36.00,,29.28
2002-10-17,1.740,2.100,4.16,2.06,,,,,,34.10,,29.61
2002-10-18,1.710,2.090,4.14,2.05,,,,,,33.53,,29.56
2002-10-19,1.710,,,,,,,,,,,
2002-10-20,1.710,,,,,,,,,,,
2002-10-21,1.730,2.230,4.24,2.01,,,,,,33.11,,28.31
2002-10-22,1.710,2.210,4.27,2.06,,,,,,34.09,,27.93
2002-10-23,1.760,2.200,4.26,2.06,,,,,,33.20,,28.19
2002-10-24,1.800,2.090,4.16,2.07,,,,,,34.03,,27.87
2002-10-25,1.820,1.980,4.12,2.14,,,,,,30.00,,27.09
2002-10-26,1.820,,,,,,,,,,,
2002-10-27,1.820,,,,,,,,,,,
2002-10-28,1.790,1.880,4.10,2.22,,,,,,31.07,,27.25
2002-10-29,1.750,1.790,3.97,2.18,,,,,,32.27,,26.81
2002-10-30,1.720,1.740,3.99,2.25,,,,,,31.23,,26.85
2002-10-31,1.820,1.680,3.93,2.25,,,,,,31.14,,27.18
2002-11-01,1.740,1.760,4.01,2.25,181.5,191.9,78.114,5.9,130616,29.30,,27.04
2002-11-02,1.740,,,,,,,,,,,
2002-11-03,1.740,,,,,,,,,,,
2002-11-04,1.710,1.790,4.07,2.28,,,,,,30.82,,26.89
2002-11-05,1.640,1.820,4.10,2.28,,,,,,31.23,,26.06
2002-11-06,1.480,1.870,4.09,2.22,,,,,,30.73,,25.72
2002-11-07,1.270,1.860,3.88,2.02,,,,,,31.42,,25.36
2002-11-08,1.180,1.870,3.85,1.98,,,,,,29.41,,25.83
2002-11-09,1.180,,,,,,,,,,,
2002-11-10,1.180,,,,,,,,,,,
2002-11-11,1.180,,,,,,,,,31.30,,26.02
2002-11-12,1.290,1.790,3.84,2.05,,,,,,30.58,,26.19
2002-11-13,1.170,1.760,3.84,2.08,,,,,,31.24,,25.28
2002-11-14,1.290,1.890,4.03,2.14,,,,,,28.67,,25.40
2002-11-15,1.350,1.910,4.05,2.14,,,,,,26.65,,25.50
2002-11-16,1.350,,,,,,,,,,,
2002-11-17,1.350,,,,,,,,,,,
2002-11-18,1.210,1.910,4.02,2.11,,,,,,27.66,,26.71
2002-11-19,1.200,1.910,3.99,2.08,,,,,,27.41,,26.41
2002-11-20,1.230,1.980,4.08,2.10,,,,,,25.32,,27.00
2002-11-21,1.270,2.050,4.14,2.09,,,,,,23.81,,27.07
2002-11-22,1.250,2.100,4.18,2.08,,,,,,23.16,,27.73
2002-11-23,1.250,,,,,,,,,,,
2002-11-24,1.250,,,,,,,,,,,
2002-11-25,1.320,2.090,4.19,2.10,,,,,,24.07,,27.01
2002-11-26,1.260,1.970,4.08,2.11,,,,,,25.97,,26.60
2002-11-27,1.270,2.130,4.26,2.13,,,,,,27.25,,26.87
2002-11-28,1.270,,,,,,,,,,,
2002-11-29,1.230,2.080,4.22,2.14,,,,,,27.50,,
2002-11-30,1.230,,,,,,,,,,,
2002-12-01,1.230,,,,181.8,192.1,78.187,6.0,130465,,,
2002-12-02,1.270,2.070,4.22,2.15,,,,,,27.46,,27.27
2002-12-03,1.240,2.080,4.24,2.16,,,,,,28.33,,27.34
2002-12-04,1.230,2.020,4.18,2.16,,,,,,28.92,,26.80
2002-12-05,1.240,1.970,4.13,2.16,,,,,,30.10,,27.27
2002-12-06,1.210,1.890,4.09,2.20,,,,,,28.88,,27.03
2002-12-07,1.210,,,,,,,,,,,
2002-12-08,1.210,,,,,,,,,,,
2002-12-09,1.220,1.880,4.06,2.18,,,,,,30.78,,27.29
2002-12-10,1.220,1.900,4.06,2.16,,,,,,28.76,,27.73
2002-12-11,1.290,1.850,4.01,2.16,,,,,,27.76,,27.49
2002-12-12,1.290,1.850,4.01,2.16,,,,,,27.29,,28.20
2002-12-13,1.250,1.870,4.07,2.20,,,,,,28.18,,28.39
2002-12-14,1.250,,,,,,,,,,,
2002-12-15,1.250,,,,,,,,,,,
2002-12-16,1.360,1.940,4.15,2.21,,,,,,26.24,,30.15
2002-12-17,1.260,1.890,4.13,2.24,,,,,,26.66,,30.04
2002-12-18,1.250,1.810,4.06,2.25,,,,,,28.29,,30.41
2002-12-19,1.280,1.740,3.96,2.22,,,,,,30.21,,30.57
2002-12-20,1.260,1.760,3.97,2.21,,,,,,26.71,,30.57
2002-12-21,1.260,,,,,,,,,,,
2002-12-22,1.260,,,,,,,,,,,
2002-12-23,1.280,1.790,3.98,2.19,,,,,,26.20,,32.09
2002-12-24,1.150,1.730,3.95,2.22,,,,,,26.49,,32.13
2002-12-25,1.150,,,,,,,,,,,
2002-12-26,1.280,1.700,3.93,2.23,,,,,,27.37,,32.61
2002-12-27,1.200,1.600,3.83,2.23,,,,,,29.55,,32.68
2002-12-28,1.200,,,,,,,,,,,
2002-12-29,1.200,,,,,,,,,,,
2002-12-30,1.230,1.610,3.82,2.21,,,,,,29.62,,31.41
2002-12-31,1.160,1.610,3.83,2.22,,,,,,28.62,,31.21
2003-01-01,1.160,,,,182.600,192.400,78.24,5.8,130573,,,
2003-01-02,1.300,1.800,4.07,2.27,,,,,,25.39,,31.97
2003-01-03,1.120,1.790,4.05,2.26,,,,,,24.68,,33.26
2003-01-04,1.120,,,,,,,,,,,
2003-01-05,1.120,,,,,,,,,,,
2003-01-06,1.220,1.840,4.09,2.25,,,,,,24.91,,32.29
2003-01-07,1.200,1.770,4.04,2.27,,,,,,25.13,,31.20
2003-01-08,1.290,1.710,4.00,2.29,,,,,,25.53,,30.66
2003-01-09,1.290,1.870,4.19,2.32,,,,,,24.25,,31.95
2003-01-10,1.250,1.790,4.16,2.37,,,,,,24.32,,31.59
2003-01-11,1.250,,,,,,,,,,,
2003-01-12,1.250,,,,,,,,,,,
2003-01-13,1.260,1.810,4.15,2.34,,,,,,24.90,,32.08
2003-01-14,1.240,1.760,4.10,2.34,,,,,,24.57,,32.42
2003-01-15,1.300,1.750,4.10,2.35,,,,,,25.51,,33.23
2003-01-16,1.240,1.750,4.10,2.35,,,,,,25.01,,33.58
2003-01-17,1.200,1.700,4.05,2.35,,,,,,25.70,,33.88
2003-01-18,1.200,,,,,,,,,,,
2003-01-19,1.200,,,,,,,,,,,
2003-01-20,1.200,,,,,,,,,,,
2003-01-21,1.310,1.670,4.01,2.34,,,,,,27.59,,34.62
2003-01-22,1.260,1.660,3.95,2.29,,,,,,29.01,,34.32
2003-01-23,1.270,1.690,3.98,2.29,,,,,,27.53,,33.90
2003-01-24,1.210,1.660,3.94,2.28,,,,,,31.51,,34.98
2003-01-25,1.210,,,,,,,,,,,
2003-01-26,1.210,,,,,,,,,,,
2003-01-27,1.300,1.700,3.98,2.28,,,,,,34.69,,32.43
2003-01-28,1.230,1.700,4.00,2.30,,,,,,31.93,,32.70
2003-01-29,1.260,1.770,4.06,2.29,,,,,,31.26,,33.54
2003-01-30,1.290,1.700,4.00,2.30,,,,,,31.32,,33.78
2003-01-31,1.330,1.720,4.00,2.28,,,,,,31.17,,33.51
2003-02-01,1.330,,,,183.600,192.5,78.348,5.9,130441,,,
2003-02-02,1.330,,,,,,,,,,,
2003-02-03,1.300,1.720,4.01,2.29,,,,,,31.02,,32.84
2003-02-04,1.210,1.680,3.96,2.28,,,,,,32.76,,33.61
2003-02-05,1.210,1.730,4.02,2.29,,,,,,33.04,,33.91
2003-02-06,1.230,1.680,3.97,2.29,,,,,,33.35,,34.36
2003-02-07,1.210,1.630,3.96,2.33,,,,,,34.01,,35.05
2003-02-08,1.210,,,,,,,,,,,
2003-02-09,1.210,,,,,,,,,,,
2003-02-10,1.250,1.680,3.99,2.31,,,,,,33.99,,34.46
2003-02-11,1.220,1.650,3.98,2.33,,,,,,33.68,,35.43
2003-02-12,1.230,1.620,3.93,2.31,,,,,,34.33,,35.83
2003-02-13,1.280,1.570,3.89,2.32,,,,,,33.70,,36.63
2003-02-14,1.300,1.620,3.95,2.33,,,,,,32.62,,36.61
2003-02-15,1.300,,,,,,,,,,,
2003-02-16,1.300,,,,,,,,,,,
2003-02-17,1.300,,,,,,,,,,,
2003-02-18,1.350,1.660,3.94,2.28,,,,,,31.11,,36.88
2003-02-19,1.240,1.610,3.88,2.27,,,,,,31.31,,37.02
2003-02-20,1.250,1.590,3.85,2.26,,,,,,31.16,,36.45
2003-02-21,1.210,1.630,3.90,2.27,,,,,,30.25,,36.76
2003-02-22,1.210,,,,,,,,,,,
2003-02-23,1.210,,,,,,,,,,,
2003-02-24,1.250,1.600,3.86,2.26,,,,,,31.98,,37.29
2003-02-25,1.280,1.580,3.81,2.23,,,,,,31.74,,36.06
2003-02-26,1.280,1.570,3.78,2.21,,,,,,31.94,,37.96
2003-02-27,1.310,1.580,3.76,2.18,,,,,,30.53,,36.83
2003-02-28,1.330,1.530,3.71,2.18,,,,,,29.63,,36.76
2003-03-01,1.330,,,,183.900,192.5,78.474,5.9,130235,,,
2003-03-02,1.330,,,,,,,,,,,
2003-03-03,1.330,1.520,3.68,2.16,,,,,,30.43,,36.10
2003-03-04,1.200,1.490,3.65,2.16,,,,,,31.83,,36.95
2003-03-05,1.220,1.460,3.63,2.17,,,,,,30.38,,36.86
2003-03-06,1.230,1.470,3.67,2.20,,,,,,31.37,,37.21
2003-03-07,1.200,1.390,3.63,2.24,,,,,,31.08,,37.76
2003-03-08,1.200,,,,,,,,,,,
2003-03-09,1.200,,,,,,,,,,,
2003-03-10,1.230,1.350,3.59,2.24,,,,,,33.31,,37.18
2003-03-11,1.210,1.380,3.60,2.22,,,,,,33.61,,36.81
2003-03-12,1.230,1.450,3.60,2.15,,,,,,33.51,,37.87
2003-03-13,1.310,1.590,3.74,2.15,,,,,,31.76,,36.05
2003-03-14,1.300,1.560,3.72,2.16,,,,,,30.98,,35.41
2003-03-15,1.300,,,,,,,,,,,
2003-03-16,1.300,,,,,,,,,,,
2003-03-17,1.310,1.630,3.82,2.19,,,,,,31.75,,34.92
2003-03-18,1.200,1.720,3.91,2.19,,,,,,30.43,,31.55
2003-03-19,1.200,1.720,3.98,2.26,,,,,,31.54,,30.01
2003-03-20,1.230,1.750,4.01,2.26,,,,,,30.44,,28.62
2003-03-21,1.200,1.800,4.11,2.31,,,,,,28.67,,27.18
2003-03-22,1.200,,,,,,,,,,,
2003-03-23,1.200,,,,,,,,,,,
2003-03-24,1.230,1.710,3.98,2.27,,,,,,30.39,,29.51
2003-03-25,1.240,1.690,3.97,2.28,,,,,,28.75,,33.42
2003-03-26,1.260,1.680,3.96,2.28,,,,,,28.23,,28.71
2003-03-27,1.290,1.620,3.95,2.33,,,,,,27.96,,30.31
2003-03-28,1.260,1.560,3.92,2.36,,,,,,27.75,,30.21
2003-03-29,1.260,,,,,,,,,,,
2003-03-30,1.260,,,,,,,,,,,
2003-03-31,1.380,1.510,3.83,2.32,,,,,,29.15,,31.14
2003-04-01,1.290,1.500,3.84,2.34,183.200,192.5,78.561,6.0,130173,28.36,,29.48
2003-04-02,1.190,1.600,3.94,2.34,,,,,,28.02,,28.55
2003-04-03,1.240,1.550,3.93,2.38,,,,,,28.21,,29.05
2003-04-04,1.220,1.550,3.96,2.41,,,,,,29.13,,28.41
2003-04-05,1.220,,,,,,,,,,,
2003-04-06,1.220,,,,,,,,,,,
2003-04-07,1.250,1.650,4.03,2.38,,,,,,28.45,,27.76
2003-04-08,1.220,1.590,3.95,2.36,,,,,,27.13,,27.97
2003-04-09,1.240,1.550,3.93,2.38,,,,,,27.11,,28.93
2003-04-10,1.270,1.600,3.95,2.35,,,,,,25.60,,27.20
2003-04-11,1.240,1.650,4.00,2.35,,,,,,24.44,,28.28
2003-04-12,1.240,,,,,,,,,,,
2003-04-13,1.240,,,,,,,,,,,
2003-04-14,1.320,1.740,4.04,2.30,,,,,,23.41,,28.41
2003-04-15,1.340,1.690,3.98,2.29,,,,,,22.56,,29.46
2003-04-16,1.260,1.670,3.96,2.29,,,,,,22.52,,29.16
2003-04-17,1.280,1.710,3.98,2.27,,,,,,21.50,,30.10
2003-04-18,1.240,,,,,,,,,,,
2003-04-19,1.240,,,,,,,,,,,
2003-04-20,1.240,,,,,,,,,,,
2003-04-21,1.290,1.710,4.00,2.29,,,,,,21.95,,30.76
2003-04-22,1.260,1.700,4.01,2.31,,,,,,20.70,,29.92
2003-04-23,1.240,1.700,4.02,2.32,,,,,,20.80,,28.04
2003-04-24,1.240,1.620,3.93,2.31,,,,,,20.33,,27.52
2003-04-25,1.280,1.570,3.91,2.34,,,,,,20.80,,25.92
2003-04-26,1.280,,,,,,,,,,,
2003-04-27,1.280,,,,,,,,,,,
2003-04-28,1.290,1.590,3.92,2.33,,,,,,20.84,,25.25
2003-04-29,1.270,1.620,3.96,2.34,,,,,,20.76,,25.32
2003-04-30,1.310,1.510,3.89,2.38,,,,,,21.21,,26.09
2003-05-01,1.300,1.500,3.88,2.38,182.900,192.9,78.674,6.1,130197,21.59,,26.05
2003-05-02,1.240,1.560,3.94,2.38,,,,,,20.63,,25.74
2003-05-03,1.240,,,,,,,,,,,
2003-05-04,1.240,,,,,,,,,,,
2003-05-05,1.270,1.550,3.92,2.37,,,,,,21.13,,26.43
2003-05-06,1.280,1.450,3.84,2.39,,,,,,20.80,,25.65
2003-05-07,1.280,1.450,3.72,2.27,,,,,,21.00,,26.24
2003-05-08,1.270,1.490,3.70,2.21,,,,,,21.24,,26.94
2003-05-09,1.240,1.450,3.69,2.24,,,,,,19.69,,27.65
2003-05-10,1.240,,,,,,,,,,,
2003-05-11,1.240,,,,,,,,,,,
2003-05-12,1.250,1.460,3.64,2.18,,,,,,19.52,,27.34
2003-05-13,1.230,1.470,3.63,2.16,,,,,,19.91,,28.51
2003-05-14,1.300,1.410,3.53,2.12,,,,,,20.00,,29.21
2003-05-15,1.360,1.460,3.53,2.07,,,,,,19.24,,28.57
2003-05-16,1.260,1.380,3.46,2.08,,,,,,18.40,,29.07
2003-05-17,1.260,,,,,,,,,,,
2003-05-18,1.260,,,,,,,,,,,
2003-05-19,1.260,1.350,3.46,2.11,,,,,,20.51,,28.84
2003-05-20,1.230,1.310,3.38,2.07,,,,,,21.29,,29.29
2003-05-21,1.230,1.380,3.39,2.01,,,,,,21.21,,29.51
2003-05-22,1.250,1.360,3.34,1.98,,,,,,19.78,,29.09
2003-05-23,1.210,1.380,3.34,1.96,,,,,,19.17,,29.74
2003-05-24,1.210,,,,,,,,,,,
2003-05-25,1.210,,,,,,,,,,,
2003-05-26,1.210,,,,,,,,,,,
2003-05-27,1.320,1.330,3.41,2.08,,,,,,19.99,,29.24
2003-05-28,1.290,1.350,3.44,2.09,,,,,,20.03,,28.46
2003-05-29,1.290,1.300,3.34,2.04,,,,,,20.43,,29.15
2003-05-30,1.280,1.330,3.37,2.04,,,,,,19.47,,29.56
2003-05-31,1.280,,,,,,,,,,,
2003-06-01,1.280,,,,183.100,193.0,78.718,6.3,130186,,,
2003-06-02,1.270,1.330,3.43,2.10,,,,,,20.85,,30.72
2003-06-03,1.210,1.200,3.34,2.14,,,,,,20.84,,30.78
2003-06-04,1.220,1.200,3.30,2.10,,,,,,20.62,,29.81
2003-06-05,1.260,1.250,3.34,2.09,,,,,,20.83,,30.84
2003-06-06,1.240,1.270,3.37,2.10,,,,,,21.25,,31.26
2003-06-07,1.240,,,,,,,,,,,
2003-06-08,1.240,,,,,,,,,,,
2003-06-09,1.250,1.190,3.29,2.10,,,,,,22.15,,31.36
2003-06-10,1.220,1.130,3.20,2.07,,,,,,20.64,,31.72
2003-06-11,1.250,1.160,3.21,2.05,,,,,,20.21,,32.17
2003-06-12,1.250,1.130,3.18,2.05,,,,,,20.41,,31.41
2003-06-13,1.240,1.100,3.13,2.03,,,,,,20.66,,30.63
2003-06-14,1.240,,,,,,,,,,,
2003-06-15,1.240,,,,,,,,,,,
2003-06-16,1.330,1.180,3.18,2.00,,,,,,20.22,,31.14
2003-06-17,1.240,1.250,3.27,2.02,,,,,,20.01,,31.08
2003-06-18,1.220,1.270,3.37,2.10,,,,,,19.76,,30.28
2003-06-19,1.220,1.170,3.35,2.18,,,,,,19.80,,29.86
2003-06-20,1.230,1.220,3.40,2.18,,,,,,19.14,,30.63
2003-06-21,1.230,,,,,,,,,,,
2003-06-22,1.230,,,,,,,,,,,
2003-06-23,1.210,1.170,3.32,2.15,,,,,,20.58,,30.22
2003-06-24,1.150,1.140,3.29,2.15,,,,,,20.75,,30.05
2003-06-25,1.180,1.300,3.38,2.08,,,,,,20.81,,31.65
2003-06-26,1.100,1.410,3.55,2.14,,,,,,19.40,,28.97
2003-06-27,1.080,1.380,3.58,2.20,,,,,,19.16,,29.18
2003-06-28,1.080,,,,,,,,,,,
2003-06-29,1.080,,,,,,,,,,,
2003-06-30,1.450,1.320,3.54,2.22,,,,,,19.52,,30.15
2003-07-01,1.110,1.300,3.56,2.26,183.700,193.4,78.915,6.2,130184,19.46,,30.41
2003-07-02,1.010,1.300,3.56,2.26,,,,,,19.03,,30.29
2003-07-03,0.960,1.320,3.67,2.35,,,,,,19.39,,30.39
2003-07-04,0.960,,,,,,,,,,,
2003-07-05,0.960,,,,,,,,,,,
2003-07-06,0.960,,,,,,,,,,,
2003-07-07,1.000,1.360,3.74,2.38,,,,,,20.06,,30.08
2003-07-08,0.930,1.390,3.75,2.36,,,,,,19.48,,30.32
2003-07-09,0.960,1.370,3.73,2.36,,,,,,18.93,,30.87
2003-07-10,1.000,1.330,3.70,2.37,,,,,,19.19,,31.04
2003-07-11,0.980,1.290,3.66,2.37,,,,,,18.47,,31.33
2003-07-12,0.980,,,,,,,,,,,
2003-07-13,0.980,,,,,,,,,,,
2003-07-14,1.070,1.350,3.74,2.39,,,,,,19.59,,31.20
2003-07-15,1.130,1.450,3.94,2.49,,,,,,19.55,,31.60
2003-07-16,1.010,1.490,3.97,2.48,,,,,,19.76,,31.20
2003-07-17,1.020,1.470,3.98,2.51,,,,,,20.22,,31.44
2003-07-18,0.990,1.510,4.00,2.49,,,,,,19.11,,31.96
2003-07-19,0.990,,,,,,,,,,,
2003-07-20,0.990,,,,,,,,,,,
2003-07-21,1.020,1.610,4.19,2.58,,,,,,19.78,,31.67
2003-07-22,1.000,1.570,4.17,2.60,,,,,,19.17,,30.20
2003-07-23,1.050,1.540,4.12,2.58,,,,,,18.64,,30.13
2003-07-24,1.040,1.540,4.20,2.66,,,,,,18.60,,30.72
2003-07-25,1.030,1.520,4.22,2.70,,,,,,17.75,,30.31
2003-07-26,1.030,,,,,,,,,,,
2003-07-27,1.030,,,,,,,,,,,
2003-07-28,1.050,1.610,4.31,2.70,,,,,,18.36,,29.98
2003-07-29,1.040,1.670,4.42,2.75,,,,,,18.67,,30.21
2003-07-30,1.030,1.640,4.34,2.70,,,,,,18.85,,30.69
2003-07-31,1.040,1.800,4.49,2.69,,,,,,19.49,,30.56
2003-08-01,1.000,1.850,4.44,2.59,184.5,193.6,79.004,6.1,130153,20.75,,32.23
2003-08-02,1.000,,,,,,,,,,,
2003-08-03,1.000,,,,,,,,,,,
2003-08-04,1.000,1.710,4.35,2.64,,,,,,21.27,,31.80
2003-08-05,0.860,1.880,4.47,2.59,,,,,,22.68,,32.34
2003-08-06,0.880,1.780,4.32,2.54,,,,,,21.50,,31.77
2003-08-07,0.950,1.740,4.30,2.56,,,,,,20.26,,32.41
2003-08-08,0.960,1.720,4.27,2.55,,,,,,19.59,,32.23
2003-08-09,0.960,,,,,,,,,,,
2003-08-10,0.960,,,,,,,,,,,
2003-08-11,1.020,1.810,4.38,2.57,,,,,,19.75,,31.91
2003-08-12,0.990,1.710,4.37,2.66,,,,,,17.94,,31.91
2003-08-13,1.010,1.860,4.58,2.72,,,,,,18.77,,30.85
2003-08-14,1.220,1.860,4.55,2.69,,,,,,18.47,,30.85
2003-08-15,1.390,1.850,4.55,2.70,,,,,,18.27,,31.01
2003-08-16,1.390,,,,,,,,,,,
2003-08-17,1.390,,,,,,,,,,,
2003-08-18,1.030,1.870,4.49,2.62,,,,,,18.18,,30.81
2003-08-19,0.930,1.810,4.38,2.57,,,,,,17.86,,30.76
2003-08-20,0.890,1.840,4.45,2.61,,,,,,17.82,,30.96
2003-08-21,1.010,1.980,4.53,2.55,,,,,,17.84,,31.78
2003-08-22,0.990,1.970,4.48,2.51,,,,,,18.55,,31.64
2003-08-23,0.990,,,,,,,,,,,
2003-08-24,0.990,,,,,,,,,,,
2003-08-25,1.040,2.020,4.53,2.51,,,,,,19.53,,31.43
2003-08-26,1.000,1.960,4.50,2.54,,,,,,19.49,,32.01
2003-08-27,0.980,2.050,4.54,2.49,,,,,,19.13,,31.18
2003-08-28,1.040,1.930,4.42,2.49,,,,,,18.48,,31.41
2003-08-29,1.010,1.950,4.45,2.50,,,,,,18.63,,31.76
2003-08-30,1.010,,,,,,,,,,,
2003-08-31,1.010,,,,,,,,,,,
2003-09-01,1.010,,,,185.100,193.7,79.114,6.1,130252,,,
2003-09-02,1.060,2.040,4.61,2.57,,,,,,19.02,,29.57
2003-09-03,0.960,2.020,4.60,2.58,,,,,,19.44,,29.43
2003-09-04,0.980,1.910,4.52,2.61,,,,,,18.71,,28.87
2003-09-05,0.960,1.720,4.35,2.63,,,,,,18.17,,28.93
2003-09-06,0.960,,,,,,,,,,,
2003-09-07,0.960,,,,,,,,,,,
2003-09-08,0.990,1.750,4.41,2.66,,,,,,18.26,,28.85
2003-09-09,0.950,1.710,4.37,2.66,,,,,,18.85,,29.22
2003-09-10,0.950,1.640,4.28,2.64,,,,,,20.01,,29.41
2003-09-11,1.000,1.710,4.35,2.64,,,,,,19.25,,28.86
2003-09-12,1.020,1.660,4.27,2.61,,,,,,18.68,,28.26
2003-09-13,1.020,,,,,,,,,,,
2003-09-14,1.020,,,,,,,,,,,
2003-09-15,1.110,1.630,4.28,2.65,,,,,,19.28,,28.15
2003-09-16,0.970,1.630,4.29,2.66,,,,,,18.03,,27.60
2003-09-17,0.970,1.630,4.20,2.57,,,,,,18.15,,27.00
2003-09-18,1.000,1.680,4.19,2.51,,,,,,17.57,,27.26
2003-09-19,0.990,1.700,4.17,2.47,,,,,,17.54,,26.93
2003-09-20,0.990,,,,,,,,,,,
2003-09-21,0.990,,,,,,,,,,,
2003-09-22,1.020,1.700,4.26,2.56,,,,,,19.65,,26.97
2003-09-23,1.010,1.680,4.24,2.56,,,,,,19.47,,27.00
2003-09-24,1.030,1.660,4.16,2.50,,,,,,21.22,,28.19
2003-09-25,1.080,1.650,4.12,2.47,,,,,,22.26,,28.29
2003-09-26,1.030,1.600,4.04,2.44,,,,,,22.23,,28.21
2003-09-27,1.030,,,,,,,,,,,
2003-09-28,1.030,,,,,,,,,,,
2003-09-29,1.040,1.610,4.09,2.48,,,,,,21.67,,28.35
2003-09-30,1.170,1.500,3.96,2.46,,,,,,22.72,,29.19
2003-10-01,1.110,1.470,3.96,2.49,184.9,194.0,79.26,6.0,130439,21.07,,29.43
2003-10-02,1.020,1.480,4.03,2.55,,,,,,20.80,,29.83
2003-10-03,0.990,1.650,4.21,2.56,,,,,,19.50,,30.37
2003-10-04,0.990,,,,,,,,,,,
2003-10-05,0.990,,,,,,,,,,,
2003-10-06,0.990,1.600,4.17,2.57,,,,,,19.51,,30.40
2003-10-07,0.980,1.670,4.27,2.60,,,,,,19.41,,30.48
2003-10-08,0.990,1.650,4.27,2.62,,,,,,19.18,,29.60
2003-10-09,1.020,1.690,4.32,2.63,,,,,,18.82,,30.97
2003-10-10,1.000,1.650,4.29,2.64,,,,,,18.45,,32.01
2003-10-11,1.000,,,,,,,,,,,
2003-10-12,1.000,,,,,,,,,,,
2003-10-13,1.000,,,,,,,,,17.55,,31.91
2003-10-14,1.080,1.730,4.37,2.64,,,,,,17.37,,31.68
2003-10-15,1.090,1.790,4.43,2.64,,,,,,17.69,,31.74
2003-10-16,1.040,1.960,4.47,2.51,,,,,,17.19,,31.51
2003-10-17,0.980,1.900,4.41,2.51,,,,,,17.62,,30.61
2003-10-18,0.980,,,,,,,,,,,
2003-10-19,0.980,,,,,,,,,,,
2003-10-20,1.020,1.880,4.41,2.53,,,,,,17.04,,30.37
2003-10-21,0.990,1.890,4.38,2.49,,,,,,16.55,,30.19
2003-10-22,0.990,1.800,4.29,2.49,,,,,,17.67,,30.00
2003-10-23,1.020,1.840,4.34,2.50,,,,,,17.68,,30.31
2003-10-24,1.010,1.760,4.24,2.48,,,,,,17.71,,29.99
2003-10-25,1.010,,,,,,,,,,,
2003-10-26,1.010,,,,,,,,,,,
2003-10-27,1.030,1.830,4.30,2.47,,,,,,18.05,,29.95
2003-10-28,0.980,1.710,4.23,2.52,,,,,,16.82,,29.57
2003-10-29,0.970,1.790,4.31,2.52,,,,,,16.43,,28.95
2003-10-30,1.020,1.860,4.36,2.50,,,,,,16.33,,28.67
2003-10-31,1.030,1.850,4.33,2.48,,,,,,16.10,,29.24
2003-11-01,1.030,,,,185.000,194.0,79.368,5.8,130480,,,
2003-11-02,1.030,,,,,,,,,,,
2003-11-03,1.020,1.900,4.40,2.50,,,,,,16.55,,28.81
2003-11-04,0.980,1.860,4.33,2.47,,,,,,16.55,,28.86
2003-11-05,0.980,1.940,4.38,2.44,,,,,,16.86,,30.29
2003-11-06,1.000,2.010,4.45,2.44,,,,,,16.74,,30.25
2003-11-07,0.980,2.040,4.48,2.44,,,,,,16.93,,30.73
2003-11-08,0.980,,,,,,,,,,,
2003-11-09,0.980,,,,,,,,,,,
2003-11-10,0.990,2.060,4.49,2.43,,,,,,17.62,,31.01
2003-11-11,0.990,,,,,,,,,17.54,,31.21
2003-11-12,1.000,2.050,4.44,2.39,,,,,,16.75,,31.37
2003-11-13,0.990,1.920,4.30,2.38,,,,,,16.47,,31.89
2003-11-14,0.980,1.840,4.22,2.38,,,,,,16.94,,32.31
2003-11-15,0.980,,,,,,,,,,,
2003-11-16,0.980,,,,,,,,,,,
2003-11-17,1.040,1.800,4.18,2.38,,,,,,18.60,,31.75
2003-11-18,0.980,1.830,4.17,2.34,,,,,,19.11,,33.16
2003-11-19,0.980,1.900,4.24,2.34,,,,,,18.80,,32.84
2003-11-20,1.000,1.830,4.16,2.33,,,,,,19.48,,32.87
2003-11-21,0.980,1.840,4.15,2.31,,,,,,18.98,,32.26
2003-11-22,0.980,,,,,,,,,,,
2003-11-23,0.980,,,,,,,,,,,
2003-11-24,0.980,1.940,4.23,2.29,,,,,,17.44,,29.99
2003-11-25,1.020,1.890,4.19,2.30,,,,,,16.71,,30.02
2003-11-26,1.010,1.970,4.25,2.28,,,,,,16.23,,30.33
2003-11-27,1.010,,,,,,,,,,,
2003-11-28,1.010,2.060,4.34,2.28,,,,,,16.32,,
2003-11-29,1.010,,,,,,,,,,,
2003-11-30,1.010,,,,,,,,,,,
2003-12-01,1.030,2.120,4.40,2.28,185.500,194.200,79.467,5.7,130589,16.77,,29.89
2003-12-02,0.970,2.070,4.38,2.31,,,,,,16.27,,30.74
2003-12-03,0.980,2.090,4.41,2.32,,,,,,16.63,,30.61
2003-12-04,0.990,2.060,4.38,2.32,,,,,,16.30,,31.24
2003-12-05,0.980,1.880,4.23,2.35,,,,,,17.09,,30.68
2003-12-06,0.980,,,,,,,,,,,
2003-12-07,0.980,,,,,,,,,,,
2003-12-08,0.990,1.940,4.29,2.35,,,,,,16.54,,32.08
2003-12-09,0.970,1.970,4.32,2.35,,,,,,17.63,,31.72
2003-12-10,0.990,1.940,4.30,2.36,,,,,,17.87,,31.92
2003-12-11,0.990,1.830,4.27,2.44,,,,,,16.73,,32.01
2003-12-12,0.990,1.840,4.26,2.42,,,,,,16.41,,33.06
2003-12-13,0.990,,,,,,,,,,,
2003-12-14,0.990,,,,,,,,,,,
2003-12-15,1.040,1.880,4.28,2.40,,,,,,17.23,,33.17
2003-12-16,0.990,1.830,4.24,2.41,,,,,,15.93,,32.94
2003-12-17,0.990,1.830,4.19,2.36,,,,,,15.58,,33.36
2003-12-18,1.010,1.850,4.16,2.31,,,,,,16.16,,33.72
2003-12-19,0.980,1.820,4.15,2.33,,,,,,16.42,,32.81
2003-12-20,0.980,,,,,,,,,,,
2003-12-21,0.980,,,,,,,,,,,
2003-12-22,1.020,1.840,4.18,2.34,,,,,,16.94,,31.71
2003-12-23,1.000,1.960,4.28,2.32,,,,,,16.49,,32.03
2003-12-24,0.970,1.830,4.20,2.37,,,,,,16.66,,32.99
2003-12-25,0.970,,,,,,,,,,,
2003-12-26,0.970,1.820,4.17,2.35,,,,,,17.45,,
2003-12-27,0.970,,,,,,,,,,,
2003-12-28,0.970,,,,,,,,,,,
2003-12-29,0.980,1.860,4.24,2.38,,,,,,17.09,,32.51
2003-12-30,0.930,1.860,4.29,2.43,,,,,,17.68,,33.01
2003-12-31,0.940,1.840,4.27,2.43,,,,,,18.31,,32.51
2004-01-01,0.940,,,,186.300,194.600,79.671,5.7,130756,,,
2004-01-02,1.010,1.940,4.38,2.44,,,,,,18.22,,
2004-01-03,1.010,,,,,,,,,,,
2004-01-04,1.010,,,,,,,,,,,
2004-01-05,0.970,1.950,4.41,2.46,,,,,,17.49,,33.71
2004-01-06,0.920,1.840,4.29,2.45,,,,,,16.73,,33.54
2004-01-07,0.940,1.840,4.27,2.43,,,,,,15.50,,33.57
2004-01-08,0.990,1.850,4.27,2.42,,,,,,15.61,,34.27
2004-01-09,0.990,1.680,4.11,2.43,,,,,,16.75,,34.38
2004-01-10,0.990,,,,,,,,,,,
2004-01-11,0.990,,,,,,,,,,,
2004-01-12,1.000,1.680,4.11,2.43,,,,,,16.82,,34.92
2004-01-13,0.990,1.630,4.05,2.42,,,,,,18.04,,34.26
2004-01-14,1.010,1.650,4.01,2.36,,,,,,16.75,,34.62
2004-01-15,1.040,1.670,3.99,2.32,,,,,,15.56,,33.61
2004-01-16,0.980,1.700,4.04,2.34,,,,,,15.00,,35.16
2004-01-17,0.980,,,,,,,,,,,
2004-01-18,0.980,,,,,,,,,,,
2004-01-19,0.980,,,,,,,,,,,
2004-01-20,1.020,1.690,4.08,2.39,,,,,,15.21,,36.21
2004-01-21,1.000,1.690,4.05,2.36,,,,,,14.34,,35.53
2004-01-22,1.020,1.660,3.99,2.33,,,,,,14.71,,35.12
2004-01-23,1.000,1.710,4.09,2.38,,,,,,14.84,,34.94
2004-01-24,1.000,,,,,,,,,,,
2004-01-25,1.000,,,,,,,,,,,
2004-01-26,1.080,1.750,4.16,2.41,,,,,,14.55,,34.41
2004-01-27,1.020,1.700,4.11,2.41,,,,,,15.35,,33.99
2004-01-28,0.990,1.870,4.22,2.35,,,,,,16.78,,33.63
2004-01-29,1.000,1.880,4.22,2.34,,,,,,17.14,,32.86
2004-01-30,1.030,1.840,4.16,2.32,,,,,,16.63,,33.16
2004-01-31,1.030,,,,,,,,,,,
2004-02-01,1.030,,,,186.700,194.9,79.8,5.6,130821,,,
2004-02-02,1.010,1.830,4.18,2.35,,,,,,17.11,,34.02
2004-02-03,0.970,1.780,4.13,2.35,,,,,,17.34,,34.20
2004-02-04,1.000,1.800,4.15,2.35,,,,,,17.87,,33.06
2004-02-05,1.010,1.850,4.20,2.35,,,,,,17.71,,33.26
2004-02-06,0.990,1.770,4.12,2.35,,,,,,16.00,,32.49
2004-02-07,0.990,,,,,,,,,,,
2004-02-08,0.990,,,,,,,,,,,
2004-02-09,1.010,1.760,4.09,2.33,,,,,,16.39,,32.91
2004-02-10,1.000,1.820,4.13,2.31,,,,,,15.94,,34.03
2004-02-11,1.000,1.730,4.05,2.32,,,,,,15.39,,33.93
2004-02-12,1.020,1.750,4.10,2.35,,,,,,15.31,,34.03
2004-02-13,1.010,1.700,4.05,2.35,,,,,,15.58,,34.51
2004-02-14,1.010,,,,,,,,,,,
2004-02-15,1.010,,,,,,,,,,,
2004-02-16,1.010,,,,,,,,,,,
2004-02-17,1.020,1.700,4.05,2.35,,,,,,15.40,,35.13
2004-02-18,1.000,1.720,4.05,2.33,,,,,,15.59,,35.42
2004-02-19,1.000,1.700,4.05,2.35,,,,,,15.80,,35.81
2004-02-20,0.990,1.750,4.10,2.35,,,,,,16.04,,35.80
2004-02-21,0.990,,,,,,,,,,,
2004-02-22,0.990,,,,,,,,,,,
2004-02-23,1.000,1.690,4.05,2.36,,,,,,16.29,,35.75
2004-02-24,0.990,1.690,4.04,2.35,,,,,,15.90,,35.85
2004-02-25,1.020,1.670,4.02,2.35,,,,,,14.93,,37.28
2004-02-26,1.030,1.690,4.05,2.36,,,,,,14.83,,35.45
2004-02-27,1.040,1.660,3.99,2.33,,,,,,14.55,,36.08
2004-02-28,1.040,,,,,,,,,,,
2004-02-29,1.040,,,,,,,,,,,
2004-03-01,1.040,1.670,4.00,2.33,187.100,195.5,79.934,5.8,131140,14.44,,36.85
2004-03-02,1.000,1.740,4.05,2.31,,,,,,14.86,,36.60
2004-03-03,1.000,1.740,4.07,2.33,,,,,,14.55,,35.80
2004-03-04,0.990,1.730,4.04,2.31,,,,,,14.40,,36.81
2004-03-05,1.000,1.570,3.85,2.28,,,,,,14.48,,37.31
2004-03-06,1.000,,,,,,,,,,,
2004-03-07,1.000,,,,,,,,,,,
2004-03-08,1.000,1.520,3.78,2.26,,,,,,15.79,,36.53
2004-03-09,0.990,1.510,3.73,2.22,,,,,,16.60,,36.29
2004-03-10,1.000,1.540,3.74,2.20,,,,,,18.67,,36.21
2004-03-11,1.010,1.520,3.74,2.22,,,,,,20.67,,36.95
2004-03-12,0.990,1.540,3.78,2.24,,,,,,18.30,,36.21
2004-03-13,0.990,,,,,,,,,,,
2004-03-14,0.990,,,,,,,,,,,
2004-03-15,1.050,1.560,3.78,2.22,,,,,,21.13,,37.44
2004-03-16,0.990,1.510,3.70,2.19,,,,,,20.34,,37.36
2004-03-17,1.000,1.530,3.71,2.18,,,,,,18.11,,38.21
2004-03-18,1.000,1.550,3.76,2.21,,,,,,18.53,,37.81
2004-03-19,0.990,1.560,3.80,2.24,,,,,,19.15,,38.09
2004-03-20,0.990,,,,,,,,,,,
2004-03-21,0.990,,,,,,,,,,,
2004-03-22,1.010,1.520,3.74,2.22,,,,,,21.58,,37.12
2004-03-23,0.990,1.520,3.73,2.21,,,,,,20.67,,37.81
2004-03-24,0.990,1.500,3.73,2.23,,,,,,19.81,,37.06
2004-03-25,1.020,1.510,3.75,2.24,,,,,,17.88,,35.67
2004-03-26,1.000,1.590,3.85,2.26,,,,,,17.33,,35.61
2004-03-27,1.000,,,,,,,,,,,
2004-03-28,1.000,,,,,,,,,,,
2004-03-29,1.000,1.630,3.91,2.28,,,,,,16.50,,35.41
2004-03-30,0.980,1.630,3.91,2.28,,,,,,16.28,,36.15
2004-03-31,1.050,1.600,3.86,2.26,,,,,,16.74,,35.75
2004-04-01,1.030,1.650,3.91,2.26,187.400,195.9,80.142,5.6,131412,16.65,,34.47
2004-04-02,1.000,1.860,4.15,2.29,,,,,,15.64,,34.39
2004-04-03,1.000,,,,,,,,,,,
2004-04-04,1.000,,,,,,,,,,,
2004-04-05,1.010,1.910,4.24,2.33,,,,,,14.97,,34.29
2004-04-06,1.000,1.860,4.19,2.33,,,,,,15.32,,35.09
2004-04-07,1.000,1.870,4.19,2.32,,,,,,15.76,,36.28
2004-04-08,1.020,1.880,4.21,2.33,,,,,,16.26,,37.14
2004-04-09,1.010,,,,,,,,,,,
2004-04-10,1.010,,,,,,,,,,,
2004-04-11,1.010,,,,,,,,,,,
2004-04-12,1.000,1.910,4.25,2.34,,,,,,15.28,,37.79
2004-04-13,1.000,2.010,4.35,2.34,,,,,,17.26,,37.09
2004-04-14,1.010,2.130,4.40,2.27,,,,,,15.62,,36.62
2004-04-15,1.030,2.100,4.42,2.32,,,,,,15.74,,37.74
2004-04-16,0.990,2.030,4.37,2.34,,,,,,14.94,,37.70
2004-04-17,0.990,,,,,,,,,,,
2004-04-18,0.990,,,,,,,,,,,
2004-04-19,1.000,2.070,4.39,2.32,,,,,,15.42,,37.46
2004-04-20,0.990,2.110,4.43,2.32,,,,,,16.67,,37.61
2004-04-21,0.990,2.220,4.45,2.23,,,,,,15.60,,36.61
2004-04-22,1.000,2.150,4.40,2.25,,,,,,14.61,,37.70
2004-04-23,0.990,2.290,4.48,2.19,,,,,,14.01,,37.22
2004-04-24,0.990,,,,,,,,,,,
2004-04-25,0.990,,,,,,,,,,,
2004-04-26,1.010,2.280,4.46,2.18,,,,,,14.77,,37.02
2004-04-27,0.990,2.210,4.43,2.22,,,,,,15.07,,37.49
2004-04-28,1.010,2.300,4.50,2.20,,,,,,16.29,,37.23
2004-04-29,1.030,2.340,4.55,2.21,,,,,,16.60,,37.50
2004-04-30,1.030,2.310,4.53,2.22,,,,,,17.19,,37.31
2004-05-01,1.030,,,,188.200,196.2,80.252,5.6,131697,,,
2004-05-02,1.030,,,,,,,,,,,
2004-05-03,1.030,2.340,4.53,2.19,,,,,,16.62,,38.26
2004-05-04,1.000,2.320,4.56,2.24,,,,,,16.55,,38.86
2004-05-05,0.990,2.340,4.61,2.27,,,,,,15.77,,39.69
2004-05-06,1.000,2.390,4.63,2.24,,,,,,17.05,,39.41
2004-05-07,0.990,2.640,4.79,2.15,,,,,,18.13,,39.98
2004-05-08,0.990,,,,,,,,,,,
2004-05-09,0.990,,,,,,,,,,,
2004-05-10,1.000,2.610,4.81,2.20,,,,,,19.77,,38.90
2004-05-11,0.960,2.610,4.79,2.18,,,,,,18.57,,40.30
2004-05-12,0.980,2.620,4.83,2.21,,,,,,18.14,,40.30
2004-05-13,1.000,2.670,4.85,2.18,,,,,,18.86,,40.94
2004-05-14,1.020,2.590,4.79,2.20,,,,,,18.47,,41.42
2004-05-15,1.020,,,,,,,,,,,
2004-05-16,1.020,,,,,,,,,,,
2004-05-17,1.050,2.510,4.70,2.19,,,,,,19.96,,41.53
2004-05-18,1.000,2.580,4.74,2.16,,,,,,19.33,,40.32
2004-05-19,1.000,2.610,4.79,2.18,,,,,,18.93,,41.61
2004-05-20,1.000,2.550,4.72,2.17,,,,,,18.67,,40.92
2004-05-21,0.990,2.600,4.76,2.16,,,,,,18.49,,39.83
2004-05-22,0.990,,,,,,,,,,,
2004-05-23,0.990,,,,,,,,,,,
2004-05-24,1.000,2.590,4.75,2.16,,,,,,18.08,,42.03
2004-05-25,1.000,2.580,4.73,2.15,,,,,,15.96,,41.45
2004-05-26,0.990,2.520,4.67,2.15,,,,,,15.97,,40.60
2004-05-27,1.000,2.460,4.60,2.14,,,,,,15.28,,39.25
2004-05-28,1.020,2.540,4.66,2.12,,,,,,15.50,,39.90
2004-05-29,1.020,,,,,,,,,,,
2004-05-30,1.020,,,,,,,,,,,
2004-05-31,1.020,,,,,,,,,,,
2004-06-01,1.020,2.600,4.71,2.11,188.900,196.600,80.379,5.6,131794,16.30,,42.33
2004-06-02,0.980,2.650,4.74,2.09,,,,,,16.08,,39.96
2004-06-03,0.990,2.630,4.71,2.08,,,,,,17.03,,39.29
2004-06-04,0.990,2.700,4.78,2.08,,,,,,16.78,,38.44
2004-06-05,0.990,,,,,,,,,,,
2004-06-06,0.990,,,,,,,,,,,
2004-06-07,0.990,2.670,4.78,2.11,,,,,,15.39,,38.72
2004-06-08,0.970,2.730,4.78,2.05,,,,,,15.01,,37.18
2004-06-09,0.990,2.790,4.82,2.03,,,,,,15.39,,37.60
2004-06-10,1.000,2.810,4.81,2.00,,,,,,15.04,,38.45
2004-06-11,1.000,,,,,,,,,15.04,,
2004-06-12,1.000,,,,,,,,,,,
2004-06-13,1.000,,,,,,,,,,,
2004-06-14,1.020,2.970,4.89,1.92,,,,,,16.07,,37.58
2004-06-15,1.030,2.770,4.69,1.92,,,,,,15.05,,37.18
2004-06-16,1.000,2.840,4.74,1.90,,,,,,14.79,,37.33
2004-06-17,1.010,2.810,4.71,1.90,,,,,,15.15,,38.51
2004-06-18,1.000,2.810,4.72,1.91,,,,,,14.99,,38.68
2004-06-19,1.000,,,,,,,,,,,
2004-06-20,1.000,,,,,,,,,,,
2004-06-21,1.000,2.800,4.70,1.90,,,,,,15.26,,37.69
2004-06-22,1.000,2.800,4.72,1.92,,,,,,14.31,,38.11
2004-06-23,1.020,2.780,4.71,1.93,,,,,,13.98,,37.56
2004-06-24,1.030,2.740,4.66,1.92,,,,,,14.81,,37.81
2004-06-25,1.050,2.740,4.66,1.92,,,,,,15.19,,37.34
2004-06-26,1.050,,,,,,,,,,,
2004-06-27,1.050,,,,,,,,,,,
2004-06-28,1.090,2.860,4.76,1.90,,,,,,16.07,,36.25
2004-06-29,1.130,2.830,4.70,1.87,,,,,,15.47,,35.60
2004-06-30,1.380,2.700,4.62,1.92,,,,,,14.34,,36.92
2004-07-01,1.400,2.640,4.57,1.93,189.100,196.8,80.474,5.5,131854,15.20,,38.56
2004-07-02,1.250,2.540,4.48,1.94,,,,,,15.08,,38.37
2004-07-03,1.250,,,,,,,,,,,
2004-07-04,1.250,,,,,,,,,,,
2004-07-05,1.250,,,,,,,,,,,
2004-07-06,1.300,2.560,4.49,1.93,,,,,,16.25,,39.56
2004-07-07,1.260,2.560,4.50,1.94,,,,,,15.81,,39.18
2004-07-08,1.260,2.550,4.49,1.94,,,,,,16.20,,40.27
2004-07-09,1.240,2.550,4.49,1.94,,,,,,15.78,,39.90
2004-07-10,1.240,,,,,,,,,,,
2004-07-11,1.240,,,,,,,,,,,
2004-07-12,1.260,2.530,4.46,1.93,,,,,,14.96,,39.30
2004-07-13,1.240,2.580,4.50,1.92,,,,,,14.46,,39.55
2004-07-14,1.240,2.620,4.50,1.88,,,,,,13.76,,40.98
2004-07-15,1.300,2.640,4.50,1.86,,,,,,14.71,,40.70
2004-07-16,1.240,2.540,4.38,1.84,,,,,,14.34,,41.10
2004-07-17,1.240,,,,,,,,,,,
2004-07-18,1.240,,,,,,,,,,,
2004-07-19,1.250,2.560,4.38,1.82,,,,,,15.17,,41.55
2004-07-20,1.250,2.670,4.47,1.80,,,,,,14.17,,40.86
2004-07-21,1.250,2.710,4.50,1.79,,,,,,16.41,,40.63
2004-07-22,1.260,2.690,4.48,1.79,,,,,,15.75,,41.51
2004-07-23,1.250,2.690,4.45,1.76,,,,,,16.50,,41.82
2004-07-24,1.250,,,,,,,,,,,
2004-07-25,1.250,,,,,,,,,,,
2004-07-26,1.270,2.750,4.49,1.74,,,,,,17.30,,41.45
2004-07-27,1.270,2.820,4.62,1.80,,,,,,16.55,,41.83
2004-07-28,1.290,2.780,4.61,1.83,,,,,,16.15,,42.81
2004-07-29,1.300,2.750,4.60,1.85,,,,,,15.68,,42.69
2004-07-30,1.290,2.680,4.50,1.82,,,,,,15.32,,43.72
2004-07-31,1.290,,,,,,,,,,,
2004-08-01,1.290,,,,189.200,196.9,80.505,5.4,131939,,,
2004-08-02,1.280,2.660,4.48,1.82,,,,,,15.37,,43.83
2004-08-03,1.240,2.660,4.45,1.79,,,,,,16.03,,44.13
2004-08-04,1.220,2.660,4.45,1.79,,,,,,16.21,,42.73
2004-08-05,1.300,2.640,4.43,1.79,,,,,,18.32,,44.39
2004-08-06,1.320,2.400,4.24,1.84,,,,,,19.34,,43.95
2004-08-07,1.320,,,,,,,,,,,
2004-08-08,1.320,,,,,,,,,,,
2004-08-09,1.350,2.450,4.28,1.83,,,,,,18.89,,44.86
2004-08-10,1.430,2.550,4.32,1.77,,,,,,17.47,,44.51
2004-08-11,1.500,2.540,4.30,1.76,,,,,,18.04,,44.72
2004-08-12,1.510,2.520,4.27,1.75,,,,,,19.08,,45.52
2004-08-13,1.480,2.470,4.22,1.75,,,,,,17.98,,46.61
2004-08-14,1.480,,,,,,,,,,,
2004-08-15,1.480,,,,,,,,,,,
2004-08-16,1.430,2.510,4.26,1.75,,,,,,17.57,,46.02
2004-08-17,1.200,2.440,4.21,1.77,,,,,,17.02,,46.75
2004-08-18,1.390,2.440,4.23,1.79,,,,,,16.23,,47.36
2004-08-19,1.500,2.430,4.22,1.79,,,,,,16.96,,48.66
2004-08-20,1.500,2.460,4.24,1.78,,,,,,16.00,,47.60
2004-08-21,1.500,,,,,,,,,,,
2004-08-22,1.500,,,,,,,,,,,
2004-08-23,1.510,2.500,4.28,1.78,,,,,,15.88,,46.00
2004-08-24,1.510,2.500,4.28,1.78,,,,,,15.33,,45.68
2004-08-25,1.550,2.510,4.26,1.75,,,,,,14.98,,43.83
2004-08-26,1.550,2.480,4.22,1.74,,,,,,14.91,,43.06
2004-08-27,1.520,2.480,4.23,1.75,,,,,,14.71,,43.11
2004-08-28,1.520,,,,,,,,,,,
2004-08-29,1.520,,,,,,,,,,,
2004-08-30,1.540,2.470,4.19,1.72,,,,,,15.44,,42.32
2004-08-31,1.550,2.410,4.13,1.72,,,,,,15.29,,42.23
2004-09-01,1.530,2.410,4.13,1.72,189.800,197.5,80.656,5.4,132089,14.91,,43.89
2004-09-02,1.510,2.460,4.20,1.74,,,,,,14.28,,44.04
2004-09-03,1.480,2.610,4.30,1.69,,,,,,13.91,,43.94
2004-09-04,1.480,,,,,,,,,,,
2004-09-05,1.480,,,,,,,,,,,
2004-09-06,1.480,,,,,,,,,,,
2004-09-07,1.540,2.580,4.26,1.68,,,,,,14.07,,43.18
2004-09-08,1.510,2.500,4.18,1.68,,,,,,14.06,,42.77
2004-09-09,1.490,2.500,4.22,1.72,,,,,,14.01,,44.53
2004-09-10,1.480,2.500,4.19,1.69,,,,,,13.76,,42.84
2004-09-11,1.480,,,,,,,,,,,
2004-09-12,1.480,,,,,,,,,,,
2004-09-13,1.510,2.500,4.16,1.66,,,,,,13.17,,43.86
2004-09-14,1.400,2.470,4.15,1.68,,,,,,13.56,,44.62
2004-09-15,1.570,2.510,4.18,1.67,,,,,,14.64,,43.83
2004-09-16,1.610,2.440,4.08,1.64,,,,,,14.39,,44.03
2004-09-17,1.580,2.530,4.14,1.61,,,,,,14.03,,45.63
2004-09-18,1.580,,,,,,,,,,,
2004-09-19,1.580,,,,,,,,,,,
2004-09-20,1.640,2.460,4.07,1.61,,,,,,14.43,,46.33
2004-09-21,1.700,2.490,4.05,1.56,,,,,,13.66,,47.11
2004-09-22,1.780,2.500,4.00,1.50,,,,,,14.74,,48.41
2004-09-23,1.800,2.570,4.02,1.45,,,,,,14.80,,48.37
2004-09-24,1.760,2.620,4.04,1.42,,,,,,14.28,,48.86
2004-09-25,1.760,,,,,,,,,,,
2004-09-26,1.760,,,,,,,,,,,
2004-09-27,1.760,2.590,4.01,1.42,,,,,,14.62,,49.56
2004-09-28,1.720,2.550,4.02,1.47,,,,,,13.83,,49.76
2004-09-29,1.760,2.610,4.10,1.49,,,,,,13.21,,49.53
2004-09-30,1.940,2.630,4.14,1.51,,,,,,13.34,,49.56
2004-10-01,1.860,2.630,4.21,1.58,190.8,197.9,80.831,5.5,132429,12.75,,50.16
2004-10-02,1.860,,,,,,,,,,,
2004-10-03,1.860,,,,,,,,,,,
2004-10-04,1.770,2.650,4.19,1.54,,,,,,13.41,,49.85
2004-10-05,1.730,2.650,4.18,1.53,,,,,,13.95,,51.08
2004-10-06,1.740,2.700,4.23,1.53,,,,,,13.28,,51.98
2004-10-07,1.760,2.720,4.26,1.54,,,,,,14.50,,52.56
2004-10-08,1.710,2.610,4.15,1.54,,,,,,15.05,,53.40
2004-10-09,1.710,,,,,,,,,,,
2004-10-10,1.710,,,,,,,,,,,
2004-10-11,1.710,,,,,,,,,14.71,,53.65
2004-10-12,1.780,2.560,4.12,1.56,,,,,,15.05,,53.49
2004-10-13,1.730,2.530,4.09,1.56,,,,,,15.42,,53.86
2004-10-14,1.770,2.480,4.03,1.55,,,,,,16.43,,54.69
2004-10-15,1.790,2.530,4.07,1.54,,,,,,15.04,,54.89
2004-10-16,1.790,,,,,,,,,,,
2004-10-17,1.790,,,,,,,,,,,
2004-10-18,1.730,2.550,4.07,1.52,,,,,,14.71,,53.59
2004-10-19,1.720,2.570,4.07,1.50,,,,,,15.13,,53.28
2004-10-20,1.740,2.530,4.01,1.48,,,,,,14.85,,54.93
2004-10-21,1.760,2.570,4.01,1.44,,,,,,14.54,,54.51
2004-10-22,1.720,2.550,4.00,1.45,,,,,,15.28,,55.83
2004-10-23,1.720,,,,,,,,,,,
2004-10-24,1.720,,,,,,,,,,,
2004-10-25,1.760,2.540,3.99,1.45,,,,,,16.58,,55.52
2004-10-26,1.720,2.540,4.01,1.47,,,,,,16.39,,56.37
2004-10-27,1.770,2.630,4.11,1.48,,,,,,15.72,,52.52
2004-10-28,1.790,2.590,4.09,1.50,,,,,,15.39,,50.95
2004-10-29,1.790,2.560,4.05,1.49,,,,,,16.27,,51.78
2004-10-30,1.790,,,,,,,,,,,
2004-10-31,1.790,,,,,,,,,,,
2004-11-01,1.830,2.610,4.11,1.50,191.700,198.3,81.005,5.4,132503,16.27,,50.10
2004-11-02,1.740,2.600,4.10,1.50,,,,,,16.18,,49.60
2004-11-03,1.730,2.600,4.09,1.49,,,,,,14.04,,50.90
2004-11-04,1.770,2.630,4.10,1.47,,,,,,13.97,,48.80
2004-11-05,1.760,2.800,4.21,1.41,,,,,,13.84,,49.65
2004-11-06,1.760,,,,,,,,,,,
2004-11-07,1.760,,,,,,,,,,,
2004-11-08,1.800,2.800,4.22,1.42,,,,,,13.80,,49.10
2004-11-09,1.790,2.800,4.22,1.42,,,,,,13.61,,47.40
2004-11-10,1.920,2.820,4.25,1.43,,,,,,13.08,,48.70
2004-11-11,1.920,,,,,,,,,13.04,,47.50
2004-11-12,2.020,2.860,4.20,1.34,,,,,,13.33,,47.30
2004-11-13,2.020,,,,,,,,,,,
2004-11-14,2.020,,,,,,,,,,,
2004-11-15,2.060,2.890,4.20,1.31,,,,,,13.38,,46.95
2004-11-16,1.980,2.910,4.21,1.30,,,,,,13.21,,46.10
2004-11-17,1.990,2.850,4.14,1.29,,,,,,13.21,,46.85
2004-11-18,1.990,2.860,4.12,1.26,,,,,,12.98,,46.30
2004-11-19,1.990,2.950,4.20,1.25,,,,,,13.50,,48.90
2004-11-20,1.990,,,,,,,,,,,
2004-11-21,1.990,,,,,,,,,,,
2004-11-22,2.010,2.950,4.18,1.23,,,,,,12.97,,48.48
2004-11-23,2.000,2.980,4.19,1.21,,,,,,12.67,,48.74
2004-11-24,2.020,3.010,4.20,1.19,,,,,,12.72,,49.14
2004-11-25,2.020,,,,,,,,,,,
2004-11-26,2.010,3.030,4.24,1.21,,,,,,12.79,,
2004-11-27,2.010,,,,,,,,,,,
2004-11-28,2.010,,,,,,,,,,,
2004-11-29,2.030,3.070,4.34,1.27,,,,,,13.30,,49.71
2004-11-30,2.020,3.020,4.36,1.34,,,,,,13.24,,49.16
2004-12-01,2.040,3.010,4.38,1.37,191.700,198.600,81.109,5.4,132630,12.97,,45.56
2004-12-02,2.000,3.040,4.40,1.36,,,,,,12.98,,43.31
2004-12-03,1.980,2.940,4.27,1.33,,,,,,12.96,,42.56
2004-12-04,1.980,,,,,,,,,,,
2004-12-05,1.980,,,,,,,,,,,
2004-12-06,2.040,2.930,4.24,1.31,,,,,,13.19,,42.96
2004-12-07,1.990,2.950,4.23,1.28,,,,,,13.67,,41.51
2004-12-08,2.010,2.910,4.14,1.23,,,,,,13.19,,41.96
2004-12-09,2.050,2.930,4.19,1.26,,,,,,12.88,,42.41
2004-12-10,2.090,2.950,4.16,1.21,,,,,,12.76,,40.71
2004-12-11,2.090,,,,,,,,,,,
2004-12-12,2.090,,,,,,,,,,,
2004-12-13,2.180,2.980,4.16,1.18,,,,,,12.54,,41.06
2004-12-14,2.240,2.990,4.14,1.15,,,,,,12.73,,41.76
2004-12-15,2.310,2.970,4.09,1.12,,,,,,12.35,,44.21
2004-12-16,2.260,3.010,4.19,1.18,,,,,,12.27,,44.16
2004-12-17,2.230,3.030,4.21,1.18,,,,,,11.95,,46.31
2004-12-18,2.230,,,,,,,,,,,
2004-12-19,2.230,,,,,,,,,,,
2004-12-20,2.260,3.060,4.21,1.15,,,,,,11.83,,45.57
2004-12-21,2.240,3.050,4.18,1.13,,,,,,11.55,,45.76
2004-12-22,2.250,3.040,4.21,1.17,,,,,,11.45,,44.05
2004-12-23,2.340,3.020,4.23,1.21,,,,,,11.23,,42.19
2004-12-24,2.270,,,,,,,,,,,
2004-12-25,2.270,,,,,,,,,,,
2004-12-26,2.270,,,,,,,,,,,
2004-12-27,2.240,3.070,4.30,1.23,,,,,,12.14,,41.26
2004-12-28,2.240,3.080,4.31,1.23,,,,,,12.00,,41.78
2004-12-29,2.230,3.120,4.33,1.21,,,,,,11.62,,43.69
2004-12-30,2.240,3.100,4.27,1.17,,,,,,12.56,,43.36
2004-12-31,1.970,3.080,4.24,1.16,,,,,,13.29,,
2005-01-01,1.970,,,,191.600,199.0,81.401,5.3,132781,,,
2005-01-02,1.970,,,,,,,,,,,
2005-01-03,2.310,3.100,4.23,1.13,,,,,,14.08,,42.16
2005-01-04,2.250,3.200,4.29,1.09,,,,,,13.98,,43.96
2005-01-05,2.250,3.220,4.29,1.07,,,,,,14.09,,43.41
2005-01-06,2.250,3.180,4.29,1.11,,,,,,13.58,,45.51
2005-01-07,2.240,3.200,4.29,1.09,,,,,,13.49,,45.32
2005-01-08,2.240,,,,,,,,,,,
2005-01-09,2.240,,,,,,,,,,,
2005-01-10,2.260,3.230,4.29,1.06,,,,,,13.23,,45.31
2005-01-11,2.240,3.240,4.26,1.02,,,,,,13.19,,45.66
2005-01-12,2.250,3.220,4.25,1.03,,,,,,12.56,,46.46
2005-01-13,2.290,3.210,4.20,0.99,,,,,,12.84,,48.11
2005-01-14,2.290,3.240,4.23,0.99,,,,,,12.43,,48.41
2005-01-15,2.290,,,,,,,,,,,
2005-01-16,2.290,,,,,,,,,,,
2005-01-17,2.290,,,,,,,,,,,
2005-01-18,2.310,3.260,4.21,0.95,,,,,,12.47,,48.46
2005-01-19,2.190,3.260,4.20,0.94,,,,,,13.18,,47.61
2005-01-20,2.250,3.210,4.17,0.96,,,,,,13.83,,47.01
2005-01-21,2.260,3.160,4.16,1.00,,,,,,14.36,,48.31
2005-01-22,2.260,,,,,,,,,,,
2005-01-23,2.260,,,,,,,,,,,
2005-01-24,2.260,3.200,4.14,0.94,,,,,,14.65,,48.61
2005-01-25,2.290,3.230,4.20,0.97,,,,,,14.06,,49.43
2005-01-26,2.330,3.270,4.21,0.94,,,,,,13.44,,48.80
2005-01-27,2.390,3.280,4.22,0.94,,,,,,13.24,,48.80
2005-01-28,2.480,3.250,4.16,0.91,,,,,,13.24,,47.15
2005-01-29,2.480,,,,,,,,,,,
2005-01-30,2.480,,,,,,,,,,,
2005-01-31,2.500,3.290,4.14,0.85,,,,,,12.82,,48.25
2005-02-01,2.400,3.290,4.15,0.86,192.400,199.400,81.536,5.4,133034,12.03,,47.10
2005-02-02,2.290,3.320,4.15,0.83,,,,,,11.66,,46.65
2005-02-03,2.490,3.340,4.18,0.84,,,,,,11.79,,46.40
2005-02-04,2.510,3.290,4.09,0.80,,,,,,11.21,,46.45
2005-02-05,2.510,,,,,,,,,,,
2005-02-06,2.510,,,,,,,,,,,
2005-02-07,2.500,3.310,4.07,0.76,,,,,,11.73,,45.35
2005-02-08,2.480,3.330,4.05,0.72,,,,,,11.60,,45.40
2005-02-09,2.500,3.240,4.00,0.76,,,,,,12.00,,45.45
2005-02-10,2.510,3.290,4.07,0.78,,,,,,11.51,,47.05
2005-02-11,2.500,3.340,4.10,0.76,,,,,,11.43,,47.15
2005-02-12,2.500,,,,,,,,,,,
2005-02-13,2.500,,,,,,,,,,,
2005-02-14,2.510,3.380,4.08,0.70,,,,,,11.52,,47.50
2005-02-15,2.530,3.370,4.10,0.73,,,,,,11.27,,47.30
2005-02-16,2.480,3.410,4.16,0.75,,,,,,11.10,,48.35
2005-02-17,2.500,3.380,4.19,0.81,,,,,,11.77,,47.50
2005-02-18,2.510,3.450,4.27,0.82,,,,,,11.18,,48.45
2005-02-19,2.510,,,,,,,,,,,
2005-02-20,2.510,,,,,,,,,,,
2005-02-21,2.510,,,,,,,,,,,
2005-02-22,2.570,3.460,4.29,0.83,,,,,,13.14,,51.00
2005-02-23,2.530,3.460,4.27,0.81,,,,,,12.39,,51.73
2005-02-24,2.550,3.520,4.29,0.77,,,,,,11.57,,52.05
2005-02-25,2.540,3.540,4.27,0.73,,,,,,11.49,,52.20
2005-02-26,2.540,,,,,,,,,,,
2005-02-27,2.540,,,,,,,,,,,
2005-02-28,2.520,3.590,4.36,0.77,,,,,,12.08,,51.75
2005-03-01,2.390,3.590,4.38,0.79,193.100,200.100,81.737,5.2,133154,12.04,,51.67
2005-03-02,2.480,3.570,4.38,0.81,,,,,,12.50,,53.00
2005-03-03,2.510,3.590,4.39,0.80,,,,,,12.93,,53.60
2005-03-04,2.500,3.570,4.32,0.75,,,,,,11.94,,53.70
2005-03-05,2.500,,,,,,,,,,,
2005-03-06,2.500,,,,,,,,,,,
2005-03-07,2.510,3.610,4.31,0.70,,,,,,12.26,,53.90
2005-03-08,2.490,3.620,4.38,0.76,,,,,,12.40,,54.55
2005-03-09,2.500,3.660,4.52,0.86,,,,,,12.70,,54.75
2005-03-10,2.520,3.680,4.48,0.80,,,,,,12.49,,53.52
2005-03-11,2.510,3.730,4.56,0.83,,,,,,12.80,,54.40
2005-03-12,2.510,,,,,,,,,,,
2005-03-13,2.510,,,,,,,,,,,
2005-03-14,2.590,3.750,4.52,0.77,,,,,,12.39,,54.90
2005-03-15,2.610,3.750,4.54,0.79,,,,,,13.15,,55.05
2005-03-16,2.570,3.720,4.52,0.80,,,,,,13.49,,56.50
2005-03-17,2.680,3.700,4.47,0.77,,,,,,13.29,,56.40
2005-03-18,2.700,3.720,4.51,0.79,,,,,,13.14,,56.80
2005-03-19,2.700,,,,,,,,,,,
2005-03-20,2.700,,,,,,,,,,,
2005-03-21,2.710,3.720,4.53,0.81,,,,,,13.61,,56.70
2005-03-22,2.720,3.860,4.63,0.77,,,,,,14.27,,55.95
2005-03-23,2.730,3.840,4.61,0.77,,,,,,14.06,,49.43
2005-03-24,2.750,3.880,4.60,0.72,,,,,,13.42,,49.70
2005-03-25,2.800,,,,,,,,,,,
2005-03-26,2.800,,,,,,,,,,,
2005-03-27,2.800,,,,,,,,,,,
2005-03-28,2.790,3.900,4.64,0.74,,,,,,13.75,,54.06
2005-03-29,2.720,3.870,4.60,0.73,,,,,,14.49,,54.26
2005-03-30,2.740,3.860,4.56,0.70,,,,,,13.64,,53.96
2005-03-31,2.960,3.800,4.50,0.70,,,,,,14.02,,55.31
2005-04-01,2.830,3.750,4.46,0.71,193.700,200.200,81.831,5.2,133520,14.09,,57.26
2005-04-02,2.830,,,,,,,,,,,
2005-04-03,2.830,,,,,,,,,,,
2005-04-04,2.780,3.740,4.47,0.73,,,,,,14.11,,56.86
2005-04-05,2.720,3.750,4.48,0.73,,,,,,13.68,,55.83
2005-04-06,2.730,3.700,4.44,0.74,,,,,,13.15,,55.88
2005-04-07,2.760,3.720,4.49,0.77,,,,,,12.33,,54.16
2005-04-08,2.750,3.770,4.50,0.73,,,,,,12.62,,53.46
2005-04-09,2.750,,,,,,,,,,,
2005-04-10,2.750,,,,,,,,,,,
2005-04-11,2.780,3.750,4.45,0.70,,,,,,11.98,,53.71
2005-04-12,2.770,3.710,4.38,0.67,,,,,,11.30,,51.54
2005-04-13,2.760,3.660,4.38,0.72,,,,,,13.31,,50.21
2005-04-14,2.790,3.600,4.37,0.77,,,,,,14.53,,51.11
2005-04-15,2.820,3.540,4.27,0.73,,,,,,17.74,,50.61
2005-04-16,2.820,,,,,,,,,,,
2005-04-17,2.820,,,,,,,,,,,
2005-04-18,2.750,3.550,4.27,0.72,,,,,,16.56,,50.52
2005-04-19,2.740,3.500,4.21,0.71,,,,,,14.96,,52.33
2005-04-20,2.740,3.520,4.22,0.70,,,,,,16.92,,52.45
2005-04-21,2.750,3.650,4.32,0.67,,,,,,14.41,,52.49
2005-04-22,2.740,3.620,4.26,0.64,,,,,,15.38,,54.16
2005-04-23,2.740,,,,,,,,,,,
2005-04-24,2.740,,,,,,,,,,,
2005-04-25,2.820,3.640,4.26,0.62,,,,,,14.62,,53.16
2005-04-26,2.780,3.670,4.28,0.61,,,,,,14.91,,54.33
2005-04-27,2.630,3.640,4.25,0.61,,,,,,14.87,,51.37
2005-04-28,2.890,3.590,4.19,0.60,,,,,,16.86,,51.92
2005-04-29,2.970,3.660,4.21,0.55,,,,,,15.31,,49.20
2005-04-30,2.970,,,,,,,,,,,
2005-05-01,2.970,,,,193.600,200.5,81.999,5.1,133689,,,
2005-05-02,2.980,3.640,4.21,0.57,,,,,,15.12,,50.94
2005-05-03,2.950,3.680,4.21,0.53,,,,,,14.53,,49.60
2005-05-04,2.990,3.630,4.20,0.57,,,,,,13.85,,50.22
2005-05-05,2.990,3.580,4.19,0.61,,,,,,13.98,,51.12
2005-05-06,2.980,3.730,4.28,0.55,,,,,,14.05,,51.30
2005-05-07,2.980,,,,,,,,,,,
2005-05-08,2.980,,,,,,,,,,,
2005-05-09,2.990,3.760,4.29,0.53,,,,,,13.75,,52.04
2005-05-10,2.990,3.690,4.23,0.54,,,,,,14.91,,51.76
2005-05-11,2.990,3.680,4.21,0.53,,,,,,14.45,,50.39
2005-05-12,3.010,3.660,4.18,0.52,,,,,,16.12,,48.83
2005-05-13,3.010,3.610,4.12,0.51,,,,,,16.32,,48.65
2005-05-14,3.010,,,,,,,,,,,
2005-05-15,3.010,,,,,,,,,,,
2005-05-16,3.060,3.610,4.13,0.52,,,,,,15.68,,48.64
2005-05-17,2.990,3.610,4.12,0.51,,,,,,14.57,,48.97
2005-05-18,3.000,3.560,4.07,0.51,,,,,,13.63,,46.99
2005-05-19,3.020,3.640,4.11,0.47,,,,,,13.32,,47.00
2005-05-20,3.010,3.690,4.13,0.44,,,,,,13.14,,47.25
2005-05-21,3.010,,,,,,,,,,,
2005-05-22,3.010,,,,,,,,,,,
2005-05-23,3.010,3.650,4.07,0.42,,,,,,12.95,,48.68
2005-05-24,2.990,3.610,4.04,0.43,,,,,,12.69,,49.14
2005-05-25,3.010,3.610,4.08,0.47,,,,,,12.58,,50.37
2005-05-26,3.010,3.640,4.08,0.44,,,,,,12.24,,50.89
2005-05-27,3.010,3.640,4.08,0.44,,,,,,12.15,,51.65
2005-05-28,3.010,,,,,,,,,,,
2005-05-29,3.010,,,,,,,,,,,
2005-05-30,3.010,,,,,,,,,,,
2005-05-31,3.090,3.600,4.00,0.40,,,,,,13.29,,52.08
2005-06-01,3.020,3.500,3.91,0.41,193.700,200.6,82.056,5.0,133948,12.36,,54.40
2005-06-02,3.000,3.520,3.89,0.37,,,,,,11.84,,53.46
2005-06-03,2.990,3.570,3.98,0.41,,,,,,12.15,,55.08
2005-06-04,2.990,,,,,,,,,,,
2005-06-05,2.990,,,,,,,,,,,
2005-06-06,3.000,3.590,3.96,0.37,,,,,,12.28,,54.46
2005-06-07,2.960,3.570,3.92,0.35,,,,,,12.39,,53.84
2005-06-08,2.960,3.600,3.95,0.35,,,,,,12.70,,52.51
2005-06-09,3.010,3.640,3.98,0.34,,,,,,12.08,,54.36
2005-06-10,3.010,3.710,4.05,0.34,,,,,,11.96,,53.55
2005-06-11,3.010,,,,,,,,,,,
2005-06-12,3.010,,,,,,,,,,,
2005-06-13,3.040,3.710,4.09,0.38,,,,,,11.65,,55.47
2005-06-14,3.010,3.710,4.13,0.42,,,,,,11.79,,55.03
2005-06-15,3.050,3.720,4.12,0.40,,,,,,11.46,,55.53
2005-06-16,3.000,3.700,4.09,0.39,,,,,,11.15,,56.48
2005-06-17,2.990,3.720,4.09,0.37,,,,,,11.48,,58.40
2005-06-18,2.990,,,,,,,,,,,
2005-06-19,2.990,,,,,,,,,,,
2005-06-20,3.010,3.720,4.11,0.39,,,,,,11.47,,59.19
2005-06-21,2.960,3.710,4.06,0.35,,,,,,11.08,,58.90
2005-06-22,2.930,3.620,3.95,0.33,,,,,,11.05,,58.27
2005-06-23,3.050,3.630,3.96,0.33,,,,,,12.13,,59.23
2005-06-24,3.070,3.590,3.92,0.33,,,,,,12.18,,59.63
2005-06-25,3.070,,,,,,,,,,,
2005-06-26,3.070,,,,,,,,,,,
2005-06-27,3.170,3.600,3.90,0.30,,,,,,12.52,,59.78
2005-06-28,3.170,3.650,3.97,0.32,,,,,,11.58,,58.32
2005-06-29,3.200,3.650,3.99,0.34,,,,,,11.77,,57.23
2005-06-30,3.350,3.660,3.94,0.28,,,,,,12.04,,56.63
2005-07-01,3.360,3.760,4.06,0.30,194.900,200.9,82.176,5.0,134300,11.40,,59.11
2005-07-02,3.360,,,,,,,,,,,
2005-07-03,3.360,,,,,,,,,,,
2005-07-04,3.360,,,,,,,,,,,
2005-07-05,3.270,3.790,4.11,0.32,,,,,,11.68,,59.71
2005-07-06,2.990,3.770,4.08,0.31,,,,,,12.27,,61.24
2005-07-07,3.180,3.710,4.05,0.34,,,,,,12.49,,60.76
2005-07-08,3.220,3.780,4.11,0.33,,,,,,11.45,,59.71
2005-07-09,3.220,,,,,,,,,,,
2005-07-10,3.220,,,,,,,,,,,
2005-07-11,3.230,3.810,4.11,0.30,,,,,,11.28,,59.23
2005-07-12,3.230,3.820,4.15,0.33,,,,,,10.95,,60.49
2005-07-13,3.270,3.840,4.17,0.33,,,,,,10.84,,60.00
2005-07-14,3.320,3.860,4.19,0.33,,,,,,10.81,,57.83
2005-07-15,3.320,3.860,4.18,0.32,,,,,,10.33,,58.36
2005-07-16,3.320,,,,,,,,,,,
2005-07-17,3.320,,,,,,,,,,,
2005-07-18,3.190,3.890,4.22,0.33,,,,,,10.77,,57.12
2005-07-19,3.130,3.880,4.20,0.32,,,,,,10.45,,57.61
2005-07-20,3.250,3.900,4.17,0.27,,,,,,10.23,,56.73
2005-07-21,3.270,3.960,4.28,0.32,,,,,,10.97,,57.31
2005-07-22,3.250,3.920,4.23,0.31,,,,,,10.52,,57.75
2005-07-23,3.250,,,,,,,,,,,
2005-07-24,3.250,,,,,,,,,,,
2005-07-25,3.280,3.950,4.25,0.30,,,,,,11.10,,58.16
2005-07-26,3.250,3.950,4.24,0.29,,,,,,10.99,,59.05
2005-07-27,3.270,3.990,4.27,0.28,,,,,,10.36,,59.12
2005-07-28,3.270,3.960,4.20,0.24,,,,,,10.52,,59.91
2005-07-29,3.310,4.020,4.28,0.26,,,,,,11.57,,60.71
2005-07-30,3.310,,,,,,,,,,,
2005-07-31,3.310,,,,,,,,,,,
2005-08-01,3.300,4.040,4.32,0.28,196.100,201.100,82.243,4.9,134502,12.08,,61.51
2005-08-02,3.200,4.060,4.34,0.28,,,,,,11.75,,61.87
2005-08-03,3.350,4.020,4.30,0.28,,,,,,11.83,,60.76
2005-08-04,3.440,4.040,4.32,0.28,,,,,,12.52,,61.60
2005-08-05,3.490,4.110,4.40,0.29,,,,,,12.48,,62.44
2005-08-06,3.490,,,,,,,,,,,
2005-08-07,3.490,,,,,,,,,,,
2005-08-08,3.500,4.160,4.42,0.26,,,,,,13.21,,63.92
2005-08-09,3.470,4.130,4.41,0.28,,,,,,12.40,,63.13
2005-08-10,3.480,4.130,4.40,0.27,,,,,,12.38,,64.80
2005-08-11,3.510,4.100,4.32,0.22,,,,,,12.42,,65.67
2005-08-12,3.550,4.050,4.24,0.19,,,,,,12.74,,66.71
2005-08-13,3.550,,,,,,,,,,,
2005-08-14,3.550,,,,,,,,,,,
2005-08-15,3.610,4.080,4.27,0.19,,,,,,12.26,,66.21
2005-08-16,3.460,4.030,4.23,0.20,,,,,,13.52,,66.11
2005-08-17,3.570,4.070,4.28,0.21,,,,,,13.30,,63.29
2005-08-18,3.500,4.010,4.21,0.20,,,,,,13.42,,63.47
2005-08-19,3.540,4.030,4.21,0.18,,,,,,13.42,,65.51
2005-08-20,3.540,,,,,,,,,,,
2005-08-21,3.540,,,,,,,,,,,
2005-08-22,3.510,4.030,4.22,0.19,,,,,,13.42,,65.46
2005-08-23,3.490,4.010,4.20,0.19,,,,,,13.34,,65.81
2005-08-24,3.500,3.990,4.19,0.20,,,,,,14.17,,67.10
2005-08-25,3.550,4.000,4.18,0.18,,,,,,13.73,,67.29
2005-08-26,3.540,4.060,4.20,0.14,,,,,,13.72,,66.05
2005-08-27,3.540,,,,,,,,,,,
2005-08-28,3.540,,,,,,,,,,,
2005-08-29,3.540,4.060,4.20,0.14,,,,,,13.52,,67.41
2005-08-30,3.520,3.970,4.16,0.19,,,,,,13.65,,69.91
2005-08-31,3.630,3.840,4.02,0.18,,,,,,12.60,,68.63
2005-09-01,3.570,3.720,4.02,0.30,198.800,201.300,82.425,5.0,134552,13.15,,69.50
2005-09-02,3.490,3.750,4.03,0.28,,,,,,13.57,,66.91
2005-09-03,3.490,,,,,,,,,,,
2005-09-04,3.490,,,,,,,,,,,
2005-09-05,3.490,,,,,,,,,,,
2005-09-06,3.570,3.800,4.09,0.29,,,,,,12.93,,65.83
2005-09-07,3.480,3.870,4.15,0.28,,,,,,12.52,,64.38
2005-09-08,3.490,3.870,4.15,0.28,,,,,,12.93,,64.80
2005-09-09,3.490,3.880,4.14,0.26,,,,,,11.98,,64.21
2005-09-10,3.490,,,,,,,,,,,
2005-09-11,3.490,,,,,,,,,,,
2005-09-12,3.500,3.920,4.18,0.26,,,,,,11.65,,63.29
2005-09-13,3.450,3.880,4.14,0.26,,,,,,12.39,,63.18
2005-09-14,3.540,3.900,4.17,0.27,,,,,,12.91,,65.20
2005-09-15,3.670,3.900,4.22,0.32,,,,,,12.49,,64.64
2005-09-16,3.620,3.970,4.26,0.29,,,,,,11.22,,62.91
2005-09-17,3.620,,,,,,,,,,,
2005-09-18,3.620,,,,,,,,,,,
2005-09-19,3.620,3.930,4.25,0.32,,,,,,12.14,,67.21
2005-09-20,3.670,4.000,4.26,0.26,,,,,,12.64,,66.24
2005-09-21,3.720,3.960,4.19,0.23,,,,,,13.79,,66.96
2005-09-22,3.770,3.950,4.19,0.24,,,,,,13.33,,67.07
2005-09-23,3.760,4.020,4.25,0.23,,,,,,12.96,,64.67
2005-09-24,3.760,,,,,,,,,,,
2005-09-25,3.760,,,,,,,,,,,
2005-09-26,3.830,4.070,4.30,0.23,,,,,,13.04,,65.98
2005-09-27,3.730,4.080,4.30,0.22,,,,,,12.76,,64.94
2005-09-28,3.760,4.090,4.26,0.17,,,,,,12.63,,66.36
2005-09-29,3.820,4.130,4.29,0.16,,,,,,12.24,,66.83
2005-09-30,3.930,4.180,4.34,0.16,,,,,,11.92,,66.21
2005-10-01,3.930,,,,199.100,202.0,82.662,5.0,134641,,,
2005-10-02,3.930,,,,,,,,,,,
2005-10-03,3.870,4.210,4.39,0.18,,,,,,12.46,,65.36
2005-10-04,3.750,4.220,4.38,0.16,,,,,,13.20,,63.74
2005-10-05,3.750,4.210,4.36,0.15,,,,,,14.55,,62.56
2005-10-06,3.760,4.200,4.37,0.17,,,,,,14.96,,61.81
2005-10-07,3.730,4.180,4.35,0.17,,,,,,14.59,,61.81
2005-10-08,3.730,,,,,,,,,,,
2005-10-09,3.730,,,,,,,,,,,
2005-10-10,3.730,,,,,,,,,15.55,,60.71
2005-10-11,3.720,4.220,4.39,0.17,,,,,,15.63,,63.84
2005-10-12,3.360,4.240,4.45,0.21,,,,,,16.22,,64.13
2005-10-13,3.750,4.240,4.48,0.24,,,,,,16.47,,63.05
2005-10-14,3.770,4.270,4.48,0.21,,,,,,14.87,,62.61
2005-10-15,3.770,,,,,,,,,,,
2005-10-16,3.770,,,,,,,,,,,
2005-10-17,3.820,4.290,4.50,0.21,,,,,,14.67,,64.26
2005-10-18,3.710,4.270,4.49,0.22,,,,,,15.33,,62.94
2005-10-19,3.710,4.250,4.47,0.22,,,,,,13.50,,62.11
2005-10-20,3.770,4.270,4.46,0.19,,,,,,16.11,,61.04
2005-10-21,3.760,4.220,4.39,0.17,,,,,,16.13,,61.05
2005-10-22,3.760,,,,,,,,,,,
2005-10-23,3.760,,,,,,,,,,,
2005-10-24,3.760,4.250,4.45,0.20,,,,,,14.74,,60.63
2005-10-25,3.740,4.340,4.54,0.20,,,,,,14.53,,62.83
2005-10-26,3.750,4.380,4.60,0.22,,,,,,14.59,,60.85
2005-10-27,3.850,4.360,4.57,0.21,,,,,,16.02,,61.03
2005-10-28,3.900,4.400,4.58,0.18,,,,,,14.25,,61.30
2005-10-29,3.900,,,,,,,,,,,
2005-10-30,3.900,,,,,,,,,,,
2005-10-31,4.020,4.400,4.57,0.17,,,,,,15.32,,59.80
2005-11-01,3.990,4.420,4.58,0.16,198.100,202.5,82.873,5.0,134997,14.85,,59.85
2005-11-02,3.990,4.430,4.61,0.18,,,,,,13.48,,59.75
2005-11-03,4.010,4.470,4.65,0.18,,,,,,13.00,,61.70
2005-11-04,4.000,4.470,4.66,0.19,,,,,,13.17,,60.60
2005-11-05,4.000,,,,,,,,,,,
2005-11-06,4.000,,,,,,,,,,,
2005-11-07,3.990,4.470,4.65,0.18,,,,,,13.10,,59.40
2005-11-08,3.950,4.430,4.57,0.14,,,,,,13.08,,59.70
2005-11-09,4.020,4.490,4.64,0.15,,,,,,12.80,,59.65
2005-11-10,3.980,4.440,4.55,0.11,,,,,,11.90,,57.80
2005-11-11,3.980,,,,,,,,,11.63,,57.45
2005-11-12,3.980,,,,,,,,,,,
2005-11-13,3.980,,,,,,,,,,,
2005-11-14,4.030,4.500,4.61,0.11,,,,,,12.18,,57.60
2005-11-15,3.970,4.470,4.56,0.09,,,,,,12.23,,57.05
2005-11-16,3.960,4.420,4.49,0.07,,,,,,12.26,,57.85
2005-11-17,3.980,4.370,4.46,0.09,,,,,,11.25,,56.20
2005-11-18,4.000,4.400,4.50,0.10,,,,,,11.12,,56.30
2005-11-19,4.000,,,,,,,,,,,
2005-11-20,4.000,,,,,,,,,,,
2005-11-21,4.030,4.390,4.46,0.07,,,,,,10.82,,57.75
2005-11-22,3.990,4.320,4.43,0.11,,,,,,10.60,,58.30
2005-11-23,4.010,4.360,4.47,0.11,,,,,,10.96,,58.35
2005-11-24,4.010,,,,,,,,,,,
2005-11-25,4.030,4.330,4.43,0.10,,,,,,10.88,,
2005-11-26,4.030,,,,,,,,,,,
2005-11-27,4.030,,,,,,,,,,,
2005-11-28,4.01,4.33,4.41,0.08,,,,,,11.84,,57.36
2005-11-29,3.99,4.40,4.48,0.08,,,,,,11.89,,56.46
2005-11-30,4.03,4.42,4.49,0.07,,,,,,12.06,,57.33
2005-12-01,4.03,4.45,4.52,0.07,198.100,202.800,82.959,4.9,135159,11.24,,58.46
2005-12-02,4.00,4.43,4.52,0.09,,,,,,11.01,,59.31
2005-12-03,4.00,,,,,,,,,,,
2005-12-04,4.00,,,,,,,,,,,
2005-12-05,4.02,4.47,4.57,0.10,,,,,,11.60,,59.91
2005-12-06,3.97,4.42,4.49,0.07,,,,,,11.52,,59.96
2005-12-07,3.98,4.42,4.52,0.10,,,,,,12.18,,59.21
2005-12-08,4.09,4.37,4.47,0.10,,,,,,12.21,,60.66
2005-12-09,4.16,4.43,4.54,0.11,,,,,,11.69,,59.41
2005-12-10,4.16,,,,,,,,,,,
2005-12-11,4.16,,,,,,,,,,,
2005-12-12,4.24,4.45,4.56,0.11,,,,,,11.47,,61.36
2005-12-13,4.23,4.43,4.54,0.11,,,,,,11.11,,61.36
2005-12-14,4.26,4.37,4.45,0.08,,,,,,10.48,,60.86
2005-12-15,4.29,4.37,4.47,0.10,,,,,,10.73,,60.01
2005-12-16,4.25,4.37,4.45,0.08,,,,,,10.68,,58.01
2005-12-17,4.25,,,,,,,,,,,
2005-12-18,4.25,,,,,,,,,,,
2005-12-19,4.25,4.38,4.45,0.07,,,,,,11.38,,57.31
2005-12-20,4.30,4.42,4.47,0.05,,,,,,11.19,,57.81
2005-12-21,4.08,4.43,4.49,0.06,,,,,,10.81,,58.56
2005-12-22,4.25,4.40,4.44,0.04,,,,,,10.29,,58.08
2005-12-23,4.21,4.37,4.38,0.01,,,,,,10.27,,58.08
2005-12-24,4.21,,,,,,,,,,,
2005-12-25,4.21,,,,,,,,,,,
2005-12-26,4.21,,,,,,,,,,,
2005-12-27,4.26,4.35,4.34,-0.01,,,,,,11.57,,58.16
2005-12-28,4.19,4.37,4.38,0.01,,,,,,11.35,,59.81
2005-12-29,4.18,4.38,4.37,-0.01,,,,,,11.61,,60.26
2005-12-30,4.09,4.41,4.39,-0.02,,,,,,12.07,,61.06
2005-12-31,4.09,,,,,,,,,,,
2006-01-01,4.09,,,,199.300,203.2,83.145,4.7,135427,,,
2006-01-02,4.09,,,,,,,,,,101.4155,
2006-01-03,4.34,4.34,4.37,0.03,,,,,,11.14,100.7558,63.11
2006-01-04,4.22,4.31,4.36,0.05,,,,,,11.37,100.2288,63.41
2006-01-05,4.24,4.32,4.36,0.04,,,,,,11.31,100.2992,62.81
2006-01-06,4.22,4.36,4.38,0.02,,,,,,11.00,100.0241,64.21
2006-01-07,4.22,,,,,,,,,,,
2006-01-08,4.22,,,,,,,,,,,
2006-01-09,4.25,4.36,4.38,0.02,,,,,,11.13,100.1794,63.56
2006-01-10,4.24,4.41,4.43,0.02,,,,,,10.86,100.1436,63.41
2006-01-11,4.24,4.44,4.46,0.02,,,,,,10.94,99.871,63.91
2006-01-12,4.28,4.39,4.42,0.03,,,,,,11.20,100.0643,63.96
2006-01-13,4.30,4.34,4.36,0.02,,,,,,11.23,99.9675,63.86
2006-01-14,4.30,,,,,,,,,,,
2006-01-15,4.30,,,,,,,,,,,
2006-01-16,4.30,,,,,,,,,,99.9715,
2006-01-17,4.32,4.33,4.34,0.01,,,,,,11.91,100.2447,66.36
2006-01-18,4.24,4.33,4.34,0.01,,,,,,12.25,100.4085,65.76
2006-01-19,4.23,4.37,4.38,0.01,,,,,,11.98,100.1862,66.86
2006-01-20,4.24,4.37,4.37,0.00,,,,,,14.56,99.9017,68.16
2006-01-21,4.24,,,,,,,,,,,
2006-01-22,4.24,,,,,,,,,,,
2006-01-23,4.26,4.35,4.36,0.01,,,,,,13.93,99.3783,68.06
2006-01-24,4.28,4.37,4.40,0.03,,,,,,13.31,99.3434,66.83
2006-01-25,4.36,4.46,4.49,0.03,,,,,,12.87,99.348,65.60
2006-01-26,4.37,4.49,4.53,0.04,,,,,,12.42,99.4798,65.80
2006-01-27,4.42,4.51,4.52,0.01,,,,,,11.97,99.6433,67.81
2006-01-28,4.42,,,,,,,,,,,
2006-01-29,4.42,,,,,,,,,,,
2006-01-30,4.48,4.52,4.54,0.02,,,,,,12.39,99.7144,68.36
2006-01-31,4.47,4.54,4.53,-0.01,,,,,,12.95,99.4311,67.86
2006-02-01,4.47,4.59,4.57,-0.02,199.400,203.6,83.279,4.8,135733,12.36,99.6132,66.61
2006-02-02,4.48,4.59,4.57,-0.02,,,,,,13.23,99.7916,64.71
2006-02-03,4.51,4.59,4.54,-0.05,,,,,,12.96,100.118,65.41
2006-02-04,4.51,,,,,,,,,,,
2006-02-05,4.51,,,,,,,,,,,
2006-02-06,4.51,4.62,4.55,-0.07,,,,,,13.04,100.1372,65.11
2006-02-07,4.47,4.61,4.57,-0.04,,,,,,13.59,100.1759,63.01
2006-02-08,4.48,4.64,4.56,-0.08,,,,,,12.83,100.4879,62.51
2006-02-09,4.52,4.66,4.54,-0.12,,,,,,13.12,100.2117,62.66
2006-02-10,4.51,4.69,4.59,-0.10,,,,,,12.87,100.322,62.01
2006-02-11,4.51,,,,,,,,,,,
2006-02-12,4.51,,,,,,,,,,,
2006-02-13,4.44,4.68,4.58,-0.10,,,,,,13.35,100.3955,61.26
2006-02-14,4.45,4.69,4.62,-0.07,,,,,,12.25,100.3987,59.61
2006-02-15,4.50,4.71,4.61,-0.10,,,,,,12.31,100.4489,57.61
2006-02-16,4.48,4.69,4.59,-0.10,,,,,,11.48,100.5183,58.61
2006-02-17,4.48,4.66,4.54,-0.12,,,,,,12.01,100.3404,59.76
2006-02-18,4.48,,,,,,,,,,,
2006-02-19,4.48,,,,,,,,,,,
2006-02-20,4.48,,,,,,,,,,100.3447,
2006-02-21,4.54,4.71,4.57,-0.14,,,,,,12.41,100.2346,61.21
2006-02-22,4.49,4.68,4.53,-0.15,,,,,,11.88,100.3879,59.03
2006-02-23,4.47,4.72,4.56,-0.16,,,,,,11.87,100.1956,58.03
2006-02-24,4.48,4.74,4.58,-0.16,,,,,,11.46,100.2594,61.46
2006-02-25,4.48,,,,,,,,,,,
2006-02-26,4.48,,,,,,,,,,,
2006-02-27,4.52,4.74,4.59,-0.15,,,,,,11.59,100.0724,61.01
2006-02-28,4.52,4.69,4.55,-0.14,,,,,,12.34,99.7695,61.37
2006-03-01,4.52,4.71,4.59,-0.12,199.700,204.300,83.509,4.7,136038,11.54,99.8355,62.01
2006-03-02,4.50,4.72,4.64,-0.08,,,,,,11.72,99.5969,63.36
2006-03-03,4.51,4.76,4.68,-0.08,,,,,,11.96,99.7024,63.61
2006-03-04,4.51,,,,,,,,,,,
2006-03-05,4.51,,,,,,,,,,,
2006-03-06,4.51,4.77,4.74,-0.03,,,,,,12.74,99.9834,62.46
2006-03-07,4.51,4.77,4.74,-0.03,,,,,,12.66,100.564,61.51
2006-03-08,4.51,4.72,4.73,0.01,,,,,,12.32,100.8565,60.06
2006-03-09,4.51,4.72,4.74,0.02,,,,,,12.68,100.7718,60.51
2006-03-10,4.51,4.74,4.76,0.02,,,,,,11.85,100.9566,59.91
2006-03-11,4.51,,,,,,,,,,,
2006-03-12,4.51,,,,,,,,,,,
2006-03-13,4.52,4.74,4.77,0.03,,,,,,11.37,100.8563,61.81
2006-03-14,4.51,4.66,4.71,0.05,,,,,,10.74,100.312,63.01
2006-03-15,4.47,4.69,4.73,0.04,,,,,,11.35,100.2121,62.11
2006-03-16,4.55,4.62,4.65,0.03,,,,,,11.98,99.9049,63.46
2006-03-17,4.60,4.65,4.68,0.03,,,,,,12.12,99.8614,62.81
2006-03-18,4.60,,,,,,,,,,,
2006-03-19,4.60,,,,,,,,,,,
2006-03-20,4.55,4.65,4.66,0.01,,,,,,11.79,100.0491,60.31
2006-03-21,4.54,4.72,4.71,-0.01,,,,,,11.62,100.4716,60.41
2006-03-22,4.58,4.74,4.70,-0.04,,,,,,11.21,100.496,60.03
2006-03-23,4.64,4.77,4.73,-0.04,,,,,,11.17,100.8256,62.13
2006-03-24,4.69,4.72,4.67,-0.05,,,,,,11.19,100.7773,63.90
2006-03-25,4.69,,,,,,,,,,,
2006-03-26,4.69,,,,,,,,,,,
2006-03-27,4.77,4.72,4.70,-0.02,,,,,,11.46,100.8359,63.75
2006-03-28,4.70,4.81,4.79,-0.02,,,,,,11.58,100.7995,65.65
2006-03-29,4.69,4.82,4.81,-0.01,,,,,,10.95,101.0474,66.00
2006-03-30,4.76,4.84,4.86,0.02,,,,,,11.57,100.5698,66.70
2006-03-31,5.00,4.82,4.86,0.04,,,,,,11.39,100.56,66.25
2006-04-01,5.00,,,,200.700,204.800,83.764,4.7,136210,,,
2006-04-02,5.00,,,,,,,,,,,
2006-04-03,4.87,4.86,4.88,0.02,,,,,,11.57,100.6204,66.07
2006-04-04,4.76,4.84,4.87,0.03,,,,,,11.14,100.1319,65.75
2006-04-05,4.76,4.81,4.84,0.03,,,,,,11.13,100.0792,66.76
2006-04-06,4.76,4.84,4.90,0.06,,,,,,11.45,100.1578,67.22
2006-04-07,4.76,4.89,4.97,0.08,,,,,,12.26,100.4187,67.02
2006-04-08,4.76,,,,,,,,,,,
2006-04-09,4.76,,,,,,,,,,,
2006-04-10,4.78,4.89,4.97,0.08,,,,,,12.19,100.4091,68.29
2006-04-11,4.74,4.88,4.93,0.05,,,,,,13.00,100.2903,69.03
2006-04-12,4.78,4.91,4.98,0.07,,,,,,12.76,100.3589,68.53
2006-04-13,4.82,4.96,5.05,0.09,,,,,,12.38,100.4759,69.53
2006-04-14,4.80,,,,,,,,,,100.4697,
2006-04-15,4.80,,,,,,,,,,,
2006-04-16,4.80,,,,,,,,,,,
2006-04-17,4.78,4.91,5.01,0.10,,,,,,12.58,99.8719,70.30
2006-04-18,4.72,4.84,4.99,0.15,,,,,,11.40,99.6747,71.28
2006-04-19,4.70,4.86,5.04,0.18,,,,,,11.32,99.3467,72.07
2006-04-20,4.73,4.89,5.04,0.15,,,,,,11.64,99.4974,71.96
2006-04-21,4.74,4.90,5.01,0.11,,,,,,11.59,99.4345,73.73
2006-04-22,4.74,,,,,,,,,,,
2006-04-23,4.74,,,,,,,,,,,
2006-04-24,4.77,4.89,4.99,0.10,,,,,,11.75,99.117,70.19
2006-04-25,4.74,4.95,5.07,0.12,,,,,,11.75,98.9687,67.43
2006-04-26,4.73,4.99,5.12,0.13,,,,,,11.76,98.8907,71.71
2006-04-27,4.79,4.91,5.09,0.18,,,,,,11.84,98.5149,70.76
2006-04-28,4.86,4.87,5.07,0.20,,,,,,11.59,98.1412,71.80
2006-04-29,4.86,,,,,,,,,,,
2006-04-30,4.86,,,,,,,,,,,
2006-05-01,4.84,4.94,5.14,0.20,201.300,205.400,83.974,4.6,136249,12.54,97.9085,73.75
2006-05-02,4.79,4.92,5.12,0.20,,,,,,11.99,97.6571,74.62
2006-05-03,4.81,4.94,5.15,0.21,,,,,,11.99,97.5572,72.26
2006-05-04,4.83,4.97,5.16,0.19,,,,,,11.86,97.4878,69.98
2006-05-05,4.83,4.94,5.12,0.18,,,,,,11.62,97.2585,70.09
2006-05-06,4.83,,,,,,,,,,,
2006-05-07,4.83,,,,,,,,,,,
2006-05-08,4.88,4.97,5.12,0.15,,,,,,12.00,97.1945,69.75
2006-05-09,4.78,4.97,5.13,0.16,,,,,,11.99,96.9578,70.71
2006-05-10,4.88,5.01,5.13,0.12,,,,,,11.78,96.6391,72.15
2006-05-11,4.99,4.99,5.14,0.15,,,,,,12.49,96.5383,73.00
2006-05-12,5.01,5.01,5.19,0.18,,,,,,14.19,96.8788,71.87
2006-05-13,5.01,,,,,,,,,,,
2006-05-14,5.01,,,,,,,,,,,
2006-05-15,5.01,4.99,5.15,0.16,,,,,,13.57,97.3588,69.25
2006-05-16,4.98,4.96,5.10,0.14,,,,,,13.35,97.1959,69.40
2006-05-17,4.96,4.97,5.16,0.19,,,,,,16.26,97.4725,68.65
2006-05-18,5.00,4.94,5.08,0.14,,,,,,16.99,97.7033,69.63
2006-05-19,5.00,4.96,5.05,0.09,,,,,,17.18,97.933,68.44
2006-05-20,5.00,,,,,,,,,,,
2006-05-21,5.00,,,,,,,,,,,
2006-05-22,5.00,4.94,5.04,0.10,,,,,,17.72,97.9377,69.23
2006-05-23,4.94,4.97,5.07,0.10,,,,,,18.26,97.7045,70.78
2006-05-24,4.90,4.94,5.03,0.09,,,,,,17.36,98.3936,69.47
2006-05-25,5.01,4.98,5.07,0.09,,,,,,15.50,97.8423,70.92
2006-05-26,4.99,4.96,5.06,0.10,,,,,,14.26,97.8995,71.35
2006-05-27,4.99,,,,,,,,,,,
2006-05-28,4.99,,,,,,,,,,,
2006-05-29,4.99,,,,,,,,,,97.8936,
2006-05-30,5.02,4.99,5.09,0.10,,,,,,18.66,97.588,71.85
2006-05-31,5.05,5.04,5.12,0.08,,,,,,16.44,97.7705,71.42
2006-06-01,5.02,5.04,5.11,0.07,201.800,205.900,84.186,4.6,136337,14.52,97.7726,70.11
2006-06-02,4.97,4.92,5.00,0.08,,,,,,14.32,97.5544,72.73
2006-06-03,4.97,,,,,,,,,,,
2006-06-04,4.97,,,,,,,,,,,
2006-06-05,5.01,4.99,5.02,0.03,,,,,,16.65,97.3681,72.50
2006-06-06,4.99,4.99,5.01,0.02,,,,,,17.34,98.1449,72.43
2006-06-07,4.99,5.02,5.02,0.00,,,,,,17.80,98.1641,70.90
2006-06-08,5.02,5.01,5.00,-0.01,,,,,,18.35,98.9313,70.25
2006-06-09,5.00,5.01,4.98,-0.03,,,,,,18.12,98.5471,71.62
2006-06-10,5.00,,,,,,,,,,,
2006-06-11,5.00,,,,,,,,,,,
2006-06-12,5.01,5.02,4.99,-0.03,,,,,,20.96,98.5494,70.28
2006-06-13,5.00,5.02,4.97,-0.05,,,,,,23.81,98.9201,68.48
2006-06-14,5.00,5.11,5.05,-0.06,,,,,,21.46,98.8338,69.12
2006-06-15,5.02,5.14,5.10,-0.04,,,,,,15.90,98.8846,69.78
2006-06-16,4.94,5.16,5.13,-0.03,,,,,,17.25,98.9127,69.75
2006-06-17,4.94,,,,,,,,,,,
2006-06-18,4.94,,,,,,,,,,,
2006-06-19,4.95,5.19,5.14,-0.05,,,,,,17.83,99.145,69.21
2006-06-20,4.92,5.19,5.15,-0.04,,,,,,16.69,99.0117,69.30
2006-06-21,4.91,5.20,5.16,-0.04,,,,,,15.52,98.5544,70.07
2006-06-22,4.98,5.23,5.20,-0.03,,,,,,15.88,99.0856,70.62
2006-06-23,4.98,5.27,5.23,-0.04,,,,,,15.89,99.4216,70.50
2006-06-24,4.98,,,,,,,,,,,
2006-06-25,4.98,,,,,,,,,,,
2006-06-26,5.03,5.27,5.25,-0.02,,,,,,15.62,99.3634,71.63
2006-06-27,5.02,5.24,5.21,-0.03,,,,,,16.40,99.219,72.05
2006-06-28,5.06,5.29,5.25,-0.04,,,,,,15.79,99.392,72.15
2006-06-29,5.08,5.21,5.22,0.01,,,,,,13.03,99.2158,73.50
2006-06-30,5.05,5.16,5.15,-0.01,,,,,,13.08,98.2483,73.94
2006-07-01,5.05,,,,202.900,206.300,84.268,4.7,136529,,,
2006-07-02,5.05,,,,,,,,,,,
2006-07-03,5.25,5.17,5.15,-0.02,,,,,,13.05,98.0371,
2006-07-04,5.25,,,,,,,,,,98.0221,
2006-07-05,5.25,5.24,5.23,-0.01,,,,,,14.15,98.308,75.20
2006-07-06,5.24,5.22,5.19,-0.03,,,,,,13.65,98.138,75.00
2006-07-07,5.22,5.17,5.14,-0.03,,,,,,13.97,97.7508,73.76
2006-07-08,5.22,,,,,,,,,,,
2006-07-09,5.22,,,,,,,,,,,
2006-07-10,5.24,5.17,5.13,-0.04,,,,,,14.02,97.9813,73.50
2006-07-11,5.25,5.17,5.10,-0.07,,,,,,13.14,98.2132,74.05
2006-07-12,5.27,5.17,5.10,-0.07,,,,,,14.49,98.5202,74.99
2006-07-13,5.26,5.12,5.08,-0.04,,,,,,17.79,98.5583,76.70
2006-07-14,5.26,5.08,5.07,-0.01,,,,,,18.05,98.6814,76.80
2006-07-15,5.26,,,,,,,,,,,
2006-07-16,5.26,,,,,,,,,,,
2006-07-17,5.28,5.12,5.07,-0.05,,,,,,18.64,99.0767,75.70
2006-07-18,5.22,5.19,5.13,-0.06,,,,,,17.74,99.1341,73.87
2006-07-19,5.23,5.12,5.06,-0.06,,,,,,15.55,98.9262,72.79
2006-07-20,5.24,5.06,5.03,-0.03,,,,,,16.21,98.6014,74.00
2006-07-21,5.23,5.08,5.05,-0.03,,,,,,17.40,98.5221,73.52
2006-07-22,5.23,,,,,,,,,,,
2006-07-23,5.23,,,,,,,,,,,
2006-07-24,5.24,5.10,5.05,-0.05,,,,,,14.98,98.7795,74.29
2006-07-25,5.24,5.11,5.07,-0.04,,,,,,14.85,98.9388,73.46
2006-07-26,5.24,5.06,5.04,-0.02,,,,,,14.62,98.742,73.82
2006-07-27,5.27,5.07,5.07,0.00,,,,,,14.94,98.2283,74.50
2006-07-28,5.26,4.98,5.00,0.02,,,,,,14.33,98.0539,73.30
2006-07-29,5.26,,,,,,,,,,,
2006-07-30,5.26,,,,,,,,,,,
2006-07-31,5.31,4.97,4.99,0.02,,,,,,14.95,97.9996,74.56
2006-08-01,5.27,4.97,4.99,0.02,203.800,206.800,84.44,4.7,136692,15.05,98.1715,74.93
2006-08-02,5.25,4.97,4.96,-0.01,,,,,,14.34,97.9432,76.16
2006-08-03,5.27,4.98,4.96,-0.02,,,,,,14.46,98.0694,75.59
2006-08-04,5.25,4.91,4.91,0.00,,,,,,14.34,97.6005,74.78
2006-08-05,5.25,,,,,,,,,,,
2006-08-06,5.25,,,,,,,,,,,
2006-08-07,5.24,4.96,4.93,-0.03,,,,,,15.23,97.5088,77.05
2006-08-08,5.26,4.91,4.93,0.02,,,,,,15.23,97.6524,76.29
2006-08-09,5.25,4.91,4.92,0.01,,,,,,15.20,97.4402,76.28
2006-08-10,5.24,4.93,4.93,0.00,,,,,,14.46,97.8887,74.17
2006-08-11,5.24,4.96,4.97,0.01,,,,,,14.30,97.7863,74.38
2006-08-12,5.24,,,,,,,,,,,
2006-08-13,5.24,,,,,,,,,,,
2006-08-14,5.26,5.01,5.00,-0.01,,,,,,14.26,97.9677,73.33
2006-08-15,5.24,4.94,4.93,-0.01,,,,,,13.42,97.8043,72.95
2006-08-16,5.17,4.87,4.87,0.00,,,,,,12.41,97.3894,71.64
2006-08-17,5.20,4.89,4.87,-0.02,,,,,,12.24,97.3486,70.12
2006-08-18,5.25,4.87,4.84,-0.03,,,,,,11.64,97.7577,70.93
2006-08-19,5.25,,,,,,,,,,,
2006-08-20,5.25,,,,,,,,,,,
2006-08-21,5.24,4.85,4.82,-0.03,,,,,,12.22,97.3856,72.45
2006-08-22,5.24,4.87,4.82,-0.05,,,,,,12.19,97.6079,72.55
2006-08-23,5.25,4.87,4.82,-0.05,,,,,,12.40,97.5731,71.45
2006-08-24,5.25,4.88,4.81,-0.07,,,,,,12.40,97.7939,72.02
2006-08-25,5.25,4.86,4.79,-0.07,,,,,,12.31,97.8827,72.13
2006-08-26,5.25,,,,,,,,,,,
2006-08-27,5.25,,,,,,,,,,,
2006-08-28,5.25,4.88,4.80,-0.08,,,,,,12.18,97.8467,70.47
2006-08-29,5.23,4.87,4.79,-0.08,,,,,,12.28,97.7748,69.74
2006-08-30,5.25,4.83,4.76,-0.07,,,,,,12.22,97.5792,70.20
2006-08-31,5.31,4.79,4.74,-0.05,,,,,,12.31,97.644,70.38
2006-09-01,5.25,4.77,4.73,-0.04,202.800,207.200,84.573,4.5,136826,11.96,97.5084,69.24
2006-09-02,5.25,,,,,,,,,,,
2006-09-03,5.25,,,,,,,,,,,
2006-09-04,5.25,,,,,,,,,,97.4981,
2006-09-05,5.26,4.80,4.78,-0.02,,,,,,12.63,97.4392,68.70
2006-09-06,5.21,4.82,4.80,-0.02,,,,,,13.74,97.6087,67.75
2006-09-07,5.23,4.82,4.80,-0.02,,,,,,13.88,97.8108,67.37
2006-09-08,5.23,4.80,4.78,-0.02,,,,,,13.16,98.2119,66.30
2006-09-09,5.23,,,,,,,,,,,
2006-09-10,5.23,,,,,,,,,,,
2006-09-11,5.24,4.83,4.80,-0.03,,,,,,12.99,98.3845,65.42
2006-09-12,5.21,4.82,4.78,-0.04,,,,,,11.92,98.2781,63.81
2006-09-13,5.26,4.80,4.77,-0.03,,,,,,11.18,98.1775,64.09
2006-09-14,5.26,4.83,4.79,-0.04,,,,,,11.55,98.0088,63.27
2006-09-15,5.25,4.87,4.80,-0.07,,,,,,11.76,98.2104,63.30
2006-09-16,5.25,,,,,,,,,,,
2006-09-17,5.25,,,,,,,,,,,
2006-09-18,5.23,4.88,4.81,-0.07,,,,,,11.78,98.1332,63.84
2006-09-19,5.21,4.79,4.74,-0.05,,,,,,11.98,98.1703,61.77
2006-09-20,5.23,4.81,4.73,-0.08,,,,,,11.39,98.1556,60.00
2006-09-21,5.24,4.71,4.65,-0.06,,,,,,12.25,97.9458,61.62
2006-09-22,5.27,4.67,4.60,-0.07,,,,,,12.59,97.8667,59.79
2006-09-23,5.27,,,,,,,,,,,
2006-09-24,5.27,,,,,,,,,,,
2006-09-25,5.30,4.63,4.56,-0.07,,,,,,12.12,97.9909,60.74
2006-09-26,5.25,4.68,4.59,-0.09,,,,,,11.53,98.0555,60.63
2006-09-27,5.30,4.66,4.60,-0.06,,,,,,11.58,98.0107,62.96
2006-09-28,5.28,4.68,4.63,-0.05,,,,,,11.72,98.0381,62.46
2006-09-29,5.34,4.71,4.64,-0.07,,,,,,11.98,98.1054,62.90
2006-09-30,5.34,,,,,,,,,,,
2006-10-01,5.34,,,,201.900,207.6,84.726,4.4,136843,,,
2006-10-02,5.33,4.66,4.62,-0.04,,,,,,12.57,97.9247,60.96
2006-10-03,5.25,4.67,4.62,-0.05,,,,,,12.24,98.1267,58.64
2006-10-04,5.23,4.60,4.57,-0.03,,,,,,11.86,98.3682,59.53
2006-10-05,5.23,4.65,4.61,-0.04,,,,,,11.98,98.2776,60.02
2006-10-06,5.22,4.74,4.70,-0.04,,,,,,11.56,98.5619,59.68
2006-10-07,5.22,,,,,,,,,,,
2006-10-08,5.22,,,,,,,,,,,
2006-10-09,5.22,,,,,,,,,11.68,98.5702,59.93
2006-10-10,5.28,4.82,4.75,-0.07,,,,,,11.52,98.9125,58.50
2006-10-11,5.25,4.85,4.78,-0.07,,,,,,11.62,98.9146,57.56
2006-10-12,5.25,4.85,4.79,-0.06,,,,,,11.09,98.831,58.23
2006-10-13,5.21,4.87,4.81,-0.06,,,,,,10.75,98.8002,58.69
2006-10-14,5.21,,,,,,,,,,,
2006-10-15,5.21,,,,,,,,,,,
2006-10-16,5.28,4.85,4.79,-0.06,,,,,,11.09,98.71,59.91
2006-10-17,5.21,4.83,4.78,-0.05,,,,,,11.73,98.5354,58.91
2006-10-18,5.23,4.85,4.77,-0.08,,,,,,11.34,98.6164,57.66
2006-10-19,5.22,4.85,4.79,-0.06,,,,,,10.90,98.2897,58.55
2006-10-20,5.25,4.87,4.79,-0.08,,,,,,10.63,98.1629,57.35
2006-10-21,5.25,,,,,,,,,,,
2006-10-22,5.25,,,,,,,,,,,
2006-10-23,5.24,4.90,4.83,-0.07,,,,,,11.08,98.4483,56.74
2006-10-24,5.24,4.91,4.83,-0.08,,,,,,10.78,98.349,57.55
2006-10-25,5.26,4.88,4.78,-0.10,,,,,,10.66,98.2057,59.09
2006-10-26,5.23,4.81,4.73,-0.08,,,,,,10.56,97.8907,60.27
2006-10-27,5.23,4.76,4.68,-0.08,,,,,,10.80,97.4914,60.75
2006-10-28,5.23,,,,,,,,,,,
2006-10-29,5.23,,,,,,,,,,,
2006-10-30,5.27,4.78,4.68,-0.10,,,,,,11.20,97.5672,58.41
2006-10-31,5.31,4.71,4.61,-0.10,,,,,,11.10,97.3901,58.72
2006-11-01,5.23,4.66,4.57,-0.09,202.000,207.800,84.766,4.5,137060,11.51,97.4949,58.64
2006-11-02,5.22,4.67,4.60,-0.07,,,,,,11.42,97.6556,57.87
2006-11-03,5.25,4.82,4.72,-0.10,,,,,,11.16,97.7209,59.13
2006-11-04,5.25,,,,,,,,,,,
2006-11-05,5.25,,,,,,,,,,,
2006-11-06,5.24,4.82,4.71,-0.11,,,,,,11.16,97.806,60.11
2006-11-07,5.22,4.77,4.66,-0.11,,,,,,11.09,97.4453,58.94
2006-11-08,5.22,4.75,4.64,-0.11,,,,,,10.75,97.58,59.93
2006-11-09,5.23,4.75,4.62,-0.13,,,,,,11.01,97.5041,61.18
2006-11-10,5.23,4.73,4.59,-0.14,,,,,,10.79,97.4638,59.66
2006-11-11,5.23,,,,,,,,,,,
2006-11-12,5.23,,,,,,,,,,,
2006-11-13,5.27,4.76,4.61,-0.15,,,,,,10.86,97.7904,58.59
2006-11-14,5.25,4.74,4.57,-0.17,,,,,,10.50,97.7475,58.28
2006-11-15,5.29,4.80,4.61,-0.19,,,,,,10.31,97.8359,58.79
2006-11-16,5.25,4.85,4.66,-0.19,,,,,,10.16,97.8098,56.23
2006-11-17,5.20,4.76,4.61,-0.15,,,,,,10.05,97.9855,55.90
2006-11-18,5.20,,,,,,,,,,,
2006-11-19,5.20,,,,,,,,,,,
2006-11-20,5.25,4.76,4.60,-0.16,,,,,,9.97,98.0254,56.42
2006-11-21,5.29,4.75,4.58,-0.17,,,,,,9.90,98.0215,58.01
2006-11-22,5.26,4.74,4.57,-0.17,,,,,,10.14,97.5315,57.28
2006-11-23,5.26,,,,,,,,,,97.5314,
2006-11-24,5.24,4.73,4.55,-0.18,,,,,,10.73,97.0657,
2006-11-25,5.24,,,,,,,,,,,
2006-11-26,5.24,,,,,,,,,,,
2006-11-27,5.32,4.71,4.54,-0.17,,,,,,12.30,96.9986,60.30
2006-11-28,5.24,4.67,4.51,-0.16,,,,,,11.62,96.8428,60.97
2006-11-29,5.26,4.69,4.52,-0.17,,,,,,10.83,96.8577,62.45
2006-11-30,5.31,4.62,4.46,-0.16,,,,,,10.91,96.5779,62.97
2006-12-01,5.27,4.52,4.43,-0.09,203.100,208.1,84.88,4.4,137249,11.66,96.4585,63.43
2006-12-02,5.27,,,,,,,,,,,
2006-12-03,5.27,,,,,,,,,,,
2006-12-04,5.22,4.52,4.43,-0.09,,,,,,11.23,96.4319,62.39
2006-12-05,5.21,4.52,4.45,-0.07,,,,,,11.27,96.2082,62.40
2006-12-06,5.22,4.59,4.48,-0.11,,,,,,11.33,96.2839,62.20
2006-12-07,5.25,4.58,4.49,-0.09,,,,,,12.67,96.3207,62.54
2006-12-08,5.25,4.68,4.56,-0.12,,,,,,12.07,96.6123,62.06
2006-12-09,5.25,,,,,,,,,,,
2006-12-10,5.25,,,,,,,,,,,
2006-12-11,5.25,4.67,4.52,-0.15,,,,,,10.71,96.6646,61.26
2006-12-12,5.23,4.61,4.49,-0.12,,,,,,10.65,96.7119,61.06
2006-12-13,5.23,4.70,4.58,-0.12,,,,,,10.18,96.7296,61.34
2006-12-14,5.29,4.73,4.60,-0.13,,,,,,9.97,96.7946,62.48
2006-12-15,5.27,4.73,4.60,-0.13,,,,,,10.05,96.9857,63.40
2006-12-16,5.27,,,,,,,,,,,
2006-12-17,5.27,,,,,,,,,,,
2006-12-18,5.21,4.71,4.60,-0.11,,,,,,10.60,97.1559,62.19
2006-12-19,5.21,4.71,4.60,-0.11,,,,,,10.30,96.9313,62.87
2006-12-20,5.26,4.71,4.60,-0.11,,,,,,10.26,96.7762,63.08
2006-12-21,5.25,4.66,4.55,-0.11,,,,,,10.53,96.9148,62.05
2006-12-22,5.24,4.71,4.63,-0.08,,,,,,11.36,97.1113,61.81
2006-12-23,5.24,,,,,,,,,,,
2006-12-24,5.24,,,,,,,,,,,
2006-12-25,5.24,,,,,,,,,,97.1221,
2006-12-26,5.29,4.71,4.61,-0.10,,,,,,11.26,97.1786,61.07
2006-12-27,5.17,4.77,4.66,-0.11,,,,,,10.64,97.2076,60.31
2006-12-28,5.25,4.82,4.70,-0.12,,,,,,10.99,97.0656,60.39
2006-12-29,5.17,4.82,4.71,-0.11,,,,,,11.56,97.0312,60.85
2006-12-30,5.17,,,,,,,,,,,
2006-12-31,5.17,,,,,,,,,,,
2007-01-01,5.17,,,,203.437,208.600,85.224,4.6,137472,,97.0323,
2007-01-02,5.30,4.80,4.68,-0.12,,,,,,,,60.77
2007-01-03,5.28,4.76,4.67,-0.09,,,,,,12.04,97.1281,58.31
2007-01-04,5.24,4.71,4.62,-0.09,,,,,,11.51,97.5251,55.65
2007-01-05,5.21,4.76,4.65,-0.11,,,,,,12.14,97.7801,56.29
2007-01-06,5.21,,,,,,,,,,,
2007-01-07,5.21,,,,,,,,,,,
2007-01-08,5.23,4.78,4.66,-0.12,,,,,,12.00,97.788,56.08
2007-01-09,5.25,4.79,4.66,-0.13,,,,,,11.91,97.9642,55.65
2007-01-10,5.26,4.81,4.69,-0.12,,,,,,11.47,98.0943,53.95
2007-01-11,5.27,4.86,4.74,-0.12,,,,,,10.87,98.0845,51.91
2007-01-12,5.22,4.88,4.77,-0.11,,,,,,10.15,97.921,52.96
2007-01-13,5.22,,,,,,,,,,,
2007-01-14,5.22,,,,,,,,,,,
2007-01-15,5.22,,,,,,,,,,97.9201,
2007-01-16,5.28,4.86,4.75,-0.11,,,,,,10.74,97.9816,51.23
2007-01-17,5.25,4.91,4.79,-0.12,,,,,,10.59,97.7509,52.30
2007-01-18,5.23,4.89,4.75,-0.14,,,,,,10.85,97.8286,50.51
2007-01-19,5.25,4.93,4.78,-0.15,,,,,,10.40,97.6868,51.98
2007-01-20,5.25,,,,,,,,,,,
2007-01-21,5.25,,,,,,,,,,,
2007-01-22,5.24,4.91,4.76,-0.15,,,,,,10.77,97.827,51.11
2007-01-23,5.26,4.94,4.81,-0.13,,,,,,10.34,97.8117,53.61
2007-01-24,5.27,4.93,4.81,-0.12,,,,,,9.89,97.908,54.24
2007-01-25,5.31,4.98,4.87,-0.11,,,,,,11.22,97.8396,53.49
2007-01-26,5.26,4.99,4.88,-0.11,,,,,,11.13,98.1491,55.38
2007-01-27,5.26,,,,,,,,,,,
2007-01-28,5.26,,,,,,,,,,,
2007-01-29,5.26,4.99,4.90,-0.09,,,,,,11.45,98.2066,54.01
2007-01-30,5.23,4.98,4.88,-0.10,,,,,,10.96,98.1515,57.03
2007-01-31,5.33,4.94,4.83,-0.11,,,,,,10.42,97.964,58.17
2007-02-01,5.29,4.96,4.84,-0.12,204.226,209.135,85.408,4.5,137560,10.31,97.7101,57.35
2007-02-02,5.24,4.94,4.83,-0.11,,,,,,10.08,97.9743,59.01
2007-02-03,5.24,,,,,,,,,,,
2007-02-04,5.24,,,,,,,,,,,
2007-02-05,5.25,4.92,4.81,-0.11,,,,,,10.55,97.87,58.69
2007-02-06,5.24,4.90,4.77,-0.13,,,,,,10.65,97.7357,58.91
2007-02-07,5.23,4.87,4.74,-0.13,,,,,,10.32,97.7239,57.75
2007-02-08,5.25,4.87,4.73,-0.14,,,,,,10.44,97.8169,59.76
2007-02-09,5.25,4.92,4.79,-0.13,,,,,,11.10,97.7076,59.86
2007-02-10,5.25,,,,,,,,,,,
2007-02-11,5.25,,,,,,,,,,,
2007-02-12,5.28,4.94,4.80,-0.14,,,,,,11.61,97.9409,57.76
2007-02-13,5.26,4.95,4.82,-0.13,,,,,,10.34,97.7063,58.98
2007-02-14,5.27,4.87,4.74,-0.13,,,,,,10.23,97.2779,58.00
2007-02-15,5.29,4.83,4.70,-0.13,,,,,,10.22,97.1588,57.92
2007-02-16,5.24,4.83,4.69,-0.14,,,,,,10.02,97.164,59.38
2007-02-17,5.24,,,,,,,,,,,
2007-02-18,5.24,,,,,,,,,,,
2007-02-19,5.24,,,,,,,,,,97.1545,
2007-02-20,5.27,4.81,4.68,-0.13,,,,,,10.24,97.321,58.32
2007-02-21,5.23,4.82,4.69,-0.13,,,,,,10.20,97.27,59.40
2007-02-22,5.26,4.87,4.73,-0.14,,,,,,10.18,97.266,60.28
2007-02-23,5.24,4.82,4.68,-0.14,,,,,,10.58,97.1756,60.28
2007-02-24,5.24,,,,,,,,,,,
2007-02-25,5.24,,,,,,,,,,,
2007-02-26,5.30,4.77,4.63,-0.14,,,,,,11.15,97.2281,61.41
2007-02-27,5.27,4.59,4.50,-0.09,,,,,,18.31,97.0883,61.46
2007-02-28,5.41,4.65,4.56,-0.09,,,,,,15.42,97.2386,61.78
2007-03-01,5.31,4.63,4.56,-0.07,205.288,209.418,85.494,4.4,137784,15.82,97.3358,61.97
2007-03-02,5.23,4.56,4.52,-0.04,,,,,,18.61,97.3691,61.58
2007-03-03,5.23,,,,,,,,,,,
2007-03-04,5.23,,,,,,,,,,,
2007-03-05,5.27,4.53,4.51,-0.02,,,,,,19.63,97.6716,60.05
2007-03-06,5.22,4.58,4.53,-0.05,,,,,,15.96,97.5123,60.66
2007-03-07,5.24,4.54,4.50,-0.04,,,,,,15.24,97.4558,61.85
2007-03-08,5.24,4.56,4.51,-0.05,,,,,,14.29,97.5731,61.63
2007-03-09,5.24,4.66,4.59,-0.07,,,,,,14.09,97.4559,60.06
2007-03-10,5.24,,,,,,,,,,,
2007-03-11,5.24,,,,,,,,,,,
2007-03-12,5.25,4.62,4.56,-0.06,,,,,,13.99,97.3013,58.94
2007-03-13,5.25,4.52,4.50,-0.02,,,,,,18.13,97.2203,58.03
2007-03-14,5.27,4.54,4.53,-0.01,,,,,,17.27,97.2759,58.15
2007-03-15,5.29,4.57,4.54,-0.03,,,,,,16.43,97.2476,57.52
2007-03-16,5.25,4.58,4.55,-0.03,,,,,,16.79,97.0407,57.06
2007-03-17,5.25,,,,,,,,,,,
2007-03-18,5.25,,,,,,,,,,,
2007-03-19,5.26,4.61,4.58,-0.03,,,,,,14.59,97.1062,56.65
2007-03-20,5.26,4.60,4.56,-0.04,,,,,,13.27,96.7985,56.41
2007-03-21,5.26,4.51,4.53,0.02,,,,,,12.19,96.6195,56.98
2007-03-22,5.27,4.58,4.60,0.02,,,,,,12.93,96.3893,60.21
2007-03-23,5.24,4.60,4.62,0.02,,,,,,12.95,96.5662,61.07
2007-03-24,5.24,,,,,,,,,,,
2007-03-25,5.24,,,,,,,,,,,
2007-03-26,5.28,4.56,4.60,0.04,,,,,,13.16,96.5493,61.77
2007-03-27,5.25,4.58,4.62,0.04,,,,,,13.48,96.4558,62.98
2007-03-28,5.27,4.53,4.62,0.09,,,,,,14.98,96.4894,64.11
2007-03-29,5.29,4.58,4.64,0.06,,,,,,15.14,96.5067,66.10
2007-03-30,5.30,4.58,4.65,0.07,,,,,,14.64,96.3183,65.94
2007-03-31,5.30,,,,,,,,,,,
2007-04-01,5.30,,,,205.904,209.747,85.616,4.5,137847,,,
2007-04-02,5.25,4.60,4.65,0.05,,,,,,14.53,96.3175,66.03
2007-04-03,5.20,4.63,4.67,0.04,,,,,,13.46,96.3774,64.59
2007-04-04,5.21,4.61,4.66,0.05,,,,,,13.24,96.3646,64.40
2007-04-05,5.30,4.63,4.68,0.05,,,,,,13.23,96.1188,64.26
2007-04-06,5.30,4.75,4.76,0.01,,,,,,,96.2526,
2007-04-07,5.30,,,,,,,,,,,
2007-04-08,5.30,,,,,,,,,,,
2007-04-09,5.28,4.73,4.75,0.02,,,,,,13.14,96.293,61.51
2007-04-10,5.26,4.71,4.73,0.02,,,,,,12.68,96.1179,61.92
2007-04-11,5.24,4.73,4.74,0.01,,,,,,13.49,96.0293,61.98
2007-04-12,5.27,4.73,4.74,0.01,,,,,,12.71,95.7999,63.87
2007-04-13,5.25,4.76,4.76,0.00,,,,,,12.20,95.711,63.63
2007-04-14,5.25,,,,,,,,,,,
2007-04-15,5.25,,,,,,,,,,,
2007-04-16,5.29,4.74,4.74,0.00,,,,,,11.98,95.5538,63.63
2007-04-17,5.20,4.68,4.69,0.01,,,,,,12.14,95.3832,63.14
2007-04-18,5.19,4.64,4.66,0.02,,,,,,12.42,95.3109,63.14
2007-04-19,5.23,4.64,4.68,0.04,,,,,,12.54,95.2712,61.81
2007-04-20,5.25,4.64,4.68,0.04,,,,,,12.07,95.1692,63.56
2007-04-21,5.25,,,,,,,,,,,
2007-04-22,5.25,,,,,,,,,,,
2007-04-23,5.23,4.62,4.66,0.04,,,,,,13.04,95.1833,65.33
2007-04-24,5.20,4.58,4.63,0.05,,,,,,13.12,95.1608,64.10
2007-04-25,5.19,4.63,4.66,0.03,,,,,,13.21,94.8497,65.33
2007-04-26,5.24,4.67,4.69,0.02,,,,,,12.79,95.1653,65.08
2007-04-27,5.24,4.67,4.71,0.04,,,,,,12.45,95.0103,66.45
2007-04-28,5.24,,,,,,,,,,,
2007-04-29,5.24,,,,,,,,,,,
2007-04-30,5.29,4.60,4.63,0.03,,,,,,14.22,94.8365,65.78
2007-05-01,5.26,4.63,4.64,0.01,206.755,210.058,85.717,4.4,137992,13.51,95.0037,64.43
2007-05-02,5.21,4.65,4.65,0.00,,,,,,13.08,95.0352,63.78
2007-05-03,5.24,4.71,4.68,-0.03,,,,,,13.09,95.0167,63.23
2007-05-04,5.24,4.68,4.65,-0.03,,,,,,12.91,94.9118,61.89
2007-05-05,5.24,,,,,,,,,,,
2007-05-06,5.24,,,,,,,,,,,
2007-05-07,5.24,4.68,4.64,-0.04,,,,,,13.15,94.6914,61.48
2007-05-08,5.21,4.68,4.63,-0.05,,,,,,13.21,94.8648,62.26
2007-05-09,5.21,4.73,4.67,-0.06,,,,,,12.88,94.7933,61.54
2007-05-10,5.25,4.70,4.65,-0.05,,,,,,13.60,94.9506,61.85
2007-05-11,5.27,4.71,4.67,-0.04,,,,,,12.95,95.0035,62.35
2007-05-12,5.27,,,,,,,,,,,
2007-05-13,5.27,,,,,,,,,,,
2007-05-14,5.26,4.73,4.69,-0.04,,,,,,13.96,94.8267,62.55
2007-05-15,5.29,4.75,4.71,-0.04,,,,,,14.01,94.5574,63.16
2007-05-16,5.25,4.73,4.71,-0.02,,,,,,13.50,94.8143,62.57
2007-05-17,5.25,4.78,4.76,-0.02,,,,,,13.51,94.8339,64.83
2007-05-18,5.24,4.82,4.81,-0.01,,,,,,12.76,94.6573,64.93
2007-05-19,5.24,,,,,,,,,,,
2007-05-20,5.24,,,,,,,,,,,
2007-05-21,5.24,4.81,4.79,-0.02,,,,,,13.30,94.7026,66.25
2007-05-22,5.23,4.83,4.83,0.00,,,,,,13.06,94.5753,64.91
2007-05-23,5.25,4.85,4.86,0.01,,,,,,13.24,94.4557,65.10
2007-05-24,5.24,4.85,4.86,0.01,,,,,,14.08,94.7025,63.62
2007-05-25,5.29,4.85,4.86,0.01,,,,,,13.34,94.5022,64.59
2007-05-26,5.29,,,,,,,,,,,
2007-05-27,5.29,,,,,,,,,,,
2007-05-28,5.29,,,,,,,,,,94.4959,
2007-05-29,5.29,4.88,4.88,0.00,,,,,,13.53,94.3533,63.19
2007-05-30,5.25,4.89,4.88,-0.01,,,,,,12.83,94.549,63.47
2007-05-31,5.28,4.92,4.90,-0.02,,,,,,13.05,94.3215,64.02
2007-06-01,5.23,4.97,4.95,-0.02,207.234,210.392,85.859,4.6,138070,12.78,94.132,65.09
2007-06-02,5.23,,,,,,,,,,,
2007-06-03,5.23,,,,,,,,,,,
2007-06-04,5.24,4.97,4.93,-0.04,,,,,,13.29,93.9969,66.17
2007-06-05,5.19,4.99,4.98,-0.01,,,,,,13.63,93.9986,65.63
2007-06-06,5.25,4.97,4.97,0.00,,,,,,14.87,94.1217,65.97
2007-06-07,5.25,5.03,5.11,0.08,,,,,,17.06,94.3537,66.93
2007-06-08,5.26,5.01,5.12,0.11,,,,,,14.84,94.7599,64.78
2007-06-09,5.26,,,,,,,,,,,
2007-06-10,5.26,,,,,,,,,,,
2007-06-11,5.27,5.01,5.14,0.13,,,,,,14.71,94.6576,65.93
2007-06-12,5.26,5.08,5.26,0.18,,,,,,16.67,94.6991,65.36
2007-06-13,5.26,5.08,5.20,0.12,,,,,,14.73,94.9011,66.17
2007-06-14,5.28,5.10,5.23,0.13,,,,,,13.64,94.9029,67.62
2007-06-15,5.26,5.05,5.16,0.11,,,,,,13.94,94.6228,68.04
2007-06-16,5.26,,,,,,,,,,,
2007-06-17,5.26,,,,,,,,,,,
2007-06-18,5.23,5.01,5.15,0.14,,,,,,13.42,94.5475,69.06
2007-06-19,5.21,4.94,5.09,0.15,,,,,,12.85,94.3227,69.15
2007-06-20,5.27,4.97,5.14,0.17,,,,,,14.67,94.3618,68.50
2007-06-21,5.26,4.98,5.16,0.18,,,,,,14.21,94.6073,68.35
2007-06-22,5.24,4.92,5.14,0.22,,,,,,15.75,94.4371,68.85
2007-06-23,5.24,,,,,,,,,,,
2007-06-24,5.24,,,,,,,,,,,
2007-06-25,5.29,4.87,5.09,0.22,,,,,,16.65,94.5105,68.83
2007-06-26,5.25,4.90,5.10,0.20,,,,,,18.89,94.4678,67.78
2007-06-27,5.26,4.91,5.09,0.18,,,,,,15.53,94.5633,68.98
2007-06-28,5.26,4.96,5.12,0.16,,,,,,15.54,94.2395,69.61
2007-06-29,5.31,4.87,5.03,0.16,,,,,,16.23,94.1393,70.47
2007-06-30,5.31,,,,,,,,,,,
2007-07-01,5.31,,,,207.603,210.773,85.988,4.7,138044,,,
2007-07-02,5.31,4.86,5.00,0.14,,,,,,15.40,93.634,71.11
2007-07-03,5.24,4.89,5.05,0.16,,,,,,14.92,93.697,71.41
2007-07-04,5.24,,,,,,,,,,93.6965,
2007-07-05,5.25,4.99,5.16,0.17,,,,,,15.48,93.7653,71.81
2007-07-06,5.22,4.99,5.19,0.20,,,,,,14.72,93.5759,72.80
2007-07-07,5.22,,,,,,,,,,,
2007-07-08,5.22,,,,,,,,,,,
2007-07-09,5.22,4.97,5.16,0.19,,,,,,15.16,93.5519,72.14
2007-07-10,5.24,4.85,5.03,0.18,,,,,,17.57,93.3339,72.80
2007-07-11,5.24,4.89,5.09,0.20,,,,,,16.64,93.3089,72.58
2007-07-12,5.26,4.94,5.13,0.19,,,,,,15.54,93.1198,72.55
2007-07-13,5.25,4.94,5.11,0.17,,,,,,15.15,93.0133,73.89
2007-07-14,5.25,,,,,,,,,,,
2007-07-15,5.25,,,,,,,,,,,
2007-07-16,5.32,4.89,5.05,0.16,,,,,,15.59,92.9094,74.11
2007-07-17,5.28,4.91,5.08,0.17,,,,,,15.63,92.9095,74.03
2007-07-18,5.26,4.84,5.02,0.18,,,,,,16.00,92.7959,75.03
2007-07-19,5.25,4.87,5.04,0.17,,,,,,15.23,92.7332,75.90
2007-07-20,5.25,4.79,4.96,0.17,,,,,,16.95,92.7179,75.53
2007-07-21,5.25,,,,,,,,,,,
2007-07-22,5.25,,,,,,,,,,,
2007-07-23,5.26,4.80,4.97,0.17,,,,,,16.81,92.6585,74.65
2007-07-24,5.25,4.77,4.94,0.17,,,,,,18.55,92.505,73.38
2007-07-25,5.32,4.74,4.92,0.18,,,,,,18.10,92.9189,75.74
2007-07-26,5.28,4.56,4.79,0.23,,,,,,20.74,93.1186,74.96
2007-07-27,5.25,4.56,4.80,0.24,,,,,,24.17,93.5485,77.03
2007-07-28,5.25,,,,,,,,,,,
2007-07-29,5.25,,,,,,,,,,,
2007-07-30,5.29,4.59,4.82,0.23,,,,,,20.87,93.5918,76.82
2007-07-31,5.28,4.56,4.78,0.22,,,,,,23.52,93.4264,78.20
2007-08-01,5.30,4.56,4.76,0.20,207.667,211.119,86.116,4.6,138013,23.67,93.4011,76.49
2007-08-02,5.24,4.59,4.77,0.18,,,,,,21.22,93.3038,76.84
2007-08-03,5.24,4.46,4.71,0.25,,,,,,25.16,93.1039,75.41
2007-08-04,5.24,,,,,,,,,,,
2007-08-05,5.24,,,,,,,,,,,
2007-08-06,5.26,4.46,4.72,0.26,,,,,,22.94,93.1112,72.03
2007-08-07,5.26,4.56,4.77,0.21,,,,,,21.56,93.3171,72.25
2007-08-08,5.27,4.64,4.84,0.20,,,,,,21.45,93.0989,72.23
2007-08-09,5.41,4.49,4.79,0.30,,,,,,26.48,93.441,71.62
2007-08-10,4.68,4.47,4.81,0.34,,,,,,28.30,93.5214,71.49
2007-08-11,4.68,,,,,,,,,,,
2007-08-12,4.68,,,,,,,,,,,
2007-08-13,4.81,4.46,4.78,0.32,,,,,,26.57,93.6032,71.60
2007-08-14,4.54,4.39,4.73,0.34,,,,,,27.68,94.0416,72.40
2007-08-15,4.71,4.27,4.69,0.42,,,,,,30.67,94.5014,73.36
2007-08-16,4.97,4.08,4.60,0.52,,,,,,30.83,94.9055,70.99
2007-08-17,4.91,4.18,4.68,0.50,,,,,,29.99,94.319,71.90
2007-08-18,4.91,,,,,,,,,,,
2007-08-19,4.91,,,,,,,,,,,
2007-08-20,5.03,4.11,4.64,0.53,,,,,,26.33,94.2138,71.12
2007-08-21,4.89,4.05,4.60,0.55,,,,,,25.25,94.2676,69.49
2007-08-22,4.77,4.15,4.63,0.48,,,,,,22.89,94.0998,69.30
2007-08-23,4.88,4.20,4.62,0.42,,,,,,22.62,93.9827,69.86
2007-08-24,5.11,4.30,4.63,0.33,,,,,,20.72,93.6863,71.17
2007-08-25,5.11,,,,,,,,,,,
2007-08-26,5.11,,,,,,,,,,,
2007-08-27,5.27,4.28,4.60,0.32,,,,,,22.72,93.6109,71.98
2007-08-28,5.30,4.13,4.53,0.40,,,,,,26.30,93.8394,71.79
2007-08-29,5.00,4.14,4.57,0.43,,,,,,23.81,93.7174,73.52
2007-08-30,5.00,4.08,4.51,0.43,,,,,,25.06,93.7324,73.37
2007-08-31,4.96,4.15,4.54,0.39,,,,,,23.38,93.6674,73.98
2007-09-01,4.96,,,,208.547,211.554,86.351,4.7,138099,,,
2007-09-02,4.96,,,,,,,,,,,
2007-09-03,4.96,,,,,,,,,,93.6691,
2007-09-04,5.22,4.13,4.56,0.43,,,,,,22.78,93.6433,75.07
2007-09-05,5.18,4.03,4.48,0.45,,,,,,24.58,93.5453,75.74
2007-09-06,4.98,4.08,4.51,0.43,,,,,,23.99,93.4468,76.34
2007-09-07,4.86,3.90,4.38,0.48,,,,,,26.23,93.2939,76.70
2007-09-08,4.86,,,,,,,,,,,
2007-09-09,4.86,,,,,,,,,,,
2007-09-10,5.07,3.87,4.34,0.47,,,,,,27.38,93.2349,77.53
2007-09-11,5.06,3.95,4.37,0.42,,,,,,25.27,92.9244,78.16
2007-09-12,5.18,3.95,4.41,0.46,,,,,,24.96,92.6386,79.85
2007-09-13,5.09,4.08,4.49,0.41,,,,,,24.76,92.6172,80.05
2007-09-14,5.25,4.05,4.47,0.42,,,,,,24.92,92.7083,79.14
2007-09-15,5.25,,,,,,,,,,,
2007-09-16,5.25,,,,,,,,,,,
2007-09-17,5.33,4.08,4.48,0.40,,,,,,26.48,92.823,80.55
2007-09-18,4.92,4.00,4.50,0.50,,,,,,20.35,92.6584,81.51
2007-09-19,4.74,4.00,4.53,0.53,,,,,,20.03,92.1534,81.99
2007-09-20,4.77,4.10,4.69,0.59,,,,,,20.45,91.4212,83.85
2007-09-21,4.76,4.06,4.64,0.58,,,,,,19.00,91.4854,83.38
2007-09-22,4.76,,,,,,,,,,,
2007-09-23,4.76,,,,,,,,,,,
2007-09-24,4.74,4.05,4.63,0.58,,,,,,19.37,91.4017,82.51
2007-09-25,4.82,4.00,4.63,0.63,,,,,,18.60,91.3392,81.20
2007-09-26,4.88,3.97,4.63,0.66,,,,,,17.63,91.4335,80.31
2007-09-27,4.93,3.95,4.58,0.63,,,,,,17.00,91.3497,82.86
2007-09-28,4.58,3.97,4.59,0.62,,,,,,18.00,90.9446,81.64
2007-09-29,4.58,,,,,,,,,,,
2007-09-30,4.58,,,,,,,,,,,
2007-10-01,4.92,4.02,4.56,0.54,209.190,212.077,86.576,4.7,138175,17.84,90.8801,80.31
2007-10-02,4.78,3.98,4.54,0.56,,,,,,18.49,91.12,80.00
2007-10-03,4.68,4.02,4.55,0.53,,,,,,18.80,91.1038,79.97
2007-10-04,4.74,4.00,4.54,0.54,,,,,,18.44,91.1632,81.48
2007-10-05,4.77,4.08,4.65,0.57,,,,,,16.91,90.7393,81.20
2007-10-06,4.77,,,,,,,,,,,
2007-10-07,4.77,,,,,,,,,,,
2007-10-08,4.77,,,,,,,,,17.46,90.748,78.97
2007-10-09,4.91,4.15,4.67,0.52,,,,,,16.12,90.8609,80.23
2007-10-10,4.52,4.15,4.65,0.50,,,,,,16.67,90.7154,81.30
2007-10-11,4.75,4.13,4.66,0.53,,,,,,18.88,90.4901,83.05
2007-10-12,4.75,4.23,4.70,0.47,,,,,,17.73,90.5945,83.73
2007-10-13,4.75,,,,,,,,,,,
2007-10-14,4.75,,,,,,,,,,,
2007-10-15,4.81,4.22,4.69,0.47,,,,,,19.25,90.5387,86.19
2007-10-16,4.68,4.12,4.66,0.54,,,,,,20.02,90.7123,87.58
2007-10-17,4.70,4.00,4.57,0.57,,,,,,18.54,90.515,87.19
2007-10-18,4.69,3.93,4.52,0.59,,,,,,18.50,90.3084,89.48
2007-10-19,4.77,3.80,4.41,0.61,,,,,,22.96,90.1014,88.58
2007-10-20,4.77,,,,,,,,,,,
2007-10-21,4.77,,,,,,,,,,,
2007-10-22,4.71,3.85,4.42,0.57,,,,,,21.64,90.6777,87.60
2007-10-23,4.67,3.81,4.41,0.60,,,,,,20.41,90.1899,86.45
2007-10-24,4.74,3.74,4.36,0.62,,,,,,20.80,90.2262,88.30
2007-10-25,4.86,3.74,4.37,0.63,,,,,,21.17,89.9925,92.09
2007-10-26,4.80,3.77,4.41,0.64,,,,,,19.56,89.6508,91.73
2007-10-27,4.80,,,,,,,,,,,
2007-10-28,4.80,,,,,,,,,,,
2007-10-29,4.84,3.79,4.39,0.60,,,,,,19.87,89.4118,93.45
2007-10-30,4.78,3.82,4.40,0.58,,,,,,21.07,89.3252,90.33
2007-10-31,4.60,3.94,4.48,0.54,,,,,,18.53,89.1389,94.16
2007-11-01,4.59,3.77,4.36,0.59,210.834,212.660,86.746,4.7,138290,23.21,89.1628,93.53
2007-11-02,4.28,3.66,4.31,0.65,,,,,,23.01,88.8924,95.81
2007-11-03,4.28,,,,,,,,,,,
2007-11-04,4.28,,,,,,,,,,,
2007-11-05,4.29,3.69,4.35,0.66,,,,,,24.31,88.8851,94.06
2007-11-06,4.22,3.70,4.38,0.68,,,,,,21.39,88.4938,96.65
2007-11-07,4.39,3.61,4.34,0.73,,,,,,26.49,88.0631,96.46
2007-11-08,4.58,3.47,4.28,0.81,,,,,,26.16,88.2631,95.51
2007-11-09,4.49,3.42,4.23,0.81,,,,,,28.50,88.4615,96.36
2007-11-10,4.49,,,,,,,,,,,
2007-11-11,4.49,,,,,,,,,,,
2007-11-12,4.49,,,,,,,,,31.09,88.465,94.40
2007-11-13,4.61,3.54,4.26,0.72,,,,,,24.10,89.1016,91.18
2007-11-14,4.60,3.57,4.28,0.71,,,,,,25.94,88.9671,94.02
2007-11-15,4.54,3.35,4.17,0.82,,,,,,28.06,89.4413,93.37
2007-11-16,4.51,3.33,4.15,0.82,,,,,,25.49,89.3182,94.81
2007-11-17,4.51,,,,,,,,,,,
2007-11-18,4.51,,,,,,,,,,,
2007-11-19,4.51,3.18,4.07,0.89,,,,,,26.01,89.5262,95.75
2007-11-20,4.51,3.14,4.06,0.92,,,,,,24.88,89.2622,99.16
2007-11-21,4.50,2.99,4.00,1.01,,,,,,26.84,89.3352,98.57
2007-11-22,4.50,,,,,,,,,,89.3269,
2007-11-23,4.56,3.07,4.01,0.94,,,,,,25.61,89.2384,98.24
2007-11-24,4.56,,,,,,,,,,,
2007-11-25,4.56,,,,,,,,,,,
2007-11-26,4.62,2.92,3.83,0.91,,,,,,28.91,89.145,97.66
2007-11-27,4.39,3.05,3.95,0.90,,,,,,26.28,89.4082,94.39
2007-11-28,4.53,3.17,4.03,0.86,,,,,,24.11,89.4195,90.71
2007-11-29,4.55,3.06,3.94,0.88,,,,,,23.97,89.3681,90.98
2007-11-30,4.66,3.04,3.97,0.93,,,,,,22.87,89.6212,88.60
2007-12-01,4.66,,,,211.445,213.168,86.92,5.0,138395,,,
2007-12-02,4.66,,,,,,,,,,,
2007-12-03,4.52,2.90,3.89,0.99,,,,,,23.61,89.6403,89.29
2007-12-04,4.50,2.90,3.89,0.99,,,,,,23.79,89.6672,88.31
2007-12-05,4.31,2.90,3.92,1.02,,,,,,22.53,89.8751,87.45
2007-12-06,4.49,3.03,4.02,0.99,,,,,,20.96,89.9268,90.25
2007-12-07,4.41,3.12,4.12,1.00,,,,,,20.85,89.74,88.23
2007-12-08,4.41,,,,,,,,,,,
2007-12-09,4.41,,,,,,,,,,,
2007-12-10,4.46,3.17,4.15,0.98,,,,,,20.74,89.6811,87.72
2007-12-11,4.29,2.94,3.98,1.04,,,,,,23.59,89.7176,90.12
2007-12-12,4.28,3.07,4.05,0.98,,,,,,22.47,89.7349,94.41
2007-12-13,4.30,3.21,4.18,0.97,,,,,,22.56,90.1374,92.35
2007-12-14,4.24,3.31,4.24,0.93,,,,,,23.27,90.4345,91.31
2007-12-15,4.24,,,,,,,,,,,
2007-12-16,4.24,,,,,,,,,,,
2007-12-17,4.31,3.24,4.20,0.96,,,,,,24.52,90.5363,90.69
2007-12-18,4.16,3.19,4.14,0.95,,,,,,22.64,90.5602,89.93
2007-12-19,3.98,3.12,4.06,0.94,,,,,,21.68,90.6147,91.11
2007-12-20,4.37,3.09,4.04,0.95,,,,,,20.58,90.4695,90.88
2007-12-21,4.28,3.19,4.18,0.99,,,,,,18.47,90.3672,93.19
2007-12-22,4.28,,,,,,,,,,,
2007-12-23,4.28,,,,,,,,,,,
2007-12-24,4.00,3.24,4.23,0.99,,,,,,18.60,90.1788,94.00
2007-12-25,4.00,,,,,,,,,,90.1786,
2007-12-26,4.26,3.31,4.30,0.99,,,,,,18.66,89.9226,95.89
2007-12-27,4.15,3.24,4.21,0.97,,,,,,20.26,89.684,96.63
2007-12-28,4.01,3.12,4.11,0.99,,,,,,20.74,89.4069,96.03
2007-12-29,4.01,,,,,,,,,,,
2007-12-30,4.01,,,,,,,,,,,
2007-12-31,3.06,3.05,4.04,0.99,,,,,,22.50,89.6304,95.95
2008-01-01,3.06,,,,212.174,213.771,87.093,5.0,138391,,89.6297,
2008-01-02,4.11,2.88,3.91,1.03,,,,,,23.17,89.3514,99.64
2008-01-03,4.25,2.83,3.91,1.08,,,,,,22.49,89.231,99.17
2008-01-04,4.18,2.74,3.88,1.14,,,,,,23.94,89.2467,97.90
2008-01-05,4.18,,,,,,,,,,,
2008-01-06,4.18,,,,,,,,,,,
2008-01-07,4.27,2.76,3.86,1.10,,,,,,23.79,89.5718,95.08
2008-01-08,4.27,2.76,3.86,1.10,,,,,,25.43,89.3398,96.43
2008-01-09,4.26,2.69,3.82,1.13,,,,,,24.12,89.6807,95.64
2008-01-10,4.26,2.71,3.91,1.20,,,,,,23.45,89.6226,93.92
2008-01-11,4.23,2.59,3.82,1.23,,,,,,23.68,89.5215,92.74
2008-01-12,4.23,,,,,,,,,,,
2008-01-13,4.23,,,,,,,,,,,
2008-01-14,4.24,2.58,3.81,1.23,,,,,,22.90,89.2749,94.23
2008-01-15,4.24,2.53,3.72,1.19,,,,,,23.34,89.1555,91.87
2008-01-16,4.22,2.51,3.74,1.23,,,,,,24.38,89.6701,90.80
2008-01-17,4.23,2.44,3.66,1.22,,,,,,28.46,89.6484,90.11
2008-01-18,4.17,2.36,3.66,1.30,,,,,,27.18,89.8993,90.55
2008-01-19,4.17,,,,,,,,,,,
2008-01-20,4.17,,,,,,,,,,,
2008-01-21,4.17,,,,,,,,,,89.9265,
2008-01-22,3.68,2.08,3.52,1.44,,,,,,31.01,89.84,89.64
2008-01-23,3.43,2.09,3.51,1.42,,,,,,29.02,89.9138,87.65
2008-01-24,3.47,2.25,3.68,1.43,,,,,,27.78,89.203,89.98
2008-01-25,3.60,2.23,3.61,1.38,,,,,,29.08,89.2184,90.37
2008-01-26,3.60,,,,,,,,,,,
2008-01-27,3.60,,,,,,,,,,,
2008-01-28,3.50,2.20,3.61,1.41,,,,,,27.78,88.9555,90.99
2008-01-29,3.47,2.29,3.69,1.40,,,,,,27.32,88.8342,91.66
2008-01-30,3.26,2.30,3.78,1.48,,,,,,27.62,88.7442,92.34
2008-01-31,3.22,2.17,3.67,1.50,,,,,,26.20,88.6547,91.67
2008-02-01,3.12,2.09,3.62,1.53,212.687,213.939,87.178,4.9,138329,24.02,88.4824,89.03
2008-02-02,3.12,,,,,,,,,,,
2008-02-03,3.12,,,,,,,,,,,
2008-02-04,2.82,2.08,3.68,1.60,,,,,,25.99,88.4788,90.07
2008-02-05,2.71,1.93,3.61,1.68,,,,,,28.24,89.076,88.32
2008-02-06,2.94,1.96,3.61,1.65,,,,,,28.97,88.9987,87.16
2008-02-07,3.03,1.99,3.74,1.75,,,,,,27.66,89.4221,88.07
2008-02-08,3.05,1.93,3.64,1.71,,,,,,28.01,89.2226,91.77
2008-02-09,3.05,,,,,,,,,,,
2008-02-10,3.05,,,,,,,,,,,
2008-02-11,2.88,1.93,3.62,1.69,,,,,,27.60,89.2149,93.56
2008-02-12,2.91,1.94,3.66,1.72,,,,,,26.33,88.9539,92.82
2008-02-13,3.02,1.91,3.70,1.79,,,,,,24.88,89.1382,93.28
2008-02-14,3.03,1.93,3.85,1.92,,,,,,25.54,88.9055,95.42
2008-02-15,2.97,1.91,3.76,1.85,,,,,,25.02,88.9006,95.57
2008-02-16,2.97,,,,,,,,,,,
2008-02-17,2.97,,,,,,,,,,,
2008-02-18,2.97,,,,,,,,,,88.9004,
2008-02-19,2.94,2.06,3.89,1.83,,,,,,25.59,88.9626,99.99
2008-02-20,3.00,2.14,3.93,1.79,,,,,,24.40,89.2572,100.86
2008-02-21,3.01,1.98,3.77,1.79,,,,,,25.12,88.716,98.57
2008-02-22,2.97,1.98,3.79,1.81,,,,,,24.06,88.7082,99.03
2008-02-23,2.97,,,,,,,,,,,
2008-02-24,2.97,,,,,,,,,,,
2008-02-25,3.00,2.13,3.91,1.78,,,,,,23.03,88.5373,99.40
2008-02-26,2.85,2.04,3.88,1.84,,,,,,21.90,88.0998,100.83
2008-02-27,2.93,2.01,3.85,1.84,,,,,,22.69,87.3353,99.59
2008-02-28,3.06,1.87,3.71,1.84,,,,,,23.53,87.0363,102.60
2008-02-29,3.01,1.65,3.53,1.88,,,,,,26.54,87.1654,101.78
2008-03-01,3.01,,,,213.448,214.420,87.349,5.1,138259,,,
2008-03-02,3.01,,,,,,,,,,,
2008-03-03,3.10,1.61,3.54,1.93,,,,,,26.28,87.2381,102.42
2008-03-04,2.90,1.65,3.63,1.98,,,,,,25.52,87.3039,99.72
2008-03-05,2.93,1.66,3.70,2.04,,,,,,24.60,87.1347,104.45
2008-03-06,2.99,1.53,3.62,2.09,,,,,,27.55,86.9105,105.51
2008-03-07,2.96,1.53,3.56,2.03,,,,,,27.49,87.1258,105.12
2008-03-08,2.96,,,,,,,,,,,
2008-03-09,2.96,,,,,,,,,,,
2008-03-10,2.99,1.47,3.46,1.99,,,,,,29.38,87.1452,107.90
2008-03-11,2.95,1.74,3.60,1.86,,,,,,26.36,87.1763,108.73
2008-03-12,2.97,1.63,3.49,1.86,,,,,,27.22,86.728,109.86
2008-03-13,2.98,1.63,3.56,1.93,,,,,,27.29,86.3891,110.21
2008-03-14,2.99,1.47,3.44,1.97,,,,,,31.16,86.4301,110.03
2008-03-15,2.99,,,,,,,,,,,
2008-03-16,2.99,,,,,,,,,,,
2008-03-17,2.69,1.35,3.34,1.99,,,,,,32.24,86.3417,105.74
2008-03-18,2.16,1.58,3.48,1.90,,,,,,25.79,86.1191,109.57
2008-03-19,2.08,1.54,3.38,1.84,,,,,,29.84,86.5755,103.25
2008-03-20,2.22,1.59,3.34,1.75,,,,,,26.62,87.3293,102.57
2008-03-21,2.08,,,,,,,,,,87.2111,
2008-03-22,2.08,,,,,,,,,,,
2008-03-23,2.08,,,,,,,,,,,
2008-03-24,2.08,1.84,3.56,1.72,,,,,,25.73,87.3103,101.70
2008-03-25,2.42,1.79,3.51,1.72,,,,,,25.72,86.8339,101.78
2008-03-26,2.30,1.71,3.51,1.80,,,,,,26.08,86.5513,105.83
2008-03-27,2.27,1.73,3.56,1.83,,,,,,25.88,86.4583,107.56
2008-03-28,2.09,1.67,3.47,1.80,,,,,,25.71,86.6369,105.59
2008-03-29,2.09,,,,,,,,,,,
2008-03-30,2.09,,,,,,,,,,,
2008-03-31,2.51,1.62,3.45,1.83,,,,,,25.61,86.6881,101.54
2008-04-01,2.38,1.80,3.57,1.77,213.942,214.560,87.4,5.0,138040,22.68,87.0276,100.92
2008-04-02,2.18,1.88,3.60,1.72,,,,,,23.43,86.8886,104.83
2008-04-03,2.19,1.91,3.61,1.70,,,,,,23.21,86.6424,103.92
2008-04-04,2.26,1.83,3.50,1.67,,,,,,22.45,86.5108,106.09
2008-04-05,2.26,,,,,,,,,,,
2008-04-06,2.26,,,,,,,,,,,
2008-04-07,2.24,1.95,3.57,1.62,,,,,,22.42,86.603,108.91
2008-04-08,2.23,1.87,3.58,1.71,,,,,,22.36,86.7369,108.54
2008-04-09,2.20,1.77,3.49,1.72,,,,,,22.81,86.5764,110.89
2008-04-10,2.30,1.84,3.55,1.71,,,,,,21.98,86.5131,110.07
2008-04-11,2.37,1.76,3.49,1.73,,,,,,23.46,86.5029,110.14
2008-04-12,2.37,,,,,,,,,,,
2008-04-13,2.37,,,,,,,,,,,
2008-04-14,2.32,1.78,3.53,1.75,,,,,,23.82,86.3492,111.71
2008-04-15,2.32,1.84,3.60,1.76,,,,,,22.78,86.4705,113.77
2008-04-16,2.35,1.98,3.72,1.74,,,,,,20.53,85.9037,114.80
2008-04-17,2.37,2.13,3.75,1.62,,,,,,20.37,86.1077,114.80
2008-04-18,2.32,2.19,3.77,1.58,,,,,,20.13,86.5277,116.56
2008-04-19,2.32,,,,,,,,,,,
2008-04-20,2.32,,,,,,,,,,,
2008-04-21,2.28,2.20,3.75,1.55,,,,,,20.50,86.2979,117.48
2008-04-22,1.99,2.24,3.74,1.50,,,,,,20.87,85.927,119.17
2008-04-23,2.18,2.22,3.77,1.55,,,,,,20.26,86.3841,119.28
2008-04-24,2.26,2.41,3.87,1.46,,,,,,20.06,86.7154,117.10
2008-04-25,2.28,2.44,3.91,1.47,,,,,,19.59,86.8337,119.64
2008-04-26,2.28,,,,,,,,,,,
2008-04-27,2.28,,,,,,,,,,,
2008-04-28,2.29,2.36,3.86,1.50,,,,,,19.64,86.7635,118.78
2008-04-29,2.21,2.35,3.85,1.50,,,,,,20.24,86.873,115.67
2008-04-30,2.37,2.29,3.77,1.48,,,,,,20.79,86.8907,113.70
2008-05-01,2.16,2.37,3.78,1.41,215.208,214.936,87.559,5.4,137851,18.88,87.1347,112.60
2008-05-02,1.88,2.47,3.89,1.42,,,,,,18.18,87.2311,116.36
2008-05-03,1.88,,,,,,,,,,,
2008-05-04,1.88,,,,,,,,,,,
2008-05-05,1.85,2.42,3.88,1.46,,,,,,18.90,87.0636,119.94
2008-05-06,1.91,2.38,3.93,1.55,,,,,,18.21,86.847,121.82
2008-05-07,2.01,2.31,3.87,1.56,,,,,,19.73,87.3421,123.56
2008-05-08,1.99,2.25,3.79,1.54,,,,,,19.40,87.4575,123.77
2008-05-09,1.97,2.25,3.77,1.52,,,,,,19.41,87.2528,125.94
2008-05-10,1.97,,,,,,,,,,,
2008-05-11,1.97,,,,,,,,,,,
2008-05-12,1.88,2.30,3.78,1.48,,,,,,17.79,87.0403,124.02
2008-05-13,1.93,2.47,3.90,1.43,,,,,,17.98,87.1332,125.83
2008-05-14,2.03,2.53,3.92,1.39,,,,,,17.66,87.3659,124.21
2008-05-15,2.03,2.45,3.83,1.38,,,,,,16.30,87.1823,124.25
2008-05-16,1.91,2.47,3.85,1.38,,,,,,16.47,86.7855,126.50
2008-05-17,1.91,,,,,,,,,,,
2008-05-18,1.91,,,,,,,,,,,
2008-05-19,1.95,2.42,3.83,1.41,,,,,,17.01,86.8225,127.15
2008-05-20,1.99,2.34,3.78,1.44,,,,,,17.58,86.5627,128.93
2008-05-21,2.03,2.41,3.81,1.40,,,,,,18.59,86.1595,132.99
2008-05-22,2.05,2.56,3.92,1.36,,,,,,18.05,86.3223,130.04
2008-05-23,1.99,2.46,3.85,1.39,,,,,,19.55,86.1922,131.58
2008-05-24,1.99,,,,,,,,,,,
2008-05-25,1.99,,,,,,,,,,,
2008-05-26,1.99,,,,,,,,,,86.19,
2008-05-27,2.23,2.55,3.93,1.38,,,,,,19.64,86.4459,128.81
2008-05-28,2.08,2.62,4.03,1.41,,,,,,19.07,86.4951,131.00
2008-05-29,2.01,2.67,4.08,1.41,,,,,,18.14,86.5616,126.70
2008-05-30,1.98,2.66,4.06,1.40,,,,,,17.83,86.5504,127.35
2008-05-31,1.98,,,,,,,,,,,
2008-06-01,1.98,,,,217.463,215.424,87.76,5.6,137700,,,
2008-06-02,2.06,2.51,3.98,1.47,,,,,,19.83,86.6321,127.75
2008-06-03,1.95,2.45,3.92,1.47,,,,,,20.24,86.8359,124.33
2008-06-04,1.98,2.47,3.98,1.51,,,,,,20.80,87.0999,122.30
2008-06-05,1.98,2.52,4.06,1.54,,,,,,18.63,87.0968,127.93
2008-06-06,2.01,2.40,3.94,1.54,,,,,,23.56,86.8028,138.51
2008-06-07,2.01,,,,,,,,,,,
2008-06-08,2.01,,,,,,,,,,,
2008-06-09,2.02,2.73,4.02,1.29,,,,,,23.12,86.9096,134.44
2008-06-10,1.96,2.91,4.11,1.20,,,,,,23.18,87.4705,131.38
2008-06-11,1.95,2.83,4.10,1.27,,,,,,24.12,87.2059,136.43
2008-06-12,2.01,3.03,4.23,1.20,,,,,,23.33,87.6187,136.91
2008-06-13,2.02,3.05,4.27,1.22,,,,,,21.22,87.7622,134.84
2008-06-14,2.02,,,,,,,,,,,
2008-06-15,2.02,,,,,,,,,,,
2008-06-16,2.06,3.02,4.25,1.23,,,,,,20.95,87.3911,134.52
2008-06-17,1.87,2.94,4.23,1.29,,,,,,21.13,87.2103,133.99
2008-06-18,1.84,2.89,4.16,1.27,,,,,,22.24,87.1872,136.54
2008-06-19,1.94,2.99,4.22,1.23,,,,,,21.58,87.0815,131.88
2008-06-20,1.99,2.88,4.16,1.28,,,,,,22.87,86.9036,134.78
2008-06-21,1.99,,,,,,,,,,,
2008-06-22,1.99,,,,,,,,,,,
2008-06-23,1.98,2.98,4.19,1.21,,,,,,22.64,87.2163,135.98
2008-06-24,1.93,2.87,4.10,1.23,,,,,,22.42,86.9666,136.49
2008-06-25,1.97,2.82,4.12,1.30,,,,,,21.14,87.0535,133.92
2008-06-26,2.05,2.68,4.07,1.39,,,,,,23.93,86.6793,138.91
2008-06-27,1.99,2.65,3.99,1.34,,,,,,23.44,86.643,139.69
2008-06-28,1.99,,,,,,,,,,,
2008-06-29,1.99,,,,,,,,,,,
2008-06-30,2.47,2.63,3.99,1.36,,,,,,23.95,86.7621,139.96
2008-07-01,2.11,2.63,4.01,1.38,219.016,215.965,87.918,5.8,137497,23.65,86.8447,141.06
2008-07-02,1.95,2.60,3.99,1.39,,,,,,25.92,86.4782,143.74
2008-07-03,1.92,2.54,3.99,1.45,,,,,,24.79,86.8843,145.31
2008-07-04,1.92,,,,,,,,,,86.8781,
2008-07-05,1.92,,,,,,,,,,,
2008-07-06,1.92,,,,,,,,,,,
2008-07-07,1.99,2.47,3.95,1.48,,,,,,25.78,86.9617,141.38
2008-07-08,1.97,2.47,3.91,1.44,,,,,,23.15,86.9778,136.06
2008-07-09,1.99,2.41,3.85,1.44,,,,,,25.23,86.5335,135.88
2008-07-10,2.01,2.44,3.83,1.39,,,,,,25.59,86.5122,141.47
2008-07-11,1.97,2.59,3.96,1.37,,,,,,27.49,86.221,144.96
2008-07-12,1.97,,,,,,,,,,,
2008-07-13,1.97,,,,,,,,,,,
2008-07-14,2.06,2.47,3.90,1.43,,,,,,28.48,86.1079,145.16
2008-07-15,2.16,2.39,3.87,1.48,,,,,,28.54,85.8731,138.68
2008-07-16,1.95,2.44,3.97,1.53,,,,,,25.10,85.9285,134.63
2008-07-17,2.03,2.58,4.07,1.49,,,,,,25.01,85.9387,129.43
2008-07-18,1.96,2.66,4.11,1.45,,,,,,24.05,86.0735,128.94
2008-07-19,1.96,,,,,,,,,,,
2008-07-20,1.96,,,,,,,,,,,
2008-07-21,1.98,2.66,4.09,1.43,,,,,,23.05,86.0151,131.43
2008-07-22,1.97,2.74,4.14,1.40,,,,,,21.18,86.1909,127.25
2008-07-23,2.04,2.81,4.16,1.35,,,,,,21.31,86.2664,123.73
2008-07-24,2.06,2.61,4.03,1.42,,,,,,23.44,86.4017,124.62
2008-07-25,2.13,2.70,4.13,1.43,,,,,,22.91,86.3916,122.59
2008-07-26,2.13,,,,,,,,,,,
2008-07-27,2.13,,,,,,,,,,,
2008-07-28,2.00,2.59,4.06,1.47,,,,,,24.23,86.4666,124.72
2008-07-29,2.05,2.65,4.09,1.44,,,,,,22.03,86.8175,122.21
2008-07-30,2.03,2.64,4.07,1.43,,,,,,21.21,86.8167,126.74
2008-07-31,2.09,2.52,3.99,1.47,,,,,,22.94,86.8567,124.17
2008-08-01,2.04,2.51,3.97,1.46,218.690,216.393,88.026,6.1,137211,22.57,86.8257,125.03
2008-08-02,2.04,,,,,,,,,,,
2008-08-03,2.04,,,,,,,,,,,
2008-08-04,1.97,2.53,3.98,1.45,,,,,,23.49,87.0611,121.45
2008-08-05,1.97,2.54,4.04,1.50,,,,,,21.14,87.3281,118.71
2008-08-06,2.01,2.56,4.06,1.50,,,,,,20.23,87.6004,118.57
2008-08-07,1.96,2.43,3.92,1.49,,,,,,21.15,87.8732,119.84
2008-08-08,2.01,2.51,3.94,1.43,,,,,,20.66,88.8939,115.42
2008-08-09,2.01,,,,,,,,,,,
2008-08-10,2.01,,,,,,,,,,,
2008-08-11,1.99,2.56,3.99,1.43,,,,,,20.12,89.035,114.44
2008-08-12,1.95,2.45,3.91,1.46,,,,,,21.17,89.1916,113.10
2008-08-13,1.98,2.50,3.94,1.44,,,,,,21.55,89.3211,115.96
2008-08-14,2.09,2.45,3.89,1.44,,,,,,20.34,89.3675,115.05
2008-08-15,2.08,2.40,3.84,1.44,,,,,,19.58,89.7244,113.46
2008-08-16,2.08,,,,,,,,,,,
2008-08-17,2.08,,,,,,,,,,,
2008-08-18,1.91,2.35,3.82,1.47,,,,,,20.98,89.5966,112.92
2008-08-19,1.94,2.32,3.83,1.51,,,,,,21.28,89.6465,114.39
2008-08-20,1.98,2.25,3.79,1.54,,,,,,20.42,89.6977,115.48
2008-08-21,2.01,2.33,3.84,1.51,,,,,,19.82,88.9128,121.23
2008-08-22,2.02,2.42,3.87,1.45,,,,,,18.81,89.2381,114.48
2008-08-23,2.02,,,,,,,,,,,
2008-08-24,2.02,,,,,,,,,,,
2008-08-25,2.01,2.33,3.79,1.46,,,,,,20.97,89.3094,114.85
2008-08-26,1.88,2.35,3.79,1.44,,,,,,20.49,89.7007,116.31
2008-08-27,1.98,2.31,3.77,1.46,,,,,,19.76,89.6419,118.17
2008-08-28,1.99,2.37,3.79,1.42,,,,,,19.43,89.8225,115.58
2008-08-29,1.94,2.36,3.83,1.47,,,,,,20.65,90.0567,115.55
2008-08-30,1.94,,,,,,,,,,,
2008-08-31,1.94,,,,,,,,,,,
2008-09-01,1.94,,,,218.877,216.713,88.116,6.1,136760,,90.08,
2008-09-02,1.96,2.26,3.74,1.48,,,,,,21.99,90.8438,109.63
2008-09-03,2.01,2.26,3.71,1.45,,,,,,21.43,90.8286,109.38
2008-09-04,1.99,2.20,3.64,1.44,,,,,,24.03,91.1621,107.99
2008-09-05,1.97,2.23,3.66,1.43,,,,,,23.06,91.341,106.47
2008-09-06,1.97,,,,,,,,,,,
2008-09-07,1.97,,,,,,,,,,,
2008-09-08,1.92,2.30,3.66,1.36,,,,,,22.64,91.663,106.35
2008-09-09,1.96,2.23,3.62,1.39,,,,,,25.47,91.5779,103.23
2008-09-10,2.12,2.22,3.65,1.43,,,,,,24.52,92.1283,102.66
2008-09-11,2.00,2.18,3.64,1.46,,,,,,24.39,92.4901,100.95
2008-09-12,2.10,2.23,3.74,1.51,,,,,,25.66,91.4706,101.19
2008-09-13,2.10,,,,,,,,,,,
2008-09-14,2.10,,,,,,,,,,,
2008-09-15,2.64,1.78,3.47,1.69,,,,,,31.70,91.757,95.52
2008-09-16,1.98,1.89,3.48,1.59,,,,,,30.3,92.0594,91.49
2008-09-17,2.80,1.64,3.41,1.77,,,,,,36.22,92.0982,97.39
2008-09-18,2.16,1.78,3.54,1.76,,,,,,33.10,91.7111,97.50
2008-09-19,1.48,2.16,3.78,1.62,,,,,,32.07,91.0014,104.05
2008-09-20,1.48,,,,,,,,,,,
2008-09-21,1.48,,,,,,,,,,,
2008-09-22,1.51,2.13,3.83,1.70,,,,,,33.85,90.1119,122.61
2008-09-23,1.46,2.11,3.85,1.74,,,,,,35.72,90.1221,107.85
2008-09-24,1.19,2.03,3.80,1.77,,,,,,35.19,90.4602,106.84
2008-09-25,1.23,2.16,3.88,1.72,,,,,,32.82,90.4651,111.54
2008-09-26,1.08,2.11,3.85,1.74,,,,,,34.74,90.6872,106.77
2008-09-27,1.08,,,,,,,,,,,
2008-09-28,1.08,,,,,,,,,,,
2008-09-29,1.56,1.70,3.61,1.91,,,,,,46.72,91.3961,96.29
2008-09-30,2.03,2.00,3.85,1.85,,,,,,39.39,92.3773,100.70
2008-10-01,1.15,1.82,3.77,1.95,216.995,216.788,87.991,6.5,136291,39.81,92.511,98.23
2008-10-02,0.67,1.62,3.66,2.04,,,,,,45.26,93.3792,93.84
2008-10-03,1.10,1.60,3.63,2.03,,,,,,45.14,93.5414,93.91
2008-10-04,1.10,,,,,,,,,,,
2008-10-05,1.10,,,,,,,,,,,
2008-10-06,1.96,1.43,3.48,2.05,,,,,,52.05,95.1629,88.15
2008-10-07,2.97,1.47,3.50,2.03,,,,,,53.68,95.4889,90.18
2008-10-08,2.24,1.65,3.72,2.07,,,,,,57.53,96.9684,88.94
2008-10-09,1.40,1.65,3.84,2.19,,,,,,63.92,96.5143,86.50
2008-10-10,0.79,1.62,3.89,2.27,,,,,,69.95,97.999,77.44
2008-10-11,0.79,,,,,,,,,,,
2008-10-12,0.79,,,,,,,,,,,
2008-10-13,0.79,,,,,,,,,54.99,97.9686,81.17
2008-10-14,1.10,1.82,4.08,2.26,,,,,,55.13,96.2544,78.69
2008-10-15,1.04,1.64,4.04,2.40,,,,,,69.25,97.2045,74.38
2008-10-16,0.83,1.61,3.99,2.38,,,,,,67.61,98.368,69.81
2008-10-17,0.60,1.64,3.98,2.34,,,,,,70.33,97.7255,71.90
2008-10-18,0.60,,,,,,,,,,,
2008-10-19,0.60,,,,,,,,,,,
2008-10-20,0.70,1.71,3.91,2.20,,,,,,52.97,98.1605,74.08
2008-10-21,0.67,1.58,3.76,2.18,,,,,,53.11,99.4242,71.29
2008-10-22,0.81,1.53,3.65,2.12,,,,,,69.65,101.2131,66.92
2008-10-23,0.93,1.54,3.63,2.09,,,,,,67.80,101.1071,67.17
2008-10-24,0.95,1.57,3.76,2.19,,,,,,79.13,101.8442,63.34
2008-10-25,0.95,,,,,,,,,,,
2008-10-26,0.95,,,,,,,,,,,
2008-10-27,0.92,1.59,3.79,2.20,,,,,,80.06,102.3415,61.92
2008-10-28,0.67,1.65,3.89,2.24,,,,,,66.96,102.4236,62.80
2008-10-29,0.36,1.58,3.93,2.35,,,,,,69.96,100.0967,67.45
2008-10-30,0.30,1.59,4.00,2.41,,,,,,62.90,99.4568,65.79
2008-10-31,0.22,1.56,4.01,2.45,,,,,,59.89,99.7662,68.10
2008-11-01,0.22,,,,213.153,216.947,87.952,6.8,135541,,,
2008-11-02,0.22,,,,,,,,,,,
2008-11-03,0.23,1.45,3.96,2.51,,,,,,53.68,99.4345,63.93
2008-11-04,0.23,1.39,3.81,2.42,,,,,,47.73,97.9957,70.41
2008-11-05,0.23,1.36,3.73,2.37,,,,,,54.56,98.0953,65.41
2008-11-06,0.23,1.28,3.75,2.47,,,,,,63.68,99.5364,60.72
2008-11-07,0.27,1.33,3.83,2.50,,,,,,56.10,99.3944,61.06
2008-11-08,0.27,,,,,,,,,,,
2008-11-09,0.27,,,,,,,,,,,
2008-11-10,0.29,1.27,3.82,2.55,,,,,,59.98,99.5897,62.19
2008-11-11,0.29,,,,,,,,,61.44,99.6041,59.38
2008-11-12,0.35,1.19,3.75,2.56,,,,,,66.46,101.1947,55.95
2008-11-13,0.35,1.24,3.84,2.60,,,,,,59.83,101.774,58.31
2008-11-14,0.34,1.22,3.72,2.50,,,,,,66.31,100.9705,57.18
2008-11-15,0.34,,,,,,,,,,,
2008-11-16,0.34,,,,,,,,,,,
2008-11-17,0.37,1.22,3.68,2.46,,,,,,69.15,101.1029,55.14
2008-11-18,0.38,1.15,3.53,2.38,,,,,,67.64,101.3965,54.42
2008-11-19,0.38,1.09,3.38,2.29,,,,,,74.26,101.8804,53.64
2008-11-20,0.49,1.00,3.10,2.10,,,,,,80.86,103.2737,48.86
2008-11-21,0.57,1.09,3.20,2.11,,,,,,72.67,103.6289,49.22
2008-11-22,0.57,,,,,,,,,,,
2008-11-23,0.57,,,,,,,,,,,
2008-11-24,0.62,1.31,3.35,2.04,,,,,,64.70,101.502,53.63
2008-11-25,0.59,1.15,3.11,1.96,,,,,,60.90,100.7997,50.02
2008-11-26,0.53,1.09,2.99,1.90,,,,,,54.92,101.2566,54.20
2008-11-27,0.53,,,,,,,,,,101.2564,
2008-11-28,0.52,1.00,2.93,1.93,,,,,,55.84,101.6468,55.21
2008-11-29,0.52,,,,,,,,,,,
2008-11-30,0.52,,,,,,,,,,,
2008-12-01,0.52,0.90,2.72,1.82,211.398,216.925,87.909,7.3,134847,68.51,102.1744,49.34
2008-12-02,0.47,0.90,2.68,1.78,,,,,,62.98,101.9891,47.05
2008-12-03,0.36,0.87,2.67,1.80,,,,,,60.72,102.4251,46.79
2008-12-04,0.20,0.82,2.55,1.73,,,,,,63.64,102.0715,43.80
2008-12-05,0.12,0.93,2.67,1.74,,,,,,59.93,103.4902,41.01
2008-12-06,0.12,,,,,,,,,,,
2008-12-07,0.12,,,,,,,,,,,
2008-12-08,0.12,0.97,2.77,1.80,,,,,,58.49,101.7227,43.69
2008-12-09,0.13,0.84,2.67,1.83,,,,,,58.91,101.7346,42.00
2008-12-10,0.11,0.86,2.69,1.83,,,,,,55.73,101.2913,43.10
2008-12-11,0.14,0.79,2.64,1.85,,,,,,55.78,99.5101,47.77
2008-12-12,0.15,0.78,2.60,1.82,,,,,,54.28,100.319,46.27
2008-12-13,0.15,,,,,,,,,,,
2008-12-14,0.15,,,,,,,,,,,
2008-12-15,0.18,0.75,2.53,1.78,,,,,,56.76,99.1001,44.61
2008-12-16,0.17,0.65,2.37,1.72,,,,,,52.37,98.4771,43.84
2008-12-17,0.12,0.73,2.20,1.47,,,,,,49.84,96.8227,40.17
2008-12-18,0.11,0.68,2.08,1.40,,,,,,47.34,96.8447,36.73
2008-12-19,0.11,0.74,2.13,1.39,,,,,,44.93,98.1278,33.17
2008-12-20,0.11,,,,,,,,,,,
2008-12-21,0.11,,,,,,,,,,,
2008-12-22,0.11,0.87,2.16,1.29,,,,,,44.56,98.1643,31.10
2008-12-23,0.11,0.90,2.18,1.28,,,,,,45.02,98.2698,30.28
2008-12-24,0.11,0.90,2.20,1.30,,,,,,44.21,98.2249,32.94
2008-12-25,0.11,,,,,,,,,,98.2419,
2008-12-26,0.09,0.89,2.16,1.27,,,,,,43.38,98.2594,37.58
2008-12-27,0.09,,,,,,,,,,,
2008-12-28,0.09,,,,,,,,,,,
2008-12-29,0.10,0.78,2.13,1.35,,,,,,43.90,97.9359,39.89
2008-12-30,0.09,0.75,2.11,1.36,,,,,,41.63,98.3833,38.95
2008-12-31,0.14,0.76,2.25,1.49,,,,,,40.00,98.6518,44.60
2009-01-01,0.14,,,,211.933,217.346,87.882,7.8,134079,,,
2009-01-02,0.08,0.88,2.46,1.58,,,,,,39.19,98.6008,46.17
2009-01-03,0.08,,,,,,,,,,,
2009-01-04,0.08,,,,,,,,,,,
2009-01-05,0.11,0.78,2.49,1.71,,,,,,39.08,98.9195,48.61
2009-01-06,0.09,0.80,2.51,1.71,,,,,,38.56,98.7871,48.56
2009-01-07,0.11,0.82,2.52,1.70,,,,,,43.39,98.089,42.75
2009-01-08,0.10,0.83,2.47,1.64,,,,,,42.56,98.3223,41.68
2009-01-09,0.09,0.75,2.43,1.68,,,,,,42.82,98.8752,40.69
2009-01-10,0.09,,,,,,,,,,,
2009-01-11,0.09,,,,,,,,,,,
2009-01-12,0.10,0.74,2.34,1.60,,,,,,45.84,99.6022,37.65
2009-01-13,0.10,0.76,2.33,1.57,,,,,,43.27,100.3597,37.77
2009-01-14,0.15,0.73,2.24,1.51,,,,,,49.14,100.7546,37.43
2009-01-15,0.18,0.73,2.23,1.50,,,,,,51.00,101.4653,35.41
2009-01-16,0.19,0.73,2.36,1.63,,,,,,46.11,100.711,35.38
2009-01-17,0.19,,,,,,,,,,,
2009-01-18,0.19,,,,,,,,,,,
2009-01-19,0.19,,,,,,,,,,,
2009-01-20,0.20,0.73,2.40,1.67,,,,,,56.65,,38.57
2009-01-21,0.23,0.78,2.56,1.78,,,,,,46.42,102.1007,42.56
2009-01-22,0.21,0.75,2.62,1.87,,,,,,47.29,101.8432,42.33
2009-01-23,0.18,0.83,2.65,1.82,,,,,,47.27,102.1096,45.12
2009-01-24,0.18,,,,,,,,,,,
2009-01-25,0.18,,,,,,,,,,,
2009-01-26,0.19,0.85,2.70,1.85,,,,,,45.69,100.9764,46.50
2009-01-27,0.18,0.87,2.59,1.72,,,,,,42.25,101.1702,41.67
2009-01-28,0.19,0.89,2.71,1.82,,,,,,39.66,100.5461,42.04
2009-01-29,0.23,0.95,2.87,1.92,,,,,,42.63,101.3398,41.58
2009-01-30,0.23,0.94,2.87,1.93,,,,,,44.84,102.1169,41.73
2009-01-31,0.23,,,,,,,,,,,
2009-02-01,0.23,,,,212.705,217.792,87.952,8.3,133318,,,
2009-02-02,0.24,0.89,2.76,1.87,,,,,,45.52,102.5067,41.35
2009-02-03,0.24,0.96,2.89,1.93,,,,,,43.06,101.8506,40.87
2009-02-04,0.24,0.98,2.95,1.97,,,,,,43.85,101.9056,40.27
2009-02-05,0.23,0.98,2.95,1.97,,,,,,43.73,101.9517,41.15
2009-02-06,0.23,0.99,3.05,2.06,,,,,,43.37,101.7455,40.24
2009-02-07,0.23,,,,,,,,,,,
2009-02-08,0.23,,,,,,,,,,,
2009-02-09,0.22,1.05,3.07,2.02,,,,,,43.64,100.9637,39.58
2009-02-10,0.24,0.92,2.90,1.98,,,,,,46.67,101.7094,37.54
2009-02-11,0.22,0.93,2.78,1.85,,,,,,44.53,102.24,35.93
2009-02-12,0.23,0.89,2.75,1.86,,,,,,41.25,102.598,34.03
2009-02-13,0.22,0.97,2.89,1.92,,,,,,42.93,102.2958,37.63
2009-02-14,0.22,,,,,,,,,,,
2009-02-15,0.22,,,,,,,,,,,
2009-02-16,0.22,,,,,,,,,,,
2009-02-17,0.25,0.87,2.64,1.77,,,,,,48.66,103.7625,34.96
2009-02-18,0.23,0.97,2.74,1.77,,,,,,48.46,104.0385,34.67
2009-02-19,0.21,1.01,2.85,1.84,,,,,,47.08,103.7656,39.60
2009-02-20,0.20,0.96,2.78,1.82,,,,,,49.30,104.0244,39.35
2009-02-21,0.20,,,,,,,,,,,
2009-02-22,0.20,,,,,,,,,,,
2009-02-23,0.19,0.96,2.78,1.82,,,,,,52.62,103.7416,37.66
2009-02-24,0.21,1.03,2.80,1.77,,,,,,45.49,103.9829,38.86
2009-02-25,0.21,1.09,2.95,1.86,,,,,,44.67,104.3086,41.64
2009-02-26,0.22,1.08,2.98,1.90,,,,,,44.66,104.1813,43.18
2009-02-27,0.22,1.00,3.02,2.02,,,,,,46.35,104.9284,44.15
2009-02-28,0.22,,,,,,,,,,,
2009-03-01,0.22,,,,212.495,218.253,88.015,8.7,132494,,,
2009-03-02,0.22,0.89,2.91,2.02,,,,,,52.65,105.9617,40.07
2009-03-03,0.20,0.91,2.93,2.02,,,,,,50.93,106.0249,41.57
2009-03-04,0.21,0.97,3.01,2.04,,,,,,47.56,105.4558,45.28
2009-03-05,0.20,0.90,2.83,1.93,,,,,,50.17,105.8064,43.54
2009-03-06,0.20,0.91,2.83,1.92,,,,,,49.33,105.3937,45.43
2009-03-07,0.20,,,,,,,,,,,
2009-03-08,0.20,,,,,,,,,,,
2009-03-09,0.20,0.96,2.89,1.93,,,,,,49.68,106.0182,47.01
2009-03-10,0.20,1.01,2.99,1.98,,,,,,44.37,105.1153,45.68
2009-03-11,0.19,1.03,2.95,1.92,,,,,,43.61,104.8499,42.46
2009-03-12,0.18,1.03,2.89,1.86,,,,,,41.18,104.89,46.91
2009-03-13,0.15,0.98,2.89,1.91,,,,,,42.36,104.1106,46.22
2009-03-14,0.15,,,,,,,,,,,
2009-03-15,0.15,,,,,,,,,,,
2009-03-16,0.20,1.00,2.97,1.97,,,,,,43.74,103.2005,47.33
2009-03-17,0.20,1.05,3.02,1.97,,,,,,40.80,103.2305,48.97
2009-03-18,0.18,0.82,2.51,1.69,,,,,,40.06,103.0005,48.12
2009-03-19,0.17,0.87,2.61,1.74,,,,,,43.68,100.3951,51.46
2009-03-20,0.18,0.89,2.65,1.76,,,,,,45.89,101.0581,51.55
2009-03-21,0.18,,,,,,,,,,,
2009-03-22,0.18,,,,,,,,,,,
2009-03-23,0.17,0.93,2.68,1.75,,,,,,43.23,101.103,53.05
2009-03-24,0.17,0.93,2.68,1.75,,,,,,42.93,101.0319,53.36
2009-03-25,0.17,0.96,2.81,1.85,,,,,,42.25,100.9674,52.24
2009-03-26,0.16,0.90,2.76,1.86,,,,,,40.36,101.097,53.87
2009-03-27,0.15,0.90,2.78,1.88,,,,,,41.04,101.8388,52.41
2009-03-28,0.15,,,,,,,,,,,
2009-03-29,0.15,,,,,,,,,,,
2009-03-30,0.16,0.84,2.73,1.89,,,,,,45.54,102.749,48.49
2009-03-31,0.16,0.81,2.71,1.90,,,,,,44.14,102.3761,49.64
2009-04-01,0.16,0.83,2.68,1.85,212.709,218.706,88.211,9.0,131822,42.28,102.1252,48.46
2009-04-02,0.16,0.88,2.77,1.89,,,,,,42.04,100.8733,52.61
2009-04-03,0.13,0.96,2.91,1.95,,,,,,39.70,100.6429,52.52
2009-04-04,0.13,,,,,,,,,,,
2009-04-05,0.13,,,,,,,,,,,
2009-04-06,0.14,0.94,2.95,2.01,,,,,,40.93,100.9428,51.10
2009-04-07,0.14,0.91,2.93,2.02,,,,,,40.39,100.9808,49.13
2009-04-08,0.14,0.93,2.86,1.93,,,,,,38.85,100.8948,49.37
2009-04-09,0.14,0.96,2.96,2.00,,,,,,36.53,100.7988,52.24
2009-04-10,0.15,,,,,,,,,,100.7597,
2009-04-11,0.15,,,,,,,,,,,
2009-04-12,0.15,,,,,,,,,,,
2009-04-13,0.13,0.89,2.88,1.99,,,,,,37.81,100.1369,50.22
2009-04-14,0.16,0.86,2.80,1.94,,,,,,37.67,99.9097,49.51
2009-04-15,0.16,0.86,2.82,1.96,,,,,,36.17,100.1497,49.26
2009-04-16,0.15,0.91,2.86,1.95,,,,,,35.79,100.0517,49.97
2009-04-17,0.13,0.99,2.98,1.99,,,,,,33.94,100.5719,50.36
2009-04-18,0.13,,,,,,,,,,,
2009-04-19,0.13,,,,,,,,,,,
2009-04-20,0.14,0.93,2.88,1.95,,,,,,39.18,101.448,45.82
2009-04-21,0.15,0.96,2.94,1.98,,,,,,37.14,101.1794,46.65
2009-04-22,0.15,1.00,2.98,1.98,,,,,,38.10,101.1142,47.41
2009-04-23,0.17,0.97,2.96,1.99,,,,,,37.15,101.0065,48.46
2009-04-24,0.16,0.99,3.03,2.04,,,,,,36.82,100.0244,50.65
2009-04-25,0.16,,,,,,,,,,,
2009-04-26,0.16,,,,,,,,,,,
2009-04-27,0.17,0.90,2.95,2.05,,,,,,38.32,100.7258,49.29
2009-04-28,0.16,0.95,3.05,2.10,,,,,,37.95,101.3145,49.01
2009-04-29,0.18,0.94,3.12,2.18,,,,,,36.08,100.0009,50.19
2009-04-30,0.20,0.91,3.16,2.25,,,,,,36.50,100.1042,50.35
2009-05-01,0.22,0.92,3.21,2.29,213.022,218.904,88.279,9.4,131466,35.30,100.0057,52.18
2009-05-02,0.22,,,,,,,,,,,
2009-05-03,0.22,,,,,,,,,,,
2009-05-04,0.22,0.94,3.19,2.25,,,,,,34.53,99.134,54.45
2009-05-05,0.20,0.98,3.20,2.22,,,,,,33.36,98.8529,53.81
2009-05-06,0.18,0.96,3.18,2.22,,,,,,32.45,98.9044,56.29
2009-05-07,0.18,1.00,3.29,2.29,,,,,,33.44,98.552,56.67
2009-05-08,0.17,1.00,3.29,2.29,,,,,,32.05,98.1269,58.58
2009-05-09,0.17,,,,,,,,,,,
2009-05-10,0.17,,,,,,,,,,,
2009-05-11,0.17,0.92,3.17,2.25,,,,,,32.87,97.747,57.79
2009-05-12,0.16,0.90,3.17,2.27,,,,,,31.80,97.8269,58.81
2009-05-13,0.16,0.89,3.11,2.22,,,,,,33.65,98.0276,58.00
2009-05-14,0.16,0.87,3.10,2.23,,,,,,31.37,98.1271,58.58
2009-05-15,0.17,0.88,3.14,2.26,,,,,,33.12,98.1063,56.52
2009-05-16,0.17,,,,,,,,,,,
2009-05-17,0.17,,,,,,,,,,,
2009-05-18,0.16,0.93,3.22,2.29,,,,,,30.24,97.9412,58.99
2009-05-19,0.15,0.91,3.25,2.34,,,,,,28.80,97.2827,59.52
2009-05-20,0.14,0.87,3.19,2.32,,,,,,29.03,96.5707,61.45
2009-05-21,0.17,0.89,3.35,2.46,,,,,,31.35,96.6039,60.49
2009-05-22,0.17,0.92,3.45,2.53,,,,,,32.63,95.8788,61.15
2009-05-23,0.17,,,,,,,,,,,
2009-05-24,0.17,,,,,,,,,,,
2009-05-25,0.17,,,,,,,,,,,
2009-05-26,0.18,0.96,3.50,2.54,,,,,,30.62,95.988,62.48
2009-05-27,0.17,0.96,3.71,2.75,,,,,,32.36,95.9622,63.41
2009-05-28,0.17,0.97,3.67,2.70,,,,,,31.67,96.1313,65.09
2009-05-29,0.19,0.92,3.47,2.55,,,,,,28.92,95.268,66.31
2009-05-30,0.19,,,,,,,,,,,
2009-05-31,0.19,,,,,,,,,,,
2009-06-01,0.21,0.97,3.71,2.74,214.790,219.112,88.392,9.5,131008,30.04,94.8107,68.59
2009-06-02,0.20,0.96,3.65,2.69,,,,,,29.63,94.6556,68.58
2009-06-03,0.21,0.91,3.56,2.65,,,,,,31.02,95.0751,66.14
2009-06-04,0.20,0.96,3.72,2.76,,,,,,30.18,95.2922,68.80
2009-06-05,0.21,1.32,3.84,2.52,,,,,,29.62,96.0412,68.43
2009-06-06,0.21,,,,,,,,,,,
2009-06-07,0.21,,,,,,,,,,,
2009-06-08,0.21,1.42,3.91,2.49,,,,,,29.77,96.6548,68.05
2009-06-09,0.18,1.33,3.86,2.53,,,,,,28.27,95.9537,70.02
2009-06-10,0.18,1.38,3.98,2.60,,,,,,28.46,96.1277,71.38
2009-06-11,0.17,1.35,3.88,2.53,,,,,,28.11,95.4993,72.69
2009-06-12,0.17,1.30,3.81,2.51,,,,,,28.15,95.836,72.13
2009-06-13,0.17,,,,,,,,,,,
2009-06-14,0.17,,,,,,,,,,,
2009-06-15,0.22,1.26,3.76,2.50,,,,,,30.81,96.7519,70.54
2009-06-16,0.22,1.23,3.67,2.44,,,,,,32.68,96.2616,70.47
2009-06-17,0.24,1.19,3.68,2.49,,,,,,31.54,96.64,71.07
2009-06-18,0.25,1.28,3.86,2.58,,,,,,30.03,96.1482,71.42
2009-06-19,0.25,1.25,3.79,2.54,,,,,,27.99,96.0325,69.60
2009-06-20,0.25,,,,,,,,,,,
2009-06-21,0.25,,,,,,,,,,,
2009-06-22,0.24,1.17,3.72,2.55,,,,,,31.17,96.8818,67.09
2009-06-23,0.24,1.14,3.65,2.51,,,,,,30.58,96.5196,68.81
2009-06-24,0.21,1.19,3.72,2.53,,,,,,29.05,96.2369,68.14
2009-06-25,0.19,1.12,3.55,2.43,,,,,,26.36,96.7072,69.70
2009-06-26,0.18,1.10,3.52,2.42,,,,,,25.93,96.1935,69.16
2009-06-27,0.18,,,,,,,,,,,
2009-06-28,0.18,,,,,,,,,,,
2009-06-29,0.17,1.11,3.51,2.40,,,,,,25.35,96.242,71.47
2009-06-30,0.22,1.11,3.53,2.42,,,,,,26.35,96.3761,69.82
2009-07-01,0.20,1.05,3.55,2.50,214.726,219.263,88.468,9.5,130662,26.22,95.6581,69.32
2009-07-02,0.17,0.98,3.51,2.53,,,,,,27.95,96.3216,66.68
2009-07-03,0.16,,,,,,,,,,,
2009-07-04,0.16,,,,,,,,,,,
2009-07-05,0.16,,,,,,,,,,,
2009-07-06,0.18,0.96,3.52,2.56,,,,,,29.00,96.6174,64.06
2009-07-07,0.18,0.98,3.47,2.49,,,,,,30.85,96.6321,62.88
2009-07-08,0.16,0.91,3.33,2.42,,,,,,31.30,97.0204,60.15
2009-07-09,0.15,0.94,3.44,2.50,,,,,,29.78,96.6219,60.36
2009-07-10,0.15,0.91,3.32,2.41,,,,,,29.02,97.0819,59.93
2009-07-11,0.15,,,,,,,,,,,
2009-07-12,0.15,,,,,,,,,,,
2009-07-13,0.13,0.92,3.38,2.46,,,,,,26.31,96.9995,59.69
2009-07-14,0.13,0.97,3.50,2.53,,,,,,25.02,96.6599,59.62
2009-07-15,0.14,1.03,3.63,2.60,,,,,,25.89,95.8004,61.49
2009-07-16,0.15,1.00,3.59,2.59,,,,,,25.42,95.7241,62.07
2009-07-17,0.15,1.02,3.67,2.65,,,,,,24.34,95.6036,63.56
2009-07-18,0.15,,,,,,,,,,,
2009-07-19,0.15,,,,,,,,,,,
2009-07-20,0.15,0.99,3.61,2.62,,,,,,24.40,95.0903,63.93
2009-07-21,0.14,0.96,3.50,2.54,,,,,,23.87,95.0564,64.81
2009-07-22,0.14,0.98,3.58,2.60,,,,,,23.47,94.8659,64.58
2009-07-23,0.15,1.08,3.72,2.64,,,,,,23.43,94.532,66.10
2009-07-24,0.15,1.05,3.70,2.65,,,,,,23.09,94.7046,66.96
2009-07-25,0.15,,,,,,,,,,,
2009-07-26,0.15,,,,,,,,,,,
2009-07-27,0.16,1.08,3.75,2.67,,,,,,24.28,94.6659,68.34
2009-07-28,0.15,1.12,3.72,2.60,,,,,,25.01,94.5592,67.24
2009-07-29,0.17,1.17,3.69,2.52,,,,,,25.61,95.1678,63.42
2009-07-30,0.17,1.19,3.67,2.48,,,,,,25.40,94.8967,66.90
2009-07-31,0.18,1.13,3.52,2.39,,,,,,25.92,94.2526,69.26
2009-08-01,0.18,,,,215.445,219.496,88.599,9.6,130472,,,
2009-08-02,0.18,,,,,,,,,,,
2009-08-03,0.18,1.18,3.66,2.48,,,,,,25.56,93.6331,71.59
2009-08-04,0.17,1.20,3.70,2.50,,,,,,24.89,93.7281,71.40
2009-08-05,0.17,1.23,3.80,2.57,,,,,,24.90,93.7848,71.97
2009-08-06,0.17,1.22,3.79,2.57,,,,,,25.67,93.9358,71.96
2009-08-07,0.17,1.32,3.89,2.57,,,,,,24.76,94.4692,70.97
2009-08-08,0.17,,,,,,,,,,,
2009-08-09,0.17,,,,,,,,,,,
2009-08-10,0.17,1.24,3.80,2.56,,,,,,24.99,94.6087,70.59
2009-08-11,0.16,1.21,3.71,2.50,,,,,,25.99,94.8678,69.46
2009-08-12,0.15,1.18,3.72,2.54,,,,,,25.45,94.5394,70.08
2009-08-13,0.15,1.12,3.59,2.47,,,,,,24.71,94.2392,70.57
2009-08-14,0.15,1.07,3.55,2.48,,,,,,24.27,94.475,67.51
2009-08-15,0.15,,,,,,,,,,,
2009-08-16,0.15,,,,,,,,,,,
2009-08-17,0.17,1.04,3.48,2.44,,,,,,27.89,95.1024,66.72
2009-08-18,0.17,1.06,3.51,2.45,,,,,,26.18,95.1118,69.22
2009-08-19,0.17,1.01,3.45,2.44,,,,,,26.26,94.4084,72.54
2009-08-20,0.17,1.03,3.42,2.39,,,,,,25.09,94.3492,72.40
2009-08-21,0.16,1.13,3.56,2.43,,,,,,25.01,94.0103,73.12
2009-08-22,0.16,,,,,,,,,,,
2009-08-23,0.16,,,,,,,,,,,
2009-08-24,0.16,1.05,3.48,2.43,,,,,,25.14,93.9345,73.68
2009-08-25,0.15,1.05,3.45,2.40,,,,,,24.92,93.9066,71.60
2009-08-26,0.15,1.06,3.44,2.38,,,,,,24.95,94.8662,71.38
2009-08-27,0.14,1.04,3.47,2.43,,,,,,24.68,94.7943,72.49
2009-08-28,0.14,1.01,3.46,2.45,,,,,,24.76,94.4489,72.72
2009-08-29,0.14,,,,,,,,,,,
2009-08-30,0.14,,,,,,,,,,,
2009-08-31,0.15,0.97,3.40,2.43,,,,,,26.01,94.6202,69.97
2009-09-01,0.15,0.92,3.38,2.46,215.861,219.920,88.755,9.8,130246,29.15,95.2201,68.11
2009-09-02,0.16,0.89,3.29,2.40,,,,,,28.90,95.1575,68.03
2009-09-03,0.15,0.91,3.33,2.42,,,,,,27.10,94.959,67.90
2009-09-04,0.15,0.94,3.45,2.51,,,,,,25.26,94.5811,67.95
2009-09-05,0.15,,,,,,,,,,,
2009-09-06,0.15,,,,,,,,,,,
2009-09-07,0.15,,,,,,,,,,,
2009-09-08,0.15,0.93,3.47,2.54,,,,,,25.62,93.7323,71.08
2009-09-09,0.15,0.93,3.48,2.55,,,,,,24.32,93.6915,71.27
2009-09-10,0.16,0.90,3.36,2.46,,,,,,23.55,93.6947,71.95
2009-09-11,0.15,0.90,3.34,2.44,,,,,,24.15,93.3225,69.34
2009-09-12,0.15,,,,,,,,,,,
2009-09-13,0.15,,,,,,,,,,,
2009-09-14,0.16,0.94,3.42,2.48,,,,,,23.86,93.6196,68.86
2009-09-15,0.17,0.96,3.47,2.51,,,,,,23.42,93.4427,70.81
2009-09-16,0.17,1.01,3.48,2.47,,,,,,23.69,92.9072,72.50
2009-09-17,0.16,0.98,3.42,2.44,,,,,,23.65,92.8287,72.48
2009-09-18,0.16,1.03,3.49,2.46,,,,,,23.92,93.1233,71.95
2009-09-19,0.16,,,,,,,,,,,
2009-09-20,0.16,,,,,,,,,,,
2009-09-21,0.15,1.02,3.49,2.47,,,,,,24.06,93.3547,69.74
2009-09-22,0.15,1.02,3.46,2.44,,,,,,23.08,92.8664,71.50
2009-09-23,0.15,0.96,3.44,2.48,,,,,,23.49,92.979,68.74
2009-09-24,0.14,0.93,3.40,2.47,,,,,,24.95,93.4708,65.74
2009-09-25,0.13,0.98,3.34,2.36,,,,,,25.61,93.5535,65.91
2009-09-26,0.13,,,,,,,,,,,
2009-09-27,0.13,,,,,,,,,,,
2009-09-28,0.13,0.98,3.31,2.33,,,,,,24.88,93.4669,66.69
2009-09-29,0.11,1.00,3.31,2.31,,,,,,25.19,93.7776,66.56
2009-09-30,0.07,0.95,3.31,2.36,,,,,,25.61,93.1907,70.46
2009-10-01,0.11,0.87,3.21,2.34,216.509,220.501,89.082,10.0,130061,28.27,93.5995,70.67
2009-10-02,0.13,0.88,3.24,2.36,,,,,,28.68,93.6756,69.80
2009-10-03,0.13,,,,,,,,,,,
2009-10-04,0.13,,,,,,,,,,,
2009-10-05,0.13,0.88,3.24,2.36,,,,,,26.84,93.3356,70.26
2009-10-06,0.12,0.91,3.27,2.36,,,,,,25.70,92.619,70.71
2009-10-07,0.13,0.87,3.21,2.34,,,,,,24.68,92.794,69.60
2009-10-08,0.12,0.90,3.27,2.37,,,,,,24.18,92.2074,71.69
2009-10-09,0.12,0.98,3.40,2.42,,,,,,23.12,92.2984,71.75
2009-10-10,0.12,,,,,,,,,,,
2009-10-11,0.12,,,,,,,,,,,
2009-10-12,0.12,,,,,,,,,23.01,,73.24
2009-10-13,0.12,0.91,3.34,2.43,,,,,,22.99,91.8273,74.10
2009-10-14,0.12,0.96,3.45,2.49,,,,,,22.86,91.5047,75.20
2009-10-15,0.13,0.97,3.49,2.52,,,,,,21.72,91.4367,77.55
2009-10-16,0.12,0.97,3.43,2.46,,,,,,21.43,91.6541,78.54
2009-10-17,0.12,,,,,,,,,,,
2009-10-18,0.12,,,,,,,,,,,
2009-10-19,0.12,0.99,3.41,2.42,,,,,,21.49,91.4406,79.47
2009-10-20,0.12,0.95,3.35,2.40,,,,,,20.90,91.801,78.87
2009-10-21,0.11,1.00,3.42,2.42,,,,,,22.22,91.3805,81.03
2009-10-22,0.11,0.97,3.44,2.47,,,,,,20.69,91.6075,80.82
2009-10-23,0.11,1.04,3.51,2.47,,,,,,22.27,91.7331,80.11
2009-10-24,0.11,,,,,,,,,,,
2009-10-25,0.11,,,,,,,,,,,
2009-10-26,0.11,1.06,3.59,2.53,,,,,,24.31,92.0998,78.61
2009-10-27,0.11,0.99,3.49,2.50,,,,,,24.83,92.5335,79.45
2009-10-28,0.11,0.95,3.44,2.49,,,,,,27.91,92.8152,77.39
2009-10-29,0.11,0.98,3.53,2.55,,,,,,24.76,92.4708,79.84
2009-10-30,0.11,0.90,3.41,2.51,,,,,,30.69,92.6207,77.04
2009-10-31,0.11,,,,,,,,,,,
2009-11-01,0.11,,,,217.234,220.666,89.16,9.9,130057,,,
2009-11-02,0.12,0.92,3.45,2.53,,,,,,29.78,92.4501,78.08
2009-11-03,0.12,0.92,3.50,2.58,,,,,,28.81,92.9037,79.58
2009-11-04,0.13,0.91,3.57,2.66,,,,,,27.72,92.3725,80.30
2009-11-05,0.13,0.90,3.57,2.67,,,,,,25.43,92.3437,79.64
2009-11-06,0.12,0.86,3.54,2.68,,,,,,24.19,92.3848,77.40
2009-11-07,0.12,,,,,,,,,,,
2009-11-08,0.12,,,,,,,,,,,
2009-11-09,0.12,0.87,3.52,2.65,,,,,,23.15,91.6861,79.44
2009-11-10,0.13,0.85,3.50,2.65,,,,,,22.84,91.6659,79.01
2009-11-11,0.13,,,,,,,,,23.04,,79.16
2009-11-12,0.12,0.82,3.45,2.63,,,,,,24.24,91.9461,77.25
2009-11-13,0.12,0.82,3.43,2.61,,,,,,23.36,91.5754,76.34
2009-11-14,0.12,,,,,,,,,,,
2009-11-15,0.12,,,,,,,,,,,
2009-11-16,0.12,0.78,3.33,2.55,,,,,,22.89,91.194,78.91
2009-11-17,0.12,0.78,3.33,2.55,,,,,,22.41,91.7419,79.08
2009-11-18,0.11,0.77,3.36,2.59,,,,,,21.63,91.249,79.55
2009-11-19,0.11,0.73,3.35,2.62,,,,,,22.63,91.7827,77.47
2009-11-20,0.11,0.75,3.36,2.61,,,,,,22.19,91.9906,76.83
2009-11-21,0.11,,,,,,,,,,,
2009-11-22,0.11,,,,,,,,,,,
2009-11-23,0.12,0.77,3.37,2.60,,,,,,21.16,91.4864,76.49
2009-11-24,0.12,0.73,3.32,2.59,,,,,,20.47,91.5539,74.88
2009-11-25,0.11,0.73,3.28,2.55,,,,,,20.48,90.9669,77.25
2009-11-26,0.11,,,,,,,,,,,
2009-11-27,0.12,0.68,3.21,2.53,,,,,,24.85,91.5272,75.95
2009-11-28,0.12,,,,,,,,,,,
2009-11-29,0.12,,,,,,,,,,,
2009-11-30,0.13,0.67,3.21,2.54,,,,,,24.51,91.3717,77.19
2009-12-01,0.13,0.67,3.28,2.61,217.347,220.881,89.236,9.9,129808,21.92,90.8323,78.39
2009-12-02,0.13,0.72,3.32,2.60,,,,,,21.12,90.8906,76.62
2009-12-03,0.13,0.74,3.39,2.65,,,,,,22.46,90.9152,76.42
2009-12-04,0.12,0.84,3.48,2.64,,,,,,21.25,91.3806,75.41
2009-12-05,0.12,,,,,,,,,,,
2009-12-06,0.12,,,,,,,,,,,
2009-12-07,0.12,0.78,3.44,2.66,,,,,,22.10,91.5414,73.89
2009-12-08,0.12,0.73,3.40,2.67,,,,,,23.69,91.9513,72.59
2009-12-09,0.12,0.76,3.45,2.69,,,,,,22.66,92.014,70.67
2009-12-10,0.12,0.78,3.49,2.71,,,,,,22.32,92.0073,70.54
2009-12-11,0.12,0.83,3.55,2.72,,,,,,21.59,92.2946,69.86
2009-12-12,0.12,,,,,,,,,,,
2009-12-13,0.12,,,,,,,,,,,
2009-12-14,0.12,0.87,3.56,2.69,,,,,,21.15,92.0305,69.48
2009-12-15,0.13,0.88,3.60,2.72,,,,,,21.49,92.3635,70.62
2009-12-16,0.14,0.85,3.61,2.76,,,,,,20.54,92.1496,72.64
2009-12-17,0.13,0.77,3.50,2.73,,,,,,22.51,93.225,72.58
2009-12-18,0.12,0.82,3.55,2.73,,,,,,21.68,93.1632,73.30
2009-12-19,0.12,,,,,,,,,,,
2009-12-20,0.12,,,,,,,,,,,
2009-12-21,0.12,0.89,3.69,2.80,,,,,,20.49,,72.71
2009-12-22,0.12,0.95,3.76,2.81,,,,,,19.54,93.2903,73.48
2009-12-23,0.11,0.96,3.77,2.81,,,,,,19.71,92.9295,76.03
2009-12-24,0.11,1.00,3.82,2.82,,,,,,19.47,92.8694,76.83
2009-12-25,0.11,,,,,,,,,,,
2009-12-26,0.11,,,,,,,,,,,
2009-12-27,0.11,,,,,,,,,,,
2009-12-28,0.12,1.09,3.85,2.76,,,,,,19.93,92.6993,78.67
2009-12-29,0.12,1.09,3.82,2.73,,,,,,20.01,92.8838,78.87
2009-12-30,0.11,1.08,3.80,2.72,,,,,,19.96,93.0872,79.35
2009-12-31,0.05,1.14,3.85,2.71,,,,,,21.68,92.9124,79.39
2010-01-01,0.05,,,,217.488,220.633,89.368,9.8,129802,,,
2010-01-02,0.05,,,,,,,,,,,
2010-01-03,0.05,,,,,,,,,,,
2010-01-04,0.12,1.09,3.85,2.76,,,,,,20.04,92.3566,81.52
2010-01-05,0.12,1.01,3.77,2.76,,,,,,19.35,92.2236,81.74
2010-01-06,0.12,1.01,3.85,2.84,,,,,,19.16,92.0941,83.12
2010-01-07,0.10,1.03,3.85,2.82,,,,,,19.06,92.3684,82.60
2010-01-08,0.11,0.96,3.83,2.87,,,,,,18.13,92.1485,82.74
2010-01-09,0.11,,,,,,,,,,,
2010-01-10,0.11,,,,,,,,,,,
2010-01-11,0.11,0.95,3.85,2.90,,,,,,17.55,91.5997,82.54
2010-01-12,0.11,0.92,3.74,2.82,,,,,,18.25,91.7005,80.79
2010-01-13,0.11,0.97,3.80,2.83,,,,,,17.85,91.7272,79.66
2010-01-14,0.11,0.94,3.76,2.82,,,,,,17.63,91.5864,79.35
2010-01-15,0.12,0.89,3.70,2.81,,,,,,17.91,91.7668,77.96
2010-01-16,0.12,,,,,,,,,,,
2010-01-17,0.12,,,,,,,,,,,
2010-01-18,0.12,,,,,,,,,,,
2010-01-19,0.13,0.93,3.73,2.80,,,,,,17.58,91.9611,78.98
2010-01-20,0.13,0.92,3.68,2.76,,,,,,18.68,92.6766,77.42
2010-01-21,0.12,0.87,3.62,2.75,,,,,,22.27,92.6627,75.84
2010-01-22,0.11,0.84,3.62,2.78,,,,,,27.31,92.943,74.25
2010-01-23,0.11,,,,,,,,,,,
2010-01-24,0.11,,,,,,,,,,,
2010-01-25,0.12,0.86,3.66,2.80,,,,,,25.41,92.9099,74.90
2010-01-26,0.12,0.87,3.65,2.78,,,,,,24.55,93.3298,74.67
2010-01-27,0.12,0.90,3.66,2.76,,,,,,23.14,93.2835,73.64
2010-01-28,0.12,0.87,3.68,2.81,,,,,,23.73,93.2635,73.62
2010-01-29,0.12,0.82,3.63,2.81,,,,,,24.62,93.7638,72.85
2010-01-30,0.12,,,,,,,,,,,
2010-01-31,0.12,,,,,,,,,,,
2010-02-01,0.14,0.86,3.68,2.82,217.281,220.731,89.446,9.8,129706,22.59,93.7321,74.41
2010-02-02,0.14,0.86,3.67,2.81,,,,,,21.48,93.4136,77.21
2010-02-03,0.13,0.88,3.73,2.85,,,,,,21.60,93.6268,76.96
2010-02-04,0.14,0.80,3.62,2.82,,,,,,26.08,94.1401,73.13
2010-02-05,0.13,0.77,3.59,2.82,,,,,,26.11,94.6218,71.15
2010-02-06,0.13,,,,,,,,,,,
2010-02-07,0.13,,,,,,,,,,,
2010-02-08,0.13,0.79,3.62,2.83,,,,,,26.51,,71.87
2010-02-09,0.13,0.84,3.67,2.83,,,,,,26.00,,73.71
2010-02-10,0.12,0.91,3.72,2.81,,,,,,25.40,,74.48
2010-02-11,0.12,0.91,3.73,2.82,,,,,,23.96,,75.23
2010-02-12,0.12,0.84,3.69,2.85,,,,,,22.73,93.9976,74.11
2010-02-13,0.12,,,,,,,,,,,
2010-02-14,0.12,,,,,,,,,,,
2010-02-15,0.12,,,,,,,,,,,
2010-02-16,0.13,0.82,3.66,2.84,,,,,,22.25,93.482,76.98
2010-02-17,0.12,0.87,3.74,2.87,,,,,,21.72,93.7171,77.27
2010-02-18,0.12,0.90,3.79,2.89,,,,,,20.63,93.8752,78.97
2010-02-19,0.13,0.95,3.78,2.83,,,,,,20.02,93.9569,79.77
2010-02-20,0.13,,,,,,,,,,,
2010-02-21,0.13,,,,,,,,,,,
2010-02-22,0.12,0.91,3.80,2.89,,,,,,19.94,93.7402,80.04
2010-02-23,0.12,0.87,3.69,2.82,,,,,,21.37,93.9794,78.61
2010-02-24,0.11,0.87,3.70,2.83,,,,,,20.27,93.9775,79.75
2010-02-25,0.12,0.82,3.64,2.82,,,,,,20.10,94.3797,77.99
2010-02-26,0.13,0.81,3.61,2.80,,,,,,19.50,93.6602,79.72
2010-02-27,0.13,,,,,,,,,,,
2010-02-28,0.13,,,,,,,,,,,
2010-03-01,0.14,0.80,3.61,2.81,217.353,220.783,89.579,9.9,129866,19.26,93.7979,78.71
2010-03-02,0.14,0.80,3.62,2.82,,,,,,19.06,93.488,79.62
2010-03-03,0.15,0.82,3.63,2.81,,,,,,18.83,92.9861,80.91
2010-03-04,0.16,0.86,3.61,2.75,,,,,,18.72,93.4079,80.21
2010-03-05,0.17,0.91,3.69,2.78,,,,,,17.42,93.2623,81.50
2010-03-06,0.17,,,,,,,,,,,
2010-03-07,0.17,,,,,,,,,,,
2010-03-08,0.15,0.90,3.72,2.82,,,,,,17.79,93.2446,81.85
2010-03-09,0.14,0.89,3.71,2.82,,,,,,17.92,93.1941,81.50
2010-03-10,0.14,0.92,3.73,2.81,,,,,,18.57,93.0426,82.07
2010-03-11,0.15,0.97,3.73,2.76,,,,,,18.06,93.0533,82.10
2010-03-12,0.17,0.97,3.71,2.74,,,,,,17.58,92.6616,81.26
2010-03-13,0.17,,,,,,,,,,,
2010-03-14,0.17,,,,,,,,,,,
2010-03-15,0.20,0.96,3.71,2.75,,,,,,18.00,92.9642,79.79
2010-03-16,0.20,0.93,3.66,2.73,,,,,,17.69,92.595,81.75
2010-03-17,0.18,0.95,3.65,2.70,,,,,,16.91,92.4446,82.93
2010-03-18,0.18,0.98,3.68,2.70,,,,,,16.62,92.7451,82.16
2010-03-19,0.18,1.02,3.70,2.68,,,,,,16.97,93.0407,80.58
2010-03-20,0.18,,,,,,,,,,,
2010-03-21,0.18,,,,,,,,,,,
2010-03-22,0.18,1.01,3.67,2.66,,,,,,16.87,93.1333,81.26
2010-03-23,0.17,1.02,3.69,2.67,,,,,,16.35,93.006,81.68
2010-03-24,0.17,1.08,3.84,2.76,,,,,,17.55,93.6468,80.29
2010-03-25,0.17,1.10,3.91,2.81,,,,,,18.40,93.5885,80.25
2010-03-26,0.17,1.04,3.86,2.82,,,,,,17.77,93.6873,79.75
2010-03-27,0.17,,,,,,,,,,,
2010-03-28,0.17,,,,,,,,,,,
2010-03-29,0.16,1.04,3.88,2.84,,,,,,17.59,93.2959,81.92
2010-03-30,0.16,1.06,3.88,2.82,,,,,,17.13,93.2627,82.14
2010-03-31,0.09,1.02,3.84,2.82,,,,,,17.59,92.8987,83.45
2010-04-01,0.17,1.05,3.89,2.84,217.403,220.822,89.625,9.9,130120,17.47,92.6661,84.53
2010-04-02,0.20,1.11,3.96,2.85,,,,,,,92.9057,
2010-04-03,0.20,,,,,,,,,,,
2010-04-04,0.20,,,,,,,,,,,
2010-04-05,0.20,1.18,4.01,2.83,,,,,,17.02,92.6644,86.36
2010-04-06,0.20,1.14,3.98,2.84,,,,,,16.23,92.7373,86.54
2010-04-07,0.19,1.06,3.89,2.83,,,,,,16.62,92.7452,85.64
2010-04-08,0.19,1.09,3.91,2.82,,,,,,16.48,92.7211,85.17
2010-04-09,0.19,1.08,3.90,2.82,,,,,,16.14,92.4772,84.60
2010-04-10,0.19,,,,,,,,,,,
2010-04-11,0.19,,,,,,,,,,,
2010-04-12,0.19,1.07,3.87,2.80,,,,,,15.58,92.243,84.07
2010-04-13,0.20,1.07,3.84,2.77,,,,,,16.20,92.2689,83.80
2010-04-14,0.20,1.07,3.88,2.81,,,,,,15.59,91.9297,85.62
2010-04-15,0.22,1.04,3.86,2.82,,,,,,15.89,92.2029,85.25
2010-04-16,0.21,0.98,3.79,2.81,,,,,,18.36,92.5253,82.97
2010-04-17,0.21,,,,,,,,,,,
2010-04-18,0.21,,,,,,,,,,,
2010-04-19,0.20,1.01,3.83,2.82,,,,,,17.34,92.8577,81.52
2010-04-20,0.20,1.05,3.82,2.77,,,,,,15.73,92.4338,82.98
2010-04-21,0.20,1.03,3.77,2.74,,,,,,16.32,92.4482,82.78
2010-04-22,0.20,1.07,3.80,2.73,,,,,,16.47,92.7277,82.89
2010-04-23,0.20,1.10,3.84,2.74,,,,,,16.62,92.6622,84.34
2010-04-24,0.20,,,,,,,,,,,
2010-04-25,0.20,,,,,,,,,,,
2010-04-26,0.20,1.09,3.83,2.74,,,,,,17.47,92.5187,84.20
2010-04-27,0.20,1.03,3.71,2.68,,,,,,22.81,93.0956,82.43
2010-04-28,0.20,1.03,3.80,2.77,,,,,,21.08,93.4856,83.22
2010-04-29,0.19,1.01,3.76,2.75,,,,,,18.44,92.9013,85.17
2010-04-30,0.20,0.97,3.69,2.72,,,,,,22.05,92.8423,86.07
2010-05-01,0.20,,,,217.290,220.962,89.724,9.6,130642,,,
2010-05-02,0.20,,,,,,,,,,,
2010-05-03,0.20,1.00,3.72,2.72,,,,,,20.19,93.235,86.19
2010-05-04,0.21,0.96,3.63,2.67,,,,,,23.84,93.8137,82.73
2010-05-05,0.21,0.88,3.58,2.70,,,,,,24.91,94.3968,80.00
2010-05-06,0.20,0.75,3.41,2.66,,,,,,32.80,95.3032,77.18
2010-05-07,0.20,0.83,3.45,2.62,,,,,,40.95,95.2952,75.10
2010-05-08,0.20,,,,,,,,,,,
2010-05-09,0.20,,,,,,,,,,,
2010-05-10,0.20,0.87,3.57,2.70,,,,,,28.84,94.3096,76.89
2010-05-11,0.20,0.85,3.56,2.71,,,,,,28.32,94.4305,76.37
2010-05-12,0.20,0.89,3.56,2.67,,,,,,25.52,94.5515,75.65
2010-05-13,0.20,0.87,3.55,2.68,,,,,,26.68,94.5071,74.38
2010-05-14,0.20,0.79,3.44,2.65,,,,,,31.24,95.3746,71.61
2010-05-15,0.20,,,,,,,,,,,
2010-05-16,0.20,,,,,,,,,,,
2010-05-17,0.21,0.81,3.47,2.66,,,,,,30.84,95.9795,70.08
2010-05-18,0.21,0.76,3.38,2.62,,,,,,33.55,95.6212,69.38
2010-05-19,0.20,0.80,3.36,2.56,,,,,,35.32,96.5083,69.91
2010-05-20,0.20,0.76,3.25,2.49,,,,,,45.79,96.9483,68.28
2010-05-21,0.20,0.76,3.20,2.44,,,,,,40.10,96.2911,68.03
2010-05-22,0.20,,,,,,,,,,,
2010-05-23,0.20,,,,,,,,,,,
2010-05-24,0.21,0.77,3.23,2.46,,,,,,38.32,96.6433,68.23
2010-05-25,0.21,0.81,3.18,2.37,,,,,,34.61,97.5487,64.78
2010-05-26,0.20,0.82,3.21,2.39,,,,,,35.02,97.1879,71.52
2010-05-27,0.20,0.87,3.34,2.47,,,,,,29.68,96.3611,74.56
2010-05-28,0.19,0.76,3.31,2.55,,,,,,32.07,96.3062,74.00
2010-05-29,0.19,,,,,,,,,,,
2010-05-30,0.19,,,,,,,,,,,
2010-05-31,0.19,,,,,,,,,,,
2010-06-01,0.20,0.78,3.29,2.51,217.199,221.194,89.767,9.4,130510,35.54,96.6123,72.70
2010-06-02,0.20,0.82,3.35,2.53,,,,,,30.17,96.615,72.88
2010-06-03,0.19,0.82,3.39,2.57,,,,,,29.46,96.461,74.62
2010-06-04,0.19,0.72,3.20,2.48,,,,,,35.48,97.1688,71.43
2010-06-05,0.19,,,,,,,,,,,
2010-06-06,0.19,,,,,,,,,,,
2010-06-07,0.19,0.74,3.17,2.43,,,,,,36.57,97.503,71.55
2010-06-08,0.19,0.74,3.18,2.44,,,,,,33.70,97.3425,71.88
2010-06-09,0.18,0.74,3.20,2.46,,,,,,33.73,96.8938,74.38
2010-06-10,0.18,0.79,3.33,2.54,,,,,,30.57,96.4877,75.48
2010-06-11,0.18,0.75,3.24,2.49,,,,,,28.79,96.5616,73.89
2010-06-12,0.18,,,,,,,,,,,
2010-06-13,0.18,,,,,,,,,,,
2010-06-14,0.18,0.77,3.28,2.51,,,,,,28.58,95.8082,74.99
2010-06-15,0.19,0.79,3.32,2.53,,,,,,25.87,95.7049,76.84
2010-06-16,0.19,0.75,3.27,2.52,,,,,,25.92,95.5668,77.67
2010-06-17,0.19,0.72,3.21,2.49,,,,,,25.05,95.4973,76.82
2010-06-18,0.18,0.74,3.24,2.50,,,,,,23.95,95.2981,77.18
2010-06-19,0.18,,,,,,,,,,,
2010-06-20,0.18,,,,,,,,,,,
2010-06-21,0.17,0.74,3.26,2.52,,,,,,24.88,94.8505,77.84
2010-06-22,0.18,0.71,3.18,2.47,,,,,,27.05,95.1165,77.15
2010-06-23,0.17,0.66,3.13,2.47,,,,,,26.91,95.4853,75.90
2010-06-24,0.16,0.67,3.14,2.47,,,,,,29.74,95.6194,75.96
2010-06-25,0.16,0.65,3.12,2.47,,,,,,28.53,95.4582,78.45
2010-06-26,0.16,,,,,,,,,,,
2010-06-27,0.16,,,,,,,,,,,
2010-06-28,0.17,0.62,3.05,2.43,,,,,,29.00,95.2696,78.26
2010-06-29,0.15,0.61,2.97,2.36,,,,,,34.13,96.0199,75.93
2010-06-30,0.09,0.61,2.97,2.36,,,,,,34.54,95.9934,75.59
2010-07-01,0.17,0.63,2.96,2.33,217.605,221.363,89.769,9.4,130415,32.86,95.8018,72.95
2010-07-02,0.18,0.63,3.00,2.37,,,,,,30.12,95.6345,72.06
2010-07-03,0.18,,,,,,,,,,,
2010-07-04,0.18,,,,,,,,,,,
2010-07-05,0.18,,,,,,,,,,,
2010-07-06,0.18,0.62,2.95,2.33,,,,,,29.65,95.1069,71.96
2010-07-07,0.18,0.63,3.00,2.37,,,,,,26.84,95.1795,74.05
2010-07-08,0.17,0.63,3.04,2.41,,,,,,25.71,94.7734,75.46
2010-07-09,0.18,0.63,3.07,2.44,,,,,,24.98,94.683,76.08
2010-07-10,0.18,,,,,,,,,,,
2010-07-11,0.18,,,,,,,,,,,
2010-07-12,0.17,0.65,3.08,2.43,,,,,,24.43,94.9598,74.93
2010-07-13,0.17,0.67,3.15,2.48,,,,,,24.56,94.3856,77.16
2010-07-14,0.17,0.62,3.07,2.45,,,,,,24.89,94.3247,77.02
2010-07-15,0.19,0.61,3.00,2.39,,,,,,25.14,94.1988,76.67
2010-07-16,0.19,0.61,2.96,2.35,,,,,,26.25,94.5061,75.96
2010-07-17,0.19,,,,,,,,,,,
2010-07-18,0.19,,,,,,,,,,,
2010-07-19,0.19,0.61,2.99,2.38,,,,,,25.97,94.602,76.53
2010-07-20,0.18,0.61,2.98,2.37,,,,,,23.93,94.542,77.32
2010-07-21,0.18,0.58,2.90,2.32,,,,,,25.64,94.4496,76.27
2010-07-22,0.18,0.60,2.96,2.36,,,,,,24.63,94.1135,79.01
2010-07-23,0.19,0.60,3.02,2.42,,,,,,23.47,94.1431,78.68
2010-07-24,0.19,,,,,,,,,,,
2010-07-25,0.19,,,,,,,,,,,
2010-07-26,0.19,0.62,3.03,2.41,,,,,,22.73,93.7556,78.93
2010-07-27,0.19,0.65,3.08,2.43,,,,,,23.19,93.7583,77.46
2010-07-28,0.20,0.61,3.03,2.42,,,,,,24.25,93.7506,77.06
2010-07-29,0.19,0.59,3.03,2.44,,,,,,24.13,93.6004,78.30
2010-07-30,0.18,0.55,2.94,2.39,,,,,,23.50,93.2793,78.85
2010-07-31,0.18,,,,,,,,,,,
2010-08-01,0.18,,,,217.923,221.509,89.855,9.5,130415,,,
2010-08-02,0.19,0.56,2.99,2.43,,,,,,22.01,92.7916,81.25
2010-08-03,0.19,0.53,2.94,2.41,,,,,,22.63,92.6258,82.52
2010-08-04,0.19,0.56,2.98,2.42,,,,,,22.21,92.731,82.49
2010-08-05,0.19,0.53,2.94,2.41,,,,,,22.10,92.6401,82.00
2010-08-06,0.18,0.50,2.86,2.36,,,,,,21.74,92.5915,80.67
2010-08-07,0.18,,,,,,,,,,,
2010-08-08,0.18,,,,,,,,,,,
2010-08-09,0.18,0.54,2.86,2.32,,,,,,22.14,92.6726,81.46
2010-08-10,0.18,0.52,2.79,2.27,,,,,,22.37,93.2197,80.24
2010-08-11,0.17,0.54,2.72,2.18,,,,,,25.39,93.7778,78.09
2010-08-12,0.18,0.55,2.74,2.19,,,,,,25.73,93.8905,75.68
2010-08-13,0.19,0.54,2.68,2.14,,,,,,26.24,94.0457,75.39
2010-08-14,0.19,,,,,,,,,,,
2010-08-15,0.19,,,,,,,,,,,
2010-08-16,0.20,0.51,2.58,2.07,,,,,,26.10,93.7902,75.17
2010-08-17,0.20,0.52,2.64,2.12,,,,,,24.33,93.4239,75.76
2010-08-18,0.19,0.51,2.64,2.13,,,,,,24.59,93.3719,75.39
2010-08-19,0.19,0.49,2.58,2.09,,,,,,26.44,93.7141,74.45
2010-08-20,0.20,0.49,2.62,2.13,,,,,,25.49,94.2087,73.45
2010-08-21,0.20,,,,,,,,,,,
2010-08-22,0.20,,,,,,,,,,,
2010-08-23,0.19,0.49,2.60,2.11,,,,,,25.66,94.3295,72.71
2010-08-24,0.19,0.50,2.50,2.00,,,,,,27.46,94.4362,71.24
2010-08-25,0.19,0.53,2.54,2.01,,,,,,26.70,94.7372,72.07
2010-08-26,0.19,0.51,2.50,1.99,,,,,,27.37,94.3523,73.36
2010-08-27,0.19,0.56,2.66,2.10,,,,,,24.45,94.3462,75.17
2010-08-28,0.19,,,,,,,,,,,
2010-08-29,0.19,,,,,,,,,,,
2010-08-30,0.19,0.50,2.54,2.04,,,,,,27.21,94.5922,74.69
2010-08-31,0.21,0.47,2.47,2.00,,,,,,26.05,94.7204,71.93
2010-09-01,0.19,0.50,2.58,2.08,218.275,221.711,89.906,9.5,130341,23.89,94.1148,73.97
2010-09-02,0.19,0.50,2.63,2.13,,,,,,23.19,94.0852,74.99
2010-09-03,0.19,0.52,2.72,2.20,,,,,,21.31,93.6952,74.52
2010-09-04,0.19,,,,,,,,,,,
2010-09-05,0.19,,,,,,,,,,,
2010-09-06,0.19,,,,,,,,,,,
2010-09-07,0.20,0.49,2.61,2.12,,,,,,23.80,94.042,73.98
2010-09-08,0.19,0.52,2.66,2.14,,,,,,23.25,93.7785,74.65
2010-09-09,0.18,0.57,2.77,2.20,,,,,,22.81,93.7033,74.25
2010-09-10,0.18,0.58,2.81,2.23,,,,,,21.99,93.6768,76.40
2010-09-11,0.18,,,,,,,,,,,
2010-09-12,0.18,,,,,,,,,,,
2010-09-13,0.18,0.53,2.74,2.21,,,,,,21.21,93.0767,77.17
2010-09-14,0.19,0.50,2.68,2.18,,,,,,21.56,92.6182,76.78
2010-09-15,0.21,0.50,2.74,2.24,,,,,,22.10,92.9313,75.92
2010-09-16,0.21,0.48,2.77,2.29,,,,,,21.72,92.9108,74.58
2010-09-17,0.21,0.48,2.75,2.27,,,,,,22.01,92.9418,73.63
2010-09-18,0.21,,,,,,,,,,,
2010-09-19,0.21,,,,,,,,,,,
2010-09-20,0.21,0.47,2.72,2.25,,,,,,21.50,92.7496,74.81
2010-09-21,0.20,0.43,2.61,2.18,,,,,,22.35,92.6684,72.96
2010-09-22,0.21,0.44,2.56,2.12,,,,,,22.51,92.0647,72.98
2010-09-23,0.20,0.45,2.56,2.11,,,,,,23.87,92.0233,73.40
2010-09-24,0.21,0.45,2.62,2.17,,,,,,21.71,91.5996,74.63
2010-09-25,0.21,,,,,,,,,,,
2010-09-26,0.21,,,,,,,,,,,
2010-09-27,0.19,0.44,2.54,2.10,,,,,,22.54,91.4803,76.51
2010-09-28,0.19,0.37,2.48,2.11,,,,,,22.60,91.3493,76.15
2010-09-29,0.19,0.44,2.52,2.08,,,,,,23.25,91.1632,77.85
2010-09-30,0.15,0.42,2.53,2.11,,,,,,23.70,91.3415,79.95
2010-10-01,0.20,0.42,2.54,2.12,219.035,221.830,90.043,9.4,130620,22.50,90.836,81.57
2010-10-02,0.20,,,,,,,,,,,
2010-10-03,0.20,,,,,,,,,,,
2010-10-04,0.20,0.41,2.50,2.09,,,,,,23.53,91.0015,81.43
2010-10-05,0.20,0.41,2.50,2.09,,,,,,21.76,90.5622,82.83
2010-10-06,0.19,0.38,2.41,2.03,,,,,,21.49,90.1411,83.21
2010-10-07,0.18,0.36,2.41,2.05,,,,,,21.56,90.286,81.34
2010-10-08,0.18,0.35,2.41,2.06,,,,,,20.71,90.1133,82.66
2010-10-09,0.18,,,,,,,,,,,
2010-10-10,0.18,,,,,,,,,,,
2010-10-11,0.18,,,,,,,,,18.96,,82.18
2010-10-12,0.18,0.37,2.44,2.07,,,,,,18.93,90.2203,81.67
2010-10-13,0.18,0.37,2.46,2.09,,,,,,19.07,89.7779,83.03
2010-10-14,0.19,0.38,2.52,2.14,,,,,,19.88,89.5228,82.71
2010-10-15,0.20,0.37,2.59,2.22,,,,,,19.03,89.6815,81.23
2010-10-16,0.20,,,,,,,,,,,
2010-10-17,0.20,,,,,,,,,,,
2010-10-18,0.19,0.38,2.52,2.14,,,,,,19.09,89.8484,83.06
2010-10-19,0.19,0.37,2.50,2.13,,,,,,20.63,90.5499,79.57
2010-10-20,0.19,0.35,2.51,2.16,,,,,,19.79,90.1446,81.93
2010-10-21,0.19,0.37,2.57,2.20,,,,,,19.27,90.138,80.03
2010-10-22,0.19,0.35,2.59,2.24,,,,,,18.78,90.4063,81.15
2010-10-23,0.19,,,,,,,,,,,
2010-10-24,0.19,,,,,,,,,,,
2010-10-25,0.19,0.37,2.59,2.22,,,,,,19.85,89.9328,82.00
2010-10-26,0.19,0.40,2.67,2.27,,,,,,20.22,90.2818,82.60
2010-10-27,0.19,0.40,2.75,2.35,,,,,,20.71,90.8038,81.90
2010-10-28,0.19,0.37,2.69,2.32,,,,,,20.88,90.2407,82.20
2010-10-29,0.20,0.34,2.63,2.29,,,,,,21.20,90.0935,81.45
2010-10-30,0.20,,,,,,,,,,,
2010-10-31,0.20,,,,,,,,,,,
2010-11-01,0.20,0.34,2.66,2.32,219.590,222.149,90.16,9.8,130749,21.83,90.0307,82.94
2010-11-02,0.20,0.34,2.63,2.29,,,,,,21.57,89.6847,83.91
2010-11-03,0.20,0.34,2.67,2.33,,,,,,19.56,89.7079,84.45
2010-11-04,0.19,0.33,2.53,2.20,,,,,,18.52,88.9831,86.49
2010-11-05,0.18,0.38,2.58,2.20,,,,,,18.26,89.2441,86.85
2010-11-06,0.18,,,,,,,,,,,
2010-11-07,0.18,,,,,,,,,,,
2010-11-08,0.18,0.41,2.60,2.19,,,,,,18.29,89.5711,87.07
2010-11-09,0.17,0.46,2.72,2.26,,,,,,19.08,89.558,87.04
2010-11-10,0.17,0.44,2.65,2.21,,,,,,18.47,89.9056,87.77
2010-11-11,0.17,,,,,,,,,18.64,,87.77
2010-11-12,0.19,0.51,2.76,2.25,,,,,,20.61,90.1701,84.89
2010-11-13,0.19,,,,,,,,,,,
2010-11-14,0.19,,,,,,,,,,,
2010-11-15,0.21,0.53,2.92,2.39,,,,,,20.20,90.4331,84.88
2010-11-16,0.21,0.51,2.85,2.34,,,,,,22.58,91.1102,82.33
2010-11-17,0.20,0.50,2.89,2.39,,,,,,21.76,90.9282,80.43
2010-11-18,0.20,0.52,2.90,2.38,,,,,,18.75,90.649,81.88
2010-11-19,0.21,0.52,2.88,2.36,,,,,,18.04,90.6986,81.65
2010-11-20,0.21,,,,,,,,,,,
2010-11-21,0.21,,,,,,,,,,,
2010-11-22,0.19,0.49,2.80,2.31,,,,,,18.37,90.7023,81.24
2010-11-23,0.20,0.45,2.77,2.32,,,,,,20.63,91.4318,80.79
2010-11-24,0.20,0.53,2.93,2.40,,,,,,19.56,91.2179,83.21
2010-11-25,0.20,,,,,,,,,,,
2010-11-26,0.20,0.51,2.87,2.36,,,,,,22.22,91.8152,83.87
2010-11-27,0.20,,,,,,,,,,,
2010-11-28,0.20,,,,,,,,,,,
2010-11-29,0.20,0.52,2.84,2.32,,,,,,21.53,92.1997,85.73
2010-11-30,0.20,0.45,2.81,2.36,,,,,,23.54,92.1494,84.12
2010-12-01,0.20,0.53,2.97,2.44,220.472,222.343,90.179,9.3,130830,21.36,91.6799,86.75
2010-12-02,0.19,0.55,3.01,2.46,,,,,,19.39,91.2651,87.98
2010-12-03,0.18,0.49,3.03,2.54,,,,,,18.01,90.8788,89.18
2010-12-04,0.18,,,,,,,,,,,
2010-12-05,0.18,,,,,,,,,,,
2010-12-06,0.18,0.42,2.95,2.53,,,,,,18.02,91.0167,89.33
2010-12-07,0.17,0.54,3.15,2.61,,,,,,17.99,90.9732,88.69
2010-12-08,0.17,0.63,3.26,2.63,,,,,,17.74,91.3376,88.30
2010-12-09,0.16,0.64,3.23,2.59,,,,,,17.25,91.3923,88.35
2010-12-10,0.16,0.64,3.32,2.68,,,,,,17.61,91.2831,87.81
2010-12-11,0.16,,,,,,,,,,,
2010-12-12,0.16,,,,,,,,,,,
2010-12-13,0.17,0.61,3.29,2.68,,,,,,17.55,90.8837,88.62
2010-12-14,0.19,0.66,3.49,2.83,,,,,,17.61,90.764,88.33
2010-12-15,0.20,0.68,3.53,2.85,,,,,,17.94,91.094,88.66
2010-12-16,0.20,0.66,3.47,2.81,,,,,,17.39,91.3773,87.71
2010-12-17,0.20,0.61,3.33,2.72,,,,,,16.11,91.5555,88.02
2010-12-18,0.20,,,,,,,,,,,
2010-12-19,0.20,,,,,,,,,,,
2010-12-20,0.21,0.62,3.36,2.74,,,,,,16.41,91.6398,88.68
2010-12-21,0.20,0.63,3.35,2.72,,,,,,16.49,91.519,89.30
2010-12-22,0.19,0.65,3.36,2.71,,,,,,15.45,91.429,89.83
2010-12-23,0.19,0.67,3.41,2.74,,,,,,16.47,91.3013,90.84
2010-12-24,0.19,,,,,,,,,,,
2010-12-25,0.19,,,,,,,,,,,
2010-12-26,0.19,,,,,,,,,,,
2010-12-27,0.19,0.71,3.36,2.65,,,,,,17.67,91.1963,90.99
2010-12-28,0.18,0.75,3.50,2.75,,,,,,17.52,90.9848,91.48
2010-12-29,0.18,0.64,3.35,2.71,,,,,,17.28,90.7669,91.13
2010-12-30,0.19,0.66,3.38,2.72,,,,,,17.52,90.5146,89.85
2010-12-31,0.13,0.61,3.30,2.69,,,,,,17.75,,91.38
2011-01-01,0.13,,,,221.187,222.803,90.372,9.1,130837,,,
2011-01-02,0.13,,,,,,,,,,,
2011-01-03,0.19,0.61,3.36,2.75,,,,,,17.61,89.9524,91.59
2011-01-04,0.18,0.63,3.36,2.73,,,,,,17.38,90.3277,89.39
2011-01-05,0.18,0.71,3.50,2.79,,,,,,17.02,90.5715,90.30
2011-01-06,0.17,0.68,3.44,2.76,,,,,,17.40,90.9125,88.37
2011-01-07,0.17,0.60,3.34,2.74,,,,,,17.14,91.0001,88.07
2011-01-08,0.17,,,,,,,,,,,
2011-01-09,0.17,,,,,,,,,,,
2011-01-10,0.17,0.59,3.32,2.73,,,,,,17.54,91.03,89.24
2011-01-11,0.17,0.60,3.37,2.77,,,,,,16.89,90.8431,91.11
2011-01-12,0.16,0.61,3.40,2.79,,,,,,16.24,90.4111,91.85
2011-01-13,0.16,0.59,3.34,2.75,,,,,,16.39,89.9019,91.39
2011-01-14,0.16,0.59,3.35,2.76,,,,,,15.46,90.0461,91.53
2011-01-15,0.16,,,,,,,,,,,
2011-01-16,0.16,,,,,,,,,,,
2011-01-17,0.16,,,,,,,,,,,
2011-01-18,0.19,0.60,3.39,2.79,,,,,,15.87,89.821,91.38
2011-01-19,0.18,0.60,3.37,2.77,,,,,,17.31,89.6948,90.85
2011-01-20,0.18,0.65,3.47,2.82,,,,,,17.99,90.1316,88.56
2011-01-21,0.17,0.63,3.44,2.81,,,,,,18.47,89.7204,88.22
2011-01-22,0.17,,,,,,,,,,,
2011-01-23,0.17,,,,,,,,,,,
2011-01-24,0.18,0.65,3.43,2.78,,,,,,17.65,89.5375,86.74
2011-01-25,0.17,0.62,3.35,2.73,,,,,,17.59,89.7279,85.08
2011-01-26,0.17,0.62,3.45,2.83,,,,,,16.64,89.5091,86.15
2011-01-27,0.17,0.59,3.42,2.83,,,,,,16.15,89.5728,84.45
2011-01-28,0.17,0.54,3.36,2.82,,,,,,20.04,89.8189,88.15
2011-01-29,0.17,,,,,,,,,,,
2011-01-30,0.17,,,,,,,,,,,
2011-01-31,0.17,0.58,3.42,2.84,,,,,,19.53,89.694,90.99
2011-02-01,0.18,0.61,3.48,2.87,221.898,223.213,90.53,9.0,131057,17.63,89.1436,89.54
2011-02-02,0.18,0.67,3.52,2.85,,,,,,17.30,89.0737,89.78
2011-02-03,0.17,0.71,3.58,2.87,,,,,,16.69,89.2522,89.42
2011-02-04,0.17,0.77,3.68,2.91,,,,,,15.93,89.391,87.87
2011-02-05,0.17,,,,,,,,,,,
2011-02-06,0.17,,,,,,,,,,,
2011-02-07,0.17,0.78,3.68,2.90,,,,,,16.28,89.3556,86.30
2011-02-08,0.16,0.86,3.75,2.89,,,,,,15.81,89.1241,85.85
2011-02-09,0.15,0.81,3.65,2.84,,,,,,15.87,89.4166,85.59
2011-02-10,0.15,0.85,3.70,2.85,,,,,,16.09,89.6266,85.44
2011-02-11,0.15,0.85,3.64,2.79,,,,,,15.69,89.8784,84.39
2011-02-12,0.15,,,,,,,,,,,
2011-02-13,0.15,,,,,,,,,,,
2011-02-14,0.15,0.87,3.62,2.75,,,,,,15.95,89.8543,83.66
2011-02-15,0.16,0.84,3.61,2.77,,,,,,16.37,89.8871,83.13
2011-02-16,0.15,0.86,3.62,2.76,,,,,,16.72,89.7059,83.80
2011-02-17,0.15,0.80,3.58,2.78,,,,,,16.59,89.4102,85.05
2011-02-18,0.15,0.78,3.59,2.81,,,,,,16.43,89.1974,85.03
2011-02-19,0.15,,,,,,,,,,,
2011-02-20,0.15,,,,,,,,,,,
2011-02-21,0.15,,,,,,,,,,,
2011-02-22,0.15,0.74,3.46,2.72,,,,,,20.80,89.4617,92.65
2011-02-23,0.15,0.74,3.49,2.75,,,,,,22.13,89.4186,96.04
2011-02-24,0.15,0.73,3.46,2.73,,,,,,21.32,89.2346,95.83
2011-02-25,0.15,0.72,3.42,2.70,,,,,,19.22,89.1664,96.52
2011-02-26,0.15,,,,,,,,,,,
2011-02-27,0.15,,,,,,,,,,,
2011-02-28,0.16,0.69,3.42,2.73,,,,,,18.35,88.9391,97.10
2011-03-01,0.15,0.66,3.41,2.75,223.046,223.454,90.667,9.0,131283,21.01,88.831,99.63
2011-03-02,0.16,0.69,3.46,2.77,,,,,,20.70,88.7317,102.27
2011-03-03,0.15,0.79,3.58,2.79,,,,,,18.60,88.637,101.92
2011-03-04,0.15,0.68,3.49,2.81,,,,,,19.06,88.4898,104.34
2011-03-05,0.15,,,,,,,,,,,
2011-03-06,0.15,,,,,,,,,,,
2011-03-07,0.14,0.70,3.51,2.81,,,,,,20.66,88.5207,105.37
2011-03-08,0.14,0.73,3.56,2.83,,,,,,19.82,88.6454,105.06
2011-03-09,0.14,0.70,3.48,2.78,,,,,,20.22,88.5328,104.39
2011-03-10,0.14,0.65,3.37,2.72,,,,,,21.88,88.8698,102.73
2011-03-11,0.13,0.64,3.40,2.76,,,,,,20.08,88.691,101.14
2011-03-12,0.13,,,,,,,,,,,
2011-03-13,0.13,,,,,,,,,,,
2011-03-14,0.14,0.61,3.36,2.75,,,,,,21.13,88.5191,101.20
2011-03-15,0.14,0.63,3.33,2.70,,,,,,24.32,88.7845,97.23
2011-03-16,0.14,0.58,3.22,2.64,,,,,,29.40,88.9785,97.99
2011-03-17,0.14,0.60,3.25,2.65,,,,,,26.37,88.6549,101.47
2011-03-18,0.15,0.61,3.28,2.67,,,,,,24.44,88.5221,101.06
2011-03-19,0.15,,,,,,,,,,,
2011-03-20,0.15,,,,,,,,,,,
2011-03-21,0.14,0.67,3.34,2.67,,,,,,20.61,88.2032,102.36
2011-03-22,0.14,0.68,3.34,2.66,,,,,,20.21,88.0665,104.53
2011-03-23,0.14,0.69,3.36,2.67,,,,,,19.17,88.3328,105.21
2011-03-24,0.13,0.72,3.42,2.70,,,,,,18.00,88.0592,105.04
2011-03-25,0.13,0.79,3.46,2.67,,,,,,17.91,88.1716,104.89
2011-03-26,0.13,,,,,,,,,,,
2011-03-27,0.13,,,,,,,,,,,
2011-03-28,0.13,0.81,3.47,2.66,,,,,,19.44,88.3058,103.54
2011-03-29,0.13,0.81,3.50,2.69,,,,,,18.16,88.3991,104.34
2011-03-30,0.13,0.80,3.47,2.67,,,,,,17.71,88.2298,103.80
2011-03-31,0.10,0.80,3.47,2.67,,,,,,17.74,88.0299,106.19
2011-04-01,0.11,0.80,3.46,2.66,224.093,223.727,90.875,9.1,131597,17.40,87.7993,107.55
2011-04-02,0.11,,,,,,,,,,,
2011-04-03,0.11,,,,,,,,,,,
2011-04-04,0.09,0.77,3.45,2.68,,,,,,17.50,87.8406,108.14
2011-04-05,0.09,0.84,3.50,2.66,,,,,,17.25,87.7483,107.82
2011-04-06,0.10,0.85,3.56,2.71,,,,,,16.90,87.4913,108.38
2011-04-07,0.10,0.81,3.58,2.77,,,,,,17.11,87.532,109.82
2011-04-08,0.09,0.83,3.59,2.76,,,,,,17.87,87.1493,112.27
2011-04-09,0.09,,,,,,,,,,,
2011-04-10,0.09,,,,,,,,,,,
2011-04-11,0.09,0.85,3.59,2.74,,,,,,16.59,87.094,109.50
2011-04-12,0.08,0.77,3.52,2.75,,,,,,17.09,87.2943,105.75
2011-04-13,0.08,0.75,3.49,2.74,,,,,,16.92,87.2093,106.60
2011-04-14,0.09,0.77,3.51,2.74,,,,,,16.27,87.0802,107.73
2011-04-15,0.12,0.71,3.43,2.72,,,,,,15.32,87.005,109.17
2011-04-16,0.12,,,,,,,,,,,
2011-04-17,0.12,,,,,,,,,,,
2011-04-18,0.10,0.69,3.40,2.71,,,,,,16.96,87.5081,106.70
2011-04-19,0.11,0.68,3.39,2.71,,,,,,15.83,87.0791,107.18
2011-04-20,0.10,0.69,3.43,2.74,,,,,,15.07,86.5642,110.84
2011-04-21,0.10,0.68,3.42,2.74,,,,,,14.69,86.2256,111.72
2011-04-22,0.10,,,,,,,,,,86.3742,
2011-04-23,0.10,,,,,,,,,,,
2011-04-24,0.10,,,,,,,,,,,
2011-04-25,0.10,0.67,3.39,2.72,,,,,,15.77,86.4026,111.68
2011-04-26,0.09,0.65,3.34,2.69,,,,,,15.62,86.2576,111.72
2011-04-27,0.09,0.65,3.39,2.74,,,,,,15.35,86.2519,112.31
2011-04-28,0.09,0.62,3.34,2.72,,,,,,14.62,85.8419,112.38
2011-04-29,0.09,0.61,3.32,2.71,,,,,,14.75,85.5999,113.39
2011-04-30,0.09,,,,,,,,,,,
2011-05-01,0.09,,,,224.806,224.175,91.091,9.0,131703,,,
2011-05-02,0.09,0.61,3.31,2.70,,,,,,15.99,85.5199,113.03
2011-05-03,0.09,0.61,3.28,2.67,,,,,,16.70,85.6352,110.60
2011-05-04,0.09,0.60,3.25,2.65,,,,,,17.08,85.8917,108.79
2011-05-05,0.09,0.58,3.18,2.60,,,,,,18.20,86.508,99.89
2011-05-06,0.09,0.57,3.19,2.62,,,,,,18.40,86.4575,96.87
2011-05-07,0.09,,,,,,,,,,,
2011-05-08,0.09,,,,,,,,,,,
2011-05-09,0.09,0.57,3.17,2.60,,,,,,17.16,86.8346,100.32
2011-05-10,0.09,0.59,3.23,2.64,,,,,,15.91,86.6518,103.39
2011-05-11,0.09,0.56,3.19,2.63,,,,,,16.95,86.7195,97.88
2011-05-12,0.09,0.57,3.22,2.65,,,,,,16.03,87.0767,98.53
2011-05-13,0.09,0.57,3.18,2.61,,,,,,17.07,87.4176,99.21
2011-05-14,0.09,,,,,,,,,,,
2011-05-15,0.09,,,,,,,,,,,
2011-05-16,0.10,0.54,3.15,2.61,,,,,,18.24,87.3311,96.91
2011-05-17,0.09,0.55,3.12,2.57,,,,,,17.55,87.6307,96.40
2011-05-18,0.10,0.58,3.18,2.60,,,,,,16.23,87.295,99.52
2011-05-19,0.09,0.55,3.17,2.62,,,,,,15.52,87.2638,97.99
2011-05-20,0.10,0.55,3.15,2.60,,,,,,17.43,87.3044,99.15
2011-05-21,0.10,,,,,,,,,,,
2011-05-22,0.10,,,,,,,,,,,
2011-05-23,0.10,0.55,3.13,2.58,,,,,,18.27,87.8941,97.06
2011-05-24,0.10,0.56,3.12,2.56,,,,,,17.82,87.662,99.13
2011-05-25,0.09,0.54,3.13,2.59,,,,,,17.07,87.6136,100.78
2011-05-26,0.09,0.48,3.07,2.59,,,,,,16.09,87.5588,100.18
2011-05-27,0.10,0.48,3.07,2.59,,,,,,15.98,86.9525,100.58
2011-05-28,0.10,,,,,,,,,,,
2011-05-29,0.10,,,,,,,,,,,
2011-05-30,0.10,,,,,,,,,,,
2011-05-31,0.10,0.45,3.05,2.60,,,,,,15.45,86.656,102.70
2011-06-01,0.10,0.44,2.96,2.52,224.806,224.697,91.191,9.1,131931,18.30,86.5964,100.30
2011-06-02,0.10,0.45,3.04,2.59,,,,,,18.09,86.8435,100.41
2011-06-03,0.11,0.42,2.99,2.57,,,,,,17.95,86.4234,100.28
2011-06-04,0.11,,,,,,,,,,,
2011-06-05,0.11,,,,,,,,,,,
2011-06-06,0.10,0.43,3.01,2.58,,,,,,18.49,86.4669,99.07
2011-06-07,0.09,0.39,3.01,2.62,,,,,,18.07,86.3627,99.18
2011-06-08,0.09,0.39,2.98,2.59,,,,,,18.79,86.5714,100.77
2011-06-09,0.09,0.43,3.01,2.58,,,,,,17.77,86.5913,101.95
2011-06-10,0.09,0.41,2.99,2.58,,,,,,18.86,87.042,99.30
2011-06-11,0.09,,,,,,,,,,,
2011-06-12,0.09,,,,,,,,,,,
2011-06-13,0.10,0.40,3.00,2.60,,,,,,19.61,87.0579,97.20
2011-06-14,0.10,0.45,3.11,2.66,,,,,,18.26,86.6771,99.37
2011-06-15,0.10,0.38,2.98,2.60,,,,,,21.32,87.3342,94.83
2011-06-16,0.10,0.38,2.93,2.55,,,,,,22.73,87.6917,94.95
2011-06-17,0.10,0.38,2.94,2.56,,,,,,21.85,87.2179,93.02
2011-06-18,0.10,,,,,,,,,,,
2011-06-19,0.10,,,,,,,,,,,
2011-06-20,0.09,0.38,2.97,2.59,,,,,,19.99,87.1908,93.23
2011-06-21,0.09,0.40,2.99,2.59,,,,,,18.86,86.857,93.70
2011-06-22,0.09,0.39,3.01,2.62,,,,,,18.52,86.8067,94.96
2011-06-23,0.08,0.35,2.93,2.58,,,,,,19.29,87.455,90.70
2011-06-24,0.08,0.35,2.88,2.53,,,,,,21.10,87.5014,90.89
2011-06-25,0.08,,,,,,,,,,,
2011-06-26,0.08,,,,,,,,,,,
2011-06-27,0.08,0.41,2.95,2.54,,,,,,20.56,87.5225,90.65
2011-06-28,0.08,0.48,3.05,2.57,,,,,,19.17,87.2178,92.90
2011-06-29,0.07,0.47,3.14,2.67,,,,,,17.27,86.8014,94.85
2011-06-30,0.07,0.45,3.18,2.73,,,,,,16.52,86.4786,95.30
2011-07-01,0.08,0.50,3.22,2.72,225.395,225.218,91.326,9.0,131992,15.87,86.3613,94.81
2011-07-02,0.08,,,,,,,,,,,
2011-07-03,0.08,,,,,,,,,,,
2011-07-04,0.08,,,,,,,,,,,
2011-07-05,0.08,0.44,3.16,2.72,,,,,,16.06,86.4253,96.92
2011-07-06,0.07,0.43,3.12,2.69,,,,,,16.34,86.6825,96.67
2011-07-07,0.07,0.49,3.17,2.68,,,,,,15.95,86.4825,98.70
2011-07-08,0.07,0.40,3.03,2.63,,,,,,15.95,86.615,96.20
2011-07-09,0.07,,,,,,,,,,,
2011-07-10,0.07,,,,,,,,,,,
2011-07-11,0.07,0.37,2.94,2.57,,,,,,18.39,87.1013,95.16
2011-07-12,0.06,0.37,2.92,2.55,,,,,,19.87,87.1701,97.41
2011-07-13,0.06,0.37,2.92,2.55,,,,,,19.91,86.5697,98.04
2011-07-14,0.06,0.38,2.98,2.60,,,,,,20.80,86.5234,95.75
2011-07-15,0.06,0.37,2.94,2.57,,,,,,19.53,86.5169,97.24
2011-07-16,0.06,,,,,,,,,,,
2011-07-17,0.06,,,,,,,,,,,
2011-07-18,0.06,0.37,2.94,2.57,,,,,,20.95,86.9549,95.94
2011-07-19,0.06,0.39,2.91,2.52,,,,,,19.21,86.4386,97.49
2011-07-20,0.06,0.40,2.96,2.56,,,,,,19.09,86.2794,98.11
2011-07-21,0.06,0.40,3.03,2.63,,,,,,17.56,85.8378,98.96
2011-07-22,0.06,0.40,2.99,2.59,,,,,,17.52,85.8623,99.53
2011-07-23,0.06,,,,,,,,,,,
2011-07-24,0.06,,,,,,,,,,,
2011-07-25,0.06,0.42,3.03,2.61,,,,,,19.35,85.8006,98.97
2011-07-26,0.06,0.41,2.99,2.58,,,,,,20.23,85.4692,99.61
2011-07-27,0.07,0.44,3.01,2.57,,,,,,22.98,85.7126,97.40
2011-07-28,0.08,0.42,2.98,2.56,,,,,,23.74,85.8245,97.48
2011-07-29,0.11,0.36,2.82,2.46,,,,,,25.25,85.7282,95.68
2011-07-30,0.11,,,,,,,,,,,
2011-07-31,0.11,,,,,,,,,,,
2011-08-01,0.17,0.38,2.77,2.39,226.106,225.862,91.508,9.0,132125,23.66,86.0391,94.98
2011-08-02,0.16,0.33,2.66,2.33,,,,,,24.79,86.0533,93.78
2011-08-03,0.12,0.33,2.64,2.31,,,,,,23.38,86.0706,91.87
2011-08-04,0.09,0.27,2.47,2.20,,,,,,31.66,86.9299,86.75
2011-08-05,0.08,0.28,2.58,2.30,,,,,,32.00,87.1084,86.89
2011-08-06,0.08,,,,,,,,,,,
2011-08-07,0.08,,,,,,,,,,,
2011-08-08,0.11,0.27,2.40,2.13,,,,,,48.00,87.1873,81.27
2011-08-09,0.10,0.19,2.20,2.01,,,,,,35.06,87.3919,79.32
2011-08-10,0.10,0.19,2.17,1.98,,,,,,42.99,87.3792,83.05
2011-08-11,0.09,0.19,2.34,2.15,,,,,,39.00,87.3215,85.48
2011-08-12,0.10,0.20,2.24,2.04,,,,,,36.36,87.177,85.19
2011-08-13,0.10,,,,,,,,,,,
2011-08-14,0.10,,,,,,,,,,,
2011-08-15,0.10,0.19,2.29,2.10,,,,,,31.87,86.7515,87.88
2011-08-16,0.09,0.20,2.23,2.03,,,,,,32.85,86.7115,86.65
2011-08-17,0.09,0.19,2.17,1.98,,,,,,31.58,86.5518,87.58
2011-08-18,0.09,0.20,2.08,1.88,,,,,,42.67,87.1271,82.38
2011-08-19,0.09,0.20,2.07,1.87,,,,,,43.05,86.8286,82.33
2011-08-20,0.09,,,,,,,,,,,
2011-08-21,0.09,,,,,,,,,,,
2011-08-22,0.09,0.22,2.10,1.88,,,,,,42.44,87.0753,84.42
2011-08-23,0.08,0.22,2.15,1.93,,,,,,36.27,86.9001,85.35
2011-08-24,0.08,0.23,2.29,2.06,,,,,,35.90,87.1316,84.99
2011-08-25,0.08,0.22,2.23,2.01,,,,,,39.76,87.2306,85.15
2011-08-26,0.09,0.20,2.19,1.99,,,,,,35.59,87.0751,85.37
2011-08-27,0.09,,,,,,,,,,,
2011-08-28,0.09,,,,,,,,,,,
2011-08-29,0.09,0.20,2.28,2.08,,,,,,32.28,86.8433,87.27
2011-08-30,0.08,0.20,2.19,1.99,,,,,,32.89,87.001,88.90
2011-08-31,0.08,0.20,2.23,2.03,,,,,,31.62,86.7739,88.81
2011-09-01,0.08,0.19,2.15,1.96,226.597,226.118,91.57,9.0,132344,31.82,86.8512,88.93
2011-09-02,0.08,0.20,2.02,1.82,,,,,,33.92,87.1797,86.45
2011-09-03,0.08,,,,,,,,,,,
2011-09-04,0.08,,,,,,,,,,,
2011-09-05,0.08,,,,,,,,,,,
2011-09-06,0.09,0.21,1.98,1.77,,,,,,37.00,88.1645,85.99
2011-09-07,0.09,0.21,2.05,1.84,,,,,,33.38,87.9699,89.34
2011-09-08,0.09,0.19,2.00,1.81,,,,,,34.32,88.1162,89.05
2011-09-09,0.09,0.17,1.93,1.76,,,,,,38.52,88.9514,87.24
2011-09-10,0.09,,,,,,,,,,,
2011-09-11,0.09,,,,,,,,,,,
2011-09-12,0.09,0.21,1.94,1.73,,,,,,38.59,89.2192,88.19
2011-09-13,0.09,0.21,2.00,1.79,,,,,,36.91,89.2653,90.21
2011-09-14,0.08,0.19,2.03,1.84,,,,,,34.60,89.419,88.91
2011-09-15,0.09,0.21,2.09,1.88,,,,,,31.97,89.0647,89.40
2011-09-16,0.09,0.18,2.08,1.90,,,,,,30.98,89.1108,87.96
2011-09-17,0.09,,,,,,,,,,,
2011-09-18,0.09,,,,,,,,,,,
2011-09-19,0.09,0.16,1.97,1.81,,,,,,32.73,89.9336,85.70
2011-09-20,0.09,0.18,1.95,1.77,,,,,,32.86,89.8777,86.92
2011-09-21,0.08,0.21,1.88,1.67,,,,,,37.32,90.3453,85.77
2011-09-22,0.08,0.20,1.72,1.52,,,,,,41.35,92.075,80.29
2011-09-23,0.08,0.23,1.84,1.61,,,,,,41.25,91.6904,79.58
2011-09-24,0.08,,,,,,,,,,,
2011-09-25,0.08,,,,,,,,,,,
2011-09-26,0.08,0.25,1.91,1.66,,,,,,39.02,91.7724,79.97
2011-09-27,0.08,0.25,2.00,1.75,,,,,,37.71,90.8985,84.18
2011-09-28,0.08,0.27,2.03,1.76,,,,,,41.08,91.0227,80.94
2011-09-29,0.08,0.27,1.99,1.72,,,,,,38.84,91.3033,81.87
2011-09-30,0.06,0.25,1.92,1.67,,,,,,42.96,91.9998,78.93
2011-10-01,0.06,,,,226.750,226.506,91.614,8.8,132553,,,
2011-10-02,0.06,,,,,,,,,,,
2011-10-03,0.08,0.24,1.80,1.56,,,,,,45.45,92.5128,77.34
2011-10-04,0.07,0.25,1.81,1.56,,,,,,40.82,92.9508,75.40
2011-10-05,0.07,0.25,1.92,1.67,,,,,,37.81,92.3008,79.41
2011-10-06,0.07,0.29,2.01,1.72,,,,,,36.27,91.9661,82.32
2011-10-07,0.07,0.30,2.10,1.80,,,,,,36.20,91.2469,82.70
2011-10-08,0.07,,,,,,,,,,,
2011-10-09,0.07,,,,,,,,,,,
2011-10-10,0.07,,,,,,,,,33.02,,85.14
2011-10-11,0.07,0.32,2.18,1.86,,,,,,32.86,90.9162,85.54
2011-10-12,0.07,0.29,2.24,1.95,,,,,,31.26,90.3378,85.30
2011-10-13,0.07,0.29,2.19,1.90,,,,,,30.70,90.6603,83.96
2011-10-14,0.07,0.28,2.26,1.98,,,,,,28.24,90.2116,86.80
2011-10-15,0.07,,,,,,,,,,,
2011-10-16,0.07,,,,,,,,,,,
2011-10-17,0.07,0.28,2.18,1.90,,,,,,33.39,90.266,86.38
2011-10-18,0.07,0.28,2.19,1.91,,,,,,31.56,90.5907,88.34
2011-10-19,0.07,0.28,2.18,1.90,,,,,,34.44,90.3317,86.11
2011-10-20,0.07,0.28,2.20,1.92,,,,,,34.78,91.1026,86.07
2011-10-21,0.07,0.30,2.23,1.93,,,,,,31.32,90.279,87.19
2011-10-22,0.07,,,,,,,,,,,
2011-10-23,0.07,,,,,,,,,,,
2011-10-24,0.07,0.30,2.25,1.95,,,,,,29.26,89.8558,91.12
2011-10-25,0.07,0.26,2.14,1.88,,,,,,32.22,89.9525,92.98
2011-10-26,0.08,0.28,2.23,1.95,,,,,,29.86,90.0836,90.20
2011-10-27,0.07,0.31,2.42,2.11,,,,,,25.46,88.7882,93.96
2011-10-28,0.07,0.28,2.34,2.06,,,,,,24.53,88.6382,93.32
2011-10-29,0.07,,,,,,,,,,,
2011-10-30,0.07,,,,,,,,,,,
2011-10-31,0.09,0.25,2.17,1.92,,,,,,29.96,89.2053,93.19
2011-11-01,0.08,0.23,2.01,1.78,227.169,226.899,91.808,8.6,132690,34.77,90.7296,92.19
2011-11-02,0.08,0.23,2.03,1.80,,,,,,32.74,90.244,92.51
2011-11-03,0.09,0.24,2.09,1.85,,,,,,30.50,90.2961,94.07
2011-11-04,0.08,0.22,2.06,1.84,,,,,,30.16,90.3154,94.26
2011-11-05,0.08,,,,,,,,,,,
2011-11-06,0.08,,,,,,,,,,,
2011-11-07,0.08,0.25,2.04,1.79,,,,,,29.85,90.3832,95.52
2011-11-08,0.08,0.25,2.10,1.85,,,,,,27.48,90.172,96.80
2011-11-09,0.08,0.24,2.00,1.76,,,,,,36.16,90.6991,95.74
2011-11-10,0.08,0.24,2.04,1.80,,,,,,32.81,90.8588,97.78
2011-11-11,0.08,,,,,,,,,30.04,,98.99
2011-11-12,0.08,,,,,,,,,,,
2011-11-13,0.08,,,,,,,,,,,
2011-11-14,0.08,0.24,2.04,1.80,,,,,,31.13,90.7215,98.14
2011-11-15,0.09,0.26,2.06,1.80,,,,,,31.22,91.1081,99.37
2011-11-16,0.08,0.26,2.01,1.75,,,,,,33.51,91.1237,102.59
2011-11-17,0.08,0.27,1.96,1.69,,,,,,34.51,91.1822,98.82
2011-11-18,0.08,0.29,2.01,1.72,,,,,,32.00,91.3676,97.67
2011-11-19,0.08,,,,,,,,,,,
2011-11-20,0.08,,,,,,,,,,,
2011-11-21,0.08,0.27,1.97,1.70,,,,,,32.91,91.9978,96.73
2011-11-22,0.08,0.26,1.94,1.68,,,,,,31.97,92.0193,97.76
2011-11-23,0.09,0.26,1.89,1.63,,,,,,33.98,92.7463,96.16
2011-11-24,0.09,,,,,,,,,,,
2011-11-25,0.07,0.28,1.97,1.69,,,,,,34.47,93.1455,96.91
2011-11-26,0.07,,,,,,,,,,,
2011-11-27,0.07,,,,,,,,,,,
2011-11-28,0.08,0.26,1.97,1.71,,,,,,32.13,92.4983,98.21
2011-11-29,0.08,0.27,2.00,1.73,,,,,,30.64,92.2163,99.79
2011-11-30,0.10,0.25,2.08,1.83,,,,,,27.80,91.4728,100.36
2011-12-01,0.08,0.27,2.11,1.84,227.223,227.405,91.96,8.5,132888,27.41,91.227,100.20
2011-12-02,0.08,0.25,2.05,1.80,,,,,,27.52,91.3532,100.97
2011-12-03,0.08,,,,,,,,,,,
2011-12-04,0.08,,,,,,,,,,,
2011-12-05,0.08,0.27,2.04,1.77,,,,,,27.84,91.1087,100.94
2011-12-06,0.08,0.25,2.08,1.83,,,,,,28.13,91.2817,101.25
2011-12-07,0.08,0.24,2.02,1.78,,,,,,28.67,91.2331,100.45
2011-12-08,0.07,0.22,1.99,1.77,,,,,,30.59,91.668,98.35
2011-12-09,0.07,0.22,2.07,1.85,,,,,,26.38,91.6122,99.40
2011-12-10,0.07,,,,,,,,,,,
2011-12-11,0.07,,,,,,,,,,,
2011-12-12,0.07,0.24,2.03,1.79,,,,,,25.67,92.3375,97.77
2011-12-13,0.07,0.24,1.96,1.72,,,,,,25.41,92.5456,100.24
2011-12-14,0.07,0.25,1.92,1.67,,,,,,26.04,93.2176,94.92
2011-12-15,0.07,0.26,1.92,1.66,,,,,,25.11,92.8858,93.84
2011-12-16,0.07,0.24,1.86,1.62,,,,,,24.29,92.8252,93.55
2011-12-17,0.07,,,,,,,,,,,
2011-12-18,0.07,,,,,,,,,,,
2011-12-19,0.07,0.24,1.82,1.58,,,,,,24.92,92.8685,93.86
2011-12-20,0.07,0.26,1.94,1.68,,,,,,23.22,92.432,97.16
2011-12-21,0.07,0.28,1.98,1.70,,,,,,21.43,92.5262,98.54
2011-12-22,0.07,0.28,1.97,1.69,,,,,,21.16,92.3883,99.42
2011-12-23,0.08,0.28,2.03,1.75,,,,,,20.73,92.3897,99.72
2011-12-24,0.08,,,,,,,,,,,
2011-12-25,0.08,,,,,,,,,,,
2011-12-26,0.08,,,,,,,,,,,
2011-12-27,0.07,0.30,2.02,1.72,,,,,,21.91,92.4137,101.29
2011-12-28,0.07,0.28,1.93,1.65,,,,,,23.52,92.8374,99.44
2011-12-29,0.07,0.28,1.91,1.63,,,,,,22.65,92.7398,99.68
2011-12-30,0.04,0.25,1.89,1.64,,,,,,23.40,92.4262,98.83
2011-12-31,0.04,,,,,,,,,,,
2012-01-01,0.04,,,,227.842,227.877,92.235,8.3,133246,,,
2012-01-02,0.04,,,,,,,,,,,
2012-01-03,0.07,0.27,1.97,1.70,,,,,,22.97,91.7551,102.96
2012-01-04,0.07,0.25,2.00,1.75,,,,,,22.22,92.0345,103.22
2012-01-05,0.07,0.27,2.02,1.75,,,,,,21.48,92.5773,101.81
2012-01-06,0.07,0.25,1.98,1.73,,,,,,20.63,92.7183,101.56
2012-01-07,0.07,,,,,,,,,,,
2012-01-08,0.07,,,,,,,,,,,
2012-01-09,0.08,0.26,1.98,1.72,,,,,,21.07,92.7418,101.31
2012-01-10,0.08,0.24,2.00,1.76,,,,,,20.69,92.2461,102.24
2012-01-11,0.08,0.24,1.93,1.69,,,,,,21.05,92.554,100.89
2012-01-12,0.08,0.22,1.94,1.72,,,,,,20.47,92.2274,99.03
2012-01-13,0.09,0.24,1.89,1.65,,,,,,20.91,92.5385,98.69
2012-01-14,0.09,,,,,,,,,,,
2012-01-15,0.09,,,,,,,,,,,
2012-01-16,0.09,,,,,,,,,,,
2012-01-17,0.09,0.21,1.87,1.66,,,,,,22.20,92.0142,100.70
2012-01-18,0.09,0.24,1.92,1.68,,,,,,20.89,91.6943,100.61
2012-01-19,0.10,0.26,2.01,1.75,,,,,,19.87,91.3316,100.32
2012-01-20,0.09,0.26,2.05,1.79,,,,,,18.28,91.3661,98.15
2012-01-21,0.09,,,,,,,,,,,
2012-01-22,0.09,,,,,,,,,,,
2012-01-23,0.09,0.26,2.09,1.83,,,,,,18.67,90.986,99.47
2012-01-24,0.09,0.24,2.08,1.84,,,,,,18.91,91.181,98.84
2012-01-25,0.08,0.22,2.01,1.79,,,,,,18.31,91.277,99.23
2012-01-26,0.08,0.22,1.96,1.74,,,,,,18.57,90.3962,99.76
2012-01-27,0.09,0.22,1.93,1.71,,,,,,18.53,90.2559,99.47
2012-01-28,0.09,,,,,,,,,,,
2012-01-29,0.09,,,,,,,,,,,
2012-01-30,0.09,0.22,1.87,1.65,,,,,,19.40,90.4762,98.75
2012-01-31,0.11,0.22,1.83,1.61,,,,,,19.44,90.5538,98.46
2012-02-01,0.11,0.23,1.87,1.64,228.329,228.034,92.364,8.3,133509,18.55,90.0963,97.63
2012-02-02,0.11,0.23,1.86,1.63,,,,,,17.98,89.8765,96.36
2012-02-03,0.11,0.23,1.97,1.74,,,,,,17.10,89.8491,97.80
2012-02-04,0.11,,,,,,,,,,,
2012-02-05,0.11,,,,,,,,,,,
2012-02-06,0.11,0.24,1.93,1.69,,,,,,17.76,89.7907,96.89
2012-02-07,0.11,0.25,2.00,1.75,,,,,,17.65,89.5968,98.55
2012-02-08,0.11,0.27,2.01,1.74,,,,,,18.16,89.6555,98.80
2012-02-09,0.11,0.27,2.04,1.77,,,,,,18.63,89.6246,99.88
2012-02-10,0.12,0.27,1.96,1.69,,,,,,20.79,90.1024,98.68
2012-02-11,0.12,,,,,,,,,,,
2012-02-12,0.12,,,,,,,,,,,
2012-02-13,0.12,0.29,1.99,1.70,,,,,,19.04,89.8895,100.39
2012-02-14,0.12,0.29,1.92,1.63,,,,,,19.54,90.1919,100.82
2012-02-15,0.12,0.29,1.93,1.64,,,,,,21.14,90.1932,101.82
2012-02-16,0.11,0.29,1.99,1.70,,,,,,19.22,90.3109,102.33
2012-02-17,0.09,0.29,2.01,1.72,,,,,,17.78,90.23,103.27
2012-02-18,0.09,,,,,,,,,,,
2012-02-19,0.09,,,,,,,,,,,
2012-02-20,0.09,,,,,,,,,,,
2012-02-21,0.10,0.31,2.05,1.74,,,,,,18.19,90.0117,105.88
2012-02-22,0.08,0.29,2.01,1.72,,,,,,18.19,90.2472,105.99
2012-02-23,0.08,0.31,1.99,1.68,,,,,,16.80,90.1108,107.44
2012-02-24,0.09,0.31,1.98,1.67,,,,,,17.31,89.9104,109.39
2012-02-25,0.09,,,,,,,,,,,
2012-02-26,0.09,,,,,,,,,,,
2012-02-27,0.10,0.30,1.92,1.62,,,,,,18.19,89.9635,108.49
2012-02-28,0.10,0.30,1.94,1.64,,,,,,17.96,89.8103,106.59
2012-02-29,0.10,0.30,1.98,1.68,,,,,,18.43,89.7487,107.08
2012-03-01,0.11,0.30,2.03,1.73,228.807,228.478,92.521,8.2,133748,17.26,89.7817,108.76
2012-03-02,0.11,0.28,1.99,1.71,,,,,,17.29,90.135,106.68
2012-03-03,0.11,,,,,,,,,,,
2012-03-04,0.11,,,,,,,,,,,
2012-03-05,0.11,0.31,2.00,1.69,,,,,,18.05,90.2748,106.70
2012-03-06,0.11,0.30,1.96,1.66,,,,,,20.87,90.8237,104.71
2012-03-07,0.11,0.30,1.98,1.68,,,,,,19.07,90.6837,106.16
2012-03-08,0.11,0.32,2.03,1.71,,,,,,17.95,90.2598,106.65
2012-03-09,0.12,0.33,2.04,1.71,,,,,,17.11,90.4341,107.40
2012-03-10,0.12,,,,,,,,,,,
2012-03-11,0.12,,,,,,,,,,,
2012-03-12,0.12,0.33,2.04,1.71,,,,,,15.64,90.6643,106.34
2012-03-13,0.12,0.35,2.14,1.79,,,,,,14.80,90.5363,106.70
2012-03-14,0.13,0.40,2.29,1.89,,,,,,15.31,90.9325,105.49
2012-03-15,0.14,0.37,2.29,1.92,,,,,,15.42,90.7866,105.19
2012-03-16,0.15,0.37,2.31,1.94,,,,,,14.47,90.5245,107.03
2012-03-17,0.15,,,,,,,,,,,
2012-03-18,0.15,,,,,,,,,,,
2012-03-19,0.15,0.39,2.39,2.00,,,,,,15.04,90.292,108.09
2012-03-20,0.15,0.41,2.38,1.97,,,,,,15.58,90.6065,105.68
2012-03-21,0.15,0.39,2.31,1.92,,,,,,15.13,90.6761,106.87
2012-03-22,0.14,0.37,2.29,1.92,,,,,,15.57,90.8225,104.98
2012-03-23,0.14,0.37,2.25,1.88,,,,,,14.82,90.6156,106.43
2012-03-24,0.14,,,,,,,,,,,
2012-03-25,0.14,,,,,,,,,,,
2012-03-26,0.14,0.36,2.26,1.90,,,,,,14.26,90.3266,107.07
2012-03-27,0.14,0.33,2.20,1.87,,,,,,15.59,90.2796,107.32
2012-03-28,0.13,0.34,2.21,1.87,,,,,,15.47,90.603,105.40
2012-03-29,0.13,0.33,2.18,1.85,,,,,,15.48,90.7285,102.79
2012-03-30,0.09,0.33,2.23,1.90,,,,,,15.50,90.4593,103.03
2012-03-31,0.09,,,,,,,,,,,
2012-04-01,0.09,,,,229.187,228.905,92.661,8.2,133825,,,
2012-04-02,0.15,0.33,2.22,1.89,,,,,,15.64,90.247,105.25
2012-04-03,0.15,0.36,2.30,1.94,,,,,,15.66,90.1921,104.02
2012-04-04,0.15,0.35,2.25,1.90,,,,,,16.44,90.8284,101.53
2012-04-05,0.15,0.35,2.19,1.84,,,,,,16.70,90.8781,103.29
2012-04-06,0.12,0.32,2.07,1.75,,,,,,,90.9375,
2012-04-07,0.12,,,,,,,,,,,
2012-04-08,0.12,,,,,,,,,,,
2012-04-09,0.16,0.32,2.06,1.74,,,,,,18.81,90.9624,102.45
2012-04-10,0.15,0.28,2.01,1.73,,,,,,20.39,91.2728,101.12
2012-04-11,0.16,0.30,2.05,1.75,,,,,,20.02,91.1768,102.66
2012-04-12,0.15,0.29,2.08,1.79,,,,,,17.20,90.7694,103.69
2012-04-13,0.15,0.27,2.02,1.75,,,,,,19.55,91.0558,102.84
2012-04-14,0.15,,,,,,,,,,,
2012-04-15,0.15,,,,,,,,,,,
2012-04-16,0.15,0.27,2.00,1.73,,,,,,19.55,91.2355,102.92
2012-04-17,0.16,0.27,2.03,1.76,,,,,,18.46,90.7661,104.23
2012-04-18,0.15,0.27,2.00,1.73,,,,,,18.64,90.9326,102.65
2012-04-19,0.13,0.27,1.98,1.71,,,,,,18.36,91.0833,102.38
2012-04-20,0.12,0.29,1.99,1.70,,,,,,17.44,90.8066,103.58
2012-04-21,0.12,,,,,,,,,,,
2012-04-22,0.12,,,,,,,,,,,
2012-04-23,0.13,0.27,1.96,1.69,,,,,,18.97,91.079,102.68
2012-04-24,0.14,0.27,2.00,1.73,,,,,,18.10,90.8153,103.10
2012-04-25,0.15,0.26,2.01,1.75,,,,,,16.82,90.756,103.72
2012-04-26,0.14,0.26,1.98,1.72,,,,,,16.24,90.6428,104.56
2012-04-27,0.13,0.26,1.96,1.70,,,,,,16.32,90.3269,104.86
2012-04-28,0.13,,,,,,,,,,,
2012-04-29,0.13,,,,,,,,,,,
2012-04-30,0.16,0.27,1.95,1.68,,,,,,17.15,90.3634,104.89
2012-05-01,0.16,0.27,1.98,1.71,228.713,229.224,92.755,8.2,133932,16.60,90.3227,106.17
2012-05-02,0.15,0.27,1.96,1.69,,,,,,16.88,90.6144,105.25
2012-05-03,0.15,0.28,1.96,1.68,,,,,,17.56,90.6839,102.56
2012-05-04,0.16,0.27,1.91,1.64,,,,,,19.16,91.0497,98.49
2012-05-05,0.16,,,,,,,,,,,
2012-05-06,0.16,,,,,,,,,,,
2012-05-07,0.16,0.27,1.92,1.65,,,,,,18.94,91.0747,97.86
2012-05-08,0.16,0.27,1.88,1.61,,,,,,19.05,91.4107,97.13
2012-05-09,0.15,0.27,1.87,1.60,,,,,,20.08,91.7632,96.80
2012-05-10,0.15,0.27,1.89,1.62,,,,,,18.83,91.7077,97.10
2012-05-11,0.15,0.27,1.84,1.57,,,,,,19.89,91.7306,96.03
2012-05-12,0.15,,,,,,,,,,,
2012-05-13,0.15,,,,,,,,,,,
2012-05-14,0.16,0.29,1.78,1.49,,,,,,21.87,92.2491,94.75
2012-05-15,0.16,0.29,1.76,1.47,,,,,,21.97,92.5235,93.97
2012-05-16,0.16,0.30,1.76,1.46,,,,,,22.27,92.903,92.78
2012-05-17,0.16,0.32,1.70,1.38,,,,,,24.49,92.9632,92.53
2012-05-18,0.16,0.32,1.71,1.39,,,,,,25.10,93.1395,91.51
2012-05-19,0.16,,,,,,,,,,,
2012-05-20,0.16,,,,,,,,,,,
2012-05-21,0.16,0.30,1.75,1.45,,,,,,22.01,93.0945,92.57
2012-05-22,0.16,0.30,1.79,1.49,,,,,,22.48,93.1113,91.44
2012-05-23,0.15,0.28,1.73,1.45,,,,,,22.33,93.8855,89.40
2012-05-24,0.15,0.29,1.77,1.48,,,,,,21.54,93.8027,90.36
2012-05-25,0.15,0.30,1.75,1.45,,,,,,21.76,93.9488,90.64
2012-05-26,0.15,,,,,,,,,,,
2012-05-27,0.15,,,,,,,,,,,
2012-05-28,0.15,,,,,,,,,,,
2012-05-29,0.16,0.30,1.74,1.44,,,,,,21.03,93.875,90.75
2012-05-30,0.16,0.27,1.63,1.36,,,,,,24.14,94.302,87.79
2012-05-31,0.16,0.27,1.59,1.32,,,,,,24.06,94.6856,86.52
2012-06-01,0.16,0.25,1.47,1.22,228.524,229.623,92.85,8.2,134013,26.66,94.6979,83.17
2012-06-02,0.16,,,,,,,,,,,
2012-06-03,0.16,,,,,,,,,,,
2012-06-04,0.17,0.25,1.53,1.28,,,,,,26.12,94.5184,83.95
2012-06-05,0.17,0.25,1.57,1.32,,,,,,24.68,94.6184,84.31
2012-06-06,0.16,0.26,1.66,1.40,,,,,,22.16,94.0362,85.05
2012-06-07,0.16,0.27,1.66,1.39,,,,,,21.72,93.774,84.78
2012-06-08,0.17,0.28,1.65,1.37,,,,,,21.23,94.2024,84.08
2012-06-09,0.17,,,,,,,,,,,
2012-06-10,0.17,,,,,,,,,,,
2012-06-11,0.17,0.27,1.60,1.33,,,,,,23.56,94.0369,82.58
2012-06-12,0.16,0.30,1.67,1.37,,,,,,22.09,94.0693,83.35
2012-06-13,0.17,0.30,1.61,1.31,,,,,,24.27,93.8309,82.56
2012-06-14,0.17,0.30,1.64,1.34,,,,,,21.68,93.8152,83.83
2012-06-15,0.18,0.29,1.60,1.31,,,,,,21.11,93.5203,84.03
2012-06-16,0.18,,,,,,,,,,,
2012-06-17,0.18,,,,,,,,,,,
2012-06-18,0.17,0.29,1.59,1.30,,,,,,18.32,93.6431,83.26
2012-06-19,0.17,0.30,1.64,1.34,,,,,,18.38,93.0524,83.99
2012-06-20,0.16,0.32,1.65,1.33,,,,,,17.24,93.1602,81.06
2012-06-21,0.17,0.32,1.63,1.31,,,,,,20.08,93.6378,77.91
2012-06-22,0.17,0.31,1.69,1.38,,,,,,18.11,93.9205,79.33
2012-06-23,0.17,,,,,,,,,,,
2012-06-24,0.17,,,,,,,,,,,
2012-06-25,0.17,0.31,1.63,1.32,,,,,,20.38,94.1757,78.76
2012-06-26,0.16,0.31,1.66,1.35,,,,,,19.72,93.9859,79.34
2012-06-27,0.15,0.31,1.65,1.34,,,,,,19.45,93.8728,80.27
2012-06-28,0.15,0.31,1.60,1.29,,,,,,19.71,94.0203,77.72
2012-06-29,0.09,0.33,1.67,1.34,,,,,,17.08,92.9096,85.04
2012-06-30,0.09,,,,,,,,,,,
2012-07-01,0.09,,,,228.590,229.970,92.946,8.2,134157,,,
2012-07-02,0.18,0.30,1.61,1.31,,,,,,16.8,92.951,83.72
2012-07-03,0.17,0.30,1.65,1.35,,,,,,16.66,92.6508,87.74
2012-07-04,0.17,,,,,,,,,,,
2012-07-05,0.17,0.28,1.62,1.34,,,,,,17.50,93.2211,87.11
2012-07-06,0.17,0.27,1.57,1.30,,,,,,17.10,93.7087,84.37
2012-07-07,0.17,,,,,,,,,,,
2012-07-08,0.17,,,,,,,,,,,
2012-07-09,0.17,0.27,1.53,1.26,,,,,,17.98,93.6974,85.93
2012-07-10,0.17,0.27,1.53,1.26,,,,,,18.72,93.5552,83.92
2012-07-11,0.17,0.27,1.54,1.27,,,,,,17.95,93.5981,85.88
2012-07-12,0.18,0.25,1.50,1.25,,,,,,18.33,93.9298,86.02
2012-07-13,0.19,0.25,1.52,1.27,,,,,,16.74,93.5515,87.15
2012-07-14,0.19,,,,,,,,,,,
2012-07-15,0.19,,,,,,,,,,,
2012-07-16,0.18,0.24,1.50,1.26,,,,,,17.11,93.3746,88.41
2012-07-17,0.17,0.25,1.53,1.28,,,,,,16.48,93.3479,89.07
2012-07-18,0.16,0.22,1.52,1.30,,,,,,16.16,93.0973,89.88
2012-07-19,0.13,0.22,1.54,1.32,,,,,,15.45,93.0438,92.78
2012-07-20,0.13,0.22,1.49,1.27,,,,,,16.27,93.3653,91.56
2012-07-21,0.13,,,,,,,,,,,
2012-07-22,0.13,,,,,,,,,,,
2012-07-23,0.14,0.22,1.47,1.25,,,,,,18.62,93.9297,87.77
2012-07-24,0.15,0.22,1.44,1.22,,,,,,20.47,94.2635,88.28
2012-07-25,0.15,0.22,1.43,1.21,,,,,,19.34,94.0564,88.80
2012-07-26,0.14,0.23,1.45,1.22,,,,,,17.53,93.3595,89.40
2012-07-27,0.14,0.25,1.58,1.33,,,,,,16.70,92.9333,90.13
2012-07-28,0.14,,,,,,,,,,,
2012-07-29,0.14,,,,,,,,,,,
2012-07-30,0.14,0.23,1.53,1.30,,,,,,18.03,93.0524,89.80
2012-07-31,0.13,0.23,1.51,1.28,,,,,,18.93,92.8422,88.08
2012-08-01,0.14,0.24,1.56,1.32,229.918,230.233,93.005,8.1,134339,18.96,92.8905,88.99
2012-08-02,0.14,0.24,1.51,1.27,,,,,,17.57,93.4269,87.22
2012-08-03,0.14,0.24,1.60,1.36,,,,,,15.64,92.6048,91.40
2012-08-04,0.14,,,,,,,,,,,
2012-08-05,0.14,,,,,,,,,,,
2012-08-06,0.14,0.24,1.59,1.35,,,,,,15.95,92.4339,92.30
2012-08-07,0.13,0.27,1.66,1.39,,,,,,15.99,92.5128,93.68
2012-08-08,0.13,0.29,1.68,1.39,,,,,,15.32,92.5407,93.39
2012-08-09,0.13,0.29,1.69,1.40,,,,,,15.28,92.6057,93.39
2012-08-10,0.13,0.27,1.65,1.38,,,,,,14.74,92.5129,92.94
2012-08-11,0.13,,,,,,,,,,,
2012-08-12,0.13,,,,,,,,,,,
2012-08-13,0.13,0.27,1.65,1.38,,,,,,13.70,92.5955,92.76
2012-08-14,0.13,0.27,1.73,1.46,,,,,,14.85,92.6152,93.40
2012-08-15,0.13,0.27,1.80,1.53,,,,,,14.63,92.6838,94.35
2012-08-16,0.13,0.29,1.83,1.54,,,,,,14.29,92.5737,95.66
2012-08-17,0.13,0.29,1.81,1.52,,,,,,13.45,92.711,96.00
2012-08-18,0.13,,,,,,,,,,,
2012-08-19,0.13,,,,,,,,,,,
2012-08-20,0.13,0.29,1.82,1.53,,,,,,14.02,92.6263,96.03
2012-08-21,0.13,0.31,1.80,1.49,,,,,,15.02,92.3053,96.55
2012-08-22,0.13,0.26,1.71,1.45,,,,,,15.11,92.4362,96.89
2012-08-23,0.13,0.26,1.68,1.42,,,,,,15.96,92.1057,95.87
2012-08-24,0.13,0.28,1.68,1.40,,,,,,15.18,92.2785,95.78
2012-08-25,0.13,,,,,,,,,,,
2012-08-26,0.13,,,,,,,,,,,
2012-08-27,0.13,0.28,1.65,1.37,,,,,,16.35,92.3135,95.54
2012-08-28,0.13,0.27,1.64,1.37,,,,,,16.49,92.2033,96.30
2012-08-29,0.13,0.27,1.66,1.39,,,,,,17.06,92.3823,95.50
2012-08-30,0.14,0.27,1.63,1.36,,,,,,17.83,92.6239,94.61
2012-08-31,0.13,0.22,1.57,1.35,,,,,,17.47,92.1677,96.47
2012-09-01,0.13,,,,231.015,230.659,93.119,7.8,134517,,,
2012-09-02,0.13,,,,,,,,,,,
2012-09-03,0.13,,,,,,,,,,,
2012-09-04,0.14,0.23,1.59,1.36,,,,,,17.98,92.1582,95.34
2012-09-05,0.16,0.25,1.60,1.35,,,,,,17.74,92.1262,95.37
2012-09-06,0.16,0.27,1.68,1.41,,,,,,15.60,91.8973,95.58
2012-09-07,0.15,0.25,1.67,1.42,,,,,,14.38,91.3469,96.41
2012-09-08,0.15,,,,,,,,,,,
2012-09-09,0.15,,,,,,,,,,,
2012-09-10,0.15,0.25,1.68,1.43,,,,,,16.28,91.3102,96.52
2012-09-11,0.15,0.25,1.70,1.45,,,,,,16.41,91.0575,97.03
2012-09-12,0.15,0.25,1.77,1.52,,,,,,15.80,91.0477,97.02
2012-09-13,0.15,0.24,1.75,1.51,,,,,,14.05,90.9632,98.30
2012-09-14,0.16,0.27,1.88,1.61,,,,,,14.51,90.1436,98.94
2012-09-15,0.16,,,,,,,,,,,
2012-09-16,0.16,,,,,,,,,,,
2012-09-17,0.16,0.25,1.85,1.60,,,,,,14.59,90.2837,96.51
2012-09-18,0.16,0.25,1.82,1.57,,,,,,14.18,90.5029,95.25
2012-09-19,0.15,0.27,1.79,1.52,,,,,,13.88,90.4646,91.97
2012-09-20,0.16,0.27,1.80,1.53,,,,,,14.07,90.7631,92.14
2012-09-21,0.15,0.27,1.77,1.50,,,,,,13.98,90.5342,92.64
2012-09-22,0.15,,,,,,,,,,,
2012-09-23,0.15,,,,,,,,,,,
2012-09-24,0.16,0.27,1.74,1.47,,,,,,14.15,90.8263,91.68
2012-09-25,0.15,0.27,1.70,1.43,,,,,,15.43,90.6074,91.07
2012-09-26,0.15,0.26,1.64,1.38,,,,,,16.81,91.0028,89.92
2012-09-27,0.14,0.25,1.66,1.41,,,,,,14.84,90.7538,91.89
2012-09-28,0.09,0.23,1.65,1.42,,,,,,15.73,90.8342,92.18
2012-09-29,0.09,,,,,,,,,,,
2012-09-30,0.09,,,,,,,,,,,
2012-10-01,0.15,0.25,1.64,1.39,231.638,231.024,93.345,7.8,134669,16.32,90.7011,92.44
2012-10-02,0.16,0.23,1.64,1.41,,,,,,15.71,90.644,91.88
2012-10-03,0.16,0.23,1.64,1.41,,,,,,15.43,90.8726,88.19
2012-10-04,0.15,0.23,1.70,1.47,,,,,,14.55,90.4932,91.69
2012-10-05,0.15,0.27,1.75,1.48,,,,,,14.33,90.2851,89.87
2012-10-06,0.15,,,,,,,,,,,
2012-10-07,0.15,,,,,,,,,,,
2012-10-08,0.15,,,,,,,,,15.11,,89.43
2012-10-09,0.16,0.25,1.74,1.49,,,,,,16.37,90.8703,92.42
2012-10-10,0.16,0.27,1.72,1.45,,,,,,16.29,90.883,91.24
2012-10-11,0.16,0.28,1.70,1.42,,,,,,15.59,90.7437,92.19
2012-10-12,0.16,0.27,1.69,1.42,,,,,,16.14,90.6833,91.83
2012-10-13,0.16,,,,,,,,,,,
2012-10-14,0.16,,,,,,,,,,,
2012-10-15,0.16,0.27,1.70,1.43,,,,,,15.27,90.6409,91.84
2012-10-16,0.16,0.27,1.75,1.48,,,,,,15.22,90.5583,92.07
2012-10-17,0.15,0.30,1.83,1.53,,,,,,15.07,90.2309,92.04
2012-10-18,0.15,0.29,1.86,1.57,,,,,,15.03,90.3804,92.00
2012-10-19,0.16,0.30,1.79,1.49,,,,,,17.06,90.8107,90.00
2012-10-20,0.16,,,,,,,,,,,
2012-10-21,0.16,,,,,,,,,,,
2012-10-22,0.15,0.32,1.83,1.51,,,,,,16.62,90.7911,88.30
2012-10-23,0.15,0.29,1.79,1.50,,,,,,18.83,91.0945,86.65
2012-10-24,0.17,0.29,1.80,1.51,,,,,,18.33,91.1275,85.39
2012-10-25,0.16,0.31,1.86,1.55,,,,,,18.12,91.02,85.59
2012-10-26,0.16,0.30,1.78,1.48,,,,,,17.81,91.1411,85.84
2012-10-27,0.16,,,,,,,,,,,
2012-10-28,0.16,,,,,,,,,,,
2012-10-29,0.17,0.30,1.74,1.44,,,,,,,,85.52
2012-10-30,0.17,,,,,,,,,,,85.65
2012-10-31,0.18,0.30,1.72,1.42,,,,,,18.60,91.1609,86.23
2012-11-01,0.17,0.30,1.75,1.45,231.249,231.330,93.445,7.7,134825,16.69,91.1217,87.05
2012-11-02,0.16,0.28,1.75,1.47,,,,,,17.59,91.281,84.90
2012-11-03,0.16,,,,,,,,,,,
2012-11-04,0.16,,,,,,,,,,,
2012-11-05,0.17,0.28,1.72,1.44,,,,,,18.42,91.4778,85.64
2012-11-06,0.16,0.30,1.78,1.48,,,,,,17.58,91.2908,88.62
2012-11-07,0.16,0.27,1.68,1.41,,,,,,19.08,91.4514,84.50
2012-11-08,0.16,0.27,1.62,1.35,,,,,,18.49,91.5375,85.07
2012-11-09,0.16,0.27,1.61,1.34,,,,,,18.61,91.6871,86.08
2012-11-10,0.16,,,,,,,,,,,
2012-11-11,0.16,,,,,,,,,,,
2012-11-12,0.16,,,,,,,,,16.68,,85.56
2012-11-13,0.16,0.27,1.59,1.32,,,,,,16.65,91.7356,85.38
2012-11-14,0.16,0.25,1.59,1.34,,,,,,17.92,91.7942,86.32
2012-11-15,0.16,0.24,1.58,1.34,,,,,,17.99,91.8837,85.45
2012-11-16,0.16,0.24,1.58,1.34,,,,,,16.41,92.0095,86.62
2012-11-17,0.16,,,,,,,,,,,
2012-11-18,0.16,,,,,,,,,,,
2012-11-19,0.16,0.25,1.61,1.36,,,,,,15.24,91.5653,89.05
2012-11-20,0.16,0.27,1.66,1.39,,,,,,15.08,91.556,86.46
2012-11-21,0.16,0.27,1.69,1.42,,,,,,15.31,91.6645,87.08
2012-11-22,0.16,,,,,,,,,,,
2012-11-23,0.16,0.29,1.70,1.41,,,,,,15.14,91.2616,87.01
2012-11-24,0.16,,,,,,,,,,,
2012-11-25,0.16,,,,,,,,,,,
2012-11-26,0.16,0.27,1.66,1.39,,,,,,15.50,91.2789,87.28
2012-11-27,0.16,0.27,1.64,1.37,,,,,,15.92,91.2608,86.81
2012-11-28,0.16,0.27,1.63,1.36,,,,,,15.51,91.33,86.10
2012-11-29,0.16,0.25,1.62,1.37,,,,,,15.06,91.2104,87.64
2012-11-30,0.16,0.25,1.62,1.37,,,,,,15.87,91.1038,88.54
2012-12-01,0.16,,,,231.221,231.725,93.514,7.9,135074,,,
2012-12-02,0.16,,,,,,,,,,,
2012-12-03,0.16,0.25,1.63,1.38,,,,,,16.64,91.0084,88.69
2012-12-04,0.17,0.25,1.62,1.37,,,,,,17.12,90.9748,88.04
2012-12-05,0.16,0.25,1.60,1.35,,,,,,16.46,90.9423,87.36
2012-12-06,0.16,0.25,1.59,1.34,,,,,,16.58,91.0629,85.47
2012-12-07,0.16,0.25,1.64,1.39,,,,,,15.90,91.0437,85.45
2012-12-08,0.16,,,,,,,,,,,
2012-12-09,0.16,,,,,,,,,,,
2012-12-10,0.16,0.24,1.63,1.39,,,,,,16.05,90.9631,85.14
2012-12-11,0.17,0.24,1.66,1.42,,,,,,15.57,90.8403,85.36
2012-12-12,0.17,0.25,1.72,1.47,,,,,,15.95,90.7708,86.35
2012-12-13,0.16,0.27,1.74,1.47,,,,,,16.56,90.776,85.39
2012-12-14,0.17,0.24,1.72,1.48,,,,,,17.00,90.7156,86.32
2012-12-15,0.17,,,,,,,,,,,
2012-12-16,0.17,,,,,,,,,,,
2012-12-17,0.16,0.25,1.78,1.53,,,,,,16.34,90.6193,86.71
2012-12-18,0.17,0.28,1.84,1.56,,,,,,15.57,90.5161,87.46
2012-12-19,0.17,0.28,1.82,1.54,,,,,,17.36,90.4896,89.09
2012-12-20,0.17,0.28,1.81,1.53,,,,,,17.67,90.6002,89.76
2012-12-21,0.17,0.26,1.77,1.51,,,,,,17.84,90.9597,88.20
2012-12-22,0.17,,,,,,,,,,,
2012-12-23,0.17,,,,,,,,,,,
2012-12-24,0.18,0.26,1.79,1.53,,,,,,17.84,91.0354,88.29
2012-12-25,0.18,,,,,,,,,,,
2012-12-26,0.17,0.26,1.77,1.51,,,,,,19.48,91.0606,90.71
2012-12-27,0.17,0.26,1.74,1.48,,,,,,19.47,91.1037,90.91
2012-12-28,0.17,0.27,1.73,1.46,,,,,,22.72,91.0419,90.66
2012-12-29,0.17,,,,,,,,,,,
2012-12-30,0.17,,,,,,,,,,,
2012-12-31,0.09,0.25,1.78,1.53,,,,,,18.02,91.0834,91.83
2013-01-01,0.09,,,,231.679,232.229,93.703,8.0,135257,,,
2013-01-02,0.17,0.27,1.86,1.59,,,,,,14.68,90.6941,93.14
2013-01-03,0.17,0.27,1.92,1.65,,,,,,14.56,90.8097,92.97
2013-01-04,0.16,0.27,1.93,1.66,,,,,,13.83,91.1025,93.12
2013-01-05,0.16,,,,,,,,,,,
2013-01-06,0.16,,,,,,,,,,,
2013-01-07,0.16,0.27,1.92,1.65,,,,,,13.79,90.9852,93.20
2013-01-08,0.15,0.25,1.89,1.64,,,,,,13.62,91.057,93.21
2013-01-09,0.14,0.24,1.88,1.64,,,,,,13.81,91.0088,93.08
2013-01-10,0.14,0.26,1.91,1.65,,,,,,13.49,90.6425,93.81
2013-01-11,0.14,0.26,1.89,1.63,,,,,,13.36,90.5352,93.60
2013-01-12,0.14,,,,,,,,,,,
2013-01-13,0.14,,,,,,,,,,,
2013-01-14,0.14,0.26,1.89,1.63,,,,,,13.52,90.4935,94.27
2013-01-15,0.15,0.26,1.86,1.60,,,,,,13.55,90.5191,93.26
2013-01-16,0.14,0.26,1.84,1.58,,,,,,13.42,90.596,94.28
2013-01-17,0.14,0.28,1.89,1.61,,,,,,13.57,90.5401,95.49
2013-01-18,0.14,0.26,1.87,1.61,,,,,,12.46,90.8697,95.61
2013-01-19,0.14,,,,,,,,,,,
2013-01-20,0.14,,,,,,,,,,,
2013-01-21,0.14,,,,,,,,,,,
2013-01-22,0.14,0.26,1.86,1.60,,,,,,12.43,90.7892,96.09
2013-01-23,0.13,0.26,1.86,1.60,,,,,,12.46,90.8376,95.06
2013-01-24,0.15,0.23,1.88,1.65,,,,,,12.69,90.9112,95.35
2013-01-25,0.14,0.28,1.98,1.70,,,,,,12.89,91.0868,95.15
2013-01-26,0.14,,,,,,,,,,,
2013-01-27,0.14,,,,,,,,,,,
2013-01-28,0.14,0.29,2.00,1.71,,,,,,13.57,91.2354,95.95
2013-01-29,0.12,0.30,2.03,1.73,,,,,,13.31,90.9406,97.62
2013-01-30,0.12,0.27,2.03,1.76,,,,,,14.32,90.8836,97.98
2013-01-31,0.15,0.27,2.02,1.75,,,,,,14.28,90.798,97.65
2013-02-01,0.14,0.27,2.04,1.77,232.937,232.569,93.805,7.7,135546,12.90,90.6923,97.46
2013-02-02,0.14,,,,,,,,,,,
2013-02-03,0.14,,,,,,,,,,,
2013-02-04,0.13,0.25,2.00,1.75,,,,,,14.67,90.9774,96.21
2013-02-05,0.13,0.27,2.04,1.77,,,,,,13.72,90.881,96.68
2013-02-06,0.13,0.27,2.00,1.73,,,,,,13.41,91.0176,96.44
2013-02-07,0.13,0.25,1.99,1.74,,,,,,13.50,91.2912,95.84
2013-02-08,0.14,0.25,1.99,1.74,,,,,,13.02,91.3056,95.71
2013-02-09,0.14,,,,,,,,,,,
2013-02-10,0.14,,,,,,,,,,,
2013-02-11,0.14,0.27,1.99,1.72,,,,,,12.94,91.4451,97.01
2013-02-12,0.13,0.29,2.02,1.73,,,,,,12.64,91.2779,97.48
2013-02-13,0.14,0.29,2.05,1.76,,,,,,12.98,91.2709,97.03
2013-02-14,0.14,0.27,2.00,1.73,,,,,,12.66,91.366,97.30
2013-02-15,0.16,0.29,2.01,1.72,,,,,,12.46,91.4551,95.95
2013-02-16,0.16,,,,,,,,,,,
2013-02-17,0.16,,,,,,,,,,,
2013-02-18,0.16,,,,,,,,,,,
2013-02-19,0.15,0.29,2.03,1.74,,,,,,12.31,91.5073,96.69
2013-02-20,0.15,0.27,2.02,1.75,,,,,,14.68,91.6689,94.92
2013-02-21,0.16,0.26,1.99,1.73,,,,,,15.22,92.0394,92.79
2013-02-22,0.16,0.27,1.97,1.70,,,,,,14.17,92.1197,93.12
2013-02-23,0.16,,,,,,,,,,,
2013-02-24,0.16,,,,,,,,,,,
2013-02-25,0.15,0.25,1.88,1.63,,,,,,18.99,92.1975,92.74
2013-02-26,0.14,0.25,1.88,1.63,,,,,,16.87,92.4247,92.63
2013-02-27,0.14,0.27,1.91,1.64,,,,,,14.73,92.234,92.84
2013-02-28,0.14,0.25,1.89,1.64,,,,,,15.51,92.295,92.03
2013-03-01,0.14,0.25,1.86,1.61,232.282,232.794,93.891,7.5,135689,15.36,92.6177,90.71
2013-03-02,0.14,,,,,,,,,,,
2013-03-03,0.14,,,,,,,,,,,
2013-03-04,0.16,0.24,1.88,1.64,,,,,,14.01,92.6316,90.13
2013-03-05,0.15,0.25,1.90,1.65,,,,,,13.48,92.4965,90.88
2013-03-06,0.15,0.25,1.95,1.70,,,,,,13.53,,90.47
2013-03-07,0.16,0.25,2.00,1.75,,,,,,13.06,92.5462,91.53
2013-03-08,0.15,0.27,2.06,1.79,,,,,,12.59,92.6252,92.01
2013-03-09,0.15,,,,,,,,,,,
2013-03-10,0.15,,,,,,,,,,,
2013-03-11,0.16,0.27,2.07,1.80,,,,,,11.56,92.5351,92.07
2013-03-12,0.15,0.27,2.03,1.76,,,,,,12.27,92.3853,92.44
2013-03-13,0.14,0.27,2.04,1.77,,,,,,11.83,92.4709,92.47
2013-03-14,0.15,0.27,2.04,1.77,,,,,,11.30,92.4695,93.03
2013-03-15,0.16,0.25,2.01,1.76,,,,,,11.30,92.128,93.49
2013-03-16,0.16,,,,,,,,,,,
2013-03-17,0.16,,,,,,,,,,,
2013-03-18,0.16,0.26,1.96,1.70,,,,,,13.36,92.3377,93.71
2013-03-19,0.15,0.24,1.92,1.68,,,,,,14.39,92.526,92.44
2013-03-20,0.15,0.26,1.96,1.70,,,,,,12.67,92.4141,93.21
2013-03-21,0.16,0.27,1.95,1.68,,,,,,13.99,92.3322,92.46
2013-03-22,0.15,0.26,1.93,1.67,,,,,,13.57,92.2051,93.41
2013-03-23,0.15,,,,,,,,,,,
2013-03-24,0.15,,,,,,,,,,,
2013-03-25,0.15,0.24,1.93,1.69,,,,,,13.74,92.3081,94.55
2013-03-26,0.14,0.25,1.92,1.67,,,,,,12.77,92.232,95.99
2013-03-27,0.12,0.25,1.87,1.62,,,,,,13.15,92.446,96.53
2013-03-28,0.13,0.25,1.87,1.62,,,,,,12.70,92.2544,97.24
2013-03-29,0.09,,,,,,,,,,92.302,
2013-03-30,0.09,,,,,,,,,,,
2013-03-31,0.09,,,,,,,,,,,
2013-04-01,0.16,0.23,1.86,1.63,231.797,232.832,93.937,7.6,135873,13.58,92.1687,97.10
2013-04-02,0.15,0.25,1.88,1.63,,,,,,12.78,92.1432,97.23
2013-04-03,0.14,0.24,1.83,1.59,,,,,,14.21,92.104,95.02
2013-04-04,0.14,0.22,1.78,1.56,,,,,,13.89,92.3896,93.26
2013-04-05,0.15,0.24,1.72,1.48,,,,,,13.92,92.1043,92.76
2013-04-06,0.15,,,,,,,,,,,
2013-04-07,0.15,,,,,,,,,,,
2013-04-08,0.15,0.24,1.76,1.52,,,,,,13.19,92.2317,93.36
2013-04-09,0.15,0.24,1.78,1.54,,,,,,12.84,91.9669,94.18
2013-04-10,0.15,0.24,1.84,1.60,,,,,,12.36,91.9598,94.59
2013-04-11,0.15,0.24,1.82,1.58,,,,,,12.24,91.6972,93.44
2013-04-12,0.15,0.22,1.75,1.53,,,,,,12.06,91.7967,91.23
2013-04-13,0.15,,,,,,,,,,,
2013-04-14,0.15,,,,,,,,,,,
2013-04-15,0.15,0.22,1.72,1.50,,,,,,17.27,91.9457,88.75
2013-04-16,0.15,0.24,1.75,1.51,,,,,,13.96,91.8451,88.73
2013-04-17,0.15,0.24,1.73,1.49,,,,,,16.51,92.1372,86.65
2013-04-18,0.15,0.24,1.72,1.48,,,,,,17.56,92.176,87.83
2013-04-19,0.15,0.24,1.73,1.49,,,,,,14.97,92.2166,88.04
2013-04-20,0.15,,,,,,,,,,,
2013-04-21,0.15,,,,,,,,,,,
2013-04-22,0.15,0.24,1.72,1.48,,,,,,14.39,92.3591,88.81
2013-04-23,0.14,0.23,1.74,1.51,,,,,,13.48,92.3836,89.21
2013-04-24,0.13,0.23,1.73,1.50,,,,,,13.61,92.4581,91.07
2013-04-25,0.13,0.23,1.74,1.51,,,,,,13.62,92.0394,93.27
2013-04-26,0.13,0.22,1.70,1.48,,,,,,13.61,91.9012,92.63
2013-04-27,0.13,,,,,,,,,,,
2013-04-28,0.13,,,,,,,,,,,
2013-04-29,0.13,0.20,1.70,1.50,,,,,,13.71,91.6539,94.09
2013-04-30,0.14,0.22,1.70,1.48,,,,,,13.52,91.3741,93.22
2013-05-01,0.14,0.20,1.66,1.46,231.893,232.996,94.047,7.5,136096,14.49,91.4331,90.74
2013-05-02,0.15,0.20,1.66,1.46,,,,,,13.59,91.6174,93.70
2013-05-03,0.14,0.22,1.78,1.56,,,,,,12.85,91.5087,95.25
2013-05-04,0.14,,,,,,,,,,,
2013-05-05,0.14,,,,,,,,,,,
2013-05-06,0.14,0.22,1.80,1.58,,,,,,12.66,91.6387,95.80
2013-05-07,0.12,0.22,1.82,1.60,,,,,,12.83,91.5201,95.28
2013-05-08,0.12,0.22,1.81,1.59,,,,,,12.66,91.1848,96.24
2013-05-09,0.12,0.22,1.81,1.59,,,,,,13.13,91.3036,96.09
2013-05-10,0.12,0.26,1.90,1.64,,,,,,12.59,92.2527,95.81
2013-05-11,0.12,,,,,,,,,,,
2013-05-12,0.12,,,,,,,,,,,
2013-05-13,0.12,0.24,1.92,1.68,,,,,,12.55,92.2711,94.76
2013-05-14,0.11,0.26,1.96,1.70,,,,,,12.77,92.3697,93.96
2013-05-15,0.12,0.26,1.94,1.68,,,,,,12.81,92.7691,93.95
2013-05-16,0.11,0.23,1.87,1.64,,,,,,13.07,92.6602,94.85
2013-05-17,0.10,0.26,1.95,1.69,,,,,,12.45,93.1617,95.72
2013-05-18,0.10,,,,,,,,,,,
2013-05-19,0.10,,,,,,,,,,,
2013-05-20,0.10,0.26,1.97,1.71,,,,,,13.02,93.0359,96.29
2013-05-21,0.09,0.26,1.94,1.68,,,,,,13.37,92.9662,95.55
2013-05-22,0.08,0.26,2.03,1.77,,,,,,13.82,93.3104,93.98
2013-05-23,0.08,0.26,2.02,1.76,,,,,,14.07,93.2113,94.12
2013-05-24,0.09,0.26,2.01,1.75,,,,,,13.99,93.2768,93.84
2013-05-25,0.09,,,,,,,,,,,
2013-05-26,0.09,,,,,,,,,,,
2013-05-27,0.09,,,,,,,,,,,
2013-05-28,0.09,0.29,2.15,1.86,,,,,,14.48,93.5853,94.65
2013-05-29,0.08,0.30,2.13,1.83,,,,,,14.83,93.531,93.13
2013-05-30,0.08,0.31,2.13,1.82,,,,,,14.53,93.4219,93.57
2013-05-31,0.09,0.30,2.16,1.86,,,,,,16.30,93.6076,91.93
2013-06-01,0.09,,,,232.445,233.350,94.209,7.5,136279,,,
2013-06-02,0.09,,,,,,,,,,,
2013-06-03,0.10,0.30,2.13,1.83,,,,,,16.28,93.163,93.41
2013-06-04,0.11,0.32,2.14,1.82,,,,,,16.27,93.3067,93.36
2013-06-05,0.09,0.30,2.10,1.80,,,,,,17.50,93.275,93.66
2013-06-06,0.10,0.30,2.08,1.78,,,,,,16.63,92.809,94.71
2013-06-07,0.09,0.32,2.17,1.85,,,,,,15.14,92.6056,96.11
2013-06-08,0.09,,,,,,,,,,,
2013-06-09,0.09,,,,,,,,,,,
2013-06-10,0.09,0.32,2.22,1.90,,,,,,15.44,92.973,95.82
2013-06-11,0.09,0.34,2.20,1.86,,,,,,17.07,92.7996,95.50
2013-06-12,0.08,0.34,2.25,1.91,,,,,,18.59,92.4775,95.98
2013-06-13,0.09,0.32,2.19,1.87,,,,,,16.41,92.3449,96.66
2013-06-14,0.10,0.29,2.14,1.85,,,,,,17.15,92.1886,97.83
2013-06-15,0.10,,,,,,,,,,,
2013-06-16,0.10,,,,,,,,,,,
2013-06-17,0.11,0.27,2.19,1.92,,,,,,16.80,92.3332,97.86
2013-06-18,0.12,0.27,2.20,1.93,,,,,,16.61,92.5432,98.46
2013-06-19,0.10,0.31,2.33,2.02,,,,,,16.64,92.4755,98.24
2013-06-20,0.10,0.33,2.41,2.08,,,,,,20.49,94.125,94.89
2013-06-21,0.10,0.38,2.52,2.14,,,,,,18.90,94.4243,93.81
2013-06-22,0.10,,,,,,,,,,,
2013-06-23,0.10,,,,,,,,,,,
2013-06-24,0.10,0.42,2.57,2.15,,,,,,20.11,94.5714,95.07
2013-06-25,0.09,0.43,2.60,2.17,,,,,,18.47,94.3285,95.25
2013-06-26,0.09,0.39,2.55,2.16,,,,,,17.21,94.3807,95.47
2013-06-27,0.09,0.36,2.49,2.13,,,,,,16.86,94.2429,97.00
2013-06-28,0.07,0.36,2.52,2.16,,,,,,16.86,94.3047,96.36
2013-06-29,0.07,,,,,,,,,,,
2013-06-30,0.07,,,,,,,,,,,
2013-07-01,0.10,0.34,2.50,2.16,232.900,233.880,94.329,7.3,136391,16.37,94.0998,97.94
2013-07-02,0.10,0.34,2.48,2.14,,,,,,16.44,94.4051,99.65
2013-07-03,0.10,0.36,2.52,2.16,,,,,,16.20,94.4767,101.92
2013-07-04,0.10,,,,,,,,,,,
2013-07-05,0.10,0.40,2.73,2.33,,,,,,14.89,95.0639,103.09
2013-07-06,0.10,,,,,,,,,,,
2013-07-07,0.10,,,,,,,,,,,
2013-07-08,0.10,0.37,2.65,2.28,,,,,,14.78,94.9954,103.03
2013-07-09,0.10,0.37,2.65,2.28,,,,,,14.35,94.9467,103.46
2013-07-10,0.09,0.38,2.70,2.32,,,,,,14.21,94.7595,106.41
2013-07-11,0.09,0.34,2.60,2.26,,,,,,14.01,93.949,104.77
2013-07-12,0.09,0.37,2.61,2.24,,,,,,13.84,94.0029,105.85
2013-07-13,0.09,,,,,,,,,,,
2013-07-14,0.09,,,,,,,,,,,
2013-07-15,0.09,0.34,2.57,2.23,,,,,,13.79,93.9729,106.20
2013-07-16,0.09,0.34,2.55,2.21,,,,,,14.42,93.5232,105.88
2013-07-17,0.09,0.32,2.52,2.20,,,,,,13.78,93.5498,106.39
2013-07-18,0.09,0.32,2.56,2.24,,,,,,13.77,93.681,107.94
2013-07-19,0.09,0.32,2.50,2.18,,,,,,12.54,93.4759,108.00
2013-07-20,0.09,,,,,,,,,,,
2013-07-21,0.09,,,,,,,,,,,
2013-07-22,0.09,0.32,2.50,2.18,,,,,,12.29,93.2253,106.61
2013-07-23,0.09,0.33,2.53,2.20,,,,,,12.66,93.1631,107.13
2013-07-24,0.09,0.34,2.61,2.27,,,,,,13.18,93.3124,105.41
2013-07-25,0.09,0.32,2.61,2.29,,,,,,12.97,93.2862,105.47
2013-07-26,0.09,0.31,2.58,2.27,,,,,,12.72,93.1695,104.76
2013-07-27,0.09,,,,,,,,,,,
2013-07-28,0.09,,,,,,,,,,,
2013-07-29,0.08,0.33,2.61,2.28,,,,,,13.39,93.1663,104.61
2013-07-30,0.09,0.33,2.63,2.30,,,,,,13.39,93.3976,103.14
2013-07-31,0.09,0.31,2.60,2.29,,,,,,13.45,93.5703,105.10
2013-08-01,0.08,0.35,2.74,2.39,233.456,234.336,94.431,7.2,136646,12.94,93.7972,107.93
2013-08-02,0.09,0.30,2.63,2.33,,,,,,11.98,93.5789,106.94
2013-08-03,0.09,,,,,,,,,,,
2013-08-04,0.09,,,,,,,,,,,
2013-08-05,0.08,0.32,2.67,2.35,,,,,,11.84,93.507,106.61
2013-08-06,0.09,0.32,2.67,2.35,,,,,,12.72,93.3199,105.32
2013-08-07,0.09,0.32,2.61,2.29,,,,,,12.98,93.2652,104.41
2013-08-08,0.09,0.30,2.58,2.28,,,,,,12.73,92.8483,103.45
2013-08-09,0.08,0.32,2.57,2.25,,,,,,13.41,92.8394,106.04
2013-08-10,0.08,,,,,,,,,,,
2013-08-11,0.08,,,,,,,,,,,
2013-08-12,0.08,0.32,2.61,2.29,,,,,,12.81,92.9178,106.19
2013-08-13,0.08,0.34,2.71,2.37,,,,,,12.31,93.476,106.78
2013-08-14,0.09,0.34,2.71,2.37,,,,,,13.04,93.382,106.89
2013-08-15,0.08,0.36,2.77,2.41,,,,,,14.73,93.5059,107.43
2013-08-16,0.09,0.36,2.84,2.48,,,,,,14.37,93.4255,107.58
2013-08-17,0.09,,,,,,,,,,,
2013-08-18,0.09,,,,,,,,,,,
2013-08-19,0.09,0.36,2.88,2.52,,,,,,15.10,93.6623,107.14
2013-08-20,0.09,0.36,2.82,2.46,,,,,,14.91,93.5536,104.90
2013-08-21,0.08,0.38,2.87,2.49,,,,,,15.94,94.0362,103.93
2013-08-22,0.09,0.42,2.90,2.48,,,,,,14.76,94.2804,104.93
2013-08-23,0.08,0.40,2.82,2.42,,,,,,13.98,93.9466,106.48
2013-08-24,0.08,,,,,,,,,,,
2013-08-25,0.08,,,,,,,,,,,
2013-08-26,0.08,0.41,2.79,2.38,,,,,,14.99,94.1853,105.88
2013-08-27,0.07,0.38,2.72,2.34,,,,,,16.77,94.3934,109.11
2013-08-28,0.07,0.40,2.78,2.38,,,,,,16.49,94.4127,110.17
2013-08-29,0.08,0.39,2.75,2.36,,,,,,16.81,94.6398,108.51
2013-08-30,0.07,0.39,2.78,2.39,,,,,,17.01,94.7541,107.98
2013-08-31,0.07,,,,,,,,,,,
2013-09-01,0.07,,,,233.544,234.700,94.543,7.2,136821,,,
2013-09-02,0.07,,,,,,,,,,,
2013-09-03,0.09,0.43,2.86,2.43,,,,,,16.61,94.9574,108.67
2013-09-04,0.08,0.46,2.90,2.44,,,,,,15.88,94.5739,107.29
2013-09-05,0.08,0.52,2.98,2.46,,,,,,15.77,94.8891,108.50
2013-09-06,0.08,0.46,2.94,2.48,,,,,,15.85,94.2487,110.62
2013-09-07,0.08,,,,,,,,,,,
2013-09-08,0.08,,,,,,,,,,,
2013-09-09,0.08,0.45,2.90,2.45,,,,,,15.63,94.0009,109.62
2013-09-10,0.08,0.50,2.96,2.46,,,,,,14.53,93.938,107.48
2013-09-11,0.08,0.47,2.93,2.46,,,,,,13.82,93.7112,107.65
2013-09-12,0.08,0.45,2.92,2.47,,,,,,14.29,93.5903,108.72
2013-09-13,0.08,0.45,2.90,2.45,,,,,,14.16,93.6666,108.31
2013-09-14,0.08,,,,,,,,,,,
2013-09-15,0.08,,,,,,,,,,,
2013-09-16,0.08,0.41,2.88,2.47,,,,,,14.38,93.2875,106.54
2013-09-17,0.08,0.39,2.86,2.47,,,,,,14.53,93.2231,105.36
2013-09-18,0.08,0.34,2.69,2.35,,,,,,13.59,93.2569,108.23
2013-09-19,0.09,0.34,2.76,2.42,,,,,,13.16,92.4082,106.26
2013-09-20,0.08,0.34,2.75,2.41,,,,,,13.12,92.6049,104.70
2013-09-21,0.08,,,,,,,,,,,
2013-09-22,0.08,,,,,,,,,,,
2013-09-23,0.09,0.35,2.72,2.37,,,,,,14.31,92.613,103.62
2013-09-24,0.09,0.35,2.67,2.32,,,,,,14.08,92.7691,103.22
2013-09-25,0.08,0.36,2.63,2.27,,,,,,14.01,92.7675,102.68
2013-09-26,0.08,0.34,2.66,2.32,,,,,,14.06,93.0096,103.10
2013-09-27,0.08,0.34,2.64,2.30,,,,,,15.46,92.9747,102.86
2013-09-28,0.08,,,,,,,,,,,
2013-09-29,0.08,,,,,,,,,,,
2013-09-30,0.06,0.33,2.64,2.31,,,,,,16.60,92.9207,102.36
2013-10-01,0.08,0.33,2.66,2.33,233.669,234.921,94.703,7.2,137041,15.54,92.9515,102.09
2013-10-02,0.07,0.31,2.63,2.32,,,,,,16.60,92.772,104.15
2013-10-03,0.08,0.33,2.62,2.29,,,,,,17.67,92.7461,103.29
2013-10-04,0.08,0.33,2.66,2.33,,,,,,16.74,92.6469,103.83
2013-10-05,0.08,,,,,,,,,,,
2013-10-06,0.08,,,,,,,,,,,
2013-10-07,0.08,0.37,2.65,2.28,,,,,,19.41,92.6725,103.07
2013-10-08,0.08,0.40,2.66,2.26,,,,,,20.34,92.7558,103.54
2013-10-09,0.09,0.37,2.68,2.31,,,,,,19.60,93.0829,101.63
2013-10-10,0.09,0.35,2.71,2.36,,,,,,16.48,92.8579,103.08
2013-10-11,0.10,0.35,2.70,2.35,,,,,,15.72,92.854,102.17
2013-10-12,0.10,,,,,,,,,,,
2013-10-13,0.10,,,,,,,,,,,
2013-10-14,0.10,,,,,,,,,16.07,,102.46
2013-10-15,0.10,0.37,2.75,2.38,,,,,,18.66,92.7642,101.15
2013-10-16,0.11,0.34,2.69,2.35,,,,,,14.71,92.6819,102.34
2013-10-17,0.10,0.33,2.61,2.28,,,,,,13.48,92.0246,100.72
2013-10-18,0.10,0.33,2.60,2.27,,,,,,13.04,91.9989,100.87
2013-10-19,0.10,,,,,,,,,,,
2013-10-20,0.10,,,,,,,,,,,
2013-10-21,0.09,0.33,2.63,2.30,,,,,,13.16,92.2498,99.28
2013-10-22,0.08,0.31,2.54,2.23,,,,,,13.33,91.9563,97.63
2013-10-23,0.08,0.31,2.51,2.20,,,,,,13.42,92.0947,96.90
2013-10-24,0.08,0.33,2.53,2.20,,,,,,13.20,92.1867,96.65
2013-10-25,0.08,0.32,2.53,2.21,,,,,,13.09,92.1623,97.40
2013-10-26,0.08,,,,,,,,,,,
2013-10-27,0.08,,,,,,,,,,,
2013-10-28,0.08,0.32,2.54,2.22,,,,,,13.31,92.1872,98.74
2013-10-29,0.08,0.31,2.53,2.22,,,,,,13.41,92.301,98.29
2013-10-30,0.08,0.33,2.55,2.22,,,,,,13.65,92.3057,96.81
2013-10-31,0.07,0.31,2.57,2.26,,,,,,13.75,92.731,96.29
2013-11-01,0.08,0.33,2.65,2.32,234.100,235.359,94.86,6.9,137317,13.28,93.155,94.56
2013-11-02,0.08,,,,,,,,,,,
2013-11-03,0.08,,,,,,,,,,,
2013-11-04,0.08,0.32,2.63,2.31,,,,,,12.93,92.9359,94.58
2013-11-05,0.08,0.32,2.69,2.37,,,,,,13.27,93.2112,93.40
2013-11-06,0.08,0.30,2.67,2.37,,,,,,12.67,93.0943,94.74
2013-11-07,0.08,0.29,2.63,2.34,,,,,,13.91,93.4003,94.25
2013-11-08,0.08,0.32,2.77,2.45,,,,,,12.90,93.6619,94.56
2013-11-09,0.08,,,,,,,,,,,
2013-11-10,0.08,,,,,,,,,,,
2013-11-11,0.08,,,,,,,,,12.53,,95.13
2013-11-12,0.08,0.34,2.80,2.46,,,,,,12.82,93.7651,93.12
2013-11-13,0.08,0.32,2.75,2.43,,,,,,12.52,93.4848,93.91
2013-11-14,0.09,0.29,2.69,2.40,,,,,,12.37,93.4328,93.76
2013-11-15,0.09,0.31,2.71,2.40,,,,,,12.19,93.2854,93.80
2013-11-16,0.09,,,,,,,,,,,
2013-11-17,0.09,,,,,,,,,,,
2013-11-18,0.09,0.31,2.67,2.36,,,,,,13.10,92.9824,93.03
2013-11-19,0.09,0.29,2.71,2.42,,,,,,13.39,93.0649,93.35
2013-11-20,0.09,0.28,2.80,2.52,,,,,,13.40,93.2501,93.34
2013-11-21,0.09,0.29,2.79,2.50,,,,,,12.66,93.5638,95.35
2013-11-22,0.09,0.31,2.75,2.44,,,,,,12.26,93.4198,94.53
2013-11-23,0.09,,,,,,,,,,,
2013-11-24,0.09,,,,,,,,,,,
2013-11-25,0.09,0.30,2.74,2.44,,,,,,12.79,93.5539,93.86
2013-11-26,0.09,0.29,2.71,2.42,,,,,,12.81,93.5226,93.41
2013-11-27,0.09,0.28,2.74,2.46,,,,,,12.98,93.6864,92.05
2013-11-28,0.09,,,,,,,,,,,
2013-11-29,0.07,0.28,2.75,2.47,,,,,,13.70,93.6291,92.55
2013-11-30,0.07,,,,,,,,,,,
2013-12-01,0.07,,,,234.719,235.759,94.961,6.7,137372,,,
2013-12-02,0.09,0.30,2.81,2.51,,,,,,14.23,93.8856,93.61
2013-12-03,0.09,0.28,2.79,2.51,,,,,,14.55,93.8251,95.83
2013-12-04,0.09,0.30,2.84,2.54,,,,,,14.70,93.8997,96.97
2013-12-05,0.09,0.30,2.88,2.58,,,,,,15.08,93.4954,97.14
2013-12-06,0.09,0.30,2.88,2.58,,,,,,13.79,93.4045,97.48
2013-12-07,0.09,,,,,,,,,,,
2013-12-08,0.09,,,,,,,,,,,
2013-12-09,0.09,0.30,2.86,2.56,,,,,,13.49,93.1444,97.10
2013-12-10,0.09,0.30,2.81,2.51,,,,,,13.91,,98.32
2013-12-11,0.08,0.31,2.86,2.55,,,,,,15.42,93.0842,97.25
2013-12-12,0.09,0.34,2.89,2.55,,,,,,15.54,93.4292,97.21
2013-12-13,0.08,0.34,2.88,2.54,,,,,,15.76,93.3568,96.27
2013-12-14,0.08,,,,,,,,,,,
2013-12-15,0.08,,,,,,,,,,,
2013-12-16,0.09,0.34,2.89,2.55,,,,,,16.03,93.2175,97.18
2013-12-17,0.09,0.34,2.85,2.51,,,,,,16.21,93.302,96.99
2013-12-18,0.09,0.32,2.89,2.57,,,,,,13.80,93.4207,97.59
2013-12-19,0.09,0.35,2.94,2.59,,,,,,14.15,93.7368,98.40
2013-12-20,0.09,0.37,2.89,2.52,,,,,,13.79,93.7211,99.11
2013-12-21,0.09,,,,,,,,,,,
2013-12-22,0.09,,,,,,,,,,,
2013-12-23,0.09,0.38,2.94,2.56,,,,,,13.04,93.572,98.62
2013-12-24,0.08,0.38,2.99,2.61,,,,,,12.48,93.6734,98.87
2013-12-25,0.08,,,,,,,,,,,
2013-12-26,0.08,0.42,3.00,2.58,,,,,,12.33,93.766,99.18
2013-12-27,0.08,0.40,3.02,2.62,,,,,,12.46,93.7018,99.94
2013-12-28,0.08,,,,,,,,,,,
2013-12-29,0.08,,,,,,,,,,,
2013-12-30,0.08,0.39,2.99,2.60,,,,,,13.56,93.4866,98.90
2013-12-31,0.07,0.38,3.04,2.66,,,,,,13.72,93.5576,98.17
2014-01-01,0.07,,,,235.288,235.961,95.064,6.6,137561,,,
2014-01-02,0.08,0.39,3.00,2.61,,,,,,14.23,93.8192,95.14
2014-01-03,0.08,0.41,3.01,2.60,,,,,,13.76,93.853,93.66
2014-01-04,0.08,,,,,,,,,,,
2014-01-05,0.08,,,,,,,,,,,
2014-01-06,0.08,0.40,2.98,2.58,,,,,,13.55,93.9109,93.12
2014-01-07,0.07,0.40,2.96,2.56,,,,,,12.92,94.0398,93.31
2014-01-08,0.07,0.43,3.01,2.58,,,,,,12.87,94.2181,91.90
2014-01-09,0.07,0.44,2.97,2.53,,,,,,12.89,94.3299,91.36
2014-01-10,0.07,0.39,2.88,2.49,,,,,,12.14,94.0045,92.39
2014-01-11,0.07,,,,,,,,,,,
2014-01-12,0.07,,,,,,,,,,,
2014-01-13,0.07,0.39,2.84,2.45,,,,,,13.28,93.899,91.45
2014-01-14,0.07,0.39,2.88,2.49,,,,,,12.28,94.0303,92.15
2014-01-15,0.07,0.41,2.90,2.49,,,,,,12.28,94.341,93.78
2014-01-16,0.07,0.41,2.86,2.45,,,,,,12.53,94.5507,93.54
2014-01-17,0.07,0.40,2.84,2.44,,,,,,12.44,94.5846,93.96
2014-01-18,0.07,,,,,,,,,,,
2014-01-19,0.07,,,,,,,,,,,
2014-01-20,0.07,,,,,,,,,,,
2014-01-21,0.07,0.40,2.85,2.45,,,,,,12.87,94.679,94.51
2014-01-22,0.07,0.44,2.87,2.43,,,,,,12.84,94.8479,96.35
2014-01-23,0.07,0.39,2.79,2.40,,,,,,13.77,94.8415,97.23
2014-01-24,0.07,0.37,2.75,2.38,,,,,,18.14,94.8555,96.66
2014-01-25,0.07,,,,,,,,,,,
2014-01-26,0.07,,,,,,,,,,,
2014-01-27,0.07,0.37,2.78,2.41,,,,,,17.42,94.9059,95.82
2014-01-28,0.07,0.38,2.77,2.39,,,,,,15.80,94.88,97.49
2014-01-29,0.07,0.36,2.69,2.33,,,,,,17.35,94.8621,97.34
2014-01-30,0.07,0.36,2.72,2.36,,,,,,17.29,95.1294,98.25
2014-01-31,0.07,0.34,2.67,2.33,,,,,,18.41,95.1774,97.55
2014-02-01,0.07,,,,235.547,236.185,95.109,6.7,137712,,,
2014-02-02,0.07,,,,,,,,,,,
2014-02-03,0.07,0.30,2.61,2.31,,,,,,21.44,95.2469,96.44
2014-02-04,0.07,0.31,2.64,2.33,,,,,,19.11,95.0438,97.24
2014-02-05,0.07,0.32,2.70,2.38,,,,,,19.95,95.0285,97.40
2014-02-06,0.07,0.33,2.73,2.40,,,,,,17.23,94.7177,97.84
2014-02-07,0.06,0.30,2.71,2.41,,,,,,15.29,94.7457,99.98
2014-02-08,0.06,,,,,,,,,,,
2014-02-09,0.06,,,,,,,,,,,
2014-02-10,0.07,0.32,2.70,2.38,,,,,,15.26,94.7189,100.12
2014-02-11,0.06,0.35,2.75,2.40,,,,,,14.51,94.6377,99.96
2014-02-12,0.07,0.35,2.80,2.45,,,,,,14.30,94.6209,100.38
2014-02-13,0.06,0.32,2.73,2.41,,,,,,14.14,,100.27
2014-02-14,0.06,0.32,2.75,2.43,,,,,,13.57,94.2711,100.31
2014-02-15,0.06,,,,,,,,,,,
2014-02-16,0.06,,,,,,,,,,,
2014-02-17,0.06,,,,,,,,,,,
2014-02-18,0.07,0.31,2.71,2.40,,,,,,13.87,94.1934,102.54
2014-02-19,0.07,0.33,2.73,2.40,,,,,,15.50,94.38,103.46
2014-02-20,0.07,0.34,2.76,2.42,,,,,,14.79,94.6571,103.20
2014-02-21,0.07,0.33,2.73,2.40,,,,,,14.68,,102.53
2014-02-22,0.07,,,,,,,,,,,
2014-02-23,0.07,,,,,,,,,,,
2014-02-24,0.07,0.35,2.75,2.40,,,,,,14.23,94.4042,103.17
2014-02-25,0.07,0.34,2.70,2.36,,,,,,13.67,94.4735,102.20
2014-02-26,0.07,0.33,2.67,2.34,,,,,,14.35,94.7754,102.93
2014-02-27,0.07,0.33,2.65,2.32,,,,,,14.04,94.6722,102.68
2014-02-28,0.06,0.33,2.66,2.33,,,,,,14.00,94.3879,102.88
2014-03-01,0.06,,,,236.028,236.625,95.25,6.7,137985,,,
2014-03-02,0.06,,,,,,,,,,,
2014-03-03,0.07,0.32,2.60,2.28,,,,,,16.00,,105.34
2014-03-04,0.07,0.33,2.70,2.37,,,,,,14.10,94.6568,103.64
2014-03-05,0.08,0.33,2.70,2.37,,,,,,13.89,94.4679,101.75
2014-03-06,0.08,0.37,2.74,2.37,,,,,,14.21,93.9858,101.82
2014-03-07,0.08,0.38,2.80,2.42,,,,,,14.11,94.2532,102.82
2014-03-08,0.08,,,,,,,,,,,
2014-03-09,0.08,,,,,,,,,,,
2014-03-10,0.08,0.37,2.79,2.42,,,,,,14.20,94.3731,101.39
2014-03-11,0.08,0.37,2.77,2.40,,,,,,14.80,94.387,100.29
2014-03-12,0.08,0.37,2.73,2.36,,,,,,14.47,94.462,98.29
2014-03-13,0.08,0.34,2.66,2.32,,,,,,16.22,94.1872,98.57
2014-03-14,0.08,0.36,2.65,2.29,,,,,,17.82,94.243,99.23
2014-03-15,0.08,,,,,,,,,,,
2014-03-16,0.08,,,,,,,,,,,
2014-03-17,0.08,0.38,2.70,2.32,,,,,,15.64,,98.43
2014-03-18,0.08,0.36,2.68,2.32,,,,,,14.52,94.2631,100.08
2014-03-19,0.08,0.47,2.78,2.31,,,,,,15.12,94.3752,100.71
2014-03-20,0.08,0.45,2.79,2.34,,,,,,14.52,94.9986,99.68
2014-03-21,0.08,0.45,2.75,2.30,,,,,,15.00,94.8547,99.97
2014-03-22,0.08,,,,,,,,,,,
2014-03-23,0.08,,,,,,,,,,,
2014-03-24,0.09,0.47,2.74,2.27,,,,,,15.09,94.759,100.05
2014-03-25,0.09,0.47,2.75,2.28,,,,,,14.02,94.6379,99.66
2014-03-26,0.08,0.45,2.71,2.26,,,,,,14.93,94.5281,100.61
2014-03-27,0.08,0.45,2.69,2.24,,,,,,14.62,94.3315,101.25
2014-03-28,0.08,0.45,2.73,2.28,,,,,,14.41,94.3683,101.73
2014-03-29,0.08,,,,,,,,,,,
2014-03-30,0.08,,,,,,,,,,,
2014-03-31,0.06,0.44,2.73,2.29,,,,,,13.88,94.2432,101.57
2014-04-01,0.08,0.44,2.77,2.33,236.468,237.072,95.413,6.2,138298,13.10,94.1244,99.69
2014-04-02,0.09,0.47,2.82,2.35,,,,,,13.09,94.3103,99.60
2014-04-03,0.08,0.46,2.80,2.34,,,,,,13.37,94.512,100.29
2014-04-04,0.08,0.43,2.74,2.31,,,,,,13.96,94.2191,101.16
2014-04-05,0.08,,,,,,,,,,,
2014-04-06,0.08,,,,,,,,,,,
2014-04-07,0.09,0.41,2.71,2.30,,,,,,15.57,94.0881,100.43
2014-04-08,0.08,0.40,2.69,2.29,,,,,,14.89,93.6579,102.57
2014-04-09,0.08,0.37,2.71,2.34,,,,,,13.82,93.6716,103.55
2014-04-10,0.08,0.37,2.65,2.28,,,,,,15.89,93.5123,103.37
2014-04-11,0.09,0.37,2.63,2.26,,,,,,17.03,93.6395,103.68
2014-04-12,0.09,,,,,,,,,,,
2014-04-13,0.09,,,,,,,,,,,
2014-04-14,0.09,0.37,2.65,2.28,,,,,,16.11,93.8046,104.05
2014-04-15,0.10,0.39,2.64,2.25,,,,,,15.61,93.9486,103.70
2014-04-16,0.09,0.39,2.65,2.26,,,,,,14.18,93.9461,103.71
2014-04-17,0.09,0.43,2.73,2.30,,,,,,13.36,93.8936,104.33
2014-04-18,0.10,,,,,,,,,,93.9629,
2014-04-19,0.10,,,,,,,,,,,
2014-04-20,0.10,,,,,,,,,,,
2014-04-21,0.10,0.42,2.73,2.31,,,,,,13.25,94.0337,104.35
2014-04-22,0.10,0.45,2.73,2.28,,,,,,13.19,94.0802,101.69
2014-04-23,0.10,0.43,2.70,2.27,,,,,,13.27,94.149,101.47
2014-04-24,0.10,0.43,2.70,2.27,,,,,,13.32,94.1294,102.20
2014-04-25,0.09,0.43,2.68,2.25,,,,,,14.06,94.1623,100.85
2014-04-26,0.09,,,,,,,,,,,
2014-04-27,0.09,,,,,,,,,,,
2014-04-28,0.09,0.44,2.70,2.26,,,,,,13.97,94.1374,101.13
2014-04-29,0.10,0.44,2.71,2.27,,,,,,13.71,94.0295,101.56
2014-04-30,0.09,0.42,2.67,2.25,,,,,,13.41,93.8896,100.07
2014-05-01,0.09,0.41,2.63,2.22,236.918,237.529,95.574,6.3,138513,13.25,93.8707,99.69
2014-05-02,0.09,0.42,2.60,2.18,,,,,,12.91,93.8182,100.09
2014-05-03,0.09,,,,,,,,,,,
2014-05-04,0.09,,,,,,,,,,,
2014-05-05,0.09,0.43,2.63,2.20,,,,,,13.29,93.7334,99.74
2014-05-06,0.09,0.43,2.61,2.18,,,,,,13.80,93.4324,99.81
2014-05-07,0.08,0.41,2.62,2.21,,,,,,13.40,93.4337,101.06
2014-05-08,0.08,0.40,2.61,2.21,,,,,,13.43,93.3686,100.52
2014-05-09,0.08,0.40,2.62,2.22,,,,,,12.92,93.6614,100.32
2014-05-10,0.08,,,,,,,,,,,
2014-05-11,0.08,,,,,,,,,,,
2014-05-12,0.08,0.41,2.66,2.25,,,,,,12.23,93.6537,100.89
2014-05-13,0.09,0.39,2.61,2.22,,,,,,12.13,93.6755,102.01
2014-05-14,0.08,0.39,2.54,2.15,,,,,,12.17,93.5968,102.63
2014-05-15,0.09,0.38,2.50,2.12,,,,,,13.17,93.7065,101.74
2014-05-16,0.09,0.38,2.52,2.14,,,,,,12.44,93.6073,102.31
2014-05-17,0.09,,,,,,,,,,,
2014-05-18,0.09,,,,,,,,,,,
2014-05-19,0.09,0.36,2.54,2.18,,,,,,12.42,93.502,102.95
2014-05-20,0.09,0.35,2.52,2.17,,,,,,12.96,93.6699,102.80
2014-05-21,0.09,0.37,2.54,2.17,,,,,,11.91,93.7629,104.31
2014-05-22,0.09,0.37,2.56,2.19,,,,,,12.03,93.6944,104.03
2014-05-23,0.09,0.37,2.54,2.17,,,,,,11.36,93.7042,105.01
2014-05-24,0.09,,,,,,,,,,,
2014-05-25,0.09,,,,,,,,,,,
2014-05-26,0.09,,,,,,,,,,,
2014-05-27,0.09,0.39,2.52,2.13,,,,,,11.51,93.8418,104.78
2014-05-28,0.09,0.37,2.44,2.07,,,,,,11.68,93.8793,103.37
2014-05-29,0.09,0.37,2.45,2.08,,,,,,11.57,93.6973,104.26
2014-05-30,0.08,0.37,2.48,2.11,,,,,,11.40,93.7606,103.40
2014-05-31,0.08,,,,,,,,,,,
2014-06-01,0.08,,,,237.231,237.837,95.682,6.1,138849,,,
2014-06-02,0.09,0.39,2.54,2.15,,,,,,11.58,94.0006,103.07
2014-06-03,0.10,0.41,2.60,2.19,,,,,,11.87,94.0536,103.34
2014-06-04,0.09,0.41,2.61,2.20,,,,,,12.08,94.1239,103.27
2014-06-05,0.09,0.40,2.59,2.19,,,,,,11.68,93.9732,103.17
2014-06-06,0.09,0.41,2.60,2.19,,,,,,10.73,93.9069,103.32
2014-06-07,0.09,,,,,,,,,,,
2014-06-08,0.09,,,,,,,,,,,
2014-06-09,0.09,0.43,2.62,2.19,,,,,,11.15,93.9628,105.09
2014-06-10,0.09,0.45,2.64,2.19,,,,,,10.99,94.0638,105.02
2014-06-11,0.09,0.44,2.65,2.21,,,,,,11.60,93.9744,105.04
2014-06-12,0.09,0.42,2.58,2.16,,,,,,12.56,93.8155,107.20
2014-06-13,0.10,0.45,2.60,2.15,,,,,,12.18,93.9168,107.49
2014-06-14,0.10,,,,,,,,,,,
2014-06-15,0.10,,,,,,,,,,,
2014-06-16,0.10,0.49,2.61,2.12,,,,,,12.65,93.8639,107.52
2014-06-17,0.10,0.51,2.66,2.15,,,,,,12.06,94.0829,106.95
2014-06-18,0.10,0.48,2.61,2.13,,,,,,10.61,94.0525,106.64
2014-06-19,0.10,0.48,2.64,2.16,,,,,,10.62,93.752,107.08
2014-06-20,0.10,0.50,2.63,2.13,,,,,,10.85,93.7591,107.95
2014-06-21,0.10,,,,,,,,,,,
2014-06-22,0.10,,,,,,,,,,,
2014-06-23,0.10,0.48,2.63,2.15,,,,,,10.98,93.628,106.83
2014-06-24,0.10,0.49,2.59,2.10,,,,,,12.13,93.7093,106.64
2014-06-25,0.10,0.48,2.57,2.09,,,,,,11.59,93.5851,107.04
2014-06-26,0.10,0.46,2.53,2.07,,,,,,11.63,93.5471,106.49
2014-06-27,0.10,0.45,2.54,2.09,,,,,,11.26,93.3983,106.46
2014-06-28,0.10,,,,,,,,,,,
2014-06-29,0.10,,,,,,,,,,,
2014-06-30,0.09,0.47,2.53,2.06,,,,,,11.57,93.2058,106.07
2014-07-01,0.10,0.47,2.58,2.11,237.498,238.195,95.848,6.2,139072,11.15,93.1365,106.06
2014-07-02,0.10,0.49,2.64,2.15,,,,,,10.82,93.2478,105.18
2014-07-03,0.09,0.52,2.65,2.13,,,,,,10.32,93.3149,104.76
2014-07-04,0.09,,,,,,,,,,,
2014-07-05,0.09,,,,,,,,,,,
2014-07-06,0.09,,,,,,,,,,,
2014-07-07,0.10,0.52,2.63,2.11,,,,,,11.33,93.3803,104.19
2014-07-08,0.09,0.51,2.58,2.07,,,,,,11.98,93.323,104.06
2014-07-09,0.09,0.51,2.57,2.06,,,,,,11.65,93.228,102.93
2014-07-10,0.09,0.46,2.55,2.09,,,,,,12.59,93.3152,103.61
2014-07-11,0.09,0.48,2.53,2.05,,,,,,12.08,93.4171,101.48
2014-07-12,0.09,,,,,,,,,,,
2014-07-13,0.09,,,,,,,,,,,
2014-07-14,0.09,0.48,2.55,2.07,,,,,,11.82,93.4101,101.73
2014-07-15,0.09,0.49,2.56,2.07,,,,,,11.96,93.5796,100.56
2014-07-16,0.09,0.50,2.55,2.05,,,,,,11.00,93.5991,101.88
2014-07-17,0.09,0.47,2.47,2.00,,,,,,14.54,93.6586,103.84
2014-07-18,0.09,0.51,2.50,1.99,,,,,,12.06,93.6608,103.83
2014-07-19,0.09,,,,,,,,,,,
2014-07-20,0.09,,,,,,,,,,,
2014-07-21,0.10,0.51,2.49,1.98,,,,,,12.81,93.6069,105.34
2014-07-22,0.09,0.49,2.48,1.99,,,,,,12.24,93.6306,104.59
2014-07-23,0.09,0.50,2.48,1.98,,,,,,11.52,93.5951,103.81
2014-07-24,0.09,0.53,2.52,1.99,,,,,,11.84,93.6836,102.76
2014-07-25,0.09,0.53,2.48,1.95,,,,,,12.69,93.8294,105.23
2014-07-26,0.09,,,,,,,,,,,
2014-07-27,0.09,,,,,,,,,,,
2014-07-28,0.09,0.54,2.50,1.96,,,,,,12.56,93.83,105.68
2014-07-29,0.09,0.54,2.47,1.93,,,,,,13.28,94.0443,104.91
2014-07-30,0.09,0.56,2.57,2.01,,,,,,13.33,94.3473,104.29
2014-07-31,0.08,0.53,2.58,2.05,,,,,,16.95,94.4467,98.23
2014-08-01,0.09,0.47,2.52,2.05,237.460,238.405,95.885,6.1,139269,17.03,94.4754,97.86
2014-08-02,0.09,,,,,,,,,,,
2014-08-03,0.09,,,,,,,,,,,
2014-08-04,0.09,0.47,2.51,2.04,,,,,,15.12,94.448,98.26
2014-08-05,0.09,0.47,2.49,2.02,,,,,,16.87,94.6754,97.34
2014-08-06,0.09,0.48,2.49,2.01,,,,,,16.37,94.6092,96.93
2014-08-07,0.09,0.44,2.43,1.99,,,,,,16.66,94.6364,97.34
2014-08-08,0.09,0.45,2.44,1.99,,,,,,15.77,94.6027,97.61
2014-08-09,0.09,,,,,,,,,,,
2014-08-10,0.09,,,,,,,,,,,
2014-08-11,0.09,0.47,2.44,1.97,,,,,,14.23,94.4767,98.09
2014-08-12,0.09,0.45,2.46,2.01,,,,,,14.13,94.5211,97.36
2014-08-13,0.09,0.43,2.43,2.00,,,,,,12.90,94.4681,97.57
2014-08-14,0.09,0.42,2.40,1.98,,,,,,12.42,94.3508,95.54
2014-08-15,0.09,0.42,2.34,1.92,,,,,,13.15,94.2941,97.30
2014-08-16,0.09,,,,,,,,,,,
2014-08-17,0.09,,,,,,,,,,,
2014-08-18,0.09,0.44,2.39,1.95,,,,,,12.32,94.2519,96.44
2014-08-19,0.09,0.46,2.40,1.94,,,,,,12.21,94.4356,94.35
2014-08-20,0.09,0.49,2.43,1.94,,,,,,11.78,94.5937,96.40
2014-08-21,0.09,0.49,2.41,1.92,,,,,,11.76,94.673,93.97
2014-08-22,0.09,0.53,2.40,1.87,,,,,,11.47,94.8012,93.61
2014-08-23,0.09,,,,,,,,,,,
2014-08-24,0.09,,,,,,,,,,,
2014-08-25,0.09,0.53,2.39,1.86,,,,,,11.70,94.9159,95.39
2014-08-26,0.09,0.52,2.39,1.87,,,,,,11.63,94.8617,95.78
2014-08-27,0.09,0.51,2.37,1.86,,,,,,11.78,94.6863,95.82
2014-08-28,0.09,0.50,2.34,1.84,,,,,,12.05,94.6947,96.44
2014-08-29,0.07,0.48,2.35,1.87,,,,,,11.98,94.7251,97.86
2014-08-30,0.07,,,,,,,,,,,
2014-08-31,0.07,,,,,,,,,,,
2014-09-01,0.07,,,,237.477,238.786,96.013,5.9,139563,,,
2014-09-02,0.09,0.53,2.42,1.89,,,,,,12.25,95.063,92.92
2014-09-03,0.09,0.52,2.41,1.89,,,,,,12.36,94.8709,95.50
2014-09-04,0.09,0.54,2.45,1.91,,,,,,12.64,95.2641,94.51
2014-09-05,0.09,0.52,2.46,1.94,,,,,,12.09,95.2203,93.32
2014-09-06,0.09,,,,,,,,,,,
2014-09-07,0.09,,,,,,,,,,,
2014-09-08,0.09,0.54,2.48,1.94,,,,,,12.66,95.4167,92.64
2014-09-09,0.09,0.56,2.50,1.94,,,,,,13.50,95.8811,92.73
2014-09-10,0.09,0.58,2.54,1.96,,,,,,12.88,95.8641,91.71
2014-09-11,0.09,0.58,2.54,1.96,,,,,,12.80,95.9184,92.89
2014-09-12,0.09,0.58,2.62,2.04,,,,,,13.31,96.0748,92.18
2014-09-13,0.09,,,,,,,,,,,
2014-09-14,0.09,,,,,,,,,,,
2014-09-15,0.09,0.58,2.60,2.02,,,,,,14.12,96.1195,92.86
2014-09-16,0.09,0.55,2.60,2.05,,,,,,12.73,95.8483,94.91
2014-09-17,0.09,0.59,2.62,2.03,,,,,,12.65,95.9106,94.33
2014-09-18,0.09,0.59,2.63,2.04,,,,,,12.03,96.1284,93.07
2014-09-19,0.09,0.59,2.59,2.00,,,,,,12.11,96.3417,92.43
2014-09-20,0.09,,,,,,,,,,,
2014-09-21,0.09,,,,,,,,,,,
2014-09-22,0.09,0.58,2.57,1.99,,,,,,13.69,96.4625,91.46
2014-09-23,0.09,0.57,2.54,1.97,,,,,,14.93,96.5112,91.55
2014-09-24,0.09,0.59,2.57,1.98,,,,,,13.27,96.6574,93.60
2014-09-25,0.09,0.56,2.52,1.96,,,,,,15.64,96.8988,93.59
2014-09-26,0.09,0.59,2.54,1.95,,,,,,14.85,97.208,95.55
2014-09-27,0.09,,,,,,,,,,,
2014-09-28,0.09,,,,,,,,,,,
2014-09-29,0.08,0.58,2.50,1.92,,,,,,15.98,97.3523,94.53
2014-09-30,0.07,0.58,2.52,1.94,,,,,,16.31,97.5261,91.17
2014-10-01,0.09,0.53,2.42,1.89,237.430,239.191,96.096,5.7,139798,16.71,97.5387,90.74
2014-10-02,0.09,0.53,2.44,1.91,,,,,,16.16,97.3062,91.02
2014-10-03,0.09,0.57,2.45,1.88,,,,,,14.55,97.9846,89.76
2014-10-04,0.09,,,,,,,,,,,
2014-10-05,0.09,,,,,,,,,,,
2014-10-06,0.09,0.54,2.43,1.89,,,,,,15.46,97.5513,90.33
2014-10-07,0.09,0.52,2.36,1.84,,,,,,17.20,97.4459,88.89
2014-10-08,0.09,0.46,2.35,1.89,,,,,,15.11,97.4945,87.29
2014-10-09,0.08,0.46,2.34,1.88,,,,,,18.76,97.1711,85.76
2014-10-10,0.09,0.45,2.31,1.86,,,,,,21.24,97.4144,85.87
2014-10-11,0.09,,,,,,,,,,,
2014-10-12,0.09,,,,,,,,,,,
2014-10-13,0.09,,,,,,,,,24.64,,85.73
2014-10-14,0.09,0.39,2.21,1.82,,,,,,22.79,97.3943,81.72
2014-10-15,0.09,0.34,2.15,1.81,,,,,,26.25,97.3532,81.82
2014-10-16,0.09,0.35,2.17,1.82,,,,,,25.20,97.2869,82.33
2014-10-17,0.09,0.39,2.22,1.83,,,,,,21.99,97.3067,82.80
2014-10-18,0.09,,,,,,,,,,,
2014-10-19,0.09,,,,,,,,,,,
2014-10-20,0.09,0.37,2.20,1.83,,,,,,18.57,97.2874,82.76
2014-10-21,0.09,0.38,2.23,1.85,,,,,,16.08,97.2488,83.25
2014-10-22,0.09,0.41,2.25,1.84,,,,,,17.87,97.459,80.52
2014-10-23,0.09,0.41,2.29,1.88,,,,,,16.53,97.6047,82.81
2014-10-24,0.09,0.41,2.29,1.88,,,,,,16.11,97.4772,81.27
2014-10-25,0.09,,,,,,,,,,,
2014-10-26,0.09,,,,,,,,,,,
2014-10-27,0.09,0.41,2.27,1.86,,,,,,16.04,97.5423,81.26
2014-10-28,0.09,0.42,2.30,1.88,,,,,,14.39,97.2173,81.36
2014-10-29,0.09,0.48,2.34,1.86,,,,,,15.15,97.0145,82.25
2014-10-30,0.09,0.48,2.32,1.84,,,,,,14.52,97.456,81.06
2014-10-31,0.07,0.50,2.35,1.85,,,,,,14.03,98.1163,80.53
2014-11-01,0.07,,,,236.983,239.458,96.181,5.8,140089,,,
2014-11-02,0.07,,,,,,,,,,,
2014-11-03,0.09,0.52,2.36,1.84,,,,,,14.73,98.5336,78.77
2014-11-04,0.10,0.52,2.35,1.83,,,,,,14.89,98.5576,77.15
2014-11-05,0.09,0.52,2.36,1.84,,,,,,14.17,98.8086,78.71
2014-11-06,0.09,0.54,2.39,1.85,,,,,,13.67,99.1325,77.87
2014-11-07,0.09,0.51,2.32,1.81,,,,,,13.12,99.0236,78.71
2014-11-08,0.09,,,,,,,,,,,
2014-11-09,0.09,,,,,,,,,,,
2014-11-10,0.09,0.55,2.38,1.83,,,,,,12.67,98.9305,77.43
2014-11-11,0.09,,,,,,,,,12.92,,77.85
2014-11-12,0.09,0.55,2.37,1.82,,,,,,13.02,98.8897,77.16
2014-11-13,0.09,0.53,2.35,1.82,,,,,,13.79,99.1045,74.13
2014-11-14,0.09,0.54,2.32,1.78,,,,,,13.31,99.0917,75.91
2014-11-15,0.09,,,,,,,,,,,
2014-11-16,0.09,,,,,,,,,,,
2014-11-17,0.10,0.54,2.34,1.80,,,,,,13.99,99.2188,75.64
2014-11-18,0.11,0.53,2.32,1.79,,,,,,13.86,99.0185,74.55
2014-11-19,0.10,0.54,2.36,1.82,,,,,,13.96,99.2424,74.55
2014-11-20,0.10,0.53,2.34,1.81,,,,,,13.58,99.2554,75.63
2014-11-21,0.10,0.53,2.31,1.78,,,,,,12.90,99.2894,76.52
2014-11-22,0.10,,,,,,,,,,,
2014-11-23,0.10,,,,,,,,,,,
2014-11-24,0.10,0.53,2.30,1.77,,,,,,12.62,99.4227,75.74
2014-11-25,0.10,0.51,2.27,1.76,,,,,,12.25,99.2837,74.04
2014-11-26,0.10,0.53,2.24,1.71,,,,,,12.07,99.1893,73.70
2014-11-27,0.10,,,,,,,,,,,
2014-11-28,0.08,0.47,2.18,1.71,,,,,,13.33,100.0719,65.94
2014-11-29,0.08,,,,,,,,,,,
2014-11-30,0.08,,,,,,,,,,,
2014-12-01,0.13,0.49,2.22,1.73,236.252,239.584,96.249,5.6,140364,14.29,99.8964,68.98
2014-12-02,0.12,0.55,2.28,1.73,,,,,,12.85,100.4478,66.99
2014-12-03,0.12,0.57,2.29,1.72,,,,,,12.47,100.5696,67.30
2014-12-04,0.12,0.55,2.25,1.70,,,,,,12.38,100.3931,66.73
2014-12-05,0.12,0.65,2.31,1.66,,,,,,11.82,101.0989,65.89
2014-12-06,0.12,,,,,,,,,,,
2014-12-07,0.12,,,,,,,,,,,
2014-12-08,0.12,0.64,2.26,1.62,,,,,,14.21,101.31,63.13
2014-12-09,0.12,0.64,2.22,1.58,,,,,,14.89,100.8095,63.74
2014-12-10,0.12,0.59,2.18,1.59,,,,,,18.53,101.0212,60.99
2014-12-11,0.12,0.62,2.19,1.57,,,,,,20.08,101.4448,60.01
2014-12-12,0.12,0.56,2.10,1.54,,,,,,21.08,101.3735,57.81
2014-12-13,0.12,,,,,,,,,,,
2014-12-14,0.12,,,,,,,,,,,
2014-12-15,0.11,0.60,2.12,1.52,,,,,,20.42,101.674,55.96
2014-12-16,0.12,0.58,2.07,1.49,,,,,,23.57,101.526,55.97
2014-12-17,0.13,0.62,2.14,1.52,,,,,,19.44,101.5527,56.43
2014-12-18,0.13,0.67,2.22,1.55,,,,,,16.81,101.7531,54.18
2014-12-19,0.13,0.67,2.17,1.50,,,,,,16.49,102.0483,56.91
2014-12-20,0.13,,,,,,,,,,,
2014-12-21,0.13,,,,,,,,,,,
2014-12-22,0.13,0.71,2.17,1.46,,,,,,15.25,101.9942,55.25
2014-12-23,0.13,0.73,2.26,1.53,,,,,,14.80,102.348,56.78
2014-12-24,0.13,0.73,2.27,1.54,,,,,,14.37,102.3028,55.70
2014-12-25,0.13,,,,,,,,,,,
2014-12-26,0.13,0.73,2.25,1.52,,,,,,14.50,,54.59
2014-12-27,0.13,,,,,,,,,,,
2014-12-28,0.13,,,,,,,,,,,
2014-12-29,0.13,0.72,2.22,1.50,,,,,,15.06,102.3767,53.46
2014-12-30,0.13,0.69,2.20,1.51,,,,,,15.92,102.1019,54.14
2014-12-31,0.06,0.67,2.17,1.50,,,,,,19.20,102.2843,53.45
2015-01-01,0.06,,,,234.747,239.811,96.214,5.7,140568,,,
2015-01-02,0.12,0.66,2.12,1.46,,,,,,17.79,102.9027,52.72
2015-01-03,0.12,,,,,,,,,,,
2015-01-04,0.12,,,,,,,,,,,
2015-01-05,0.12,0.68,2.04,1.36,,,,,,19.92,103.4976,50.05
2015-01-06,0.12,0.65,1.97,1.32,,,,,,21.12,103.2938,47.98
2015-01-07,0.12,0.62,1.96,1.34,,,,,,19.31,103.6316,48.69
2015-01-08,0.12,0.62,2.03,1.41,,,,,,17.01,103.2799,48.80
2015-01-09,0.12,0.59,1.98,1.39,,,,,,17.55,103.1213,48.35
2015-01-10,0.12,,,,,,,,,,,
2015-01-11,0.12,,,,,,,,,,,
2015-01-12,0.12,0.56,1.92,1.36,,,,,,19.60,103.2372,46.06
2015-01-13,0.12,0.54,1.91,1.37,,,,,,20.56,103.27,45.92
2015-01-14,0.12,0.51,1.86,1.35,,,,,,21.48,103.0903,48.49
2015-01-15,0.12,0.44,1.77,1.33,,,,,,22.39,103.0829,46.37
2015-01-16,0.13,0.49,1.83,1.34,,,,,,20.95,103.2189,48.49
2015-01-17,0.13,,,,,,,,,,,
2015-01-18,0.13,,,,,,,,,,,
2015-01-19,0.13,,,,,,,,,,,
2015-01-20,0.12,0.53,1.82,1.29,,,,,,19.89,103.5233,46.79
2015-01-21,0.12,0.53,1.87,1.34,,,,,,18.85,103.7858,47.85
2015-01-22,0.12,0.53,1.90,1.37,,,,,,16.40,103.9271,45.93
2015-01-23,0.12,0.52,1.81,1.29,,,,,,16.66,104.3676,45.26
2015-01-24,0.12,,,,,,,,,,,
2015-01-25,0.12,,,,,,,,,,,
2015-01-26,0.12,0.54,1.83,1.29,,,,,,15.52,104.4818,44.80
2015-01-27,0.11,0.54,1.83,1.29,,,,,,17.22,104.1646,45.84
2015-01-28,0.12,0.50,1.73,1.23,,,,,,20.44,104.4737,44.08
2015-01-29,0.11,0.51,1.77,1.26,,,,,,18.76,105.2763,44.12
2015-01-30,0.06,0.47,1.68,1.21,,,,,,20.97,105.5884,47.79
2015-01-31,0.06,,,,,,,,,,,
2015-02-01,0.06,,,,235.342,240.172,96.324,5.5,140827,,,
2015-02-02,0.12,0.49,1.68,1.19,,,,,,19.43,105.2058,49.25
2015-02-03,0.12,0.52,1.79,1.27,,,,,,17.33,104.6063,53.04
2015-02-04,0.11,0.52,1.81,1.29,,,,,,18.33,104.785,48.45
2015-02-05,0.12,0.52,1.83,1.31,,,,,,16.85,104.4915,50.48
2015-02-06,0.11,0.65,1.95,1.30,,,,,,17.29,105.1283,51.66
2015-02-07,0.11,,,,,,,,,,,
2015-02-08,0.11,,,,,,,,,,,
2015-02-09,0.12,0.65,1.96,1.31,,,,,,18.55,104.9889,52.99
2015-02-10,0.12,0.67,2.01,1.34,,,,,,17.23,105.2897,50.06
2015-02-11,0.12,0.67,2.00,1.33,,,,,,16.96,105.7901,48.80
2015-02-12,0.12,0.61,1.99,1.38,,,,,,15.34,104.9385,51.17
2015-02-13,0.12,0.66,2.02,1.36,,,,,,14.69,104.8452,52.66
2015-02-14,0.12,,,,,,,,,,,
2015-02-15,0.12,,,,,,,,,,,
2015-02-16,0.12,,,,,,,,,,,
2015-02-17,0.12,0.70,2.14,1.44,,,,,,15.80,,53.56
2015-02-18,0.12,0.62,2.07,1.45,,,,,,15.45,105.2514,52.13
2015-02-19,0.12,0.67,2.11,1.44,,,,,,15.29,105.1407,51.12
2015-02-20,0.12,0.67,2.13,1.46,,,,,,14.30,105.3387,49.95
2015-02-21,0.12,,,,,,,,,,,
2015-02-22,0.12,,,,,,,,,,,
2015-02-23,0.11,0.64,2.06,1.42,,,,,,14.56,105.5359,49.56
2015-02-24,0.11,0.60,1.99,1.39,,,,,,13.69,105.5472,48.48
2015-02-25,0.11,0.61,1.96,1.35,,,,,,13.84,105.0503,50.25
2015-02-26,0.11,0.66,2.03,1.37,,,,,,13.91,105.5021,47.65
2015-02-27,0.06,0.63,2.00,1.37,,,,,,13.34,105.5981,49.84
2015-02-28,0.06,,,,,,,,,,,
2015-03-01,0.06,,,,235.976,240.755,96.47,5.4,140923,,,
2015-03-02,0.12,0.66,2.08,1.42,,,,,,13.04,105.8151,49.59
2015-03-03,0.12,0.68,2.12,1.44,,,,,,13.86,105.5562,50.43
2015-03-04,0.11,0.66,2.12,1.46,,,,,,14.23,106.1333,51.53
2015-03-05,0.11,0.65,2.11,1.46,,,,,,14.04,,50.76
2015-03-06,0.12,0.73,2.24,1.51,,,,,,15.20,107.4337,49.61
2015-03-07,0.12,,,,,,,,,,,
2015-03-08,0.12,,,,,,,,,,,
2015-03-09,0.12,0.70,2.20,1.50,,,,,,15.06,107.5199,49.95
2015-03-10,0.12,0.70,2.14,1.44,,,,,,16.69,108.1165,48.42
2015-03-11,0.11,0.70,2.11,1.41,,,,,,16.87,108.5235,48.06
2015-03-12,0.11,0.67,2.10,1.43,,,,,,15.42,108.1741,47.12
2015-03-13,0.11,0.68,2.13,1.45,,,,,,16.00,108.9174,44.88
2015-03-14,0.11,,,,,,,,,,,
2015-03-15,0.11,,,,,,,,,,,
2015-03-16,0.12,0.66,2.10,1.44,,,,,,15.61,108.6422,43.93
2015-03-17,0.12,0.70,2.06,1.36,,,,,,15.66,108.5805,43.39
2015-03-18,0.11,0.57,1.93,1.36,,,,,,13.97,108.408,44.63
2015-03-19,0.12,0.63,1.98,1.35,,,,,,14.07,108.1826,44.02
2015-03-20,0.12,0.60,1.93,1.33,,,,,,13.02,107.1671,46.00
2015-03-21,0.12,,,,,,,,,,,
2015-03-22,0.12,,,,,,,,,,,
2015-03-23,0.12,0.60,1.92,1.32,,,,,,13.41,106.5022,47.40
2015-03-24,0.11,0.58,1.88,1.30,,,,,,13.62,106.4401,47.03
2015-03-25,0.12,0.59,1.93,1.34,,,,,,15.44,106.2636,48.75
2015-03-26,0.11,0.61,2.01,1.40,,,,,,15.80,106.5582,51.41
2015-03-27,0.12,0.58,1.95,1.37,,,,,,15.07,106.8916,48.83
2015-03-28,0.12,,,,,,,,,,,
2015-03-29,0.12,,,,,,,,,,,
2015-03-30,0.12,0.58,1.96,1.38,,,,,,14.51,107.3941,48.66
2015-03-31,0.06,0.56,1.94,1.38,,,,,,15.29,107.4396,47.72
2015-04-01,0.12,0.55,1.87,1.32,236.222,241.346,96.648,5.4,141196,15.11,107.06,50.12
2015-04-02,0.12,0.55,1.92,1.37,,,,,,14.67,106.6738,49.13
2015-04-03,0.12,0.49,1.85,1.36,,,,,,,105.8861,
2015-04-04,0.12,,,,,,,,,,,
2015-04-05,0.12,,,,,,,,,,,
2015-04-06,0.13,0.51,1.92,1.41,,,,,,14.74,105.7876,52.08
2015-04-07,0.12,0.52,1.89,1.37,,,,,,14.78,106.4488,53.95
2015-04-08,0.12,0.54,1.92,1.38,,,,,,13.98,106.4231,50.44
2015-04-09,0.12,0.56,1.97,1.41,,,,,,13.09,107.0335,50.79
2015-04-10,0.12,0.57,1.96,1.39,,,,,,12.58,107.4526,51.63
2015-04-11,0.12,,,,,,,,,,,
2015-04-12,0.12,,,,,,,,,,,
2015-04-13,0.13,0.54,1.94,1.40,,,,,,13.94,107.7508,51.95
2015-04-14,0.13,0.53,1.90,1.37,,,,,,13.67,107.0547,53.30
2015-04-15,0.13,0.51,1.91,1.40,,,,,,12.84,107.1855,56.25
2015-04-16,0.13,0.50,1.90,1.40,,,,,,12.60,106.2761,56.69
2015-04-17,0.13,0.51,1.87,1.36,,,,,,13.89,106.329,55.71
2015-04-18,0.13,,,,,,,,,,,
2015-04-19,0.13,,,,,,,,,,,
2015-04-20,0.13,0.55,1.90,1.35,,,,,,13.30,106.4902,56.37
2015-04-21,0.13,0.55,1.92,1.37,,,,,,13.25,106.5582,55.58
2015-04-22,0.13,0.57,1.99,1.42,,,,,,12.71,106.5815,56.17
2015-04-23,0.13,0.55,1.96,1.41,,,,,,12.48,106.1658,56.59
2015-04-24,0.13,0.54,1.93,1.39,,,,,,12.29,105.905,55.98
2015-04-25,0.13,,,,,,,,,,,
2015-04-26,0.13,,,,,,,,,,,
2015-04-27,0.13,0.54,1.94,1.40,,,,,,13.12,105.6891,55.56
2015-04-28,0.13,0.56,2.00,1.44,,,,,,12.41,105.1234,57.05
2015-04-29,0.13,0.56,2.06,1.50,,,,,,13.39,104.5634,58.55
2015-04-30,0.08,0.58,2.05,1.47,,,,,,14.55,105.312,59.62
2015-05-01,0.13,0.60,2.12,1.52,237.001,241.688,96.766,5.6,141538,12.70,105.6382,59.10
2015-05-02,0.13,,,,,,,,,,,
2015-05-03,0.13,,,,,,,,,,,
2015-05-04,0.13,0.60,2.16,1.56,,,,,,12.85,105.6679,58.92
2015-05-05,0.13,0.62,2.19,1.57,,,,,,14.31,105.2396,60.38
2015-05-06,0.13,0.65,2.25,1.60,,,,,,15.15,104.6935,60.93
2015-05-07,0.13,0.63,2.18,1.55,,,,,,15.13,105.1941,58.99
2015-05-08,0.13,0.59,2.16,1.57,,,,,,12.86,104.8424,59.41
2015-05-09,0.13,,,,,,,,,,,
2015-05-10,0.13,,,,,,,,,,,
2015-05-11,0.13,0.62,2.28,1.66,,,,,,13.85,105.3075,59.23
2015-05-12,0.13,0.61,2.28,1.67,,,,,,13.86,104.8924,60.72
2015-05-13,0.13,0.59,2.27,1.68,,,,,,13.76,104.3608,60.50
2015-05-14,0.13,0.56,2.23,1.67,,,,,,12.74,104.2359,59.89
2015-05-15,0.13,0.55,2.14,1.59,,,,,,12.38,104.0202,59.73
2015-05-16,0.13,,,,,,,,,,,
2015-05-17,0.13,,,,,,,,,,,
2015-05-18,0.13,0.58,2.23,1.65,,,,,,12.73,104.6068,59.44
2015-05-19,0.12,0.63,2.27,1.64,,,,,,12.85,105.3448,57.30
2015-05-20,0.12,0.60,2.26,1.66,,,,,,12.88,105.5605,58.96
2015-05-21,0.12,0.60,2.19,1.59,,,,,,12.11,105.3808,60.18
2015-05-22,0.13,0.64,2.21,1.57,,,,,,12.13,105.8487,58.88
2015-05-23,0.13,,,,,,,,,,,
2015-05-24,0.13,,,,,,,,,,,
2015-05-25,0.13,,,,,,,,,,,
2015-05-26,0.12,0.64,2.14,1.50,,,,,,14.06,106.7294,57.29
2015-05-27,0.12,0.64,2.14,1.50,,,,,,13.27,106.908,57.51
2015-05-28,0.12,0.62,2.13,1.51,,,,,,13.31,106.92,57.69
2015-05-29,0.08,0.61,2.12,1.51,,,,,,13.84,106.7388,60.25
2015-05-30,0.08,,,,,,,,,,,
2015-05-31,0.08,,,,,,,,,,,
2015-06-01,0.12,0.64,2.19,1.55,237.657,242.064,96.882,5.3,141709,13.97,107.2238,60.24
2015-06-02,0.12,0.64,2.27,1.63,,,,,,14.24,106.4507,61.30
2015-06-03,0.13,0.69,2.38,1.69,,,,,,13.66,106.1443,59.67
2015-06-04,0.13,0.66,2.31,1.65,,,,,,14.71,106.4725,58.00
2015-06-05,0.13,0.73,2.41,1.68,,,,,,14.21,107.1336,59.11
2015-06-06,0.13,,,,,,,,,,,
2015-06-07,0.13,,,,,,,,,,,
2015-06-08,0.13,0.70,2.39,1.69,,,,,,15.29,106.7693,58.15
2015-06-09,0.13,0.72,2.42,1.70,,,,,,14.47,106.2238,60.15
2015-06-10,0.13,0.75,2.50,1.75,,,,,,13.22,105.8037,61.36
2015-06-11,0.13,0.73,2.39,1.66,,,,,,12.85,106.0934,60.74
2015-06-12,0.13,0.74,2.39,1.65,,,,,,13.78,105.9015,59.96
2015-06-13,0.13,,,,,,,,,,,
2015-06-14,0.13,,,,,,,,,,,
2015-06-15,0.13,0.72,2.36,1.64,,,,,,15.39,105.9989,59.53
2015-06-16,0.14,0.71,2.32,1.61,,,,,,14.81,106.0473,60.01
2015-06-17,0.14,0.67,2.32,1.65,,,,,,14.50,106.058,59.89
2015-06-18,0.14,0.66,2.35,1.69,,,,,,13.19,105.102,60.41
2015-06-19,0.13,0.65,2.26,1.61,,,,,,13.96,105.4496,59.62
2015-06-20,0.13,,,,,,,,,,,
2015-06-21,0.13,,,,,,,,,,,
2015-06-22,0.13,0.68,2.37,1.69,,,,,,12.74,105.3846,60.01
2015-06-23,0.13,0.70,2.42,1.72,,,,,,12.11,105.9678,61.05
2015-06-24,0.13,0.68,2.38,1.70,,,,,,13.26,106.2522,60.01
2015-06-25,0.13,0.68,2.40,1.72,,,,,,14.01,106.1515,59.59
2015-06-26,0.13,0.72,2.49,1.77,,,,,,14.02,106.4116,59.41
2015-06-27,0.13,,,,,,,,,,,
2015-06-28,0.13,,,,,,,,,,,
2015-06-29,0.14,0.64,2.33,1.69,,,,,,18.85,106.3785,58.34
2015-06-30,0.08,0.64,2.35,1.71,,,,,,18.23,106.5191,59.48
2015-07-01,0.13,0.69,2.43,1.74,238.034,242.565,96.978,5.2,141991,16.09,107.0101,56.94
2015-07-02,0.13,0.64,2.40,1.76,,,,,,16.79,106.9106,56.93
2015-07-03,0.13,,,,,,,,,,,
2015-07-04,0.13,,,,,,,,,,,
2015-07-05,0.13,,,,,,,,,,,
2015-07-06,0.13,0.60,2.30,1.70,,,,,,17.01,107.1343,52.48
2015-07-07,0.13,0.58,2.27,1.69,,,,,,16.09,107.785,52.33
2015-07-08,0.13,0.55,2.22,1.67,,,,,,19.66,107.4734,51.61
2015-07-09,0.13,0.60,2.32,1.72,,,,,,19.97,107.5595,52.76
2015-07-10,0.13,0.65,2.42,1.77,,,,,,16.83,107.213,52.74
2015-07-11,0.13,,,,,,,,,,,
2015-07-12,0.13,,,,,,,,,,,
2015-07-13,0.13,0.69,2.44,1.75,,,,,,13.90,107.5849,52.19
2015-07-14,0.13,0.66,2.41,1.75,,,,,,13.37,107.4843,53.05
2015-07-15,0.13,0.64,2.36,1.72,,,,,,13.23,108.0149,51.40
2015-07-16,0.14,0.67,2.36,1.69,,,,,,12.11,108.1726,50.90
2015-07-17,0.13,0.68,2.34,1.66,,,,,,11.95,108.5374,50.88
2015-07-18,0.13,,,,,,,,,,,
2015-07-19,0.13,,,,,,,,,,,
2015-07-20,0.14,0.71,2.38,1.67,,,,,,12.25,108.6944,50.11
2015-07-21,0.13,0.71,2.35,1.64,,,,,,12.22,108.3893,50.59
2015-07-22,0.13,0.75,2.33,1.58,,,,,,12.12,108.7817,49.27
2015-07-23,0.13,0.71,2.28,1.57,,,,,,12.64,108.7565,48.11
2015-07-24,0.13,0.70,2.27,1.57,,,,,,13.74,109.0174,47.98
2015-07-25,0.13,,,,,,,,,,,
2015-07-26,0.13,,,,,,,,,,,
2015-07-27,0.14,0.68,2.23,1.55,,,,,,15.60,108.6924,47.17
2015-07-28,0.14,0.69,2.26,1.57,,,,,,13.44,108.6881,47.97
2015-07-29,0.14,0.70,2.29,1.59,,,,,,12.50,108.604,48.77
2015-07-30,0.14,0.72,2.28,1.56,,,,,,12.13,109.4328,48.53
2015-07-31,0.08,0.67,2.20,1.53,,,,,,12.12,108.7819,47.11
2015-08-01,0.08,,,,238.033,242.817,97.056,5.1,142125,,,
2015-08-02,0.08,,,,,,,,,,,
2015-08-03,0.14,0.68,2.16,1.48,,,,,,12.56,109.214,45.25
2015-08-04,0.14,0.74,2.23,1.49,,,,,,13.00,109.2244,45.75
2015-08-05,0.14,0.73,2.28,1.55,,,,,,12.51,109.842,45.13
2015-08-06,0.14,0.71,2.23,1.52,,,,,,13.77,109.722,44.69
2015-08-07,0.14,0.73,2.18,1.45,,,,,,13.39,109.4376,43.87
2015-08-08,0.14,,,,,,,,,,,
2015-08-09,0.14,,,,,,,,,,,
2015-08-10,0.14,0.73,2.24,1.51,,,,,,12.23,109.1931,44.94
2015-08-11,0.15,0.68,2.15,1.47,,,,,,13.71,109.9464,43.11
2015-08-12,0.15,0.67,2.14,1.47,,,,,,13.61,109.4655,43.22
2015-08-13,0.15,0.72,2.19,1.47,,,,,,13.49,109.9025,42.27
2015-08-14,0.14,0.73,2.20,1.47,,,,,,12.83,109.9174,42.45
2015-08-15,0.14,,,,,,,,,,,
2015-08-16,0.14,,,,,,,,,,,
2015-08-17,0.15,0.72,2.16,1.44,,,,,,13.02,110.1435,41.93
2015-08-18,0.15,0.74,2.20,1.46,,,,,,13.79,110.2504,42.58
2015-08-19,0.15,0.67,2.12,1.45,,,,,,15.25,110.4333,40.75
2015-08-20,0.15,0.69,2.09,1.40,,,,,,19.14,110.1077,41.00
2015-08-21,0.15,0.64,2.05,1.41,,,,,,28.03,110.1443,40.45
2015-08-22,0.15,,,,,,,,,,,
2015-08-23,0.15,,,,,,,,,,,
2015-08-24,0.15,0.59,2.01,1.42,,,,,,40.74,109.9306,38.22
2015-08-25,0.15,0.67,2.12,1.45,,,,,,36.02,110.3394,39.15
2015-08-26,0.14,0.67,2.18,1.51,,,,,,30.32,110.5807,38.50
2015-08-27,0.14,0.68,2.18,1.50,,,,,,26.10,110.4834,42.47
2015-08-28,0.14,0.72,2.19,1.47,,,,,,26.05,110.6714,45.29
2015-08-29,0.14,,,,,,,,,,,
2015-08-30,0.14,,,,,,,,,,,
2015-08-31,0.08,0.74,2.21,1.47,,,,,,28.43,110.5621,49.20
2015-09-01,0.14,0.70,2.17,1.47,237.498,243.316,97.196,5.0,142275,31.40,110.4506,45.38
2015-09-02,0.14,0.72,2.20,1.48,,,,,,26.09,110.7979,46.30
2015-09-03,0.14,0.71,2.18,1.47,,,,,,25.61,110.8566,46.75
2015-09-04,0.14,0.71,2.13,1.42,,,,,,27.80,111.1018,46.02
2015-09-05,0.14,,,,,,,,,,,
2015-09-06,0.14,,,,,,,,,,,
2015-09-07,0.14,,,,,,,,,,,
2015-09-08,0.14,0.74,2.20,1.46,,,,,,24.90,110.7942,45.92
2015-09-09,0.14,0.75,2.21,1.46,,,,,,26.23,110.9225,44.13
2015-09-10,0.14,0.75,2.23,1.48,,,,,,24.37,110.6331,45.85
2015-09-11,0.14,0.71,2.20,1.49,,,,,,23.20,110.6109,44.75
2015-09-12,0.14,,,,,,,,,,,
2015-09-13,0.14,,,,,,,,,,,
2015-09-14,0.14,0.73,2.18,1.45,,,,,,24.25,110.5005,44.07
2015-09-15,0.14,0.82,2.28,1.46,,,,,,22.54,110.6394,44.58
2015-09-16,0.14,0.82,2.30,1.48,,,,,,21.35,110.1021,47.12
2015-09-17,0.14,0.70,2.21,1.51,,,,,,21.14,110.1212,46.93
2015-09-18,0.14,0.69,2.13,1.44,,,,,,22.28,109.8165,44.71
2015-09-19,0.14,,,,,,,,,,,
2015-09-20,0.14,,,,,,,,,,,
2015-09-21,0.14,0.72,2.20,1.48,,,,,,20.14,110.6414,46.67
2015-09-22,0.14,0.69,2.14,1.45,,,,,,22.44,111.1967,46.17
2015-09-23,0.14,0.70,2.16,1.46,,,,,,22.13,111.6287,44.53
2015-09-24,0.14,0.67,2.13,1.46,,,,,,23.47,111.4454,44.94
2015-09-25,0.13,0.70,2.17,1.47,,,,,,23.62,111.3725,45.55
2015-09-26,0.13,,,,,,,,,,,
2015-09-27,0.13,,,,,,,,,,,
2015-09-28,0.13,0.67,2.10,1.43,,,,,,27.63,111.3914,44.40
2015-09-29,0.13,0.64,2.05,1.41,,,,,,26.83,111.5219,45.24
2015-09-30,0.07,0.64,2.06,1.42,,,,,,24.50,111.3311,45.06
2015-10-01,0.13,0.64,2.05,1.41,237.733,243.768,97.228,5.0,142579,22.55,111.0439,44.75
2015-10-02,0.13,0.58,1.99,1.41,,,,,,20.94,110.7006,45.54
2015-10-03,0.13,,,,,,,,,,,
2015-10-04,0.13,,,,,,,,,,,
2015-10-05,0.13,0.61,2.07,1.46,,,,,,19.54,110.4445,46.28
2015-10-06,0.13,0.61,2.05,1.44,,,,,,19.40,110.1371,48.53
2015-10-07,0.13,0.65,2.08,1.43,,,,,,18.40,109.8162,47.86
2015-10-08,0.13,0.65,2.12,1.47,,,,,,17.42,109.6452,49.46
2015-10-09,0.13,0.65,2.12,1.47,,,,,,17.08,109.0782,49.67
2015-10-10,0.13,,,,,,,,,,,
2015-10-11,0.13,,,,,,,,,,,
2015-10-12,0.13,,,,,,,,,16.17,,47.09
2015-10-13,0.13,0.64,2.06,1.42,,,,,,17.67,109.4119,46.70
2015-10-14,0.13,0.57,1.99,1.42,,,,,,18.03,109.1244,46.63
2015-10-15,0.13,0.61,2.04,1.43,,,,,,16.05,108.6671,46.38
2015-10-16,0.13,0.61,2.04,1.43,,,,,,15.05,108.9956,47.30
2015-10-17,0.13,,,,,,,,,,,
2015-10-18,0.13,,,,,,,,,,,
2015-10-19,0.13,0.61,2.04,1.43,,,,,,14.98,109.3858,45.91
2015-10-20,0.13,0.66,2.08,1.42,,,,,,15.75,109.3368,45.84
2015-10-21,0.13,0.64,2.04,1.40,,,,,,16.70,109.7746,45.22
2015-10-22,0.12,0.61,2.04,1.43,,,,,,14.45,110.0342,44.90
2015-10-23,0.12,0.66,2.09,1.43,,,,,,14.46,110.4329,43.91
2015-10-24,0.12,,,,,,,,,,,
2015-10-25,0.12,,,,,,,,,,,
2015-10-26,0.12,0.66,2.07,1.41,,,,,,15.29,110.2089,43.19
2015-10-27,0.12,0.65,2.05,1.40,,,,,,15.43,110.4875,43.21
2015-10-28,0.12,0.73,2.10,1.37,,,,,,14.33,110.2334,45.93
2015-10-29,0.12,0.75,2.19,1.44,,,,,,14.61,110.8083,46.02
2015-10-30,0.07,0.75,2.16,1.41,,,,,,15.07,110.2079,46.60
2015-10-31,0.07,,,,,,,,,,,
2015-11-01,0.07,,,,238.017,244.241,97.332,5.1,142808,,,
2015-11-02,0.12,0.77,2.20,1.43,,,,,,14.15,110.2188,46.12
2015-11-03,0.12,0.80,2.23,1.43,,,,,,14.54,110.244,47.88
2015-11-04,0.12,0.84,2.25,1.41,,,,,,15.51,110.7139,46.32
2015-11-05,0.12,0.85,2.26,1.41,,,,,,15.05,110.8302,45.27
2015-11-06,0.12,0.90,2.34,1.44,,,,,,14.33,111.7603,44.32
2015-11-07,0.12,,,,,,,,,,,
2015-11-08,0.12,,,,,,,,,,,
2015-11-09,0.12,0.89,2.36,1.47,,,,,,16.52,111.9112,43.87
2015-11-10,0.12,0.87,2.32,1.45,,,,,,15.29,111.9919,44.23
2015-11-11,0.12,,,,,,,,,16.06,,42.95
2015-11-12,0.12,0.89,2.32,1.43,,,,,,18.37,111.7965,41.74
2015-11-13,0.12,0.86,2.28,1.42,,,,,,20.08,112.0264,40.69
2015-11-14,0.12,,,,,,,,,,,
2015-11-15,0.12,,,,,,,,,,,
2015-11-16,0.13,0.88,2.27,1.39,,,,,,18.16,112.2199,41.68
2015-11-17,0.13,0.86,2.25,1.39,,,,,,18.84,112.3141,40.73
2015-11-18,0.12,0.90,2.27,1.37,,,,,,16.85,112.3663,40.75
2015-11-19,0.12,0.91,2.24,1.33,,,,,,16.99,111.5749,40.55
2015-11-20,0.12,0.93,2.26,1.33,,,,,,15.47,111.7799,39.39
2015-11-21,0.12,,,,,,,,,,,
2015-11-22,0.12,,,,,,,,,,,
2015-11-23,0.12,0.94,2.25,1.31,,,,,,15.62,112.1125,39.27
2015-11-24,0.12,0.93,2.24,1.31,,,,,,15.93,111.7638,40.89
2015-11-25,0.12,0.93,2.23,1.30,,,,,,15.19,111.8936,41.22
2015-11-26,0.12,,,,,,,,,,,
2015-11-27,0.12,0.92,2.22,1.30,,,,,,15.12,112.2824,40.57
2015-11-28,0.12,,,,,,,,,,,
2015-11-29,0.12,,,,,,,,,,,
2015-11-30,0.08,0.94,2.21,1.27,,,,,,16.13,112.34,40.43
2015-12-01,0.13,0.91,2.15,1.24,237.761,244.547,97.396,5.0,143077,14.67,112.1134,40.58
2015-12-02,0.13,0.94,2.18,1.24,,,,,,15.91,112.3715,39.93
2015-12-03,0.13,0.96,2.33,1.37,,,,,,18.11,111.6407,41.08
2015-12-04,0.13,0.96,2.28,1.32,,,,,,14.81,111.5463,40.00
2015-12-05,0.13,,,,,,,,,,,
2015-12-06,0.13,,,,,,,,,,,
2015-12-07,0.13,0.94,2.23,1.29,,,,,,15.84,112.3056,37.64
2015-12-08,0.13,0.94,2.24,1.30,,,,,,17.60,112.5485,37.46
2015-12-09,0.14,0.93,2.22,1.29,,,,,,19.61,112.1918,37.16
2015-12-10,0.14,0.95,2.24,1.29,,,,,,19.34,112.2672,36.76
2015-12-11,0.14,0.88,2.13,1.25,,,,,,24.39,112.7147,35.65
2015-12-12,0.14,,,,,,,,,,,
2015-12-13,0.14,,,,,,,,,,,
2015-12-14,0.15,0.97,2.23,1.26,,,,,,22.73,112.7521,36.31
2015-12-15,0.15,0.98,2.28,1.30,,,,,,20.95,112.8609,37.32
2015-12-16,0.15,1.02,2.30,1.28,,,,,,17.86,112.9864,35.55
2015-12-17,0.37,1.00,2.24,1.24,,,,,,18.94,113.8177,34.98
2015-12-18,0.37,0.97,2.19,1.22,,,,,,20.70,113.2837,34.72
2015-12-19,0.37,,,,,,,,,,,
2015-12-20,0.37,,,,,,,,,,,
2015-12-21,0.36,0.96,2.20,1.24,,,,,,18.70,113.4144,34.55
2015-12-22,0.36,0.99,2.24,1.25,,,,,,16.60,113.211,36.12
2015-12-23,0.36,1.01,2.27,1.26,,,,,,15.57,113.1847,36.76
2015-12-24,0.36,1.03,2.25,1.22,,,,,,15.74,113.0496,37.62
2015-12-25,0.36,,,,,,,,,,,
2015-12-26,0.36,,,,,,,,,,,
2015-12-27,0.36,,,,,,,,,,,
2015-12-28,0.36,1.05,2.24,1.19,,,,,,16.91,113.0461,36.36
2015-12-29,0.36,1.09,2.32,1.23,,,,,,16.08,113.1664,37.88
2015-12-30,0.35,1.08,2.31,1.23,,,,,,17.29,113.4707,36.59
2015-12-31,0.20,1.06,2.27,1.21,,,,,,18.21,113.3429,37.13
2016-01-01,0.20,,,,237.652,244.955,97.567,4.8,143210,,,
2016-01-02,0.20,,,,,,,,,,,
2016-01-03,0.20,,,,,,,,,,,
2016-01-04,0.36,1.02,2.24,1.22,,,,,,20.70,114.1595,36.81
2016-01-05,0.36,1.04,2.25,1.21,,,,,,19.34,114.2649,35.97
2016-01-06,0.36,0.99,2.18,1.19,,,,,,20.59,114.6177,33.97
2016-01-07,0.36,0.96,2.16,1.20,,,,,,24.99,114.6516,33.29
2016-01-08,0.36,0.94,2.13,1.19,,,,,,27.01,115.0095,33.20
2016-01-09,0.36,,,,,,,,,,,
2016-01-10,0.36,,,,,,,,,,,
2016-01-11,0.36,0.94,2.17,1.23,,,,,,24.30,115.0139,31.42
2016-01-12,0.36,0.93,2.12,1.19,,,,,,22.47,115.3128,30.42
2016-01-13,0.36,0.91,2.08,1.17,,,,,,25.22,115.1425,30.42
2016-01-14,0.36,0.90,2.10,1.20,,,,,,23.95,115.3846,31.22
2016-01-15,0.36,0.85,2.03,1.18,,,,,,27.02,115.7404,29.45
2016-01-16,0.36,,,,,,,,,,,
2016-01-17,0.36,,,,,,,,,,,
2016-01-18,0.36,,,,,,,,,,,
2016-01-19,0.36,0.88,2.06,1.18,,,,,,26.05,115.8155,28.47
2016-01-20,0.37,0.85,2.01,1.16,,,,,,27.59,116.3498,26.68
2016-01-21,0.37,0.84,2.02,1.18,,,,,,26.69,115.9833,29.55
2016-01-22,0.38,0.88,2.07,1.19,,,,,,22.34,,32.07
2016-01-23,0.38,,,,,,,,,,,
2016-01-24,0.38,,,,,,,,,,,
2016-01-25,0.38,0.88,2.03,1.15,,,,,,24.15,,30.31
2016-01-26,0.38,0.85,2.01,1.16,,,,,,22.50,,29.54
2016-01-27,0.38,0.84,2.02,1.18,,,,,,23.11,115.5087,32.32
2016-01-28,0.38,0.83,2.00,1.17,,,,,,22.42,115.2224,33.21
2016-01-29,0.29,0.76,1.94,1.18,,,,,,20.20,115.5731,33.66
2016-01-30,0.29,,,,,,,,,,,
2016-01-31,0.29,,,,,,,,,,,
2016-02-01,0.38,0.81,1.97,1.16,237.336,245.510,97.736,4.9,143406,19.98,115.3331,31.62
2016-02-02,0.38,0.75,1.87,1.12,,,,,,21.98,115.553,29.90
2016-02-03,0.38,0.72,1.88,1.16,,,,,,21.65,114.6144,32.29
2016-02-04,0.38,0.70,1.87,1.17,,,,,,21.84,113.6012,31.63
2016-02-05,0.38,0.74,1.86,1.12,,,,,,23.38,114.2935,30.86
2016-02-06,0.38,,,,,,,,,,,
2016-02-07,0.38,,,,,,,,,,,
2016-02-08,0.38,0.66,1.75,1.09,,,,,,26.00,114.4351,29.71
2016-02-09,0.38,0.69,1.74,1.05,,,,,,26.54,114.127,27.96
2016-02-10,0.38,0.71,1.71,1.00,,,,,,26.29,114.2877,27.54
2016-02-11,0.38,0.64,1.63,0.99,,,,,,28.14,114.1845,26.19
2016-02-12,0.38,0.71,1.74,1.03,,,,,,25.40,114.2992,29.32
2016-02-13,0.38,,,,,,,,,,,
2016-02-14,0.38,,,,,,,,,,,
2016-02-15,0.38,,,,,,,,,,,
2016-02-16,0.38,0.74,1.78,1.04,,,,,,24.11,114.4905,29.05
2016-02-17,0.37,0.74,1.81,1.07,,,,,,22.31,113.8634,30.68
2016-02-18,0.38,0.71,1.75,1.04,,,,,,21.64,113.8897,30.77
2016-02-19,0.38,0.76,1.76,1.00,,,,,,20.53,113.9558,29.59
2016-02-20,0.38,,,,,,,,,,,
2016-02-21,0.38,,,,,,,,,,,
2016-02-22,0.38,0.78,1.77,0.99,,,,,,19.38,113.8232,31.37
2016-02-23,0.38,0.76,1.74,0.98,,,,,,20.98,114.177,31.84
2016-02-24,0.38,0.75,1.75,1.00,,,,,,20.72,114.1716,30.35
2016-02-25,0.37,0.72,1.71,0.99,,,,,,19.11,113.9222,31.40
2016-02-26,0.37,0.80,1.76,0.96,,,,,,19.81,114.3708,31.65
2016-02-27,0.37,,,,,,,,,,,
2016-02-28,0.37,,,,,,,,,,,
2016-02-29,0.29,0.78,1.74,0.96,,,,,,20.55,114.2418,32.74
2016-03-01,0.36,0.85,1.83,0.98,238.080,245.913,97.876,5.0,143662,17.70,113.9265,34.39
2016-03-02,0.37,0.85,1.84,0.99,,,,,,17.09,113.7965,34.57
2016-03-03,0.37,0.85,1.83,0.98,,,,,,16.70,113.2482,34.56
2016-03-04,0.36,0.88,1.88,1.00,,,,,,16.86,112.6387,35.91
2016-03-05,0.36,,,,,,,,,,,
2016-03-06,0.36,,,,,,,,,,,
2016-03-07,0.36,0.91,1.91,1.00,,,,,,17.35,112.6219,37.90
2016-03-08,0.36,0.88,1.83,0.95,,,,,,18.67,112.8465,36.67
2016-03-09,0.36,0.90,1.90,1.00,,,,,,18.34,112.4268,37.62
2016-03-10,0.36,0.93,1.93,1.00,,,,,,18.05,112.4191,37.77
2016-03-11,0.36,0.97,1.98,1.01,,,,,,16.50,111.741,38.51
2016-03-12,0.36,,,,,,,,,,,
2016-03-13,0.36,,,,,,,,,,,
2016-03-14,0.36,0.97,1.97,1.00,,,,,,16.92,112.1688,37.20
2016-03-15,0.37,0.98,1.97,0.99,,,,,,16.84,112.5545,36.32
2016-03-16,0.37,0.87,1.94,1.07,,,,,,14.99,112.7759,38.43
2016-03-17,0.37,0.87,1.91,1.04,,,,,,14.44,110.445,40.17
2016-03-18,0.37,0.84,1.88,1.04,,,,,,14.02,110.4002,39.47
2016-03-19,0.37,,,,,,,,,,,
2016-03-20,0.37,,,,,,,,,,,
2016-03-21,0.37,0.87,1.92,1.05,,,,,,13.79,110.737,39.91
2016-03-22,0.37,0.91,1.94,1.03,,,,,,14.17,110.7877,41.45
2016-03-23,0.37,0.87,1.88,1.01,,,,,,14.94,111.5473,38.28
2016-03-24,0.37,0.89,1.91,1.02,,,,,,14.74,111.816,38.14
2016-03-25,0.37,,,,,,,,,,111.7698,
2016-03-26,0.37,,,,,,,,,,,
2016-03-27,0.37,,,,,,,,,,,
2016-03-28,0.37,0.89,1.89,1.00,,,,,,15.24,111.3578,37.99
2016-03-29,0.37,0.78,1.81,1.03,,,,,,13.82,111.3736,36.91
2016-03-30,0.37,0.76,1.83,1.07,,,,,,13.56,110.2301,36.91
2016-03-31,0.25,0.73,1.78,1.05,,,,,,13.95,109.9191,36.94
2016-04-01,0.37,0.76,1.79,1.03,238.992,246.551,98.117,5.1,143854,13.10,110.2977,35.36
2016-04-02,0.37,,,,,,,,,,,
2016-04-03,0.37,,,,,,,,,,,
2016-04-04,0.37,0.75,1.78,1.03,,,,,,14.12,110.3987,34.30
2016-04-05,0.37,0.72,1.73,1.01,,,,,,15.42,110.9478,34.52
2016-04-06,0.37,0.73,1.76,1.03,,,,,,14.09,110.5347,37.74
2016-04-07,0.37,0.70,1.70,1.00,,,,,,16.16,110.8876,37.30
2016-04-08,0.37,0.70,1.72,1.02,,,,,,15.36,110.4213,39.74
2016-04-09,0.37,,,,,,,,,,,
2016-04-10,0.37,,,,,,,,,,,
2016-04-11,0.37,0.70,1.73,1.03,,,,,,16.26,109.9758,40.46
2016-04-12,0.37,0.74,1.79,1.05,,,,,,14.85,109.816,42.12
2016-04-13,0.37,0.75,1.77,1.02,,,,,,13.84,110.1436,41.70
2016-04-14,0.37,0.77,1.80,1.03,,,,,,13.72,110.1691,41.45
2016-04-15,0.37,0.74,1.76,1.02,,,,,,13.62,110.1933,40.40
2016-04-16,0.37,,,,,,,,,,,
2016-04-17,0.37,,,,,,,,,,,
2016-04-18,0.37,0.75,1.78,1.03,,,,,,13.35,109.9892,39.74
2016-04-19,0.37,0.77,1.79,1.02,,,,,,13.24,109.2782,40.88
2016-04-20,0.37,0.80,1.85,1.05,,,,,,13.28,109.3926,42.72
2016-04-21,0.37,0.82,1.88,1.06,,,,,,13.95,109.8533,43.18
2016-04-22,0.37,0.84,1.89,1.05,,,,,,13.22,110.2331,42.76
2016-04-23,0.37,,,,,,,,,,,
2016-04-24,0.37,,,,,,,,,,,
2016-04-25,0.37,0.85,1.91,1.06,,,,,,14.08,110.1865,41.67
2016-04-26,0.37,0.86,1.94,1.08,,,,,,13.96,109.7496,42.52
2016-04-27,0.37,0.83,1.87,1.04,,,,,,13.77,109.8483,45.29
2016-04-28,0.37,0.78,1.84,1.06,,,,,,15.22,109.2148,46.03
2016-04-29,0.30,0.77,1.83,1.06,,,,,,15.70,108.8274,45.98
2016-04-30,0.30,,,,,,,,,,,
2016-05-01,0.30,,,,239.557,247.137,98.284,4.8,143900,,,
2016-05-02,0.37,0.80,1.88,1.08,,,,,,14.68,108.671,44.75
2016-05-03,0.37,0.75,1.81,1.06,,,,,,15.60,109.3613,43.65
2016-05-04,0.37,0.75,1.79,1.04,,,,,,16.05,109.9952,43.77
2016-05-05,0.37,0.72,1.76,1.04,,,,,,15.91,110.2417,44.33
2016-05-06,0.37,0.74,1.79,1.05,,,,,,14.72,110.3801,44.58
2016-05-07,0.37,,,,,,,,,,,
2016-05-08,0.37,,,,,,,,,,,
2016-05-09,0.37,0.72,1.77,1.05,,,,,,14.57,110.9466,43.45
2016-05-10,0.37,0.72,1.77,1.05,,,,,,13.63,110.8225,44.68
2016-05-11,0.37,0.74,1.73,0.99,,,,,,14.69,110.2806,46.21
2016-05-12,0.37,0.76,1.75,0.99,,,,,,14.41,110.6935,46.64
2016-05-13,0.37,0.76,1.71,0.95,,,,,,15.04,111.2521,46.22
2016-05-14,0.37,,,,,,,,,,,
2016-05-15,0.37,,,,,,,,,,,
2016-05-16,0.37,0.79,1.75,0.96,,,,,,14.68,111.1217,47.72
2016-05-17,0.37,0.82,1.76,0.94,,,,,,15.57,111.0867,48.29
2016-05-18,0.37,0.90,1.87,0.97,,,,,,15.95,111.4995,48.12
2016-05-19,0.37,0.89,1.85,0.96,,,,,,16.33,112.2331,48.16
2016-05-20,0.37,0.89,1.85,0.96,,,,,,15.20,112.1822,47.67
2016-05-21,0.37,,,,,,,,,,,
2016-05-22,0.37,,,,,,,,,,,
2016-05-23,0.37,0.91,1.84,0.93,,,,,,15.82,112.284,48.12
2016-05-24,0.37,0.92,1.86,0.94,,,,,,14.42,112.2912,48.04
2016-05-25,0.37,0.92,1.87,0.95,,,,,,13.90,112.2001,49.10
2016-05-26,0.37,0.87,1.83,0.96,,,,,,13.43,111.8979,49.00
2016-05-27,0.37,0.90,1.85,0.95,,,,,,13.12,112.0822,49.36
2016-05-28,0.37,,,,,,,,,,,
2016-05-29,0.37,,,,,,,,,,,
2016-05-30,0.37,,,,,,,,,,,
2016-05-31,0.29,0.87,1.84,0.97,,,,,,14.19,112.4276,49.10
2016-06-01,0.37,0.91,1.85,0.94,240.222,247.540,98.386,4.9,144147,14.20,112.462,49.07
2016-06-02,0.37,0.89,1.81,0.92,,,,,,13.63,112.4564,49.14
2016-06-03,0.37,0.78,1.71,0.93,,,,,,13.47,111.4451,48.69
2016-06-04,0.37,,,,,,,,,,,
2016-06-05,0.37,,,,,,,,,,,
2016-06-06,0.37,0.80,1.73,0.93,,,,,,13.65,111.2295,49.71
2016-06-07,0.37,0.78,1.72,0.94,,,,,,14.05,110.8378,50.37
2016-06-08,0.37,0.78,1.71,0.93,,,,,,14.08,110.1916,51.23
2016-06-09,0.37,0.77,1.68,0.91,,,,,,14.64,110.6168,50.52
2016-06-10,0.37,0.73,1.64,0.91,,,,,,17.03,111.1027,49.09
2016-06-11,0.37,,,,,,,,,,,
2016-06-12,0.37,,,,,,,,,,,
2016-06-13,0.37,0.73,1.62,0.89,,,,,,20.97,111.5036,48.89
2016-06-14,0.37,0.74,1.62,0.88,,,,,,20.50,111.9826,48.49
2016-06-15,0.37,0.69,1.60,0.91,,,,,,20.14,111.7671,47.92
2016-06-16,0.38,0.70,1.57,0.87,,,,,,19.37,112.2347,46.14
2016-06-17,0.38,0.70,1.62,0.92,,,,,,19.41,111.5332,48.00
2016-06-18,0.38,,,,,,,,,,,
2016-06-19,0.38,,,,,,,,,,,
2016-06-20,0.38,0.74,1.67,0.93,,,,,,18.37,110.8693,49.40
2016-06-21,0.38,0.76,1.71,0.95,,,,,,18.48,111.0077,48.95
2016-06-22,0.38,0.75,1.69,0.94,,,,,,21.17,110.7681,49.16
2016-06-23,0.39,0.78,1.74,0.96,,,,,,17.25,110.262,49.34
2016-06-24,0.40,0.64,1.57,0.93,,,,,,25.76,112.1355,46.70
2016-06-25,0.40,,,,,,,,,,,
2016-06-26,0.40,,,,,,,,,,,
2016-06-27,0.41,0.61,1.46,0.85,,,,,,23.85,113.1301,45.80
2016-06-28,0.41,0.61,1.46,0.85,,,,,,18.75,112.7545,47.93
2016-06-29,0.41,0.62,1.50,0.88,,,,,,16.64,111.8597,49.85
2016-06-30,0.30,0.58,1.49,0.91,,,,,,15.63,112.1618,48.27
2016-07-01,0.41,0.59,1.46,0.87,240.101,247.829,98.529,4.8,144520,14.77,111.6509,49.02
2016-07-02,0.41,,,,,,,,,,,
2016-07-03,0.41,,,,,,,,,,,
2016-07-04,0.41,,,,,,,,,,,
2016-07-05,0.40,0.56,1.37,0.81,,,,,,15.58,112.4231,46.73
2016-07-06,0.40,0.58,1.38,0.80,,,,,,14.96,112.5438,47.37
2016-07-07,0.40,0.58,1.40,0.82,,,,,,14.76,112.5775,45.22
2016-07-08,0.40,0.61,1.37,0.76,,,,,,13.20,112.3963,45.37
2016-07-09,0.40,,,,,,,,,,,
2016-07-10,0.40,,,,,,,,,,,
2016-07-11,0.40,0.66,1.43,0.77,,,,,,13.54,112.5254,44.73
2016-07-12,0.40,0.69,1.53,0.84,,,,,,13.55,112.1102,46.82
2016-07-13,0.40,0.68,1.48,0.80,,,,,,13.04,112.0266,44.87
2016-07-14,0.40,0.68,1.53,0.85,,,,,,12.82,111.7692,45.64
2016-07-15,0.40,0.71,1.60,0.89,,,,,,12.67,112.2833,45.93
2016-07-16,0.40,,,,,,,,,,,
2016-07-17,0.40,,,,,,,,,,,
2016-07-18,0.40,0.68,1.59,0.91,,,,,,12.44,112.2463,45.23
2016-07-19,0.40,0.70,1.56,0.86,,,,,,11.97,112.638,44.64
2016-07-20,0.40,0.73,1.59,0.86,,,,,,11.77,112.6743,44.96
2016-07-21,0.40,0.70,1.57,0.87,,,,,,12.74,112.6239,43.96
2016-07-22,0.40,0.71,1.57,0.86,,,,,,12.02,112.989,43.41
2016-07-23,0.40,,,,,,,,,,,
2016-07-24,0.40,,,,,,,,,,,
2016-07-25,0.40,0.72,1.58,0.86,,,,,,12.87,113.1784,42.40
2016-07-26,0.40,0.75,1.57,0.82,,,,,,13.05,113.0593,42.16
2016-07-27,0.40,0.73,1.52,0.79,,,,,,12.83,113.217,41.90
2016-07-28,0.40,0.72,1.52,0.80,,,,,,12.72,112.7393,41.13
2016-07-29,0.30,0.67,1.46,0.79,,,,,,11.87,111.874,41.54
2016-07-30,0.30,,,,,,,,,,,
2016-07-31,0.30,,,,,,,,,,,
2016-08-01,0.40,0.67,1.51,0.84,240.545,248.423,98.703,4.9,144661,12.44,111.9757,40.05
2016-08-02,0.40,0.67,1.55,0.88,,,,,,13.37,111.7124,39.50
2016-08-03,0.40,0.67,1.55,0.88,,,,,,12.86,111.9419,40.80
2016-08-04,0.40,0.64,1.51,0.87,,,,,,12.42,111.9149,41.92
2016-08-05,0.40,0.72,1.59,0.87,,,,,,11.39,112.3589,41.83
2016-08-06,0.40,,,,,,,,,,,
2016-08-07,0.40,,,,,,,,,,,
2016-08-08,0.40,0.74,1.59,0.85,,,,,,11.50,112.1456,43.06
2016-08-09,0.40,0.71,1.55,0.84,,,,,,11.66,111.722,42.78
2016-08-10,0.40,0.69,1.50,0.81,,,,,,12.05,111.3238,41.75
2016-08-11,0.40,0.76,1.57,0.81,,,,,,11.68,111.1954,43.51
2016-08-12,0.40,0.71,1.51,0.80,,,,,,11.55,111.1787,44.47
2016-08-13,0.40,,,,,,,,,,,
2016-08-14,0.40,,,,,,,,,,,
2016-08-15,0.40,0.72,1.55,0.83,,,,,,11.81,110.9212,45.72
2016-08-16,0.40,0.76,1.57,0.81,,,,,,12.64,110.4295,46.57
2016-08-17,0.40,0.74,1.56,0.82,,,,,,12.19,110.9459,46.81
2016-08-18,0.40,0.71,1.53,0.82,,,,,,11.43,110.3134,48.20
2016-08-19,0.40,0.76,1.58,0.82,,,,,,11.34,110.8163,48.48
2016-08-20,0.40,,,,,,,,,,,
2016-08-21,0.40,,,,,,,,,,,
2016-08-22,0.40,0.76,1.55,0.79,,,,,,12.27,110.9997,46.80
2016-08-23,0.40,0.74,1.55,0.81,,,,,,12.38,110.9414,47.54
2016-08-24,0.40,0.76,1.56,0.80,,,,,,13.45,111.2958,46.29
2016-08-25,0.40,0.78,1.58,0.80,,,,,,13.63,111.1726,46.97
2016-08-26,0.40,0.84,1.62,0.78,,,,,,13.65,111.2035,47.64
2016-08-27,0.40,,,,,,,,,,,
2016-08-28,0.40,,,,,,,,,,,
2016-08-29,0.40,0.81,1.57,0.76,,,,,,12.94,111.8775,46.97
2016-08-30,0.40,0.80,1.57,0.77,,,,,,13.12,112.2928,46.32
2016-08-31,0.30,0.80,1.58,0.78,,,,,,13.42,112.4036,44.68
2016-09-01,0.40,0.78,1.57,0.79,241.176,248.842,98.834,5.0,144967,13.48,112.1733,43.17
2016-09-02,0.40,0.80,1.60,0.80,,,,,,11.98,112.0009,44.39
2016-09-03,0.40,,,,,,,,,,,
2016-09-04,0.40,,,,,,,,,,,
2016-09-05,0.40,,,,,,,,,,,
2016-09-06,0.40,0.74,1.55,0.81,,,,,,12.02,110.9613,44.85
2016-09-07,0.40,0.74,1.54,0.80,,,,,,11.94,110.9717,45.47
2016-09-08,0.40,0.78,1.61,0.83,,,,,,12.51,111.2609,47.63
2016-09-09,0.40,0.79,1.67,0.88,,,,,,17.50,111.9879,45.88
2016-09-10,0.40,,,,,,,,,,,
2016-09-11,0.40,,,,,,,,,,,
2016-09-12,0.40,0.79,1.68,0.89,,,,,,15.16,112.1516,46.28
2016-09-13,0.40,0.80,1.73,0.93,,,,,,17.85,112.5207,44.91
2016-09-14,0.40,0.77,1.70,0.93,,,,,,18.14,112.4678,43.62
2016-09-15,0.40,0.74,1.71,0.97,,,,,,16.30,112.4753,43.85
2016-09-16,0.40,0.77,1.70,0.93,,,,,,15.37,113.1765,43.04
2016-09-17,0.40,,,,,,,,,,,
2016-09-18,0.40,,,,,,,,,,,
2016-09-19,0.40,0.79,1.70,0.91,,,,,,15.53,112.903,43.34
2016-09-20,0.40,0.79,1.69,0.90,,,,,,15.92,113.1848,43.85
2016-09-21,0.40,0.79,1.66,0.87,,,,,,13.30,112.9842,45.33
2016-09-22,0.40,0.79,1.63,0.84,,,,,,12.02,112.2592,46.10
2016-09-23,0.40,0.77,1.62,0.85,,,,,,12.29,112.7166,44.36
2016-09-24,0.40,,,,,,,,,,,
2016-09-25,0.40,,,,,,,,,,,
2016-09-26,0.40,0.76,1.59,0.83,,,,,,14.50,112.7112,45.60
2016-09-27,0.40,0.75,1.56,0.81,,,,,,13.10,112.5515,44.65
2016-09-28,0.40,0.75,1.57,0.82,,,,,,12.39,112.6283,47.07
2016-09-29,0.40,0.73,1.56,0.83,,,,,,14.02,112.2879,47.72
2016-09-30,0.29,0.77,1.60,0.83,,,,,,13.29,112.2795,47.72
2016-10-01,0.29,,,,241.741,249.142,98.961,4.9,145065,,,
2016-10-02,0.29,,,,,,,,,,,
2016-10-03,0.40,0.80,1.63,0.83,,,,,,13.57,112.5077,48.80
2016-10-04,0.40,0.82,1.69,0.87,,,,,,13.63,112.6579,48.67
2016-10-05,0.40,0.85,1.72,0.87,,,,,,12.99,112.7946,49.75
2016-10-06,0.40,0.86,1.75,0.89,,,,,,12.84,113.0066,50.44
2016-10-07,0.40,0.83,1.73,0.90,,,,,,13.48,113.2915,49.76
2016-10-08,0.40,,,,,,,,,,,
2016-10-09,0.40,,,,,,,,,,,
2016-10-10,0.40,,,,,,,,,13.38,,49.76
2016-10-11,0.41,0.87,1.77,0.90,,,,,,15.36,113.4461,50.72
2016-10-12,0.41,0.87,1.79,0.92,,,,,,15.91,113.7442,50.14
2016-10-13,0.41,0.85,1.75,0.90,,,,,,16.69,113.6238,50.47
2016-10-14,0.41,0.84,1.80,0.96,,,,,,16.12,113.7119,50.35
2016-10-15,0.41,,,,,,,,,,,
2016-10-16,0.41,,,,,,,,,,,
2016-10-17,0.41,0.81,1.77,0.96,,,,,,16.21,113.5488,49.97
2016-10-18,0.41,0.82,1.75,0.93,,,,,,15.28,113.1393,50.30
2016-10-19,0.41,0.81,1.76,0.95,,,,,,14.41,113.0547,51.59
2016-10-20,0.41,0.84,1.76,0.92,,,,,,13.75,113.4033,50.31
2016-10-21,0.41,0.84,1.74,0.90,,,,,,13.34,113.9015,50.61
2016-10-22,0.41,,,,,,,,,,,
2016-10-23,0.41,,,,,,,,,,,
2016-10-24,0.41,0.84,1.77,0.93,,,,,,13.02,113.8571,50.18
2016-10-25,0.41,0.86,1.77,0.91,,,,,,13.46,113.6801,49.45
2016-10-26,0.41,0.86,1.79,0.93,,,,,,14.24,113.8131,48.75
2016-10-27,0.41,0.87,1.85,0.98,,,,,,15.36,114.1998,49.71
2016-10-28,0.41,0.86,1.86,1.00,,,,,,16.19,114.0931,48.72
2016-10-29,0.41,,,,,,,,,,,
2016-10-30,0.41,,,,,,,,,,,
2016-10-31,0.31,0.86,1.84,0.98,,,,,,17.06,114.0188,46.83
2016-11-01,0.41,0.83,1.83,1.00,242.026,249.481,99.005,4.7,145183,18.56,113.9915,46.66
2016-11-02,0.41,0.81,1.81,1.00,,,,,,19.32,113.9206,45.32
2016-11-03,0.41,0.81,1.82,1.01,,,,,,22.08,113.7664,44.66
2016-11-04,0.41,0.80,1.79,0.99,,,,,,22.51,113.5828,44.07
2016-11-05,0.41,,,,,,,,,,,
2016-11-06,0.41,,,,,,,,,,,
2016-11-07,0.41,0.82,1.83,1.01,,,,,,18.71,113.5443,44.88
2016-11-08,0.41,0.87,1.88,1.01,,,,,,18.74,113.3017,44.96
2016-11-09,0.41,0.90,2.07,1.17,,,,,,14.38,114.6956,45.20
2016-11-10,0.41,0.92,2.15,1.23,,,,,,14.74,115.9375,44.62
2016-11-11,0.41,,,,,,,,,14.17,,43.39
2016-11-12,0.41,,,,,,,,,,,
2016-11-13,0.41,,,,,,,,,,,
2016-11-14,0.41,1.00,2.23,1.23,,,,,,14.48,117.2245,43.29
2016-11-15,0.41,1.02,2.23,1.21,,,,,,13.37,116.7724,45.86
2016-11-16,0.41,1.00,2.22,1.22,,,,,,13.72,116.8062,45.56
2016-11-17,0.41,1.04,2.29,1.25,,,,,,13.35,116.8952,45.37
2016-11-18,0.41,1.07,2.34,1.27,,,,,,12.85,117.5936,45.69
2016-11-19,0.41,,,,,,,,,,,
2016-11-20,0.41,,,,,,,,,,,
2016-11-21,0.41,1.08,2.33,1.25,,,,,,12.42,117.4762,47.48
2016-11-22,0.41,1.07,2.31,1.24,,,,,,12.41,117.4508,48.07
2016-11-23,0.41,1.12,2.36,1.24,,,,,,12.43,118.0356,46.72
2016-11-24,0.41,,,,,,,,,,,
2016-11-25,0.41,1.12,2.36,1.24,,,,,,12.34,118.02,46.72
2016-11-26,0.41,,,,,,,,,,,
2016-11-27,0.41,,,,,,,,,,,
2016-11-28,0.41,1.11,2.32,1.21,,,,,,13.15,117.7278,45.66
2016-11-29,0.41,1.09,2.30,1.21,,,,,,12.90,117.644,45.29
2016-11-30,0.31,1.11,2.37,1.26,,,,,,13.33,117.7636,49.41
2016-12-01,0.41,1.14,2.45,1.31,242.637,249.920,99.12,4.7,145408,14.07,117.6642,51.08
2016-12-02,0.41,1.11,2.40,1.29,,,,,,14.12,117.3116,51.70
2016-12-03,0.41,,,,,,,,,,,
2016-12-04,0.41,,,,,,,,,,,
2016-12-05,0.41,1.13,2.39,1.26,,,,,,12.14,117.1008,51.72
2016-12-06,0.41,1.12,2.39,1.27,,,,,,11.79,116.9225,50.95
2016-12-07,0.41,1.10,2.34,1.24,,,,,,12.22,116.672,49.85
2016-12-08,0.41,1.12,2.40,1.28,,,,,,12.64,117.0327,50.84
2016-12-09,0.41,1.15,2.47,1.32,,,,,,11.75,117.2834,51.51
2016-12-10,0.41,,,,,,,,,,,
2016-12-11,0.41,,,,,,,,,,,
2016-12-12,0.41,1.15,2.49,1.34,,,,,,12.64,116.9161,52.74
2016-12-13,0.41,1.17,2.48,1.31,,,,,,12.72,116.8029,52.99
2016-12-14,0.41,1.27,2.54,1.27,,,,,,13.19,116.7332,51.01
2016-12-15,0.66,1.29,2.60,1.31,,,,,,12.79,118.8072,50.90
2016-12-16,0.66,1.28,2.60,1.32,,,,,,12.20,118.3584,51.93
2016-12-17,0.66,,,,,,,,,,,
2016-12-18,0.66,,,,,,,,,,,
2016-12-19,0.66,1.24,2.54,1.30,,,,,,11.71,118.3875,52.13
2016-12-20,0.66,1.25,2.57,1.32,,,,,,11.45,118.63,52.22
2016-12-21,0.66,1.21,2.55,1.34,,,,,,11.27,118.581,51.44
2016-12-22,0.66,1.22,2.55,1.33,,,,,,11.43,118.8209,51.98
2016-12-23,0.66,1.22,2.55,1.33,,,,,,11.44,118.7856,52.01
2016-12-24,0.66,,,,,,,,,,,
2016-12-25,0.66,,,,,,,,,,,
2016-12-26,0.66,,,,,,,,,,,
2016-12-27,0.66,1.28,2.57,1.29,,,,,,11.99,118.9506,52.82
2016-12-28,0.66,1.26,2.51,1.25,,,,,,12.95,119.2305,54.01
2016-12-29,0.66,1.22,2.49,1.27,,,,,,13.37,118.6637,53.80
2016-12-30,0.55,1.20,2.45,1.25,,,,,,14.04,118.3466,53.75
2016-12-31,0.55,,,,,,,,,,,
2017-01-01,0.55,,,,243.618,250.467,99.385,4.7,145628,,,
2017-01-02,0.55,,,,,,,,,,,
2017-01-03,0.66,1.22,2.45,1.23,,,,,,12.85,119.0903,52.36
2017-01-04,0.66,1.24,2.46,1.22,,,,,,11.85,118.8803,53.26
2017-01-05,0.66,1.17,2.37,1.20,,,,,,11.67,117.9999,53.77
2017-01-06,0.66,1.22,2.42,1.20,,,,,,11.32,118.3495,53.98
2017-01-07,0.66,,,,,,,,,,,
2017-01-08,0.66,,,,,,,,,,,
2017-01-09,0.66,1.21,2.38,1.17,,,,,,11.56,118.4111,51.95
2017-01-10,0.66,1.19,2.38,1.19,,,,,,11.49,118.5386,50.82
2017-01-11,0.66,1.20,2.38,1.18,,,,,,11.26,119.0219,52.19
2017-01-12,0.66,1.18,2.36,1.18,,,,,,11.54,117.8001,53.01
2017-01-13,0.66,1.21,2.40,1.19,,,,,,11.23,117.9884,52.36
2017-01-14,0.66,,,,,,,,,,,
2017-01-15,0.66,,,,,,,,,,,
2017-01-16,0.66,,,,,,,,,,,
2017-01-17,0.66,1.17,2.33,1.16,,,,,,11.87,117.2656,52.45
2017-01-18,0.66,1.23,2.42,1.19,,,,,,12.48,117.7242,51.12
2017-01-19,0.66,1.25,2.47,1.22,,,,,,12.78,118.3182,51.39
2017-01-20,0.66,1.20,2.48,1.28,,,,,,11.54,,52.33
2017-01-21,0.66,,,,,,,,,,,
2017-01-22,0.66,,,,,,,,,,,
2017-01-23,0.66,1.16,2.41,1.25,,,,,,11.77,117.2479,52.77
2017-01-24,0.66,1.21,2.47,1.26,,,,,,11.07,117.0516,52.38
2017-01-25,0.66,1.23,2.53,1.30,,,,,,10.81,116.9355,52.14
2017-01-26,0.66,1.21,2.51,1.30,,,,,,10.63,117.2766,53.24
2017-01-27,0.66,1.22,2.49,1.27,,,,,,10.58,117.0735,53.18
2017-01-28,0.66,,,,,,,,,,,
2017-01-29,0.66,,,,,,,,,,,
2017-01-30,0.66,1.22,2.49,1.27,,,,,,11.88,116.7325,52.63
2017-01-31,0.56,1.19,2.45,1.26,,,,,,11.99,116.2241,52.75
2017-02-01,0.66,1.22,2.48,1.26,244.006,250.998,99.561,4.6,145846,11.81,116.3914,53.90
2017-02-02,0.66,1.21,2.48,1.27,,,,,,11.93,115.903,53.55
2017-02-03,0.66,1.21,2.49,1.28,,,,,,10.97,115.6259,53.81
2017-02-04,0.66,,,,,,,,,,,
2017-02-05,0.66,,,,,,,,,,,
2017-02-06,0.66,1.16,2.42,1.26,,,,,,11.37,116.0504,53.01
2017-02-07,0.66,1.16,2.40,1.24,,,,,,11.29,116.4082,52.19
2017-02-08,0.66,1.15,2.34,1.19,,,,,,11.45,116.1382,52.37
2017-02-09,0.66,1.20,2.40,1.20,,,,,,10.88,116.306,52.99
2017-02-10,0.66,1.20,2.41,1.21,,,,,,10.85,116.148,53.84
2017-02-11,0.66,,,,,,,,,,,
2017-02-12,0.66,,,,,,,,,,,
2017-02-13,0.66,1.20,2.43,1.23,,,,,,11.07,116.3427,52.96
2017-02-14,0.66,1.25,2.47,1.22,,,,,,10.74,116.3949,53.21
2017-02-15,0.66,1.27,2.51,1.24,,,,,,11.97,116.2162,53.11
2017-02-16,0.66,1.22,2.45,1.23,,,,,,11.76,116.0067,53.41
2017-02-17,0.66,1.21,2.42,1.21,,,,,,11.49,116.4035,53.41
2017-02-18,0.66,,,,,,,,,,,
2017-02-19,0.66,,,,,,,,,,,
2017-02-20,0.66,,,,,,,,,,,
2017-02-21,0.66,1.22,2.43,1.21,,,,,,11.57,116.5921,54.02
2017-02-22,0.66,1.22,2.42,1.20,,,,,,11.74,116.2136,53.61
2017-02-23,0.66,1.18,2.38,1.20,,,,,,11.71,115.6527,54.48
2017-02-24,0.66,1.12,2.31,1.19,,,,,,11.47,115.8143,53.99
2017-02-25,0.66,,,,,,,,,,,
2017-02-26,0.66,,,,,,,,,,,
2017-02-27,0.66,1.20,2.36,1.16,,,,,,12.09,115.6764,54.04
2017-02-28,0.57,1.22,2.36,1.14,,,,,,12.92,116.0032,54.00
2017-03-01,0.66,1.29,2.46,1.17,243.892,250.944,99.519,4.4,145970,12.54,116.438,53.82
2017-03-02,0.66,1.32,2.49,1.17,,,,,,11.81,116.8429,52.63
2017-03-03,0.66,1.32,2.49,1.17,,,,,,10.96,116.6438,53.33
2017-03-04,0.66,,,,,,,,,,,
2017-03-05,0.66,,,,,,,,,,,
2017-03-06,0.66,1.31,2.49,1.18,,,,,,11.24,116.4313,53.19
2017-03-07,0.66,1.32,2.52,1.20,,,,,,11.45,116.4303,52.68
2017-03-08,0.66,1.36,2.57,1.21,,,,,,11.86,116.875,49.83
2017-03-09,0.66,1.37,2.60,1.23,,,,,,12.30,116.9959,48.75
2017-03-10,0.66,1.36,2.58,1.22,,,,,,11.66,116.616,48.05
2017-03-11,0.66,,,,,,,,,,,
2017-03-12,0.66,,,,,,,,,,,
2017-03-13,0.66,1.40,2.62,1.22,,,,,,11.35,116.4004,47.95
2017-03-14,0.66,1.40,2.60,1.20,,,,,,12.30,116.5646,47.24
2017-03-15,0.66,1.33,2.51,1.18,,,,,,11.63,116.3584,48.34
2017-03-16,0.91,1.35,2.53,1.18,,,,,,11.21,115.4456,48.30
2017-03-17,0.91,1.33,2.50,1.17,,,,,,11.28,115.2783,48.34
2017-03-18,0.91,,,,,,,,,,,
2017-03-19,0.91,,,,,,,,,,,
2017-03-20,0.91,1.30,2.47,1.17,,,,,,11.34,115.0426,47.79
2017-03-21,0.91,1.27,2.43,1.16,,,,,,12.47,114.8119,47.02
2017-03-22,0.91,1.27,2.40,1.13,,,,,,12.81,114.7937,47.29
2017-03-23,0.91,1.26,2.41,1.15,,,,,,13.12,114.7899,47.00
2017-03-24,0.91,1.26,2.40,1.14,,,,,,12.96,114.6372,47.30
2017-03-25,0.91,,,,,,,,,,,
2017-03-26,0.91,,,,,,,,,,,
2017-03-27,0.91,1.27,2.38,1.11,,,,,,12.50,114.2347,47.02
2017-03-28,0.91,1.30,2.42,1.12,,,,,,11.53,114.419,48.36
2017-03-29,0.91,1.26,2.39,1.13,,,,,,11.42,114.7167,49.47
2017-03-30,0.91,1.28,2.42,1.14,,,,,,11.54,114.5245,50.30
2017-03-31,0.82,1.27,2.40,1.13,,,,,,12.37,114.7938,50.54
2017-04-01,0.82,,,,244.193,251.227,99.723,4.4,146175,,,
2017-04-02,0.82,,,,,,,,,,,
2017-04-03,0.91,1.24,2.35,1.11,,,,,,12.38,114.8734,50.25
2017-04-04,0.91,1.25,2.36,1.11,,,,,,11.79,115.0038,50.99
2017-04-05,0.91,1.24,2.34,1.10,,,,,,12.89,114.9494,51.14
2017-04-06,0.91,1.24,2.34,1.10,,,,,,12.39,115.0181,51.69
2017-04-07,0.91,1.29,2.38,1.09,,,,,,12.87,115.0547,52.25
2017-04-08,0.91,,,,,,,,,,,
2017-04-09,0.91,,,,,,,,,,,
2017-04-10,0.91,1.29,2.37,1.08,,,,,,14.05,115.11,53.06
2017-04-11,0.91,1.24,2.32,1.08,,,,,,15.07,115.009,53.38
2017-04-12,0.91,1.24,2.28,1.04,,,,,,15.77,114.9162,53.12
2017-04-13,0.91,1.21,2.24,1.03,,,,,,15.96,114.5059,53.19
2017-04-14,0.91,,,,,,,,,,114.5368,
2017-04-15,0.91,,,,,,,,,,,
2017-04-16,0.91,,,,,,,,,,,
2017-04-17,0.91,1.21,2.26,1.05,,,,,,14.66,114.3283,52.62
2017-04-18,0.91,1.18,2.18,1.00,,,,,,14.42,114.2575,52.46
2017-04-19,0.91,1.19,2.21,1.02,,,,,,14.93,114.7923,50.49
2017-04-20,0.91,1.21,2.24,1.03,,,,,,14.15,114.6205,50.26
2017-04-21,0.91,1.20,2.24,1.04,,,,,,14.63,114.8128,49.64
2017-04-22,0.91,,,,,,,,,,,
2017-04-23,0.91,,,,,,,,,,,
2017-04-24,0.91,1.25,2.28,1.03,,,,,,10.84,114.3659,48.90
2017-04-25,0.91,1.29,2.35,1.06,,,,,,10.76,114.5111,49.22
2017-04-26,0.91,1.28,2.32,1.04,,,,,,10.85,114.9479,49.22
2017-04-27,0.91,1.25,2.30,1.05,,,,,,10.36,114.9946,48.96
2017-04-28,0.83,1.28,2.29,1.01,,,,,,10.82,114.7877,49.31
2017-04-29,0.83,,,,,,,,,,,
2017-04-30,0.83,,,,,,,,,,,
2017-05-01,0.91,1.28,2.33,1.05,244.004,251.430,99.803,4.4,146380,10.11,114.5921,48.83
2017-05-02,0.91,1.27,2.29,1.02,,,,,,10.59,114.6792,47.65
2017-05-03,0.91,1.30,2.33,1.03,,,,,,10.68,114.6637,47.79
2017-05-04,0.91,1.32,2.36,1.04,,,,,,10.46,114.9076,45.55
2017-05-05,0.91,1.32,2.36,1.04,,,,,,10.57,114.7725,46.23
2017-05-06,0.91,,,,,,,,,,,
2017-05-07,0.91,,,,,,,,,,,
2017-05-08,0.91,1.33,2.39,1.06,,,,,,9.77,115.0895,46.46
2017-05-09,0.91,1.37,2.42,1.05,,,,,,9.96,115.3933,45.84
2017-05-10,0.91,1.35,2.41,1.06,,,,,,10.21,115.1145,47.28
2017-05-11,0.91,1.35,2.39,1.04,,,,,,10.60,115.0669,47.81
2017-05-12,0.91,1.29,2.33,1.04,,,,,,10.40,114.7479,47.83
2017-05-13,0.91,,,,,,,,,,,
2017-05-14,0.91,,,,,,,,,,,
2017-05-15,0.91,1.31,2.34,1.03,,,,,,10.42,114.3504,48.86
2017-05-16,0.91,1.29,2.33,1.04,,,,,,10.65,113.9923,48.64
2017-05-17,0.91,1.26,2.22,0.96,,,,,,15.59,113.7506,49.04
2017-05-18,0.91,1.27,2.23,0.96,,,,,,14.66,114.2683,49.36
2017-05-19,0.91,1.28,2.23,0.95,,,,,,12.04,113.7001,50.32
2017-05-20,0.91,,,,,,,,,,,
2017-05-21,0.91,,,,,,,,,,,
2017-05-22,0.91,1.29,2.25,0.96,,,,,,10.93,113.5442,50.81
2017-05-23,0.91,1.31,2.29,0.98,,,,,,10.72,113.6862,51.12
2017-05-24,0.91,1.29,2.26,0.97,,,,,,10.02,113.675,50.99
2017-05-25,0.91,1.30,2.25,0.95,,,,,,9.99,113.3719,48.57
2017-05-26,0.91,1.30,2.25,0.95,,,,,,9.81,113.4839,49.58
2017-05-27,0.91,,,,,,,,,,,
2017-05-28,0.91,,,,,,,,,,,
2017-05-29,0.91,,,,,,,,,,,
2017-05-30,0.91,1.28,2.21,0.93,,,,,,10.38,113.5552,49.63
2017-05-31,0.83,1.28,2.21,0.93,,,,,,10.41,113.2956,48.29
2017-06-01,0.91,1.28,2.21,0.93,244.163,251.746,99.937,4.3,146583,9.89,113.3017,48.32
2017-06-02,0.91,1.28,2.15,0.87,,,,,,9.75,113.1908,47.68
2017-06-03,0.91,,,,,,,,,,,
2017-06-04,0.91,,,,,,,,,,,
2017-06-05,0.91,1.32,2.18,0.86,,,,,,10.07,112.9755,47.40
2017-06-06,0.91,1.30,2.14,0.84,,,,,,10.45,112.7095,48.13
2017-06-07,0.91,1.32,2.18,0.86,,,,,,10.39,112.8191,45.80
2017-06-08,0.91,1.33,2.19,0.86,,,,,,10.16,112.8351,45.68
2017-06-09,0.91,1.35,2.21,0.86,,,,,,10.70,112.9562,45.82
2017-06-10,0.91,,,,,,,,,,,
2017-06-11,0.91,,,,,,,,,,,
2017-06-12,0.91,1.35,2.21,0.86,,,,,,11.46,112.9837,46.10
2017-06-13,0.91,1.38,2.21,0.83,,,,,,10.42,112.6271,46.41
2017-06-14,0.91,1.35,2.15,0.80,,,,,,10.64,112.0734,44.79
2017-06-15,1.16,1.35,2.16,0.81,,,,,,10.90,112.8708,44.47
2017-06-16,1.16,1.32,2.16,0.84,,,,,,10.38,112.6155,44.73
2017-06-17,1.16,,,,,,,,,,,
2017-06-18,1.16,,,,,,,,,,,
2017-06-19,1.16,1.36,2.19,0.83,,,,,,10.37,112.7576,44.24
2017-06-20,1.16,1.36,2.16,0.80,,,,,,10.86,113.2698,43.34
2017-06-21,1.16,1.36,2.16,0.80,,,,,,10.75,113.3327,42.48
2017-06-22,1.16,1.34,2.15,0.81,,,,,,10.48,113.1654,42.53
2017-06-23,1.16,1.34,2.15,0.81,,,,,,10.02,112.8665,42.86
2017-06-24,1.16,,,,,,,,,,,
2017-06-25,1.16,,,,,,,,,,,
2017-06-26,1.16,1.36,2.14,0.78,,,,,,9.90,112.7633,43.24
2017-06-27,1.16,1.38,2.21,0.83,,,,,,11.06,112.55,44.25
2017-06-28,1.16,1.34,2.22,0.88,,,,,,10.03,112.0747,44.74
2017-06-29,1.16,1.38,2.27,0.89,,,,,,11.44,111.998,44.88
2017-06-30,1.06,1.38,2.31,0.93,,,,,,11.18,111.9896,46.02
2017-07-01,1.06,,,,244.243,251.985,100.01,4.3,146772,,,
2017-07-02,1.06,,,,,,,,,,,
2017-07-03,1.16,1.41,2.35,0.94,,,,,,11.22,112.4268,
2017-07-04,1.16,,,,,,,,,,,
2017-07-05,1.16,1.41,2.33,0.92,,,,,,11.07,112.6534,45.11
2017-07-06,1.16,1.40,2.37,0.97,,,,,,12.54,112.4199,45.52
2017-07-07,1.16,1.40,2.39,0.99,,,,,,11.19,112.3137,44.25
2017-07-08,1.16,,,,,,,,,,,
2017-07-09,1.16,,,,,,,,,,,
2017-07-10,1.16,1.40,2.38,0.98,,,,,,11.11,112.1587,44.40
2017-07-11,1.16,1.37,2.37,1.00,,,,,,10.89,112.1434,45.06
2017-07-12,1.16,1.35,2.33,0.98,,,,,,10.30,111.5904,45.48
2017-07-13,1.16,1.37,2.35,0.98,,,,,,9.90,111.5365,46.06
2017-07-14,1.16,1.35,2.33,0.98,,,,,,9.51,110.9075,46.53
2017-07-15,1.16,,,,,,,,,,,
2017-07-16,1.16,,,,,,,,,,,
2017-07-17,1.16,1.36,2.31,0.95,,,,,,9.82,110.9304,46.02
2017-07-18,1.16,1.36,2.27,0.91,,,,,,9.89,110.4356,46.40
2017-07-19,1.16,1.37,2.27,0.90,,,,,,9.79,110.4339,47.10
2017-07-20,1.16,1.37,2.27,0.90,,,,,,9.58,110.2512,46.73
2017-07-21,1.16,1.36,2.24,0.88,,,,,,9.36,110.191,45.78
2017-07-22,1.16,,,,,,,,,,,
2017-07-23,1.16,,,,,,,,,,,
2017-07-24,1.16,1.37,2.26,0.89,,,,,,9.43,110.2004,46.21
2017-07-25,1.16,1.40,2.33,0.93,,,,,,9.43,110.2835,47.77
2017-07-26,1.16,1.36,2.29,0.93,,,,,,9.60,110.3811,48.58
2017-07-27,1.16,1.36,2.32,0.96,,,,,,10.11,110.216,49.05
2017-07-28,1.16,1.34,2.30,0.96,,,,,,10.29,109.92,49.72
2017-07-29,1.16,,,,,,,,,,,
2017-07-30,1.16,,,,,,,,,,,
2017-07-31,1.07,1.34,2.30,0.96,,,,,,10.26,109.8177,50.21
2017-08-01,1.16,1.34,2.26,0.92,245.183,252.535,100.118,4.4,146919,10.09,109.8495,49.19
2017-08-02,1.16,1.36,2.27,0.91,,,,,,10.28,109.7503,49.60
2017-08-03,1.16,1.34,2.24,0.9,,,,,,10.44,109.8332,49.03
2017-08-04,1.16,1.36,2.27,0.91,,,,,,10.03,110.2808,49.57
2017-08-05,1.16,,,,,,,,,,,
2017-08-06,1.16,,,,,,,,,,,
2017-08-07,1.16,1.36,2.26,0.9,,,,,,9.93,110.373,49.37
2017-08-08,1.16,1.36,2.29,0.93,,,,,,10.96,110.396,49.07
2017-08-09,1.16,1.33,2.24,0.91,,,,,,11.11,110.3671,49.59
2017-08-10,1.16,1.33,2.20,0.87,,,,,,16.04,110.1886,48.54
2017-08-11,1.16,1.30,2.19,0.89,,,,,,15.51,110.0422,48.81
2017-08-12,1.16,,,,,,,,,,,
2017-08-13,1.16,,,,,,,,,,,
2017-08-14,1.16,1.33,2.22,0.89,,,,,,12.33,110.095,47.59
2017-08-15,1.16,1.35,2.27,0.92,,,,,,12.04,110.4846,47.57
2017-08-16,1.16,1.33,2.23,0.9,,,,,,11.74,110.4394,46.80
2017-08-17,1.16,1.32,2.19,0.87,,,,,,15.55,110.1673,47.07
2017-08-18,1.16,1.33,2.19,0.86,,,,,,14.26,110.041,48.59
2017-08-19,1.16,,,,,,,,,,,
2017-08-20,1.16,,,,,,,,,,,
2017-08-21,1.16,1.32,2.18,0.86,,,,,,13.19,109.7349,47.39
2017-08-22,1.16,1.33,2.22,0.89,,,,,,11.35,109.8386,47.65
2017-08-23,1.16,1.32,2.17,0.85,,,,,,12.25,109.8095,48.45
2017-08-24,1.16,1.33,2.19,0.86,,,,,,12.23,109.7524,47.24
2017-08-25,1.16,1.35,2.17,0.82,,,,,,11.28,109.3415,47.65
2017-08-26,1.16,,,,,,,,,,,
2017-08-27,1.16,,,,,,,,,,,
2017-08-28,1.16,1.33,2.16,0.83,,,,,,11.32,109.1815,46.40
2017-08-29,1.16,1.33,2.13,0.8,,,,,,11.70,109.0946,46.46
2017-08-30,1.16,1.33,2.15,0.82,,,,,,11.22,109.4052,45.96
2017-08-31,1.07,1.33,2.12,0.79,,,,,,10.59,109.3686,47.26
2017-09-01,1.16,1.35,2.16,0.81,246.435,252.812,100.24,4.3,147008,10.13,109.0504,47.32
2017-09-02,1.16,,,,,,,,,,,
2017-09-03,1.16,,,,,,,,,,,
2017-09-04,1.16,,,,,,,,,,,
2017-09-05,1.16,1.30,2.07,0.77,,,,,,12.23,108.8664,48.63
2017-09-06,1.16,1.30,2.10,0.8,,,,,,11.63,108.4897,49.13
2017-09-07,1.16,1.27,2.05,0.78,,,,,,11.55,107.9224,49.10
2017-09-08,1.16,1.27,2.06,0.79,,,,,,12.12,107.808,47.44
2017-09-09,1.16,,,,,,,,,,,
2017-09-10,1.16,,,,,,,,,,,
2017-09-11,1.16,1.32,2.14,0.82,,,,,,10.73,108.153,48.06
2017-09-12,1.16,1.33,2.17,0.84,,,,,,10.58,108.3239,48.21
2017-09-13,1.16,1.35,2.20,0.85,,,,,,10.50,108.6628,49.30
2017-09-14,1.16,1.37,2.20,0.83,,,,,,10.44,108.618,49.86
2017-09-15,1.16,1.39,2.20,0.81,,,,,,10.17,108.3147,49.90
2017-09-16,1.16,,,,,,,,,,,
2017-09-17,1.16,,,,,,,,,,,
2017-09-18,1.16,1.40,2.23,0.83,,,,,,10.15,108.6401,49.88
2017-09-19,1.16,1.40,2.24,0.84,,,,,,10.18,108.6142,49.54
2017-09-20,1.16,1.45,2.28,0.83,,,,,,9.78,108.4329,50.29
2017-09-21,1.16,1.45,2.27,0.82,,,,,,9.67,108.9267,50.58
2017-09-22,1.16,1.46,2.26,0.8,,,,,,9.59,108.7542,50.33
2017-09-23,1.16,,,,,,,,,,,
2017-09-24,1.16,,,,,,,,,,,
2017-09-25,1.16,1.44,2.22,0.78,,,,,,10.21,109.3302,51.85
2017-09-26,1.16,1.45,2.24,0.79,,,,,,10.17,109.7769,51.59
2017-09-27,1.16,1.47,2.31,0.84,,,,,,9.87,110.0722,52.14
2017-09-28,1.16,1.45,2.31,0.86,,,,,,9.55,110.2415,51.62
2017-09-29,1.06,1.47,2.33,0.86,,,,,,9.51,110.0867,51.67
2017-09-30,1.06,,,,,,,,,,,
2017-10-01,1.06,,,,246.626,253.526,100.486,4.2,147149,,,
2017-10-02,1.16,1.49,2.34,0.85,,,,,,9.45,110.3686,50.59
2017-10-03,1.16,1.47,2.33,0.86,,,,,,9.51,110.3281,50.44
2017-10-04,1.16,1.47,2.33,0.86,,,,,,9.63,110.2425,50.0
2017-10-05,1.16,1.49,2.35,0.86,,,,,,9.19,110.5823,50.79
2017-10-06,1.16,1.54,2.37,0.83,,,,,,9.65,110.7841,49.34
2017-10-07,1.16,,,,,,,,,,,
2017-10-08,1.16,,,,,,,,,,,
2017-10-09,1.16,,,,,,,,,10.33,,49.58
2017-10-10,1.16,1.51,2.35,0.84,,,,,,10.08,110.3034,50.93
2017-10-11,1.16,1.51,2.35,0.84,,,,,,9.85,110.3037,51.3
2017-10-12,1.16,1.51,2.33,0.82,,,,,,9.91,110.3152,50.61
2017-10-13,1.16,1.51,2.28,0.77,,,,,,9.61,110.2669,51.43
2017-10-14,1.16,,,,,,,,,,,
2017-10-15,1.16,,,,,,,,,,,
2017-10-16,1.16,1.54,2.30,0.76,,,,,,9.91,110.5432,51.86
2017-10-17,1.16,1.54,2.30,0.76,,,,,,10.31,110.9141,51.87
2017-10-18,1.16,1.59,2.34,0.75,,,,,,10.07,110.7214,52.05
2017-10-19,1.16,1.58,2.33,0.75,,,,,,10.05,110.4577,51.29
2017-10-20,1.16,1.60,2.39,0.79,,,,,,9.97,111.0375,51.63
2017-10-21,1.16,,,,,,,,,,,
2017-10-22,1.16,,,,,,,,,,,
2017-10-23,1.16,1.58,2.38,0.8,,,,,,11.07,111.2134,51.91
2017-10-24,1.16,1.60,2.42,0.82,,,,,,11.16,111.4027,52.32
2017-10-25,1.16,1.61,2.44,0.83,,,,,,11.23,111.3904,51.97
2017-10-26,1.16,1.63,2.46,0.83,,,,,,11.3,111.6418,52.41
2017-10-27,1.16,1.59,2.42,0.83,,,,,,9.8,112.1495,53.92
2017-10-28,1.16,,,,,,,,,,,
2017-10-29,1.16,,,,,,,,,,,
2017-10-30,1.16,1.58,2.37,0.79,,,,,,10.5,111.901,54.11
2017-10-31,1.07,1.60,2.38,0.78,,,,,,10.18,111.8052,54.36
2017-11-01,1.16,1.61,2.37,0.76,247.284,253.816,100.535,4.2,147372,10.2,111.7942,54.32
2017-11-02,1.16,1.61,2.35,0.74,,,,,,9.93,111.5474,54.55
2017-11-03,1.16,1.63,2.34,0.71,,,,,,9.14,111.9383,55.63
2017-11-04,1.16,,,,,,,,,,,
2017-11-05,1.16,,,,,,,,,,,
2017-11-06,1.16,1.61,2.32,0.71,,,,,,9.4,111.7197,57.34
2017-11-07,1.16,1.63,2.32,0.69,,,,,,9.89,111.9446,57.19
2017-11-08,1.16,1.65,2.32,0.67,,,,,,9.78,111.6935,56.82
2017-11-09,1.16,1.63,2.33,0.7,,,,,,10.5,111.5626,57.16
2017-11-10,1.16,1.67,2.40,0.73,,,,,,11.29,,56.75
2017-11-11,1.16,,,,,,,,,,,
2017-11-12,1.16,,,,,,,,,,,
2017-11-13,1.16,1.70,2.40,0.7,,,,,,11.5,111.7833,56.77
2017-11-14,1.16,1.68,2.38,0.7,,,,,,11.59,111.5097,55.67
2017-11-15,1.16,1.68,2.33,0.65,,,,,,13.13,111.4809,55.28
2017-11-16,1.16,1.72,2.37,0.65,,,,,,11.76,111.2568,55.14
2017-11-17,1.16,1.73,2.35,0.62,,,,,,11.43,111.0016,56.21
2017-11-18,1.16,,,,,,,,,,,
2017-11-19,1.16,,,,,,,,,,,
2017-11-20,1.16,1.77,2.37,0.6,,,,,,10.65,111.2599,56.21
2017-11-21,1.16,1.77,2.36,0.59,,,,,,9.73,110.9828,56.84
2017-11-22,1.16,1.74,2.32,0.58,,,,,,9.88,110.5632,57.88
2017-11-23,1.16,,,,,,,,,,,
2017-11-24,1.16,1.75,2.34,0.59,,,,,,9.67,110.0253,58.94
2017-11-25,1.16,,,,,,,,,,,
2017-11-26,1.16,,,,,,,,,,,
2017-11-27,1.16,1.74,2.32,0.58,,,,,,9.87,110.1136,58.1
2017-11-28,1.16,1.75,2.34,0.59,,,,,,10.03,110.3018,57.96
2017-11-29,1.16,1.78,2.37,0.59,,,,,,10.7,110.3265,57.25
2017-11-30,1.07,1.78,2.42,0.64,,,,,,11.28,110.4648,57.4
2017-12-01,1.16,1.78,2.37,0.59,247.805,254.344,100.683,4.1,147523,11.43,110.1413,58.35
2017-12-02,1.16,,,,,,,,,,,
2017-12-03,1.16,,,,,,,,,,,
2017-12-04,1.16,1.80,2.37,0.57,,,,,,11.68,110.397,57.48
2017-12-05,1.16,1.83,2.36,0.53,,,,,,11.33,110.4905,57.66
2017-12-06,1.16,1.78,2.33,0.55,,,,,,11.02,110.8711,55.79
2017-12-07,1.16,1.80,2.37,0.57,,,,,,10.16,111.0178,56.5
2017-12-08,1.16,1.80,2.38,0.58,,,,,,9.58,111.2273,57.15
2017-12-09,1.16,,,,,,,,,,,
2017-12-10,1.16,,,,,,,,,,,
2017-12-11,1.16,1.82,2.39,0.57,,,,,,9.34,111.0827,57.84
2017-12-12,1.17,1.83,2.40,0.57,,,,,,9.92,111.5214,57.12
2017-12-13,1.17,1.79,2.36,0.57,,,,,,10.18,111.2759,56.59
2017-12-14,1.41,1.82,2.35,0.53,,,,,,10.49,111.0893,57.0
2017-12-15,1.41,1.84,2.35,0.51,,,,,,9.42,111.1286,57.29
2017-12-16,1.41,,,,,,,,,,,
2017-12-17,1.41,,,,,,,,,,,
2017-12-18,1.42,1.84,2.39,0.55,,,,,,9.53,110.9086,57.17
2017-12-19,1.42,1.87,2.46,0.59,,,,,,10.03,111.1255,57.49
2017-12-20,1.42,1.87,2.49,0.62,,,,,,9.72,110.8361,58.09
2017-12-21,1.42,1.89,2.48,0.59,,,,,,9.62,110.8786,58.34
2017-12-22,1.42,1.91,2.48,0.57,,,,,,9.9,111.0997,58.25
2017-12-23,1.42,,,,,,,,,,,
2017-12-24,1.42,,,,,,,,,,,
2017-12-25,1.42,,,,,,,,,,,
2017-12-26,1.42,1.92,2.47,0.55,,,,,,10.25,110.9758,59.55
2017-12-27,1.42,1.89,2.42,0.53,,,,,,10.47,110.8553,59.67
2017-12-28,1.42,1.91,2.43,0.52,,,,,,10.18,110.5154,59.84
2017-12-29,1.33,1.89,2.40,0.51,,,,,,11.04,110.0783,60.46
2017-12-30,1.33,,,,,,,,,,,
2017-12-31,1.33,,,,,,,,,,,
2018-01-01,1.33,,,,248.859,255.204,101.007,4.0,147660,,,
2018-01-02,1.42,1.92,2.46,0.54,,,,,,9.77,109.6445,60.37
2018-01-03,1.42,1.94,2.44,0.5,,,,,,9.15,109.6751,61.61
2018-01-04,1.42,1.96,2.46,0.5,,,,,,9.22,109.4777,61.98
2018-01-05,1.42,1.96,2.47,0.51,,,,,,9.22,109.3496,61.49
2018-01-06,1.42,,,,,,,,,,,
2018-01-07,1.42,,,,,,,,,,,
2018-01-08,1.42,1.96,2.49,0.53,,,,,,9.52,109.5681,61.73
2018-01-09,1.42,1.98,2.55,0.57,,,,,,10.08,109.9025,62.92
2018-01-10,1.42,1.98,2.55,0.57,,,,,,9.82,109.628,63.6
2018-01-11,1.42,1.98,2.54,0.56,,,,,,9.88,109.4888,63.81
2018-01-12,1.42,1.99,2.55,0.56,,,,,,10.16,108.901,64.22
2018-01-13,1.42,,,,,,,,,,,
2018-01-14,1.42,,,,,,,,,,,
2018-01-15,1.42,,,,,,,,,,,
2018-01-16,1.42,2.03,2.54,0.51,,,,,,11.66,108.3218,63.82
2018-01-17,1.42,2.05,2.57,0.52,,,,,,11.91,108.1526,63.92
2018-01-18,1.42,2.05,2.62,0.57,,,,,,12.22,108.0655,63.96
2018-01-19,1.42,2.06,2.64,0.58,,,,,,11.27,107.9455,63.38
2018-01-20,1.42,,,,,,,,,,,
2018-01-21,1.42,,,,,,,,,,,
2018-01-22,1.42,2.08,2.66,0.58,,,,,,11.03,108.107,63.66
2018-01-23,1.42,2.06,2.63,0.57,,,,,,11.1,107.9979,64.45
2018-01-24,1.42,2.08,2.65,0.57,,,,,,11.47,107.0802,65.69
2018-01-25,1.42,2.08,2.63,0.55,,,,,,11.58,106.5052,65.62
2018-01-26,1.42,2.13,2.66,0.53,,,,,,11.08,106.6911,66.27
2018-01-27,1.42,,,,,,,,,,,
2018-01-28,1.42,,,,,,,,,,,
2018-01-29,1.42,2.11,2.70,0.59,,,,,,13.84,107.1142,65.71
2018-01-30,1.42,2.13,2.73,0.6,,,,,,14.79,107.1064,64.64
2018-01-31,1.34,2.14,2.72,0.58,,,,,,13.54,106.7696,64.82
2018-02-01,1.42,2.16,2.78,0.62,249.529,255.711,101.198,4.1,148054,13.47,106.4877,65.92
2018-02-02,1.42,2.15,2.84,0.69,,,,,,17.31,107.1151,65.5
2018-02-03,1.42,,,,,,,,,,,
2018-02-04,1.42,,,,,,,,,,,
2018-02-05,1.42,2.08,2.77,0.69,,,,,,37.32,107.33,64.18
2018-02-06,1.42,2.10,2.79,0.69,,,,,,29.98,107.5204,63.48
2018-02-07,1.42,2.15,2.84,0.69,,,,,,27.73,107.7175,61.91
2018-02-08,1.42,2.13,2.85,0.72,,,,,,33.46,108.3025,61.3
2018-02-09,1.42,2.05,2.83,0.78,,,,,,29.06,108.2582,59.2
2018-02-10,1.42,,,,,,,,,,,
2018-02-11,1.42,,,,,,,,,,,
2018-02-12,1.42,2.09,2.86,0.77,,,,,,25.61,108.0332,59.41
2018-02-13,1.42,2.10,2.83,0.73,,,,,,24.97,107.7574,59.33
2018-02-14,1.42,2.17,2.91,0.74,,,,,,19.26,107.4691,60.7
2018-02-15,1.42,2.19,2.90,0.71,,,,,,19.13,106.9867,61.48
2018-02-16,1.42,2.21,2.87,0.66,,,,,,19.46,107.0359,61.89
2018-02-17,1.42,,,,,,,,,,,
2018-02-18,1.42,,,,,,,,,,,
2018-02-19,1.42,,,,,,,,,,,
2018-02-20,1.42,2.25,2.88,0.63,,,,,,20.6,107.6249,61.91
2018-02-21,1.42,2.26,2.94,0.68,,,,,,20.02,107.8679,61.73
2018-02-22,1.42,2.25,2.92,0.67,,,,,,18.72,107.8668,62.72
2018-02-23,1.42,2.25,2.88,0.63,,,,,,16.49,107.6804,63.52
2018-02-24,1.42,,,,,,,,,,,
2018-02-25,1.42,,,,,,,,,,,
2018-02-26,1.42,2.22,2.86,0.64,,,,,,15.8,107.7347,63.81
2018-02-27,1.42,2.27,2.90,0.63,,,,,,18.59,108.1731,62.94
2018-02-28,1.35,2.25,2.87,0.62,,,,,,19.85,108.3903,61.43
2018-03-01,1.42,2.22,2.81,0.59,249.577,256.271,101.419,4.0,148280,22.47,108.5358,60.98
2018-03-02,1.42,2.25,2.86,0.61,,,,,,19.59,,61.19
2018-03-03,1.42,,,,,,,,,,,
2018-03-04,1.42,,,,,,,,,,,
2018-03-05,1.42,2.24,2.88,0.64,,,,,,18.73,108.3614,62.49
2018-03-06,1.42,2.25,2.88,0.63,,,,,,18.36,107.7969,62.54
2018-03-07,1.42,2.25,2.89,0.64,,,,,,17.76,108.0911,61.09
2018-03-08,1.42,2.25,2.86,0.61,,,,,,16.54,108.2671,60.13
2018-03-09,1.42,2.27,2.90,0.63,,,,,,14.64,107.923,62.02
2018-03-10,1.42,,,,,,,,,,,
2018-03-11,1.42,,,,,,,,,,,
2018-03-12,1.42,2.27,2.87,0.6,,,,,,15.78,107.9438,61.35
2018-03-13,1.42,2.26,2.84,0.58,,,,,,16.35,107.7384,60.69
2018-03-14,1.42,2.26,2.81,0.55,,,,,,17.23,107.8623,60.89
2018-03-15,1.43,2.29,2.82,0.53,,,,,,16.59,108.2032,61.16
2018-03-16,1.43,2.31,2.85,0.54,,,,,,15.8,108.4332,62.29
2018-03-17,1.43,,,,,,,,,,,
2018-03-18,1.43,,,,,,,,,,,
2018-03-19,1.43,2.31,2.85,0.54,,,,,,19.02,108.3145,62.01
2018-03-20,1.44,2.34,2.89,0.55,,,,,,18.2,108.4953,63.37
2018-03-21,1.44,2.31,2.89,0.58,,,,,,17.86,,65.1
2018-03-22,1.68,2.29,2.83,0.54,,,,,,23.34,107.9935,64.25
2018-03-23,1.68,2.28,2.82,0.54,,,,,,24.87,107.7495,65.8
2018-03-24,1.68,,,,,,,,,,,
2018-03-25,1.68,,,,,,,,,,,
2018-03-26,1.68,2.33,2.85,0.52,,,,,,21.03,107.1819,65.49
2018-03-27,1.68,2.26,2.78,0.52,,,,,,22.5,107.3359,65.21
2018-03-28,1.68,2.28,2.77,0.49,,,,,,22.87,107.5733,64.3
2018-03-29,1.68,2.27,2.74,0.47,,,,,,19.97,107.665,64.87
2018-03-30,1.67,,,,,,,,,,107.4784,
2018-03-31,1.67,,,,,,,,,,,
2018-04-01,1.67,,,,250.227,256.630,101.602,4.0,148420,,,
2018-04-02,1.68,2.25,2.73,0.48,,,,,,23.62,107.7033,63.05
2018-04-03,1.69,2.28,2.79,0.51,,,,,,21.1,107.5624,63.41
2018-04-04,1.69,2.28,2.79,0.51,,,,,,20.06,107.6361,63.35
2018-04-05,1.69,2.30,2.83,0.53,,,,,,18.94,107.7281,63.53
2018-04-06,1.69,2.27,2.77,0.5,,,,,,21.49,107.7886,62.03
2018-04-07,1.69,,,,,,,,,,,
2018-04-08,1.69,,,,,,,,,,,
2018-04-09,1.69,2.29,2.78,0.49,,,,,,21.77,107.5316,63.4
2018-04-10,1.69,2.32,2.80,0.48,,,,,,20.47,107.3659,65.48
2018-04-11,1.69,2.32,2.79,0.47,,,,,,20.24,107.1224,66.81
2018-04-12,1.69,2.34,2.83,0.49,,,,,,18.49,107.2905,67.07
2018-04-13,1.69,2.37,2.82,0.45,,,,,,17.41,107.2368,67.35
2018-04-14,1.69,,,,,,,,,,,
2018-04-15,1.69,,,,,,,,,,,
2018-04-16,1.69,2.39,2.83,0.44,,,,,,16.56,107.0595,66.23
2018-04-17,1.69,2.41,2.82,0.41,,,,,,15.25,107.0344,66.5
2018-04-18,1.69,2.42,2.87,0.45,,,,,,15.6,107.1096,68.44
2018-04-19,1.69,2.44,2.92,0.48,,,,,,15.96,107.5197,68.3
2018-04-20,1.70,2.46,2.96,0.5,,,,,,16.88,108.1787,68.26
2018-04-21,1.70,,,,,,,,,,,
2018-04-22,1.70,,,,,,,,,,,
2018-04-23,1.70,2.49,2.98,0.49,,,,,,16.34,108.9332,67.61
2018-04-24,1.70,2.48,3.00,0.52,,,,,,18.02,108.7906,67.66
2018-04-25,1.70,2.49,3.03,0.54,,,,,,17.84,109.3447,68.0
2018-04-26,1.70,2.49,3.00,0.51,,,,,,16.24,109.3646,68.18
2018-04-27,1.70,2.49,2.96,0.47,,,,,,15.41,109.1735,68.11
2018-04-28,1.70,,,,,,,,,,,
2018-04-29,1.70,,,,,,,,,,,
2018-04-30,1.69,2.49,2.95,0.46,,,,,,15.93,109.3363,68.56
2018-05-01,1.70,2.50,2.97,0.47,250.792,257.145,101.78,3.8,148742,15.49,109.7445,67.28
2018-05-02,1.70,2.49,2.97,0.48,,,,,,15.97,110.1625,67.91
2018-05-03,1.70,2.49,2.94,0.45,,,,,,15.9,110.1803,68.45
2018-05-04,1.70,2.51,2.95,0.44,,,,,,14.77,110.25,69.71
2018-05-05,1.70,,,,,,,,,,,
2018-05-06,1.70,,,,,,,,,,,
2018-05-07,1.70,2.49,2.95,0.46,,,,,,14.75,110.5721,70.74
2018-05-08,1.70,2.51,2.97,0.46,,,,,,14.71,111.063,68.83
2018-05-09,1.70,2.54,3.00,0.46,,,,,,13.42,110.8818,71.16
2018-05-10,1.70,2.54,2.97,0.43,,,,,,13.23,110.405,71.36
2018-05-11,1.70,2.54,2.97,0.43,,,,,,12.65,110.2847,70.69
2018-05-12,1.70,,,,,,,,,,,
2018-05-13,1.70,,,,,,,,,,,
2018-05-14,1.70,2.55,3.00,0.45,,,,,,12.93,110.408,71.01
2018-05-15,1.70,2.58,3.08,0.5,,,,,,14.63,111.2292,71.34
2018-05-16,1.70,2.58,3.09,0.51,,,,,,13.42,111.3068,71.43
2018-05-17,1.70,2.57,3.11,0.54,,,,,,13.43,111.3547,71.47
2018-05-18,1.70,2.55,3.06,0.51,,,,,,13.42,111.7171,71.23
2018-05-19,1.70,,,,,,,,,,,
2018-05-20,1.70,,,,,,,,,,,
2018-05-21,1.70,2.58,3.06,0.48,,,,,,13.08,111.6394,72.26
2018-05-22,1.70,2.59,3.06,0.47,,,,,,13.22,111.1945,72.09
2018-05-23,1.70,2.53,3.01,0.48,,,,,,12.58,111.6933,71.85
2018-05-24,1.70,2.50,2.98,0.48,,,,,,12.53,111.4885,70.77
2018-05-25,1.70,2.48,2.93,0.45,,,,,,13.22,111.5843,67.92
2018-05-26,1.70,,,,,,,,,,,
2018-05-27,1.70,,,,,,,,,,,
2018-05-28,1.70,,,,,,,,,,,
2018-05-29,1.70,2.32,2.77,0.45,,,,,,17.02,112.2127,66.8
2018-05-30,1.70,2.42,2.84,0.42,,,,,,14.94,111.6731,68.24
2018-05-31,1.70,2.40,2.83,0.43,,,,,,15.43,111.9894,66.98
2018-06-01,1.70,2.47,2.89,0.42,251.018,257.399,101.872,4.0,148960,13.46,111.8265,65.81
2018-06-02,1.70,,,,,,,,,,,
2018-06-03,1.70,,,,,,,,,,,
2018-06-04,1.70,2.52,2.94,0.42,,,,,,12.74,111.8247,64.76
2018-06-05,1.70,2.49,2.92,0.43,,,,,,12.4,112.264,65.51
2018-06-06,1.70,2.52,2.97,0.45,,,,,,11.64,111.7525,64.75
2018-06-07,1.70,2.50,2.93,0.43,,,,,,12.13,112.0725,65.96
2018-06-08,1.70,2.50,2.93,0.43,,,,,,12.18,112.1066,65.77
2018-06-09,1.70,,,,,,,,,,,
2018-06-10,1.70,,,,,,,,,,,
2018-06-11,1.70,2.52,2.96,0.44,,,,,,12.35,112.1106,66.1
2018-06-12,1.70,2.54,2.96,0.42,,,,,,12.34,112.2138,66.38
2018-06-13,1.70,2.59,2.98,0.39,,,,,,12.94,112.2577,66.63
2018-06-14,1.90,2.59,2.94,0.35,,,,,,12.12,112.8593,66.91
2018-06-15,1.90,2.55,2.93,0.38,,,,,,11.98,113.3379,65.01
2018-06-16,1.90,,,,,,,,,,,
2018-06-17,1.90,,,,,,,,,,,
2018-06-18,1.90,2.56,2.92,0.36,,,,,,12.31,113.4899,65.91
2018-06-19,1.91,2.54,2.89,0.35,,,,,,13.35,113.639,65.09
2018-06-20,1.92,2.56,2.93,0.37,,,,,,12.79,113.4784,65.92
2018-06-21,1.92,2.56,2.90,0.34,,,,,,14.64,113.6109,65.68
2018-06-22,1.92,2.56,2.90,0.34,,,,,,13.77,113.3047,69.02
2018-06-23,1.92,,,,,,,,,,,
2018-06-24,1.92,,,,,,,,,,,
2018-06-25,1.92,2.54,2.87,0.33,,,,,,17.33,113.286,69.91
2018-06-26,1.92,2.53,2.88,0.35,,,,,,15.92,113.3016,75.23
2018-06-27,1.91,2.52,2.83,0.31,,,,,,17.91,113.8971,77.41
2018-06-28,1.91,2.52,2.84,0.32,,,,,,16.85,113.8405,73.45
2018-06-29,1.91,2.52,2.85,0.33,,,,,,16.09,113.2586,74.13
2018-06-30,1.91,,,,,,,,,,,
2018-07-01,1.91,,,,251.214,257.699,102.006,3.8,149020,,,
2018-07-02,1.91,2.57,2.87,0.3,,,,,,15.6,114.1673,73.89
2018-07-03,1.91,2.53,2.83,0.3,,,,,,16.14,113.3222,74.19
2018-07-04,1.91,,,,,,,,,,,
2018-07-05,1.91,2.55,2.84,0.29,,,,,,14.97,112.9759,73.05
2018-07-06,1.91,2.53,2.82,0.29,,,,,,13.37,112.6428,73.78
2018-07-07,1.91,,,,,,,,,,,
2018-07-08,1.91,,,,,,,,,,,
2018-07-09,1.91,2.57,2.86,0.29,,,,,,12.69,112.6425,73.93
2018-07-10,1.91,2.59,2.87,0.28,,,,,,12.64,112.5794,74.11
2018-07-11,1.91,2.58,2.85,0.27,,,,,,13.63,112.8582,70.47
2018-07-12,1.91,2.60,2.85,0.25,,,,,,12.58,112.779,70.28
2018-07-13,1.91,2.59,2.83,0.24,,,,,,12.18,113.0705,71.03
2018-07-14,1.91,,,,,,,,,,,
2018-07-15,1.91,,,,,,,,,,,
2018-07-16,1.91,2.59,2.85,0.26,,,,,,12.83,112.8437,68.22
2018-07-17,1.91,2.62,2.86,0.24,,,,,,12.06,113.1504,68.03
2018-07-18,1.91,2.60,2.88,0.28,,,,,,12.1,113.3348,68.78
2018-07-19,1.91,2.60,2.84,0.24,,,,,,12.87,113.9463,69.42
2018-07-20,1.91,2.60,2.89,0.29,,,,,,12.86,113.3213,70.31
2018-07-21,1.91,,,,,,,,,,,
2018-07-22,1.91,,,,,,,,,,,
2018-07-23,1.91,2.64,2.96,0.32,,,,,,12.62,113.4246,67.9
2018-07-24,1.91,2.63,2.95,0.32,,,,,,12.41,113.2045,70.77
2018-07-25,1.91,2.66,2.94,0.28,,,,,,12.29,112.9221,71.13
2018-07-26,1.91,2.69,2.98,0.29,,,,,,12.14,112.9179,71.59
2018-07-27,1.91,2.67,2.96,0.29,,,,,,13.03,112.8125,68.66
2018-07-28,1.91,,,,,,,,,,,
2018-07-29,1.91,,,,,,,,,,,
2018-07-30,1.91,2.66,2.98,0.32,,,,,,14.26,112.6044,71.19
2018-07-31,1.91,2.67,2.96,0.29,,,,,,12.83,112.7299,69.88
2018-08-01,1.91,2.67,3.00,0.33,251.663,257.891,102.016,3.8,149277,13.15,112.8899,68.8
2018-08-02,1.91,2.66,2.98,0.32,,,,,,12.19,113.1679,68.95
2018-08-03,1.91,2.63,2.95,0.32,,,,,,11.64,113.012,68.49
2018-08-04,1.91,,,,,,,,,,,
2018-08-05,1.91,,,,,,,,,,,
2018-08-06,1.91,2.64,2.94,0.3,,,,,,11.27,113.229,69.01
2018-08-07,1.91,2.68,2.98,0.3,,,,,,10.93,112.9759,69.17
2018-08-08,1.91,2.68,2.96,0.28,,,,,,10.85,113.1411,66.92
2018-08-09,1.91,2.64,2.93,0.29,,,,,,11.27,113.3806,66.81
2018-08-10,1.91,2.61,2.87,0.26,,,,,,13.16,114.3005,67.61
2018-08-11,1.91,,,,,,,,,,,
2018-08-12,1.91,,,,,,,,,,,
2018-08-13,1.91,2.61,2.88,0.27,,,,,,14.78,114.851,67.25
2018-08-14,1.91,2.63,2.89,0.26,,,,,,13.31,114.658,67.04
2018-08-15,1.91,2.61,2.86,0.25,,,,,,14.64,115.1526,65.07
2018-08-16,1.92,2.63,2.87,0.24,,,,,,13.45,114.6416,65.44
2018-08-17,1.92,2.61,2.87,0.26,,,,,,12.64,114.5339,65.93
2018-08-18,1.92,,,,,,,,,,,
2018-08-19,1.92,,,,,,,,,,,
2018-08-20,1.92,2.60,2.82,0.22,,,,,,12.49,114.3504,66.5
2018-08-21,1.92,2.61,2.85,0.24,,,,,,12.86,113.8604,67.32
2018-08-22,1.92,2.60,2.82,0.22,,,,,,12.25,113.663,67.85
2018-08-23,1.92,2.61,2.82,0.21,,,,,,12.41,114.0932,69.13
2018-08-24,1.92,2.63,2.82,0.19,,,,,,11.99,113.5985,69.71
2018-08-25,1.92,,,,,,,,,,,
2018-08-26,1.92,,,,,,,,,,,
2018-08-27,1.92,2.67,2.85,0.18,,,,,,12.16,113.2721,69.97
2018-08-28,1.92,2.67,2.88,0.21,,,,,,12.5,113.3444,68.54
2018-08-29,1.92,2.67,2.89,0.22,,,,,,12.25,113.6461,69.68
2018-08-30,1.92,2.64,2.86,0.22,,,,,,13.53,114.0899,70.25
2018-08-31,1.91,2.62,2.86,0.24,,,,,,12.86,114.2755,69.84
2018-09-01,1.91,,,,252.182,258.368,102.205,3.7,149358,,,
2018-09-02,1.91,,,,,,,,,,,
2018-09-03,1.91,,,,,,,,,,,
2018-09-04,1.92,2.66,2.90,0.24,,,,,,13.16,114.8584,69.82
2018-09-05,1.92,2.66,2.90,0.24,,,,,,13.91,114.7477,68.69
2018-09-06,1.92,2.64,2.88,0.24,,,,,,14.65,114.6479,67.81
2018-09-07,1.92,2.71,2.94,0.23,,,,,,14.88,114.5816,67.73
2018-09-08,1.92,,,,,,,,,,,
2018-09-09,1.92,,,,,,,,,,,
2018-09-10,1.92,2.73,2.94,0.21,,,,,,14.16,114.6802,67.55
2018-09-11,1.92,2.76,2.98,0.22,,,,,,13.22,114.7051,69.29
2018-09-12,1.92,2.74,2.97,0.23,,,,,,13.14,114.2192,70.37
2018-09-13,1.92,2.76,2.97,0.21,,,,,,12.37,113.9268,68.6
2018-09-14,1.92,2.78,2.99,0.21,,,,,,12.07,114.0657,68.98
2018-09-15,1.92,,,,,,,,,,,
2018-09-16,1.92,,,,,,,,,,,
2018-09-17,1.92,2.78,2.99,0.21,,,,,,13.68,113.9158,68.86
2018-09-18,1.92,2.81,3.05,0.24,,,,,,12.79,113.7739,69.87
2018-09-19,1.92,2.81,3.08,0.27,,,,,,11.75,113.6532,71.08
2018-09-20,1.92,2.81,3.07,0.26,,,,,,11.8,113.4989,70.77
2018-09-21,1.92,2.81,3.07,0.26,,,,,,11.68,113.5099,70.8
2018-09-22,1.92,,,,,,,,,,,
2018-09-23,1.92,,,,,,,,,,,
2018-09-24,1.93,2.83,3.08,0.25,,,,,,12.2,113.5301,73.23
2018-09-25,1.93,2.83,3.10,0.27,,,,,,12.42,113.7202,73.4
2018-09-26,1.93,2.83,3.06,0.23,,,,,,12.89,113.6739,72.22
2018-09-27,2.18,2.83,3.06,0.23,,,,,,12.41,113.9784,72.18
2018-09-28,2.18,2.81,3.05,0.24,,,,,,12.12,113.8077,73.16
2018-09-29,2.18,,,,,,,,,,,
2018-09-30,2.18,,,,,,,,,,,
2018-10-01,2.18,2.82,3.09,0.27,252.772,258.917,102.366,3.8,149527,12.0,113.8235,75.37
2018-10-02,2.18,2.82,3.05,0.23,,,,,,12.05,113.8954,75.16
2018-10-03,2.18,2.85,3.15,0.3,,,,,,11.61,114.1569,76.4
2018-10-04,2.18,2.87,3.19,0.32,,,,,,14.22,114.6867,74.44
2018-10-05,2.18,2.88,3.23,0.35,,,,,,14.82,114.561,74.26
2018-10-06,2.18,,,,,,,,,,,
2018-10-07,2.18,,,,,,,,,,,
2018-10-08,2.18,,,,,,,,,15.69,,74.27
2018-10-09,2.18,2.88,3.21,0.33,,,,,,15.95,114.6583,74.95
2018-10-10,2.18,2.88,3.22,0.34,,,,,,22.96,114.6072,73.18
2018-10-11,2.18,2.85,3.14,0.29,,,,,,24.98,114.4074,70.97
2018-10-12,2.18,2.85,3.15,0.3,,,,,,21.31,114.3691,71.41
2018-10-13,2.18,,,,,,,,,,,
2018-10-14,2.18,,,,,,,,,,,
2018-10-15,2.18,2.85,3.16,0.31,,,,,,21.3,114.045,71.84
2018-10-16,2.18,2.87,3.16,0.29,,,,,,17.62,113.8963,71.93
2018-10-17,2.19,2.89,3.19,0.3,,,,,,17.4,114.1755,69.63
2018-10-18,2.19,2.87,3.17,0.3,,,,,,20.06,114.8164,68.63
2018-10-19,2.19,2.92,3.20,0.28,,,,,,19.89,114.8567,69.16
2018-10-20,2.19,,,,,,,,,,,
2018-10-21,2.19,,,,,,,,,,,
2018-10-22,2.19,2.92,3.20,0.28,,,,,,19.64,115.1782,69.25
2018-10-23,2.20,2.89,3.17,0.28,,,,,,20.71,115.1651,66.49
2018-10-24,2.20,2.84,3.10,0.26,,,,,,25.23,115.3755,66.56
2018-10-25,2.20,2.86,3.14,0.28,,,,,,24.22,115.4831,67.25
2018-10-26,2.20,2.81,3.08,0.27,,,,,,24.16,115.473,67.58
2018-10-27,2.20,,,,,,,,,,,
2018-10-28,2.20,,,,,,,,,,,
2018-10-29,2.20,2.81,3.08,0.27,,,,,,24.7,115.8936,67.0
2018-10-30,2.20,2.84,3.12,0.28,,,,,,23.35,116.2357,66.18
2018-10-31,2.20,2.87,3.15,0.28,,,,,,21.23,116.5281,65.31
2018-11-01,2.20,2.84,3.14,0.3,252.594,259.439,102.556,3.8,149617,19.34,115.8657,63.67
2018-11-02,2.19,2.91,3.22,0.31,,,,,,19.51,115.643,63.12
2018-11-03,2.19,,,,,,,,,,,
2018-11-04,2.19,,,,,,,,,,,
2018-11-05,2.20,2.91,3.20,0.29,,,,,,19.96,115.703,63.12
2018-11-06,2.20,2.93,3.22,0.29,,,,,,19.91,115.5622,62.16
2018-11-07,2.20,2.96,3.22,0.26,,,,,,16.36,115.2519,61.69
2018-11-08,2.20,2.98,3.24,0.26,,,,,,16.72,115.6478,60.71
2018-11-09,2.19,2.94,3.19,0.25,,,,,,17.36,116.4778,60.19
2018-11-10,2.19,,,,,,,,,,,
2018-11-11,2.19,,,,,,,,,,,
2018-11-12,2.19,,,,,,,,,20.45,,59.85
2018-11-13,2.20,2.89,3.14,0.25,,,,,,20.02,116.6694,55.63
2018-11-14,2.20,2.86,3.12,0.26,,,,,,21.25,116.498,56.16
2018-11-15,2.20,2.86,3.11,0.25,,,,,,19.98,116.3861,56.45
2018-11-16,2.20,2.81,3.08,0.27,,,,,,18.14,115.9258,56.49
2018-11-17,2.20,,,,,,,,,,,
2018-11-18,2.20,,,,,,,,,,,
2018-11-19,2.20,2.79,3.06,0.27,,,,,,20.1,115.9859,57.16
2018-11-20,2.20,2.79,3.06,0.27,,,,,,22.48,116.2367,53.39
2018-11-21,2.20,2.81,3.06,0.25,,,,,,20.8,116.092,54.41
2018-11-22,2.20,,,,,,,,,,,
2018-11-23,2.20,2.81,3.05,0.24,,,,,,21.52,116.4713,
2018-11-24,2.20,,,,,,,,,,,
2018-11-25,2.20,,,,,,,,,,,
2018-11-26,2.20,2.84,3.07,0.23,,,,,,18.9,116.6208,51.46
2018-11-27,2.20,2.83,3.06,0.23,,,,,,19.02,116.9001,51.31
2018-11-28,2.20,2.81,3.06,0.25,,,,,,18.49,116.8343,50.06
2018-11-29,2.20,2.81,3.03,0.22,,,,,,18.79,116.1961,51.46
2018-11-30,2.20,2.80,3.01,0.21,,,,,,18.07,116.413,50.78
2018-12-01,2.20,,,,252.767,260.063,102.735,3.9,149809,,,
2018-12-02,2.20,,,,,,,,,,,
2018-12-03,2.19,2.83,2.98,0.15,,,,,,16.44,115.9057,52.98
2018-12-04,2.20,2.80,2.91,0.11,,,,,,20.74,116.0028,53.21
2018-12-05,2.20,,,,,,,,,,,52.64
2018-12-06,2.20,2.75,2.87,0.12,,,,,,21.19,116.3991,51.54
2018-12-07,2.19,2.72,2.85,0.13,,,,,,23.23,116.0847,52.76
2018-12-08,2.19,,,,,,,,,,,
2018-12-09,2.19,,,,,,,,,,,
2018-12-10,2.20,2.72,2.85,0.13,,,,,,22.64,116.6746,51.07
2018-12-11,2.19,2.78,2.89,0.11,,,,,,21.76,116.7564,51.65
2018-12-12,2.19,2.77,2.91,0.14,,,,,,21.46,116.2214,51.04
2018-12-13,2.19,2.75,2.91,0.16,,,,,,20.65,116.3974,52.69
2018-12-14,2.19,2.73,2.89,0.16,,,,,,21.63,116.79,51.26
2018-12-15,2.19,,,,,,,,,,,
2018-12-16,2.19,,,,,,,,,,,
2018-12-17,2.20,2.70,2.86,0.16,,,,,,24.52,116.4532,49.8
2018-12-18,2.20,2.65,2.82,0.17,,,,,,25.58,116.4127,46.12
2018-12-19,2.20,2.63,2.77,0.14,,,,,,25.58,116.0676,47.96
2018-12-20,2.40,2.67,2.79,0.12,,,,,,28.38,116.0183,45.64
2018-12-21,2.40,2.63,2.79,0.16,,,,,,30.11,116.2227,45.38
2018-12-22,2.40,,,,,,,,,,,
2018-12-23,2.40,,,,,,,,,,,
2018-12-24,2.40,2.55,2.74,0.19,,,,,,36.07,116.2182,
2018-12-25,2.40,,,,,,,,,,,
2018-12-26,2.40,2.61,2.81,0.2,,,,,,30.41,116.1162,46.04
2018-12-27,2.40,2.56,2.77,0.21,,,,,,29.96,115.9927,44.48
2018-12-28,2.40,2.52,2.72,0.2,,,,,,28.34,115.7232,45.15
2018-12-29,2.40,,,,,,,,,,,
2018-12-30,2.40,,,,,,,,,,,
2018-12-31,2.40,2.48,2.69,0.21,,,,,,25.42,115.5674,
2019-01-01,2.40,,,,252.561,260.766,102.87,4.0,150060,,,
2019-01-02,2.40,2.50,2.66,0.16,,,,,,23.22,115.7689,46.31
2019-01-03,2.40,2.39,2.56,0.17,,,,,,25.45,115.4622,46.92
2019-01-04,2.40,2.50,2.67,0.17,,,,,,21.38,114.9821,47.76
2019-01-05,2.40,,,,,,,,,,,
2019-01-06,2.40,,,,,,,,,,,
2019-01-07,2.40,2.53,2.70,0.17,,,,,,21.4,114.5628,48.27
2019-01-08,2.40,2.58,2.73,0.15,,,,,,20.47,114.7281,49.58
2019-01-09,2.40,2.56,2.74,0.18,,,,,,19.98,114.1406,52.19
2019-01-10,2.40,2.56,2.74,0.18,,,,,,19.5,114.0496,52.42
2019-01-11,2.40,2.55,2.71,0.16,,,,,,18.19,114.0404,51.44
2019-01-12,2.40,,,,,,,,,,,
2019-01-13,2.40,,,,,,,,,,,
2019-01-14,2.40,2.53,2.71,0.18,,,,,,19.07,,50.31
2019-01-15,2.40,2.53,2.72,0.19,,,,,,18.6,114.3402,51.8
2019-01-16,2.40,2.55,2.73,0.18,,,,,,19.04,114.137,52.08
2019-01-17,2.40,2.56,2.75,0.19,,,,,,18.06,114.4115,51.83
2019-01-18,2.40,2.62,2.79,0.17,,,,,,17.8,114.558,53.6
2019-01-19,2.40,,,,,,,,,,,
2019-01-20,2.40,,,,,,,,,,,
2019-01-21,2.40,,,,,,,,,,,
2019-01-22,2.40,2.58,2.74,0.16,,,,,,20.8,114.7541,52.59
2019-01-23,2.40,2.58,2.76,0.18,,,,,,19.52,114.5759,52.44
2019-01-24,2.40,2.56,2.72,0.16,,,,,,18.89,114.617,52.94
2019-01-25,2.40,2.60,2.76,0.16,,,,,,17.42,114.0197,53.53
2019-01-26,2.40,,,,,,,,,,,
2019-01-27,2.40,,,,,,,,,,,
2019-01-28,2.40,2.60,2.75,0.15,,,,,,18.87,114.0522,51.79
2019-01-29,2.40,2.56,2.72,0.16,,,,,,19.13,114.026,53.07
2019-01-30,2.40,2.52,2.70,0.18,,,,,,17.66,114.0731,54.18
2019-01-31,2.40,2.45,2.63,0.18,,,,,,16.57,113.5504,53.84
2019-02-01,2.40,2.52,2.70,0.18,253.319,261.186,102.963,3.8,150067,16.14,113.7548,55.29
2019-02-02,2.40,,,,,,,,,,,
2019-02-03,2.40,,,,,,,,,,,
2019-02-04,2.40,2.53,2.73,0.2,,,,,,15.73,113.8766,54.57
2019-02-05,2.40,2.53,2.71,0.18,,,,,,15.57,114.0431,53.69
2019-02-06,2.40,2.52,2.70,0.18,,,,,,15.38,114.2305,53.94
2019-02-07,2.40,2.48,2.65,0.17,,,,,,16.37,114.4339,52.68
2019-02-08,2.40,2.45,2.63,0.18,,,,,,15.72,114.5003,52.75
2019-02-09,2.40,,,,,,,,,,,
2019-02-10,2.40,,,,,,,,,,,
2019-02-11,2.40,2.48,2.65,0.17,,,,,,15.97,115.031,52.43
2019-02-12,2.40,2.50,2.68,0.18,,,,,,15.43,114.7297,53.14
2019-02-13,2.40,2.53,2.71,0.18,,,,,,15.65,114.9407,53.84
2019-02-14,2.40,2.50,2.66,0.16,,,,,,16.22,115.1007,54.4
2019-02-15,2.40,2.52,2.66,0.14,,,,,,14.91,114.9923,55.58
2019-02-16,2.40,,,,,,,,,,,
2019-02-17,2.40,,,,,,,,,,,
2019-02-18,2.40,,,,,,,,,,,
2019-02-19,2.40,2.50,2.65,0.15,,,,,,14.88,114.57,56.12
2019-02-20,2.40,2.50,2.65,0.15,,,,,,14.02,,56.9
2019-02-21,2.40,2.53,2.69,0.16,,,,,,14.46,114.5091,56.95
2019-02-22,2.40,2.48,2.65,0.17,,,,,,13.51,114.2716,57.01
2019-02-23,2.40,,,,,,,,,,,
2019-02-24,2.40,,,,,,,,,,,
2019-02-25,2.40,2.51,2.67,0.16,,,,,,14.85,114.1457,55.32
2019-02-26,2.40,2.48,2.64,0.16,,,,,,15.17,114.0687,55.4
2019-02-27,2.40,2.50,2.69,0.19,,,,,,14.7,114.0363,56.92
2019-02-28,2.40,2.52,2.73,0.21,,,,,,14.78,114.1991,57.21
2019-03-01,2.40,2.55,2.76,0.21,254.277,261.567,103.058,3.8,150295,13.57,114.537,55.76
2019-03-02,2.40,,,,,,,,,,,
2019-03-03,2.40,,,,,,,,,,,
2019-03-04,2.40,2.55,2.72,0.17,,,,,,14.63,114.6925,56.6
2019-03-05,2.40,2.55,2.72,0.17,,,,,,14.74,114.804,56.55
2019-03-06,2.40,2.52,2.69,0.17,,,,,,15.74,114.9714,56.22
2019-03-07,2.40,2.47,2.64,0.17,,,,,,16.59,115.4919,56.6
2019-03-08,2.40,2.45,2.62,0.17,,,,,,16.05,115.3599,55.77
2019-03-09,2.40,,,,,,,,,,,
2019-03-10,2.40,,,,,,,,,,,
2019-03-11,2.40,2.47,2.64,0.17,,,,,,14.33,115.2967,56.79
2019-03-12,2.40,2.45,2.61,0.16,,,,,,13.77,114.939,56.89
2019-03-13,2.40,2.45,2.61,0.16,,,,,,13.41,114.7372,58.27
2019-03-14,2.40,2.46,2.63,0.17,,,,,,13.5,114.79,58.59
2019-03-15,2.40,2.43,2.59,0.16,,,,,,12.88,114.5815,58.51
2019-03-16,2.40,,,,,,,,,,,
2019-03-17,2.40,,,,,,,,,,,
2019-03-18,2.40,2.45,2.60,0.15,,,,,,13.1,114.4375,59.09
2019-03-19,2.40,2.46,2.61,0.15,,,,,,13.56,114.2324,59.12
2019-03-20,2.41,2.40,2.54,0.14,,,,,,13.91,114.1509,60.12
2019-03-21,2.41,2.41,2.54,0.13,,,,,,13.63,114.1684,59.98
2019-03-22,2.41,2.31,2.44,0.13,,,,,,16.48,114.6856,58.87
2019-03-23,2.41,,,,,,,,,,,
2019-03-24,2.41,,,,,,,,,,,
2019-03-25,2.40,2.26,2.43,0.17,,,,,,16.33,114.4171,58.71
2019-03-26,2.40,2.24,2.41,0.17,,,,,,14.68,114.6414,59.87
2019-03-27,2.41,2.22,2.39,0.17,,,,,,15.15,115.1243,59.39
2019-03-28,2.41,2.23,2.39,0.16,,,,,,14.43,115.2581,59.29
2019-03-29,2.43,2.27,2.41,0.14,,,,,,13.71,115.1371,60.19
2019-03-30,2.43,,,,,,,,,,,
2019-03-31,2.43,,,,,,,,,,,
2019-04-01,2.41,2.33,2.49,0.16,255.233,261.997,103.265,3.7,150591,13.4,114.9362,61.59
2019-04-02,2.41,2.30,2.48,0.18,,,,,,13.36,115.1173,62.53
2019-04-03,2.41,2.33,2.52,0.19,,,,,,13.74,114.7211,62.46
2019-04-04,2.41,2.33,2.51,0.18,,,,,,13.58,114.9697,62.12
2019-04-05,2.41,2.35,2.50,0.15,,,,,,12.82,114.9726,63.1
2019-04-06,2.41,,,,,,,,,,,
2019-04-07,2.41,,,,,,,,,,,
2019-04-08,2.41,2.36,2.52,0.16,,,,,,13.18,114.6893,64.37
2019-04-09,2.41,2.35,2.51,0.16,,,,,,14.28,114.5321,64.05
2019-04-10,2.41,2.31,2.48,0.17,,,,,,13.3,114.4269,64.62
2019-04-11,2.41,2.35,2.51,0.16,,,,,,13.02,114.6303,63.61
2019-04-12,2.41,2.40,2.56,0.16,,,,,,12.01,114.3531,63.86
2019-04-13,2.41,,,,,,,,,,,
2019-04-14,2.41,,,,,,,,,,,
2019-04-15,2.41,2.40,2.55,0.15,,,,,,12.32,114.495,63.43
2019-04-16,2.41,2.41,2.60,0.19,,,,,,12.18,114.6756,64.01
2019-04-17,2.42,2.40,2.59,0.19,,,,,,12.6,114.5141,63.74
2019-04-18,2.43,2.38,2.57,0.19,,,,,,12.09,114.7073,64.02
2019-04-19,2.44,,,,,,,,,,114.6977,
2019-04-20,2.44,,,,,,,,,,,
2019-04-21,2.44,,,,,,,,,,,
2019-04-22,2.44,2.38,2.59,0.21,,,,,,12.42,114.7694,65.66
2019-04-23,2.44,2.36,2.57,0.21,,,,,,12.28,115.1578,66.24
2019-04-24,2.44,2.32,2.53,0.21,,,,,,13.14,115.4187,65.96
2019-04-25,2.44,2.33,2.54,0.21,,,,,,13.25,115.7709,65.23
2019-04-26,2.44,2.28,2.51,0.23,,,,,,12.73,115.4767,63.29
2019-04-27,2.44,,,,,,,,,,,
2019-04-28,2.44,,,,,,,,,,,
2019-04-29,2.45,2.30,2.54,0.24,,,,,,13.11,115.5227,63.39
2019-04-30,2.45,2.27,2.51,0.24,,,,,,13.12,115.3281,63.83
2019-05-01,2.45,2.31,2.52,0.21,255.296,262.217,103.371,3.6,150618,14.8,115.0022,63.55
2019-05-02,2.41,2.35,2.55,0.2,,,,,,14.42,115.5617,61.75
2019-05-03,2.40,2.33,2.54,0.21,,,,,,12.87,115.2646,61.98
2019-05-04,2.40,,,,,,,,,,,
2019-05-05,2.40,,,,,,,,,,,
2019-05-06,2.40,2.31,2.51,0.2,,,,,,15.44,115.3811,62.3
2019-05-07,2.40,2.28,2.45,0.17,,,,,,19.32,115.6116,61.41
2019-05-08,2.39,2.30,2.49,0.19,,,,,,19.4,115.5171,62.13
2019-05-09,2.38,2.26,2.45,0.19,,,,,,19.1,115.8421,61.58
2019-05-10,2.38,2.26,2.47,0.21,,,,,,16.04,115.5334,61.65
2019-05-11,2.38,,,,,,,,,,,
2019-05-12,2.38,,,,,,,,,,,
2019-05-13,2.38,2.18,2.40,0.22,,,,,,20.55,115.915,60.97
2019-05-14,2.38,2.20,2.42,0.22,,,,,,18.06,115.9425,61.82
2019-05-15,2.40,2.16,2.37,0.21,,,,,,16.44,115.8565,62.03
2019-05-16,2.39,2.20,2.40,0.2,,,,,,15.29,116.0346,62.93
2019-05-17,2.39,2.20,2.39,0.19,,,,,,15.96,116.448,62.77
2019-05-18,2.39,,,,,,,,,,,
2019-05-19,2.39,,,,,,,,,,,
2019-05-20,2.39,2.21,2.41,0.2,,,,,,16.31,116.3119,63.12
2019-05-21,2.39,2.26,2.43,0.17,,,,,,14.95,116.2844,63.02
2019-05-22,2.38,2.23,2.39,0.16,,,,,,14.75,116.2412,61.42
2019-05-23,2.38,2.12,2.31,0.19,,,,,,16.92,116.2368,57.65
2019-05-24,2.38,2.16,2.32,0.16,,,,,,15.85,116.0806,58.4
2019-05-25,2.38,,,,,,,,,,,
2019-05-26,2.38,,,,,,,,,,,
2019-05-27,2.38,,,,,,,,,,,
2019-05-28,2.39,2.12,2.26,0.14,,,,,,17.5,116.3174,58.91
2019-05-29,2.39,2.09,2.25,0.16,,,,,,17.9,116.5535,58.84
2019-05-30,2.39,2.06,2.22,0.16,,,,,,17.3,116.3989,56.47
2019-05-31,2.40,1.95,2.14,0.19,,,,,,18.71,116.7273,53.49
2019-06-01,2.40,,,,255.213,262.739,103.56,3.6,150838,,,
2019-06-02,2.40,,,,,,,,,,,
2019-06-03,2.38,1.82,2.07,0.25,,,,,,18.86,116.4764,53.25
2019-06-04,2.38,1.88,2.12,0.24,,,,,,16.97,116.091,53.5
2019-06-05,2.38,1.83,2.12,0.29,,,,,,16.09,116.03,51.57
2019-06-06,2.37,1.88,2.12,0.24,,,,,,15.93,115.9771,52.59
2019-06-07,2.37,1.85,2.09,0.24,,,,,,16.3,115.7368,53.95
2019-06-08,2.37,,,,,,,,,,,
2019-06-09,2.37,,,,,,,,,,,
2019-06-10,2.37,1.90,2.15,0.25,,,,,,15.94,115.5001,53.33
2019-06-11,2.37,1.93,2.15,0.22,,,,,,15.99,115.3794,53.3
2019-06-12,2.37,1.88,2.13,0.25,,,,,,15.91,115.438,51.13
2019-06-13,2.37,1.83,2.10,0.27,,,,,,15.82,115.6275,52.38
2019-06-14,2.36,1.84,2.09,0.25,,,,,,15.28,115.9057,52.47
2019-06-15,2.36,,,,,,,,,,,
2019-06-16,2.36,,,,,,,,,,,
2019-06-17,2.38,1.86,2.09,0.23,,,,,,15.35,115.9684,51.94
2019-06-18,2.37,1.86,2.06,0.2,,,,,,15.15,115.8797,53.86
2019-06-19,2.37,1.74,2.03,0.29,,,,,,14.33,115.7889,53.74
2019-06-20,2.37,1.72,2.01,0.29,,,,,,14.75,114.8046,56.88
2019-06-21,2.38,1.77,2.07,0.3,,,,,,15.4,114.8377,57.35
2019-06-22,2.38,,,,,,,,,,,
2019-06-23,2.38,,,,,,,,,,,
2019-06-24,2.38,1.72,2.02,0.3,,,,,,15.26,114.6559,57.73
2019-06-25,2.38,1.71,2.00,0.29,,,,,,16.28,114.6363,57.63
2019-06-26,2.38,1.77,2.05,0.28,,,,,,16.21,114.5608,59.17
2019-06-27,2.38,1.74,2.01,0.27,,,,,,15.82,114.665,59.18
2019-06-28,2.40,1.75,2.00,0.25,,,,,,15.08,114.5821,58.2
2019-06-29,2.40,,,,,,,,,,,
2019-06-30,2.40,,,,,,,,,,,
2019-07-01,2.39,1.78,2.03,0.25,255.802,263.280,103.678,3.7,150937,14.06,114.7239,58.91
2019-07-02,2.40,1.77,1.98,0.21,,,,,,12.93,114.8258,56.0
2019-07-03,2.41,1.77,1.96,0.19,,,,,,12.57,114.8135,57.06
2019-07-04,2.41,,,,,,,,,,,
2019-07-05,2.42,1.87,2.04,0.17,,,,,,13.28,115.1132,
2019-07-06,2.42,,,,,,,,,,,
2019-07-07,2.42,,,,,,,,,,,
2019-07-08,2.41,1.88,2.05,0.17,,,,,,13.96,115.0254,57.35
2019-07-09,2.41,1.92,2.07,0.15,,,,,,14.09,115.1017,57.57
2019-07-10,2.41,1.82,2.07,0.25,,,,,,13.03,115.0879,60.28
2019-07-11,2.40,1.85,2.13,0.28,,,,,,12.93,114.8361,59.93
2019-07-12,2.38,1.84,2.12,0.28,,,,,,12.39,114.7685,59.99
2019-07-13,2.38,,,,,,,,,,,
2019-07-14,2.38,,,,,,,,,,,
2019-07-15,2.40,1.83,2.09,0.26,,,,,,12.68,114.6819,59.3
2019-07-16,2.41,1.87,2.13,0.26,,,,,,12.86,115.0111,57.44
2019-07-17,2.41,1.83,2.06,0.23,,,,,,13.97,114.8819,56.5
2019-07-18,2.41,1.77,2.04,0.27,,,,,,13.53,114.8744,55.08
2019-07-19,2.41,1.80,2.05,0.25,,,,,,14.45,114.8695,55.42
2019-07-20,2.41,,,,,,,,,,,
2019-07-21,2.41,,,,,,,,,,,
2019-07-22,2.40,1.80,2.05,0.25,,,,,,13.53,115.0018,55.87
2019-07-23,2.40,1.83,2.08,0.25,,,,,,12.61,115.2995,56.58
2019-07-24,2.40,1.83,2.05,0.22,,,,,,12.07,115.2436,55.9
2019-07-25,2.40,1.86,2.08,0.22,,,,,,12.74,115.2982,55.88
2019-07-26,2.40,1.86,2.08,0.22,,,,,,12.16,115.5449,56.04
2019-07-27,2.40,,,,,,,,,,,
2019-07-28,2.40,,,,,,,,,,,
2019-07-29,2.40,1.85,2.06,0.21,,,,,,12.83,115.5885,56.85
2019-07-30,2.39,1.85,2.06,0.21,,,,,,13.94,115.6211,58.04
2019-07-31,2.40,1.89,2.02,0.13,,,,,,16.12,115.4946,58.53
2019-08-01,2.14,1.73,1.90,0.17,256.036,263.877,103.797,3.6,151169,17.87,116.0499,53.64
2019-08-02,2.14,1.72,1.86,0.14,,,,,,17.61,116.1864,55.67
2019-08-03,2.14,,,,,,,,,,,
2019-08-04,2.14,,,,,,,,,,,
2019-08-05,2.13,1.59,1.75,0.16,,,,,,24.59,116.5851,54.63
2019-08-06,2.13,1.60,1.73,0.13,,,,,,20.17,116.6904,53.6
2019-08-07,2.12,1.59,1.71,0.12,,,,,,19.49,116.7987,51.14
2019-08-08,2.12,1.62,1.72,0.1,,,,,,16.91,116.474,52.6
2019-08-09,2.12,1.63,1.74,0.11,,,,,,17.97,116.4419,54.41
2019-08-10,2.12,,,,,,,,,,,
2019-08-11,2.12,,,,,,,,,,,
2019-08-12,2.12,1.58,1.65,0.07,,,,,,21.09,116.7548,54.98
2019-08-13,2.12,1.66,1.68,0.02,,,,,,17.52,116.7267,57.05
2019-08-14,2.12,1.58,1.59,0.01,,,,,,22.1,117.0913,55.16
2019-08-15,2.13,1.48,1.52,0.04,,,,,,21.18,117.2239,54.51
2019-08-16,2.13,1.48,1.55,0.07,,,,,,18.47,117.0786,54.83
2019-08-17,2.13,,,,,,,,,,,
2019-08-18,2.13,,,,,,,,,,,
2019-08-19,2.13,1.53,1.60,0.07,,,,,,16.88,117.3886,56.24
2019-08-20,2.13,1.50,1.55,0.05,,,,,,17.5,117.3726,56.18
2019-08-21,2.12,1.56,1.59,0.03,,,,,,15.8,117.1764,55.65
2019-08-22,2.12,1.61,1.62,0.01,,,,,,16.68,117.3558,55.33
2019-08-23,2.12,1.51,1.52,0.01,,,,,,19.87,117.3009,54.08
2019-08-24,2.12,,,,,,,,,,,
2019-08-25,2.12,,,,,,,,,,,
2019-08-26,2.12,1.54,1.54,0.0,,,,,,19.32,117.6658,53.54
2019-08-27,2.12,1.53,1.49,-0.04,,,,,,20.31,117.75,54.99
2019-08-28,2.12,1.50,1.47,-0.03,,,,,,19.35,117.8767,55.76
2019-08-29,2.12,1.53,1.50,-0.03,,,,,,17.88,118.0625,56.67
2019-08-30,2.13,1.50,1.50,0.0,,,,,,18.98,118.1575,55.07
2019-08-31,2.13,,,,,,,,,,,
2019-09-01,2.13,,,,256.430,264.388,103.873,3.5,151365,,,
2019-09-02,2.13,,,,,,,,,,,
2019-09-03,2.13,1.47,1.47,0.0,,,,,,19.66,118.3113,53.91
2019-09-04,2.13,1.43,1.47,0.04,,,,,,17.33,117.6729,56.22
2019-09-05,2.13,1.55,1.57,0.02,,,,,,16.27,117.4776,56.33
2019-09-06,2.12,1.53,1.55,0.02,,,,,,15.0,117.1292,56.45
2019-09-07,2.12,,,,,,,,,,,
2019-09-08,2.12,,,,,,,,,,,
2019-09-09,2.13,1.58,1.63,0.05,,,,,,15.27,117.0601,57.88
2019-09-10,2.13,1.67,1.72,0.05,,,,,,15.2,117.0887,57.37
2019-09-11,2.13,1.68,1.75,0.07,,,,,,14.61,117.3125,55.66
2019-09-12,2.13,1.72,1.79,0.07,,,,,,14.22,116.8375,55.13
2019-09-13,2.14,1.79,1.90,0.11,,,,,,13.74,116.7677,54.76
2019-09-14,2.14,,,,,,,,,,,
2019-09-15,2.14,,,,,,,,,,,
2019-09-16,2.25,1.74,1.84,0.1,,,,,,14.67,117.0251,63.1
2019-09-17,2.30,1.72,1.81,0.09,,,,,,14.44,116.9826,59.26
2019-09-18,2.25,1.77,1.80,0.03,,,,,,13.95,116.9766,58.19
2019-09-19,1.90,1.74,1.79,0.05,,,,,,14.05,117.0861,58.19
2019-09-20,1.90,1.69,1.74,0.05,,,,,,15.32,117.1819,57.92
2019-09-21,1.90,,,,,,,,,,,
2019-09-22,1.90,,,,,,,,,,,
2019-09-23,1.90,1.68,1.72,0.04,,,,,,14.91,117.2986,58.69
2019-09-24,1.90,1.60,1.64,0.04,,,,,,17.05,117.2227,57.22
2019-09-25,1.90,1.68,1.73,0.05,,,,,,15.96,117.6527,56.38
2019-09-26,1.85,1.66,1.70,0.04,,,,,,16.07,117.7267,56.24
2019-09-27,1.83,1.63,1.69,0.06,,,,,,17.22,117.7218,55.95
2019-09-28,1.83,,,,,,,,,,,
2019-09-29,1.83,,,,,,,,,,,
2019-09-30,1.90,1.63,1.68,0.05,,,,,,16.24,117.9461,54.09
2019-10-01,1.88,1.56,1.65,0.09,257.155,264.970,104.028,3.6,151460,18.56,117.9595,53.6
2019-10-02,1.85,1.48,1.60,0.12,,,,,,20.56,117.9671,52.67
2019-10-03,1.83,1.39,1.54,0.15,,,,,,19.12,117.6608,52.41
2019-10-04,1.82,1.40,1.52,0.12,,,,,,17.04,117.5288,52.84
2019-10-05,1.82,,,,,,,,,,,
2019-10-06,1.82,,,,,,,,,,,
2019-10-07,1.82,1.46,1.56,0.1,,,,,,17.86,117.5533,52.76
2019-10-08,1.82,1.42,1.54,0.12,,,,,,20.28,117.7407,52.64
2019-10-09,1.82,1.47,1.59,0.12,,,,,,18.64,117.6835,52.63
2019-10-10,1.82,1.53,1.67,0.14,,,,,,17.57,117.2801,53.57
2019-10-11,1.82,1.63,1.76,0.13,,,,,,15.58,116.8239,54.76
2019-10-12,1.82,,,,,,,,,,,
2019-10-13,1.82,,,,,,,,,,,
2019-10-14,1.82,,,,,,,,,14.57,,53.57
2019-10-15,1.90,1.61,1.77,0.16,,,,,,13.54,116.8111,52.81
2019-10-16,1.90,1.58,1.75,0.17,,,,,,13.68,116.6425,53.42
2019-10-17,1.85,1.60,1.76,0.16,,,,,,13.79,116.2615,53.89
2019-10-18,1.85,1.58,1.76,0.18,,,,,,14.25,116.1344,53.75
2019-10-19,1.85,,,,,,,,,,,
2019-10-20,1.85,,,,,,,,,,,
2019-10-21,1.85,1.62,1.80,0.18,,,,,,14.0,116.0436,53.28
2019-10-22,1.85,1.60,1.78,0.18,,,,,,14.46,115.9851,54.21
2019-10-23,1.85,1.58,1.77,0.19,,,,,,14.01,116.0586,55.9
2019-10-24,1.85,1.58,1.77,0.19,,,,,,13.71,116.1278,56.11
2019-10-25,1.83,1.63,1.80,0.17,,,,,,12.65,116.0774,56.52
2019-10-26,1.83,,,,,,,,,,,
2019-10-27,1.83,,,,,,,,,,,
2019-10-28,1.83,1.64,1.85,0.21,,,,,,13.11,116.0222,55.6
2019-10-29,1.82,1.64,1.84,0.2,,,,,,13.2,115.9797,55.34
2019-10-30,1.82,1.61,1.78,0.17,,,,,,12.33,116.1636,54.85
2019-10-31,1.58,1.52,1.69,0.17,,,,,,13.22,115.9125,54.02
2019-11-01,1.57,1.56,1.73,0.17,257.879,265.548,104.092,3.6,151667,12.3,115.7312,56.04
2019-11-02,1.57,,,,,,,,,,,
2019-11-03,1.57,,,,,,,,,,,
2019-11-04,1.56,1.60,1.79,0.19,,,,,,12.83,115.8624,56.33
2019-11-05,1.56,1.63,1.86,0.23,,,,,,13.1,116.1138,57.04
2019-11-06,1.55,1.61,1.81,0.2,,,,,,12.62,116.1004,56.15
2019-11-07,1.55,1.68,1.92,0.24,,,,,,12.73,116.1172,56.91
2019-11-08,1.55,1.68,1.94,0.26,,,,,,12.07,116.3436,57.02
2019-11-09,1.55,,,,,,,,,,,
2019-11-10,1.55,,,,,,,,,,,
2019-11-11,1.55,,,,,,,,,12.69,,
2019-11-12,1.55,1.66,1.92,0.26,,,,,,12.68,116.5837,56.67
2019-11-13,1.55,1.63,1.88,0.25,,,,,,13.0,116.8397,56.88
2019-11-14,1.55,1.58,1.82,0.24,,,,,,13.05,116.8022,56.57
2019-11-15,1.55,1.61,1.84,0.23,,,,,,12.05,116.4401,57.54
2019-11-16,1.55,,,,,,,,,,,
2019-11-17,1.55,,,,,,,,,,,
2019-11-18,1.55,1.60,1.81,0.21,,,,,,12.46,116.3625,56.82
2019-11-19,1.55,1.60,1.79,0.19,,,,,,12.86,116.5391,54.93
2019-11-20,1.55,1.56,1.73,0.17,,,,,,12.78,116.828,56.71
2019-11-21,1.55,1.60,1.77,0.17,,,,,,13.13,116.7435,58.36
2019-11-22,1.55,1.61,1.77,0.16,,,,,,12.34,116.9137,57.68
2019-11-23,1.55,,,,,,,,,,,
2019-11-24,1.55,,,,,,,,,,,
2019-11-25,1.55,1.61,1.76,0.15,,,,,,11.87,117.0098,57.79
2019-11-26,1.55,1.58,1.74,0.16,,,,,,11.54,117.0513,58.25
2019-11-27,1.55,1.63,1.77,0.14,,,,,,11.75,117.1273,58.12
2019-11-28,1.55,,,,,,,,,,,
2019-11-29,1.56,1.61,1.78,0.17,,,,,,12.62,117.1204,58.12
2019-11-30,1.56,,,,,,,,,,,
2019-12-01,1.56,,,,258.630,266.020,104.322,3.6,151794,,,
2019-12-02,1.56,1.61,1.83,0.22,,,,,,14.91,116.9647,55.97
2019-12-03,1.55,1.53,1.72,0.19,,,,,,15.96,116.8898,56.15
2019-12-04,1.55,1.58,1.77,0.19,,,,,,14.8,116.692,58.46
2019-12-05,1.55,1.58,1.80,0.22,,,,,,14.52,116.3838,58.42
2019-12-06,1.55,1.61,1.84,0.23,,,,,,13.62,116.5381,59.2
2019-12-07,1.55,,,,,,,,,,,
2019-12-08,1.55,,,,,,,,,,,
2019-12-09,1.55,1.63,1.83,0.2,,,,,,15.86,116.3283,58.99
2019-12-10,1.55,1.65,1.85,0.2,,,,,,15.68,116.2542,59.22
2019-12-11,1.55,1.61,1.79,0.18,,,,,,14.99,116.1478,58.74
2019-12-12,1.55,1.66,1.90,0.24,,,,,,13.94,115.8741,59.18
2019-12-13,1.55,1.61,1.82,0.21,,,,,,12.63,115.6967,60.11
2019-12-14,1.55,,,,,,,,,,,
2019-12-15,1.55,,,,,,,,,,,
2019-12-16,1.56,1.65,1.89,0.24,,,,,,12.14,115.555,60.21
2019-12-17,1.55,1.63,1.89,0.26,,,,,,12.29,115.5553,60.88
2019-12-18,1.55,1.63,1.92,0.29,,,,,,12.58,115.6618,60.93
2019-12-19,1.55,1.62,1.92,0.3,,,,,,12.5,115.5988,61.3
2019-12-20,1.55,1.63,1.92,0.29,,,,,,12.51,115.7598,60.43
2019-12-21,1.55,,,,,,,,,,,
2019-12-22,1.55,,,,,,,,,,,
2019-12-23,1.55,1.64,1.93,0.29,,,,,,12.61,115.8059,60.51
2019-12-24,1.55,1.62,1.90,0.28,,,,,,12.67,,61.17
2019-12-25,1.55,,,,,,,,,,,
2019-12-26,1.55,1.64,1.90,0.26,,,,,,12.65,115.634,61.72
2019-12-27,1.55,1.59,1.88,0.29,,,,,,13.43,115.22,61.76
2019-12-28,1.55,,,,,,,,,,,
2019-12-29,1.55,,,,,,,,,,,
2019-12-30,1.55,1.58,1.90,0.32,,,,,,14.82,114.9631,61.66
2019-12-31,1.55,1.58,1.92,0.34,,,,,,13.78,114.669,61.14
2020-01-01,1.55,,,,259.127,266.716,104.507,3.6,152031,,,
2020-01-02,1.55,1.58,1.88,0.3,,,,,,12.47,114.9745,61.17
2020-01-03,1.55,1.53,1.80,0.27,,,,,,14.02,114.9867,63.0
2020-01-04,1.55,,,,,,,,,,,
2020-01-05,1.55,,,,,,,,,,,
2020-01-06,1.55,1.54,1.81,0.27,,,,,,13.85,114.9557,63.27
2020-01-07,1.55,1.54,1.83,0.29,,,,,,13.79,115.1477,62.7
2020-01-08,1.55,1.58,1.87,0.29,,,,,,13.45,115.1328,59.65
2020-01-09,1.55,1.58,1.85,0.27,,,,,,12.54,115.2331,59.56
2020-01-10,1.54,1.56,1.83,0.27,,,,,,12.56,115.0677,59.02
2020-01-11,1.54,,,,,,,,,,,
2020-01-12,1.54,,,,,,,,,,,
2020-01-13,1.54,1.58,1.85,0.27,,,,,,12.32,115.0342,58.17
2020-01-14,1.54,1.58,1.82,0.24,,,,,,12.39,115.0239,58.34
2020-01-15,1.54,1.56,1.79,0.23,,,,,,12.42,114.9528,57.86
2020-01-16,1.54,1.58,1.81,0.23,,,,,,12.32,115.0006,58.52
2020-01-17,1.55,1.58,1.84,0.26,,,,,,12.1,115.0656,58.55
2020-01-18,1.55,,,,,,,,,,,
2020-01-19,1.55,,,,,,,,,,,
2020-01-20,1.55,,,,,,,,,,,
2020-01-21,1.55,1.53,1.78,0.25,,,,,,12.85,115.1876,58.25
2020-01-22,1.55,1.53,1.77,0.24,,,,,,12.91,115.2273,56.76
2020-01-23,1.55,1.51,1.74,0.23,,,,,,12.98,115.5545,55.51
2020-01-24,1.55,1.49,1.70,0.21,,,,,,14.56,115.5556,54.09
2020-01-25,1.55,,,,,,,,,,,
2020-01-26,1.55,,,,,,,,,,,
2020-01-27,1.55,1.44,1.61,0.17,,,,,,18.23,115.8004,53.09
2020-01-28,1.55,1.45,1.65,0.2,,,,,,16.28,115.7239,53.33
2020-01-29,1.55,1.42,1.60,0.18,,,,,,16.39,115.7003,53.29
2020-01-30,1.60,1.41,1.57,0.16,,,,,,15.49,115.8077,52.19
2020-01-31,1.59,1.33,1.51,0.18,,,,,,18.84,115.7345,51.58
2020-02-01,1.59,,,,259.250,267.370,104.711,3.5,152293,,,
2020-02-02,1.59,,,,,,,,,,,
2020-02-03,1.59,1.36,1.54,0.18,,,,,,17.97,116.1172,50.06
2020-02-04,1.59,1.41,1.61,0.2,,,,,,16.05,115.9291,49.59
2020-02-05,1.59,1.44,1.66,0.22,,,,,,15.15,116.009,50.87
2020-02-06,1.59,1.44,1.65,0.21,,,,,,14.96,116.1518,50.94
2020-02-07,1.58,1.41,1.59,0.18,,,,,,15.47,116.5086,50.34
2020-02-08,1.58,,,,,,,,,,,
2020-02-09,1.58,,,,,,,,,,,
2020-02-10,1.58,1.37,1.56,0.19,,,,,,15.04,116.5711,49.59
2020-02-11,1.58,1.41,1.59,0.18,,,,,,15.18,116.3585,50.0
2020-02-12,1.58,1.44,1.62,0.18,,,,,,13.74,116.2794,51.13
2020-02-13,1.58,1.44,1.61,0.17,,,,,,14.15,116.3999,51.41
2020-02-14,1.58,1.42,1.59,0.17,,,,,,13.68,116.4223,52.03
2020-02-15,1.58,,,,,,,,,,,
2020-02-16,1.58,,,,,,,,,,,
2020-02-17,1.58,,,,,,,,,,,
2020-02-18,1.59,1.41,1.55,0.14,,,,,,14.83,116.6039,52.1
2020-02-19,1.59,1.42,1.56,0.14,,,,,,14.38,116.7829,53.31
2020-02-20,1.59,1.39,1.52,0.13,,,,,,15.56,117.2454,53.77
2020-02-21,1.58,1.34,1.46,0.12,,,,,,17.08,117.0473,53.36
2020-02-22,1.58,,,,,,,,,,,
2020-02-23,1.58,,,,,,,,,,,
2020-02-24,1.58,1.26,1.38,0.12,,,,,,25.03,117.4018,51.36
2020-02-25,1.58,1.20,1.33,0.13,,,,,,27.85,117.2425,49.78
2020-02-26,1.58,1.16,1.33,0.17,,,,,,27.56,117.405,48.67
2020-02-27,1.58,1.11,1.30,0.19,,,,,,39.16,117.3678,47.17
2020-02-28,1.58,0.86,1.13,0.27,,,,,,40.11,117.6568,44.83
2020-02-29,1.58,,,,,,,,,,,
2020-03-01,1.58,,,,258.076,267.054,104.632,4.4,150895,,,
2020-03-02,1.59,0.84,1.10,0.26,,,,,,33.42,116.8144,46.78
2020-03-03,1.59,0.71,1.02,0.31,,,,,,36.82,116.4958,47.27
2020-03-04,1.09,0.67,1.02,0.35,,,,,,31.99,116.7802,46.78
2020-03-05,1.09,0.59,0.92,0.33,,,,,,39.62,116.7901,45.9
2020-03-06,1.09,0.49,0.74,0.25,,,,,,41.94,116.7106,41.14
2020-03-07,1.09,,,,,,,,,,,
2020-03-08,1.09,,,,,,,,,,,
2020-03-09,1.09,0.38,0.54,0.16,,,,,,54.46,117.1871,31.05
2020-03-10,1.09,0.50,0.76,0.26,,,,,,47.3,117.9027,34.47
2020-03-11,1.09,0.50,0.82,0.32,,,,,,53.9,118.2505,33.13
2020-03-12,1.10,0.50,0.88,0.38,,,,,,75.47,120.4883,31.56
2020-03-13,1.10,0.49,0.94,0.45,,,,,,57.83,120.4388,31.72
2020-03-14,1.10,,,,,,,,,,,
2020-03-15,1.10,,,,,,,,,,,
2020-03-16,0.25,0.36,0.73,0.37,,,,,,82.69,120.9352,28.96
2020-03-17,0.25,0.47,1.02,0.55,,,,,,75.91,122.4816,26.96
2020-03-18,0.25,0.54,1.18,0.64,,,,,,76.45,124.1623,20.48
2020-03-19,0.20,0.44,1.12,0.68,,,,,,72.0,125.0587,25.09
2020-03-20,0.15,0.37,0.92,0.55,,,,,,66.04,124.9362,19.48
2020-03-21,0.15,,,,,,,,,,,
2020-03-22,0.15,,,,,,,,,,,
2020-03-23,0.15,0.28,0.76,0.48,,,,,,61.59,126.1262,23.33
2020-03-24,0.12,0.38,0.84,0.46,,,,,,61.67,125.5001,21.03
2020-03-25,0.10,0.34,0.88,0.54,,,,,,63.95,124.7916,20.75
2020-03-26,0.10,0.30,0.83,0.53,,,,,,61.0,122.4308,16.6
2020-03-27,0.10,0.25,0.72,0.47,,,,,,65.54,122.4007,15.48
2020-03-28,0.10,,,,,,,,,,,
2020-03-29,0.10,,,,,,,,,,,
2020-03-30,0.09,0.23,0.70,0.47,,,,,,57.08,123.2883,14.1
2020-03-31,0.08,0.23,0.70,0.47,,,,,,53.54,122.5301,20.51
2020-04-01,0.06,0.23,0.62,0.39,256.032,265.746,104.293,14.8,130426,57.06,123.7933,20.28
2020-04-02,0.05,0.23,0.63,0.4,,,,,,50.91,123.5916,25.18
2020-04-03,0.05,0.23,0.62,0.39,,,,,,46.8,124.4152,28.36
2020-04-04,0.05,,,,,,,,,,,
2020-04-05,0.05,,,,,,,,,,,
2020-04-06,0.05,0.27,0.67,0.4,,,,,,45.24,124.16,26.21
2020-04-07,0.05,0.28,0.75,0.47,,,,,,46.7,123.0956,23.54
2020-04-08,0.05,0.27,0.77,0.5,,,,,,43.35,123.2216,24.97
2020-04-09,0.05,0.23,0.73,0.5,,,,,,41.67,122.476,22.9
2020-04-10,0.05,,,,,,,,,,122.1592,
2020-04-11,0.05,,,,,,,,,,,
2020-04-12,0.05,,,,,,,,,,,
2020-04-13,0.05,0.25,0.76,0.51,,,,,,41.17,122.5203,22.36
2020-04-14,0.05,0.23,0.76,0.53,,,,,,37.76,122.1121,20.15
2020-04-15,0.05,0.20,0.63,0.43,,,,,,40.84,123.0752,19.96
2020-04-16,0.05,0.20,0.61,0.41,,,,,,40.11,123.4615,19.82
2020-04-17,0.05,0.20,0.65,0.45,,,,,,38.15,122.871,18.31
2020-04-18,0.05,,,,,,,,,,,
2020-04-19,0.05,,,,,,,,,,,
2020-04-20,0.05,0.20,0.63,0.43,,,,,,43.83,123.1033,-36.98
2020-04-21,0.05,0.20,0.58,0.38,,,,,,45.41,123.9116,8.91
2020-04-22,0.05,0.22,0.63,0.41,,,,,,41.98,123.9256,13.64
2020-04-23,0.04,0.22,0.61,0.39,,,,,,41.38,123.7542,15.06
2020-04-24,0.05,0.22,0.60,0.38,,,,,,35.93,124.1615,15.99
2020-04-25,0.05,,,,,,,,,,,
2020-04-26,0.05,,,,,,,,,,,
2020-04-27,0.04,0.24,0.67,0.43,,,,,,33.29,123.8843,12.17
2020-04-28,0.04,0.20,0.62,0.42,,,,,,33.57,123.3693,12.4
2020-04-29,0.04,0.20,0.63,0.43,,,,,,31.23,122.7782,15.04
2020-04-30,0.05,0.20,0.64,0.44,,,,,,34.15,122.327,19.23
2020-05-01,0.05,0.20,0.64,0.44,255.802,265.412,104.402,13.2,133040,37.19,123.1492,19.72
2020-05-02,0.05,,,,,,,,,,,
2020-05-03,0.05,,,,,,,,,,,
2020-05-04,0.05,0.19,0.64,0.45,,,,,,35.97,123.2117,20.47
2020-05-05,0.05,0.19,0.66,0.47,,,,,,33.61,122.803,24.56
2020-05-06,0.05,0.17,0.72,0.55,,,,,,34.12,123.609,23.88
2020-05-07,0.05,0.13,0.63,0.5,,,,,,31.44,123.1249,23.68
2020-05-08,0.05,0.16,0.69,0.53,,,,,,27.98,122.5379,24.73
2020-05-09,0.05,,,,,,,,,,,
2020-05-10,0.05,,,,,,,,,,,
2020-05-11,0.05,0.17,0.73,0.56,,,,,,27.57,123.2333,24.02
2020-05-12,0.05,0.17,0.69,0.52,,,,,,33.04,123.0592,25.76
2020-05-13,0.05,0.16,0.64,0.48,,,,,,35.28,123.5408,25.37
2020-05-14,0.05,0.16,0.63,0.47,,,,,,32.61,123.6429,27.4
2020-05-15,0.05,0.16,0.64,0.48,,,,,,31.89,123.5991,29.44
2020-05-16,0.05,,,,,,,,,,,
2020-05-17,0.05,,,,,,,,,,,
2020-05-18,0.05,0.18,0.73,0.55,,,,,,29.3,122.7968,31.83
2020-05-19,0.05,0.17,0.70,0.53,,,,,,30.53,122.5655,32.3
2020-05-20,0.05,0.16,0.68,0.52,,,,,,27.99,122.1007,33.56
2020-05-21,0.05,0.17,0.68,0.51,,,,,,29.53,122.0914,34.3
2020-05-22,0.05,0.17,0.66,0.49,,,,,,28.16,122.3211,33.49
2020-05-23,0.05,,,,,,,,,,,
2020-05-24,0.05,,,,,,,,,,,
2020-05-25,0.05,,,,,,,,,,,
2020-05-26,0.05,0.18,0.69,0.51,,,,,,28.01,121.3864,34.7
2020-05-27,0.05,0.19,0.68,0.49,,,,,,27.62,121.5677,32.8
2020-05-28,0.05,0.17,0.70,0.53,,,,,,28.59,121.0138,33.67
2020-05-29,0.05,0.16,0.65,0.49,,,,,,27.51,120.9458,35.57
2020-05-30,0.05,,,,,,,,,,,
2020-05-31,0.05,,,,,,,,,,,
2020-06-01,0.05,0.14,0.66,0.52,257.042,265.849,104.565,11.0,137671,28.23,120.2686,35.49
2020-06-02,0.06,0.17,0.68,0.51,,,,,,26.84,119.6854,36.88
2020-06-03,0.06,0.19,0.77,0.58,,,,,,25.66,119.2556,37.33
2020-06-04,0.06,0.19,0.82,0.63,,,,,,25.81,119.3014,37.42
2020-06-05,0.07,0.22,0.91,0.69,,,,,,24.52,118.8138,39.49
2020-06-06,0.07,,,,,,,,,,,
2020-06-07,0.07,,,,,,,,,,,
2020-06-08,0.07,0.22,0.88,0.66,,,,,,25.81,118.6621,38.17
2020-06-09,0.07,0.20,0.84,0.64,,,,,,27.57,118.5893,38.98
2020-06-10,0.08,0.17,0.75,0.58,,,,,,27.57,118.5231,39.54
2020-06-11,0.08,0.19,0.66,0.47,,,,,,40.79,119.2347,36.43
2020-06-12,0.08,0.19,0.71,0.52,,,,,,36.09,119.6645,36.24
2020-06-13,0.08,,,,,,,,,,,
2020-06-14,0.08,,,,,,,,,,,
2020-06-15,0.09,0.19,0.71,0.52,,,,,,34.4,119.9539,37.07
2020-06-16,0.09,0.21,0.75,0.54,,,,,,33.67,119.567,38.26
2020-06-17,0.09,0.19,0.74,0.55,,,,,,33.47,119.9105,37.91
2020-06-18,0.09,0.19,0.71,0.52,,,,,,32.94,120.2173,38.79
2020-06-19,0.09,0.19,0.70,0.51,,,,,,35.12,120.2186,39.72
2020-06-20,0.09,,,,,,,,,,,
2020-06-21,0.09,,,,,,,,,,,
2020-06-22,0.08,0.19,0.71,0.52,,,,,,31.77,119.7532,40.6
2020-06-23,0.08,0.18,0.72,0.54,,,,,,31.37,119.3285,40.4
2020-06-24,0.08,0.19,0.69,0.5,,,,,,33.84,119.9744,37.91
2020-06-25,0.08,0.17,0.68,0.51,,,,,,32.22,120.2997,38.66
2020-06-26,0.08,0.17,0.64,0.47,,,,,,34.73,120.533,38.53
2020-06-27,0.08,,,,,,,,,,,
2020-06-28,0.08,,,,,,,,,,,
2020-06-29,0.08,0.16,0.64,0.48,,,,,,31.78,120.6658,39.67
2020-06-30,0.08,0.16,0.66,0.5,,,,,,30.43,120.4649,39.27
2020-07-01,0.08,0.17,0.69,0.52,258.352,267.389,104.937,10.2,139255,28.62,120.0808,39.88
2020-07-02,0.09,0.16,0.68,0.52,,,,,,27.68,119.8555,40.57
2020-07-03,0.09,,,,,,,,,,,
2020-07-04,0.09,,,,,,,,,,,
2020-07-05,0.09,,,,,,,,,,,
2020-07-06,0.09,0.16,0.69,0.53,,,,,,27.94,119.2852,40.51
2020-07-07,0.09,0.16,0.65,0.49,,,,,,29.43,119.5717,40.59
2020-07-08,0.09,0.16,0.67,0.51,,,,,,28.08,119.5525,40.91
2020-07-09,0.09,0.16,0.62,0.46,,,,,,29.26,119.5129,39.64
2020-07-10,0.09,0.16,0.65,0.49,,,,,,27.29,119.3509,40.56
2020-07-11,0.09,,,,,,,,,,,
2020-07-12,0.09,,,,,,,,,,,
2020-07-13,0.09,0.16,0.64,0.48,,,,,,32.19,119.1891,40.06
2020-07-14,0.09,0.14,0.63,0.49,,,,,,29.52,119.3901,40.3
2020-07-15,0.10,0.16,0.64,0.48,,,,,,27.76,119.0331,41.2
2020-07-16,0.10,0.16,0.62,0.46,,,,,,28.0,118.9275,40.74
2020-07-17,0.09,0.14,0.64,0.5,,,,,,25.68,119.124,40.55
2020-07-18,0.09,,,,,,,,,,,
2020-07-19,0.09,,,,,,,,,,,
2020-07-20,0.10,0.16,0.62,0.46,,,,,,24.46,119.0483,40.83
2020-07-21,0.10,0.14,0.61,0.47,,,,,,24.84,118.4042,41.76
2020-07-22,0.09,0.14,0.60,0.46,,,,,,24.32,118.1337,41.88
2020-07-23,0.09,0.16,0.59,0.43,,,,,,26.08,118.0613,40.99
2020-07-24,0.09,0.14,0.59,0.45,,,,,,25.84,118.1329,41.23
2020-07-25,0.09,,,,,,,,,,,
2020-07-26,0.09,,,,,,,,,,,
2020-07-27,0.10,0.15,0.62,0.47,,,,,,24.74,117.3869,41.46
2020-07-28,0.10,0.14,0.59,0.45,,,,,,25.44,117.3189,40.89
2020-07-29,0.10,0.12,0.58,0.46,,,,,,24.1,117.2126,41.13
2020-07-30,0.10,0.11,0.55,0.44,,,,,,24.76,117.4008,39.85
2020-07-31,0.10,0.11,0.55,0.44,,,,,,24.46,117.2082,40.1
2020-08-01,0.10,,,,259.316,268.422,105.243,8.4,140821,,,
2020-08-02,0.10,,,,,,,,,,,
2020-08-03,0.10,0.11,0.56,0.45,,,,,,24.28,117.8074,40.83
2020-08-04,0.10,0.11,0.52,0.41,,,,,,23.76,117.7833,41.67
2020-08-05,0.10,0.11,0.55,0.44,,,,,,22.99,116.8736,42.25
2020-08-06,0.10,0.11,0.55,0.44,,,,,,22.65,117.0422,41.93
2020-08-07,0.10,0.13,0.57,0.44,,,,,,22.21,117.6239,41.16
2020-08-08,0.10,,,,,,,,,,,
2020-08-09,0.10,,,,,,,,,,,
2020-08-10,0.10,0.14,0.59,0.45,,,,,,22.13,117.5821,41.94
2020-08-11,0.10,0.16,0.64,0.48,,,,,,24.03,117.3781,41.53
2020-08-12,0.10,0.16,0.69,0.53,,,,,,22.28,117.2559,42.6
2020-08-13,0.10,0.16,0.71,0.55,,,,,,22.13,117.1193,42.26
2020-08-14,0.10,0.14,0.71,0.57,,,,,,22.05,116.9395,42.05
2020-08-15,0.10,,,,,,,,,,,
2020-08-16,0.10,,,,,,,,,,,
2020-08-17,0.10,0.14,0.69,0.55,,,,,,21.35,116.749,42.89
2020-08-18,0.09,0.14,0.67,0.53,,,,,,21.51,116.5593,42.89
2020-08-19,0.09,0.14,0.68,0.54,,,,,,22.54,116.567,42.91
2020-08-20,0.09,0.13,0.65,0.52,,,,,,22.72,116.8126,42.62
2020-08-21,0.09,0.16,0.64,0.48,,,,,,22.54,117.0572,42.32
2020-08-22,0.09,,,,,,,,,,,
2020-08-23,0.09,,,,,,,,,,,
2020-08-24,0.09,0.14,0.65,0.51,,,,,,22.37,116.912,42.44
2020-08-25,0.09,0.15,0.69,0.54,,,,,,22.03,116.8206,43.17
2020-08-26,0.09,0.16,0.69,0.53,,,,,,23.27,116.6243,43.21
2020-08-27,0.08,0.16,0.74,0.58,,,,,,24.47,116.649,42.88
2020-08-28,0.09,0.14,0.74,0.6,,,,,,22.96,115.9374,42.96
2020-08-29,0.09,,,,,,,,,,,
2020-08-30,0.09,,,,,,,,,,,
2020-08-31,0.09,0.14,0.72,0.58,,,,,,26.41,115.7586,42.61
2020-09-01,0.09,0.13,0.68,0.55,259.997,268.933,105.41,7.8,141770,26.12,115.5687,42.76
2020-09-02,0.09,0.14,0.66,0.52,,,,,,26.57,116.0304,42.76
2020-09-03,0.09,0.13,0.63,0.5,,,,,,33.6,116.0685,41.39
2020-09-04,0.09,0.14,0.72,0.58,,,,,,30.75,116.0347,39.69
2020-09-05,0.09,,,,,,,,,,,
2020-09-06,0.09,,,,,,,,,,,
2020-09-07,0.09,,,,,,,,,,,
2020-09-08,0.09,0.14,0.69,0.55,,,,,,31.46,116.4618,36.87
2020-09-09,0.09,0.14,0.71,0.57,,,,,,28.81,116.1291,38.05
2020-09-10,0.09,0.14,0.68,0.54,,,,,,29.71,115.8806,37.25
2020-09-11,0.09,0.13,0.67,0.54,,,,,,26.87,116.0866,37.33
2020-09-12,0.09,,,,,,,,,,,
2020-09-13,0.09,,,,,,,,,,,
2020-09-14,0.09,0.14,0.68,0.54,,,,,,25.85,115.6428,37.23
2020-09-15,0.09,0.14,0.68,0.54,,,,,,25.59,115.5908,38.29
2020-09-16,0.09,0.14,0.69,0.55,,,,,,26.04,115.3537,40.17
2020-09-17,0.09,0.13,0.69,0.56,,,,,,26.46,115.4392,40.99
2020-09-18,0.09,0.14,0.70,0.56,,,,,,25.83,115.2395,41.09
2020-09-19,0.09,,,,,,,,,,,
2020-09-20,0.09,,,,,,,,,,,
2020-09-21,0.09,0.14,0.68,0.54,,,,,,27.78,116.378,39.26
2020-09-22,0.09,0.13,0.68,0.55,,,,,,26.86,116.5438,39.55
2020-09-23,0.09,0.14,0.68,0.54,,,,,,28.58,117.2526,39.92
2020-09-24,0.09,0.14,0.67,0.53,,,,,,28.51,117.5473,40.11
2020-09-25,0.09,0.12,0.66,0.54,,,,,,26.38,117.8679,40.06
2020-09-26,0.09,,,,,,,,,,,
2020-09-27,0.09,,,,,,,,,,,
2020-09-28,0.09,0.14,0.67,0.53,,,,,,26.19,117.6178,40.47
2020-09-29,0.09,0.11,0.66,0.55,,,,,,26.27,117.526,39.03
2020-09-30,0.09,0.13,0.69,0.56,,,,,,26.37,116.946,40.05
2020-10-01,0.09,0.14,0.68,0.54,260.319,269.306,105.507,6.9,142460,26.7,116.7227,38.51
2020-10-02,0.09,0.13,0.70,0.57,,,,,,27.63,116.7321,36.9
2020-10-03,0.09,,,,,,,,,,,
2020-10-04,0.09,,,,,,,,,,,
2020-10-05,0.09,0.14,0.78,0.64,,,,,,27.96,116.1767,39.12
2020-10-06,0.09,0.14,0.76,0.62,,,,,,29.48,116.2681,40.52
2020-10-07,0.09,0.16,0.81,0.65,,,,,,28.06,116.3447,39.82
2020-10-08,0.09,0.13,0.78,0.65,,,,,,26.36,116.1657,41.04
2020-10-09,0.09,0.16,0.79,0.63,,,,,,25.0,115.2757,40.44
2020-10-10,0.09,,,,,,,,,,,
2020-10-11,0.09,,,,,,,,,,,
2020-10-12,0.09,,,,,,,,,25.07,,39.22
2020-10-13,0.09,0.16,0.74,0.58,,,,,,26.07,115.9107,40.03
2020-10-14,0.09,0.14,0.73,0.59,,,,,,26.4,115.6872,40.86
2020-10-15,0.09,0.14,0.74,0.6,,,,,,26.97,116.0964,40.84
2020-10-16,0.09,0.14,0.76,0.62,,,,,,27.41,115.7679,40.7
2020-10-17,0.09,,,,,,,,,,,
2020-10-18,0.09,,,,,,,,,,,
2020-10-19,0.09,0.16,0.78,0.62,,,,,,29.18,115.4031,40.69
2020-10-20,0.09,0.14,0.81,0.67,,,,,,29.35,115.2485,41.37
2020-10-21,0.09,0.14,0.83,0.69,,,,,,28.65,114.9108,39.88
2020-10-22,0.09,0.16,0.87,0.71,,,,,,28.11,115.1158,40.46
2020-10-23,0.09,0.18,0.85,0.67,,,,,,27.55,115.0126,39.73
2020-10-24,0.09,,,,,,,,,,,
2020-10-25,0.09,,,,,,,,,,,
2020-10-26,0.09,0.16,0.81,0.65,,,,,,32.46,115.2797,38.39
2020-10-27,0.09,0.16,0.79,0.63,,,,,,33.35,115.0131,39.34
2020-10-28,0.09,0.16,0.79,0.63,,,,,,40.28,115.8023,37.27
2020-10-29,0.09,0.16,0.85,0.69,,,,,,37.59,116.3069,35.94
2020-10-30,0.09,0.14,0.88,0.74,,,,,,38.02,116.1354,35.64
2020-10-31,0.09,,,,,,,,,,,
2020-11-01,0.09,,,,260.911,269.981,105.605,6.7,142733,,,
2020-11-02,0.09,0.16,0.87,0.71,,,,,,37.13,116.2361,36.6
2020-11-03,0.09,0.17,0.90,0.73,,,,,,35.55,115.4802,37.44
2020-11-04,0.09,0.14,0.78,0.64,,,,,,29.57,115.1677,38.97
2020-11-05,0.09,0.14,0.79,0.65,,,,,,27.58,114.4556,38.56
2020-11-06,0.09,0.16,0.83,0.67,,,,,,24.86,113.9919,36.97
2020-11-07,0.09,,,,,,,,,,,
2020-11-08,0.09,,,,,,,,,,,
2020-11-09,0.09,0.17,0.96,0.79,,,,,,25.75,114.0895,40.05
2020-11-10,0.09,0.19,0.98,0.79,,,,,,24.8,114.0757,41.18
2020-11-11,0.09,,,,,,,,,23.45,,41.23
2020-11-12,0.09,0.17,0.88,0.71,,,,,,25.35,114.2843,40.9
2020-11-13,0.09,0.17,0.89,0.72,,,,,,23.1,114.2397,39.93
2020-11-14,0.09,,,,,,,,,,,
2020-11-15,0.09,,,,,,,,,,,
2020-11-16,0.09,0.19,0.91,0.72,,,,,,22.45,113.8312,41.14
2020-11-17,0.09,0.18,0.87,0.69,,,,,,22.71,113.682,41.24
2020-11-18,0.09,0.16,0.88,0.72,,,,,,23.84,113.46,41.64
2020-11-19,0.08,0.18,0.86,0.68,,,,,,23.11,113.694,41.57
2020-11-20,0.08,0.16,0.83,0.67,,,,,,23.7,113.489,41.99
2020-11-21,0.08,,,,,,,,,,,
2020-11-22,0.08,,,,,,,,,,,
2020-11-23,0.08,0.16,0.86,0.7,,,,,,22.66,113.7548,42.91
2020-11-24,0.08,0.16,0.88,0.72,,,,,,21.64,113.4316,44.71
2020-11-25,0.08,0.17,0.88,0.71,,,,,,21.25,113.1823,45.58
2020-11-26,0.08,,,,,,,,,,,
2020-11-27,0.08,0.16,0.84,0.68,,,,,,20.84,,
2020-11-28,0.08,,,,,,,,,,,
2020-11-29,0.08,,,,,,,,,,,
2020-11-30,0.09,0.16,0.84,0.68,,,,,,20.57,113.2256,45.2
2020-12-01,0.09,0.17,0.92,0.75,262.045,270.341,105.896,6.7,142548,20.77,112.8063,44.54
2020-12-02,0.09,0.16,0.95,0.79,,,,,,21.17,112.6115,45.23
2020-12-03,0.09,0.16,0.92,0.76,,,,,,21.28,112.0236,45.65
2020-12-04,0.09,0.16,0.97,0.81,,,,,,20.79,111.7778,46.23
2020-12-05,0.09,,,,,,,,,,,
2020-12-06,0.09,,,,,,,,,,,
2020-12-07,0.09,0.14,0.94,0.8,,,,,,21.3,111.8385,45.72
2020-12-08,0.09,0.14,0.92,0.78,,,,,,20.68,111.8639,45.64
2020-12-09,0.09,0.16,0.95,0.79,,,,,,22.27,112.0305,45.48
2020-12-10,0.09,0.14,0.92,0.78,,,,,,22.52,111.9788,46.76
2020-12-11,0.09,0.11,0.90,0.79,,,,,,23.31,112.1417,46.59
2020-12-12,0.09,,,,,,,,,,,
2020-12-13,0.09,,,,,,,,,,,
2020-12-14,0.09,0.13,0.90,0.77,,,,,,24.72,112.1708,47.02
2020-12-15,0.09,0.11,0.92,0.81,,,,,,22.89,111.8601,47.58
2020-12-16,0.09,0.13,0.92,0.79,,,,,,22.5,111.7157,47.86
2020-12-17,0.09,0.13,0.94,0.81,,,,,,21.93,111.2226,48.34
2020-12-18,0.09,0.13,0.95,0.82,,,,,,21.57,111.6071,49.04
2020-12-19,0.09,,,,,,,,,,,
2020-12-20,0.09,,,,,,,,,,,
2020-12-21,0.09,0.13,0.95,0.82,,,,,,25.16,111.9415,47.79
2020-12-22,0.09,0.13,0.93,0.8,,,,,,24.23,112.1947,47.02
2020-12-23,0.09,0.13,0.96,0.83,,,,,,23.31,111.9807,47.94
2020-12-24,0.09,0.13,0.94,0.81,,,,,,21.53,,48.18
2020-12-25,0.09,,,,,,,,,,,
2020-12-26,0.09,,,,,,,,,,,
2020-12-27,0.09,,,,,,,,,,,
2020-12-28,0.09,0.13,0.94,0.81,,,,,,21.7,111.9752,47.5
2020-12-29,0.09,0.12,0.94,0.82,,,,,,23.08,111.5172,47.85
2020-12-30,0.09,0.12,0.93,0.81,,,,,,22.77,111.3084,48.24
2020-12-31,0.09,0.13,0.93,0.8,,,,,,22.75,111.3169,48.35
2021-01-01,0.09,,,,262.687,270.387,106.281,6.4,142863,,,
2021-01-02,0.09,,,,,,,,,,,
2021-01-03,0.09,,,,,,,,,,,
2021-01-04,0.09,0.11,0.93,0.82,,,,,,26.97,111.2075,47.47
2021-01-05,0.09,0.13,0.96,0.83,,,,,,25.34,110.9574,49.78
2021-01-06,0.09,0.14,1.04,0.9,,,,,,25.07,110.8502,50.45
2021-01-07,0.09,0.14,1.08,0.94,,,,,,22.37,111.3042,50.63
2021-01-08,0.09,0.14,1.13,0.99,,,,,,21.56,111.2847,52.14
2021-01-09,0.09,,,,,,,,,,,
2021-01-10,0.09,,,,,,,,,,,
2021-01-11,0.09,0.14,1.15,1.01,,,,,,24.08,111.8257,52.15
2021-01-12,0.09,0.14,1.15,1.01,,,,,,23.33,111.5501,53.08
2021-01-13,0.09,0.14,1.10,0.96,,,,,,22.21,111.3622,52.81
2021-01-14,0.09,0.16,1.15,0.99,,,,,,23.25,111.1567,53.47
2021-01-15,0.09,0.13,1.11,0.98,,,,,,24.34,111.5106,52.25
2021-01-16,0.09,,,,,,,,,,,
2021-01-17,0.09,,,,,,,,,,,
2021-01-18,0.09,,,,,,,,,,,
2021-01-19,0.09,0.14,1.10,0.96,,,,,,23.24,111.4527,52.87
2021-01-20,0.09,0.13,1.10,0.97,,,,,,21.58,,53.16
2021-01-21,0.08,0.13,1.12,0.99,,,,,,21.32,111.1973,53.0
2021-01-22,0.08,0.13,1.10,0.97,,,,,,21.91,111.5516,52.28
2021-01-23,0.08,,,,,,,,,,,
2021-01-24,0.08,,,,,,,,,,,
2021-01-25,0.08,0.13,1.05,0.92,,,,,,23.19,111.8676,52.78
2021-01-26,0.08,0.11,1.05,0.94,,,,,,23.02,111.6572,52.61
2021-01-27,0.08,0.12,1.04,0.92,,,,,,37.21,112.0782,52.81
2021-01-28,0.07,0.12,1.07,0.95,,,,,,30.21,112.0059,52.26
2021-01-29,0.07,0.11,1.11,1.0,,,,,,33.09,111.9511,52.16
2021-01-30,0.07,,,,,,,,,,,
2021-01-31,0.07,,,,,,,,,,,
2021-02-01,0.08,0.11,1.09,0.98,263.579,270.793,106.501,6.2,143380,30.24,112.4189,53.55
2021-02-02,0.08,0.11,1.12,1.01,,,,,,25.56,112.2862,54.77
2021-02-03,0.08,0.11,1.15,1.04,,,,,,22.91,112.2567,55.67
2021-02-04,0.08,0.11,1.15,1.04,,,,,,21.77,112.7469,56.19
2021-02-05,0.08,0.09,1.19,1.1,,,,,,20.87,112.2379,56.8
2021-02-06,0.08,,,,,,,,,,,
2021-02-07,0.08,,,,,,,,,,,
2021-02-08,0.07,0.11,1.19,1.08,,,,,,21.24,112.0428,57.95
2021-02-09,0.08,0.11,1.18,1.07,,,,,,21.63,111.7675,58.34
2021-02-10,0.08,0.11,1.15,1.04,,,,,,21.99,111.5834,58.69
2021-02-11,0.08,0.11,1.16,1.05,,,,,,21.25,111.5272,58.22
2021-02-12,0.08,0.11,1.20,1.09,,,,,,19.97,111.4889,59.5
2021-02-13,0.08,,,,,,,,,,,
2021-02-14,0.08,,,,,,,,,,,
2021-02-15,0.08,,,,,,,,,,,
2021-02-16,0.08,0.13,1.30,1.17,,,,,,21.46,111.7879,60.07
2021-02-17,0.08,0.11,1.29,1.18,,,,,,21.5,112.0204,61.09
2021-02-18,0.07,0.11,1.29,1.18,,,,,,22.49,112.1603,60.4
2021-02-19,0.07,0.11,1.34,1.23,,,,,,22.05,111.7058,59.12
2021-02-20,0.07,,,,,,,,,,,
2021-02-21,0.07,,,,,,,,,,,
2021-02-22,0.07,0.11,1.37,1.26,,,,,,23.45,111.918,61.67
2021-02-23,0.07,0.11,1.37,1.26,,,,,,23.11,111.8981,61.66
2021-02-24,0.07,0.12,1.38,1.26,,,,,,21.34,111.7212,63.21
2021-02-25,0.07,0.17,1.54,1.37,,,,,,28.89,111.9253,63.43
2021-02-26,0.07,0.14,1.44,1.3,,,,,,27.95,112.8306,61.55
2021-02-27,0.07,,,,,,,,,,,
2021-02-28,0.07,,,,,,,,,,,
2021-03-01,0.07,0.13,1.45,1.32,264.961,271.459,106.933,6.1,144232,23.35,112.5263,60.54
2021-03-02,0.07,0.13,1.42,1.29,,,,,,24.1,112.5342,59.7
2021-03-03,0.07,0.14,1.47,1.33,,,,,,26.67,112.7617,61.33
2021-03-04,0.07,0.14,1.54,1.4,,,,,,28.57,112.7037,63.81
2021-03-05,0.07,0.14,1.56,1.42,,,,,,24.66,113.7487,66.08
2021-03-06,0.07,,,,,,,,,,,
2021-03-07,0.07,,,,,,,,,,,
2021-03-08,0.07,0.17,1.59,1.42,,,,,,25.47,114.2678,65.03
2021-03-09,0.07,0.17,1.55,1.38,,,,,,24.03,113.928,64.02
2021-03-10,0.07,0.16,1.53,1.37,,,,,,22.56,113.5881,64.45
2021-03-11,0.07,0.14,1.54,1.4,,,,,,21.91,112.9214,66.02
2021-03-12,0.07,0.14,1.64,1.5,,,,,,20.69,113.0269,65.59
2021-03-13,0.07,,,,,,,,,,,
2021-03-14,0.07,,,,,,,,,,,
2021-03-15,0.07,0.14,1.62,1.48,,,,,,20.03,113.1928,65.36
2021-03-16,0.07,0.15,1.62,1.47,,,,,,19.79,112.9839,64.82
2021-03-17,0.07,0.13,1.63,1.5,,,,,,19.23,113.1589,64.55
2021-03-18,0.07,0.16,1.71,1.55,,,,,,21.58,112.7744,59.95
2021-03-19,0.07,0.16,1.74,1.58,,,,,,20.95,112.9756,61.43
2021-03-20,0.07,,,,,,,,,,,
2021-03-21,0.07,,,,,,,,,,,
2021-03-22,0.07,0.15,1.69,1.54,,,,,,18.88,113.0023,61.48
2021-03-23,0.07,0.15,1.63,1.48,,,,,,20.3,113.2916,57.75
2021-03-24,0.07,0.14,1.62,1.48,,,,,,21.2,113.6565,61.12
2021-03-25,0.07,0.14,1.63,1.49,,,,,,19.81,114.0016,58.47
2021-03-26,0.07,0.14,1.67,1.53,,,,,,18.86,113.7406,60.93
2021-03-27,0.07,,,,,,,,,,,
2021-03-28,0.07,,,,,,,,,,,
2021-03-29,0.07,0.14,1.73,1.59,,,,,,20.74,113.9314,61.49
2021-03-30,0.07,0.16,1.73,1.57,,,,,,19.61,114.203,60.55
2021-03-31,0.06,0.16,1.74,1.58,,,,,,19.4,113.8234,59.19
2021-04-01,0.07,0.17,1.69,1.52,266.614,273.660,107.558,6.1,144587,17.33,113.7389,61.41
2021-04-02,0.07,0.19,1.72,1.53,,,,,,,113.7315,
2021-04-03,0.07,,,,,,,,,,,
2021-04-04,0.07,,,,,,,,,,,
2021-04-05,0.07,0.17,1.73,1.56,,,,,,17.91,113.394,58.73
2021-04-06,0.07,0.16,1.67,1.51,,,,,,18.12,113.1464,59.34
2021-04-07,0.07,0.16,1.68,1.52,,,,,,17.16,113.2436,59.77
2021-04-08,0.07,0.14,1.64,1.5,,,,,,16.95,113.0917,59.61
2021-04-09,0.07,0.16,1.67,1.51,,,,,,16.69,113.2028,59.29
2021-04-10,0.07,,,,,,,,,,,
2021-04-11,0.07,,,,,,,,,,,
2021-04-12,0.07,0.18,1.69,1.51,,,,,,16.91,113.1815,59.7
2021-04-13,0.07,0.16,1.64,1.48,,,,,,16.65,113.0391,60.2
2021-04-14,0.07,0.16,1.64,1.48,,,,,,16.99,112.7849,63.15
2021-04-15,0.07,0.16,1.56,1.4,,,,,,16.57,112.6181,63.42
2021-04-16,0.07,0.16,1.59,1.43,,,,,,16.25,112.4814,63.16
2021-04-17,0.07,,,,,,,,,,,
2021-04-18,0.07,,,,,,,,,,,
2021-04-19,0.07,0.16,1.61,1.45,,,,,,17.29,112.1835,63.33
2021-04-20,0.07,0.15,1.58,1.43,,,,,,18.68,112.2354,62.61
2021-04-21,0.07,0.15,1.57,1.42,,,,,,17.5,112.1771,61.34
2021-04-22,0.07,0.16,1.57,1.41,,,,,,18.71,112.2297,61.45
2021-04-23,0.07,0.16,1.58,1.42,,,,,,17.33,112.0889,62.18
2021-04-24,0.07,,,,,,,,,,,
2021-04-25,0.07,,,,,,,,,,,
2021-04-26,0.07,0.18,1.58,1.4,,,,,,17.64,111.8109,62.02
2021-04-27,0.07,0.17,1.63,1.46,,,,,,17.56,111.9097,63.03
2021-04-28,0.07,0.17,1.63,1.46,,,,,,17.28,111.7909,63.81
2021-04-29,0.06,0.16,1.65,1.49,,,,,,17.61,111.7464,65.0
2021-04-30,0.05,0.16,1.65,1.49,,,,,,18.61,112.0839,63.5
2021-05-01,0.05,,,,268.383,275.465,108.099,5.8,145065,,,
2021-05-02,0.05,,,,,,,,,,,
2021-05-03,0.06,0.16,1.63,1.47,,,,,,18.31,112.005,64.46
2021-05-04,0.06,0.16,1.61,1.45,,,,,,19.48,112.2896,65.72
2021-05-05,0.06,0.16,1.59,1.43,,,,,,19.15,112.1514,65.63
2021-05-06,0.06,0.16,1.58,1.42,,,,,,18.39,111.8401,64.73
2021-05-07,0.06,0.14,1.60,1.46,,,,,,16.69,111.0249,64.96
2021-05-08,0.06,,,,,,,,,,,
2021-05-09,0.06,,,,,,,,,,,
2021-05-10,0.06,0.16,1.63,1.47,,,,,,19.66,110.7905,64.92
2021-05-11,0.06,0.16,1.64,1.48,,,,,,21.84,110.8921,65.31
2021-05-12,0.06,0.16,1.69,1.53,,,,,,27.59,111.5636,65.96
2021-05-13,0.06,0.16,1.66,1.5,,,,,,23.13,111.5955,63.82
2021-05-14,0.06,0.16,1.63,1.47,,,,,,18.81,111.1353,65.32
2021-05-15,0.06,,,,,,,,,,,
2021-05-16,0.06,,,,,,,,,,,
2021-05-17,0.06,0.16,1.64,1.48,,,,,,19.72,111.079,66.24
2021-05-18,0.06,0.16,1.64,1.48,,,,,,21.34,110.8317,65.49
2021-05-19,0.06,0.16,1.68,1.52,,,,,,22.18,110.8807,63.28
2021-05-20,0.06,0.15,1.63,1.48,,,,,,20.67,110.8605,61.95
2021-05-21,0.06,0.17,1.63,1.46,,,,,,20.15,111.0576,63.61
2021-05-22,0.06,,,,,,,,,,,
2021-05-23,0.06,,,,,,,,,,,
2021-05-24,0.06,0.15,1.61,1.46,,,,,,18.4,110.9118,66.13
2021-05-25,0.06,0.15,1.56,1.41,,,,,,18.84,110.842,66.27
2021-05-26,0.06,0.14,1.58,1.44,,,,,,17.36,110.8677,66.41
2021-05-27,0.06,0.14,1.61,1.47,,,,,,16.74,110.8688,66.87
2021-05-28,0.05,0.14,1.58,1.44,,,,,,16.76,110.7576,66.31
2021-05-29,0.05,,,,,,,,,,,
2021-05-30,0.05,,,,,,,,,,,
2021-05-31,0.05,,,,,,,,,,,
2021-06-01,0.06,0.16,1.62,1.46,270.654,277.651,108.603,5.9,145820,17.9,110.5046,67.8
2021-06-02,0.06,0.13,1.59,1.46,,,,,,17.48,110.5799,68.79
2021-06-03,0.06,0.16,1.63,1.47,,,,,,18.04,111.1782,68.81
2021-06-04,0.06,0.14,1.56,1.42,,,,,,16.42,110.7521,69.57
2021-06-05,0.06,,,,,,,,,,,
2021-06-06,0.06,,,,,,,,,,,
2021-06-07,0.06,0.16,1.57,1.41,,,,,,16.42,110.5155,69.21
2021-06-08,0.06,0.14,1.53,1.39,,,,,,17.07,110.649,70.11
2021-06-09,0.06,0.16,1.50,1.34,,,,,,17.89,110.5707,69.9
2021-06-10,0.06,0.14,1.45,1.31,,,,,,16.1,110.5456,70.34
2021-06-11,0.06,0.16,1.47,1.31,,,,,,15.65,111.0933,71.0
2021-06-12,0.06,,,,,,,,,,,
2021-06-13,0.06,,,,,,,,,,,
2021-06-14,0.06,0.16,1.51,1.35,,,,,,16.39,110.9659,70.94
2021-06-15,0.06,0.16,1.51,1.35,,,,,,17.02,111.3507,72.06
2021-06-16,0.06,0.21,1.57,1.36,,,,,,18.15,111.1165,72.03
2021-06-17,0.10,0.23,1.52,1.29,,,,,,17.75,112.5772,71.06
2021-06-18,0.10,0.26,1.45,1.19,,,,,,20.7,113.0408,71.64
2021-06-19,0.10,,,,,,,,,,,
2021-06-20,0.10,,,,,,,,,,,
2021-06-21,0.10,0.27,1.50,1.23,,,,,,17.89,112.8391,73.64
2021-06-22,0.10,0.25,1.48,1.23,,,,,,16.66,112.9174,73.15
2021-06-23,0.10,0.26,1.50,1.24,,,,,,16.32,112.3819,73.11
2021-06-24,0.10,0.26,1.49,1.23,,,,,,15.97,112.326,73.31
2021-06-25,0.10,0.28,1.54,1.26,,,,,,15.62,111.9655,74.21
2021-06-26,0.10,,,,,,,,,,,
2021-06-27,0.10,,,,,,,,,,,
2021-06-28,0.10,0.25,1.49,1.24,,,,,,15.76,112.0248,72.98
2021-06-29,0.10,0.27,1.49,1.22,,,,,,16.02,112.2613,73.14
2021-06-30,0.08,0.25,1.45,1.2,,,,,,15.83,112.5533,73.52
2021-07-01,0.10,0.25,1.48,1.23,271.903,278.648,109.058,5.4,146762,15.48,112.74,75.33
2021-07-02,0.10,0.24,1.44,1.2,,,,,,15.07,112.5425,75.37
2021-07-03,0.10,,,,,,,,,,,
2021-07-04,0.10,,,,,,,,,,,
2021-07-05,0.10,,,,,,,,,,,
2021-07-06,0.10,0.22,1.37,1.15,,,,,,16.44,112.9516,73.62
2021-07-07,0.10,0.22,1.33,1.11,,,,,,16.2,113.1048,72.22
2021-07-08,0.10,0.19,1.30,1.11,,,,,,19.0,113.0776,72.98
2021-07-09,0.10,0.23,1.37,1.14,,,,,,16.18,112.8375,74.56
2021-07-10,0.10,,,,,,,,,,,
2021-07-11,0.10,,,,,,,,,,,
2021-07-12,0.10,0.23,1.38,1.15,,,,,,16.17,112.7611,74.21
2021-07-13,0.10,0.26,1.42,1.16,,,,,,17.12,113.0063,75.24
2021-07-14,0.10,0.23,1.37,1.14,,,,,,16.33,112.8801,73.06
2021-07-15,0.10,0.23,1.31,1.08,,,,,,17.01,113.0041,71.67
2021-07-16,0.10,0.25,1.31,1.06,,,,,,18.45,113.0428,71.76
2021-07-17,0.10,,,,,,,,,,,
2021-07-18,0.10,,,,,,,,,,,
2021-07-19,0.10,0.21,1.19,0.98,,,,,,22.5,113.5472,66.45
2021-07-20,0.10,0.20,1.23,1.03,,,,,,19.73,113.7502,67.32
2021-07-21,0.10,0.22,1.30,1.08,,,,,,17.91,113.3926,70.26
2021-07-22,0.10,0.20,1.27,1.07,,,,,,17.69,113.4695,72.15
2021-07-23,0.10,0.22,1.30,1.08,,,,,,17.2,113.4398,72.24
2021-07-24,0.10,,,,,,,,,,,
2021-07-25,0.10,,,,,,,,,,,
2021-07-26,0.10,0.22,1.29,1.07,,,,,,17.58,113.2238,72.15
2021-07-27,0.10,0.20,1.25,1.05,,,,,,19.36,113.2227,71.68
2021-07-28,0.10,0.20,1.26,1.06,,,,,,18.31,113.1807,72.37
2021-07-29,0.10,0.20,1.28,1.08,,,,,,17.7,112.4834,73.62
2021-07-30,0.07,0.19,1.24,1.05,,,,,,18.24,112.6714,73.93
2021-07-31,0.07,,,,,,,,,,,
2021-08-01,0.07,,,,272.676,278.997,109.409,5.1,147314,,,
2021-08-02,0.10,0.17,1.20,1.03,,,,,,19.46,112.6691,71.31
2021-08-03,0.10,0.17,1.19,1.02,,,,,,18.04,112.8228,70.64
2021-08-04,0.10,0.17,1.19,1.02,,,,,,17.97,112.8953,68.19
2021-08-05,0.10,0.21,1.23,1.02,,,,,,17.28,112.7674,69.1
2021-08-06,0.10,0.21,1.31,1.1,,,,,,16.15,113.3088,68.26
2021-08-07,0.10,,,,,,,,,,,
2021-08-08,0.10,,,,,,,,,,,
2021-08-09,0.10,0.23,1.33,1.1,,,,,,16.72,113.4521,66.56
2021-08-10,0.10,0.24,1.36,1.12,,,,,,16.79,113.4973,68.33
2021-08-11,0.10,0.23,1.35,1.12,,,,,,16.06,113.282,69.3
2021-08-12,0.10,0.23,1.36,1.13,,,,,,15.59,113.2691,69.12
2021-08-13,0.10,0.23,1.29,1.06,,,,,,15.45,113.0615,68.36
2021-08-14,0.10,,,,,,,,,,,
2021-08-15,0.10,,,,,,,,,,,
2021-08-16,0.10,0.21,1.26,1.05,,,,,,16.12,113.1698,67.44
2021-08-17,0.10,0.23,1.26,1.03,,,,,,17.91,113.6174,66.5
2021-08-18,0.09,0.23,1.27,1.04,,,,,,21.57,113.6959,65.36
2021-08-19,0.09,0.22,1.24,1.02,,,,,,21.67,114.1106,63.69
2021-08-20,0.09,0.23,1.26,1.03,,,,,,18.56,114.5009,62.25
2021-08-21,0.09,,,,,,,,,,,
2021-08-22,0.09,,,,,,,,,,,
2021-08-23,0.09,0.23,1.25,1.02,,,,,,17.15,113.9418,65.65
2021-08-24,0.09,0.24,1.29,1.05,,,,,,17.22,113.6795,67.5
2021-08-25,0.09,0.23,1.35,1.12,,,,,,16.79,113.6322,68.54
2021-08-26,0.09,0.25,1.34,1.09,,,,,,18.84,113.7883,67.42
2021-08-27,0.08,0.22,1.31,1.09,,,,,,16.39,113.3404,68.84
2021-08-28,0.08,,,,,,,,,,,
2021-08-29,0.08,,,,,,,,,,,
2021-08-30,0.08,0.20,1.29,1.09,,,,,,16.19,113.246,69.28
2021-08-31,0.06,0.20,1.30,1.1,,,,,,16.48,113.1076,68.43
2021-09-01,0.08,0.20,1.31,1.11,273.910,279.698,109.641,4.7,147771,16.11,112.8732,68.63
2021-09-02,0.08,0.20,1.29,1.09,,,,,,16.41,112.7863,70.07
2021-09-03,0.08,0.21,1.33,1.12,,,,,,16.41,112.5476,69.34
2021-09-04,0.08,,,,,,,,,,,
2021-09-05,0.08,,,,,,,,,,,
2021-09-06,0.08,,,,,,,,,,,
2021-09-07,0.08,0.22,1.38,1.16,,,,,,18.14,112.9795,68.49
2021-09-08,0.08,0.22,1.35,1.13,,,,,,17.96,113.2319,69.36
2021-09-09,0.08,0.23,1.30,1.07,,,,,,18.8,113.043,68.26
2021-09-10,0.08,0.23,1.35,1.12,,,,,,20.95,112.9425,69.82
2021-09-11,0.08,,,,,,,,,,,
2021-09-12,0.08,,,,,,,,,,,
2021-09-13,0.08,0.21,1.33,1.12,,,,,,19.37,113.0341,70.54
2021-09-14,0.08,0.21,1.28,1.07,,,,,,19.46,113.0061,70.53
2021-09-15,0.08,0.21,1.31,1.1,,,,,,18.18,112.9773,72.59
2021-09-16,0.08,0.23,1.34,1.11,,,,,,18.69,113.3036,72.69
2021-09-17,0.08,0.23,1.37,1.14,,,,,,20.81,113.5989,72.09
2021-09-18,0.08,,,,,,,,,,,
2021-09-19,0.08,,,,,,,,,,,
2021-09-20,0.08,0.23,1.31,1.08,,,,,,25.71,113.9422,70.41
2021-09-21,0.08,0.22,1.33,1.11,,,,,,24.36,113.8179,70.51
2021-09-22,0.08,0.25,1.32,1.07,,,,,,20.87,113.6223,72.37
2021-09-23,0.08,0.27,1.41,1.14,,,,,,18.63,113.513,73.43
2021-09-24,0.08,0.29,1.47,1.18,,,,,,17.75,113.7597,74.18
2021-09-25,0.08,,,,,,,,,,,
2021-09-26,0.08,,,,,,,,,,,
2021-09-27,0.08,0.31,1.48,1.17,,,,,,18.76,113.7432,75.54
2021-09-28,0.08,0.31,1.54,1.23,,,,,,23.25,114.2469,75.44
2021-09-29,0.08,0.30,1.55,1.25,,,,,,22.56,114.7092,75.06
2021-09-30,0.06,0.28,1.52,1.24,,,,,,23.14,114.6403,75.22
2021-10-01,0.08,0.27,1.48,1.21,276.550,281.668,110.188,4.5,148572,21.15,114.3798,76.01
2021-10-02,0.08,,,,,,,,,,,
2021-10-03,0.08,,,,,,,,,,,
2021-10-04,0.08,0.27,1.49,1.22,,,,,,22.96,114.2739,77.68
2021-10-05,0.08,0.28,1.54,1.26,,,,,,21.3,114.3654,79.17
2021-10-06,0.08,0.30,1.53,1.23,,,,,,21.0,114.7185,77.66
2021-10-07,0.08,0.32,1.58,1.26,,,,,,19.54,114.5044,78.46
2021-10-08,0.08,0.32,1.61,1.29,,,,,,18.77,114.5986,79.55
2021-10-09,0.08,,,,,,,,,,,
2021-10-10,0.08,,,,,,,,,,,
2021-10-11,0.08,,,,,,,,,20.0,,80.64
2021-10-12,0.08,0.35,1.59,1.24,,,,,,19.85,114.7542,80.75
2021-10-13,0.08,0.37,1.56,1.19,,,,,,18.64,114.4705,80.67
2021-10-14,0.08,0.36,1.52,1.16,,,,,,16.86,114.2053,81.43
2021-10-15,0.08,0.41,1.59,1.18,,,,,,16.3,114.0905,82.39
2021-10-16,0.08,,,,,,,,,,,
2021-10-17,0.08,,,,,,,,,,,
2021-10-18,0.08,0.44,1.59,1.15,,,,,,16.31,113.9899,82.62
2021-10-19,0.08,0.41,1.65,1.24,,,,,,15.7,113.647,83.19
2021-10-20,0.08,0.40,1.65,1.25,,,,,,15.49,113.5083,84.4
2021-10-21,0.08,0.45,1.68,1.23,,,,,,15.01,113.6188,82.64
2021-10-22,0.08,0.48,1.66,1.18,,,,,,15.43,113.67,84.53
2021-10-23,0.08,,,,,,,,,,,
2021-10-24,0.08,,,,,,,,,,,
2021-10-25,0.08,0.47,1.64,1.17,,,,,,15.24,113.605,84.64
2021-10-26,0.08,0.47,1.63,1.16,,,,,,15.98,113.674,85.64
2021-10-27,0.08,0.50,1.54,1.04,,,,,,16.98,113.6218,82.66
2021-10-28,0.08,0.50,1.57,1.07,,,,,,16.53,113.4389,82.78
2021-10-29,0.07,0.48,1.55,1.07,,,,,,16.26,114.1349,83.5
2021-10-30,0.07,,,,,,,,,,,
2021-10-31,0.07,,,,,,,,,,,
2021-11-01,0.08,0.50,1.58,1.08,278.919,283.406,110.77,4.1,149230,16.41,114.2067,84.08
2021-11-02,0.08,0.46,1.56,1.1,,,,,,16.03,114.2847,83.91
2021-11-03,0.08,0.47,1.60,1.13,,,,,,15.1,114.3593,80.82
2021-11-04,0.08,0.41,1.53,1.12,,,,,,15.44,114.3558,78.88
2021-11-05,0.08,0.39,1.45,1.06,,,,,,16.48,114.0732,81.25
2021-11-06,0.08,,,,,,,,,,,
2021-11-07,0.08,,,,,,,,,,,
2021-11-08,0.08,0.45,1.51,1.06,,,,,,17.22,113.8256,81.96
2021-11-09,0.08,0.41,1.46,1.05,,,,,,17.78,113.762,84.12
2021-11-10,0.08,0.51,1.56,1.05,,,,,,18.73,114.1484,81.23
2021-11-11,0.08,,,,,,,,,17.66,,81.47
2021-11-12,0.08,0.53,1.58,1.05,,,,,,16.29,114.5144,80.87
2021-11-13,0.08,,,,,,,,,,,
2021-11-14,0.08,,,,,,,,,,,
2021-11-15,0.08,0.53,1.63,1.1,,,,,,16.49,114.5876,80.85
2021-11-16,0.08,0.54,1.63,1.09,,,,,,16.37,115.136,80.76
2021-11-17,0.08,0.52,1.60,1.08,,,,,,17.11,115.0263,78.32
2021-11-18,0.08,0.52,1.59,1.07,,,,,,17.59,115.0678,78.92
2021-11-19,0.08,0.52,1.54,1.02,,,,,,17.91,115.2187,76.11
2021-11-20,0.08,,,,,,,,,,,
2021-11-21,0.08,,,,,,,,,,,
2021-11-22,0.08,0.63,1.63,1.0,,,,,,19.17,115.6481,76.74
2021-11-23,0.08,0.60,1.67,1.07,,,,,,19.38,116.0118,78.32
2021-11-24,0.08,0.64,1.64,1.0,,,,,,18.58,116.2711,78.32
2021-11-25,0.08,,,,,,,,,,,
2021-11-26,0.08,0.50,1.48,0.98,,,,,,28.62,116.5103,
2021-11-27,0.08,,,,,,,,,,,
2021-11-28,0.08,,,,,,,,,,,
2021-11-29,0.08,0.51,1.52,1.01,,,,,,22.96,116.581,69.88
2021-11-30,0.07,0.52,1.43,0.91,,,,,,27.19,116.2071,66.14
2021-12-01,0.08,0.56,1.43,0.87,280.845,285.180,111.418,3.9,149816,31.12,115.889,65.44
2021-12-02,0.08,0.63,1.44,0.81,,,,,,27.95,116.018,66.6
2021-12-03,0.08,0.60,1.35,0.75,,,,,,30.67,116.2377,66.39
2021-12-04,0.08,,,,,,,,,,,
2021-12-05,0.08,,,,,,,,,,,
2021-12-06,0.08,0.65,1.43,0.78,,,,,,27.18,116.1538,69.62
2021-12-07,0.08,0.70,1.48,0.78,,,,,,21.89,115.8555,71.94
2021-12-08,0.08,0.68,1.52,0.84,,,,,,19.9,115.4418,72.43
2021-12-09,0.08,0.70,1.49,0.79,,,,,,21.58,115.7784,70.87
2021-12-10,0.08,0.67,1.48,0.81,,,,,,18.69,115.5732,71.71
2021-12-11,0.08,,,,,,,,,,,
2021-12-12,0.08,,,,,,,,,,,
2021-12-13,0.08,0.66,1.42,0.76,,,,,,20.31,115.842,71.19
2021-12-14,0.08,0.67,1.44,0.77,,,,,,21.89,116.2397,70.57
2021-12-15,0.08,0.69,1.47,0.78,,,,,,19.29,116.4219,70.89
2021-12-16,0.08,0.64,1.44,0.8,,,,,,20.57,115.7146,72.34
2021-12-17,0.08,0.66,1.41,0.75,,,,,,21.57,115.791,70.93
2021-12-18,0.08,,,,,,,,,,,
2021-12-19,0.08,,,,,,,,,,,
2021-12-20,0.08,0.65,1.43,0.78,,,,,,22.87,116.0092,68.69
2021-12-21,0.08,0.70,1.48,0.78,,,,,,21.01,116.1089,71.1
2021-12-22,0.08,0.68,1.46,0.78,,,,,,18.63,115.7485,72.82
2021-12-23,0.08,0.71,1.50,0.79,,,,,,17.96,115.5337,73.89
2021-12-24,0.08,,,,,,,,,,,
2021-12-25,0.08,,,,,,,,,,,
2021-12-26,0.08,,,,,,,,,,,
2021-12-27,0.08,0.76,1.48,0.72,,,,,,17.68,115.4684,75.49
2021-12-28,0.08,0.74,1.49,0.75,,,,,,17.54,115.4192,76.01
2021-12-29,0.08,0.75,1.55,0.8,,,,,,16.95,115.3678,76.58
2021-12-30,0.08,0.73,1.52,0.79,,,,,,17.33,115.283,76.83
2021-12-31,0.07,0.73,1.52,0.79,,,,,,17.22,,75.33
2022-01-01,0.07,,,,282.543,286.757,111.976,4.0,150006,,,
2022-01-02,0.07,,,,,,,,,,,
2022-01-03,0.08,0.78,1.63,0.85,,,,,,16.6,115.4101,75.99
2022-01-04,0.08,0.77,1.66,0.89,,,,,,16.91,115.3103,77.0
2022-01-05,0.08,0.83,1.71,0.88,,,,,,19.73,115.137,77.83
2022-01-06,0.08,0.88,1.73,0.85,,,,,,19.61,115.4046,79.47
2022-01-07,0.08,0.87,1.76,0.89,,,,,,18.76,115.0451,79.0
2022-01-08,0.08,,,,,,,,,,,
2022-01-09,0.08,,,,,,,,,,,
2022-01-10,0.08,0.92,1.78,0.86,,,,,,19.4,115.2216,78.11
2022-01-11,0.08,0.90,1.75,0.85,,,,,,18.41,114.8332,81.17
2022-01-12,0.08,0.92,1.74,0.82,,,,,,17.62,114.355,82.51
2022-01-13,0.08,0.91,1.70,0.79,,,,,,20.31,114.177,81.97
2022-01-14,0.08,0.99,1.78,0.79,,,,,,19.19,114.3825,83.82
2022-01-15,0.08,,,,,,,,,,,
2022-01-16,0.08,,,,,,,,,,,
2022-01-17,0.08,,,,,,,,,,,
2022-01-18,0.08,1.06,1.87,0.81,,,,,,22.79,114.7373,85.42
2022-01-19,0.08,1.04,1.83,0.79,,,,,,23.85,114.6109,86.84
2022-01-20,0.08,1.08,1.83,0.75,,,,,,25.59,114.4642,86.29
2022-01-21,0.08,1.01,1.75,0.74,,,,,,28.85,114.6125,85.16
2022-01-22,0.08,,,,,,,,,,,
2022-01-23,0.08,,,,,,,,,,,
2022-01-24,0.08,0.99,1.75,0.76,,,,,,29.9,115.2034,84.48
2022-01-25,0.08,1.02,1.78,0.76,,,,,,31.16,115.1654,86.61
2022-01-26,0.08,1.13,1.85,0.72,,,,,,31.96,115.0922,88.33
2022-01-27,0.08,1.18,1.81,0.63,,,,,,30.49,115.978,87.61
2022-01-28,0.08,1.15,1.78,0.63,,,,,,27.66,116.0393,87.67
2022-01-29,0.08,,,,,,,,,,,
2022-01-30,0.08,,,,,,,,,,,
2022-01-31,0.08,1.18,1.79,0.61,,,,,,24.83,115.566,89.16
2022-02-01,0.08,1.18,1.81,0.63,284.500,288.273,112.468,3.9,150825,21.96,115.3685,88.22
2022-02-02,0.08,1.16,1.78,0.62,,,,,,22.09,115.1538,88.16
2022-02-03,0.08,1.19,1.82,0.63,,,,,,24.35,114.9065,90.17
2022-02-04,0.08,1.31,1.93,0.62,,,,,,23.22,115.1362,92.27
2022-02-05,0.08,,,,,,,,,,,
2022-02-06,0.08,,,,,,,,,,,
2022-02-07,0.08,1.30,1.92,0.62,,,,,,22.86,115.0098,91.25
2022-02-08,0.08,1.35,1.96,0.61,,,,,,21.44,115.0892,89.32
2022-02-09,0.08,1.36,1.94,0.58,,,,,,19.96,114.8232,89.57
2022-02-10,0.08,1.61,2.03,0.42,,,,,,23.91,114.5527,89.83
2022-02-11,0.08,1.50,1.92,0.42,,,,,,27.36,114.8413,93.1
2022-02-12,0.08,,,,,,,,,,,
2022-02-13,0.08,,,,,,,,,,,
2022-02-14,0.08,1.58,1.98,0.4,,,,,,28.33,115.1946,95.52
2022-02-15,0.08,1.58,2.05,0.47,,,,,,25.7,114.93,92.07
2022-02-16,0.08,1.52,2.03,0.51,,,,,,24.29,114.6886,93.83
2022-02-17,0.08,1.49,1.97,0.48,,,,,,28.11,114.6755,91.78
2022-02-18,0.08,1.47,1.92,0.45,,,,,,27.75,114.7982,91.26
2022-02-19,0.08,,,,,,,,,,,
2022-02-20,0.08,,,,,,,,,,,
2022-02-21,0.08,,,,,,,,,,,
2022-02-22,0.08,1.56,1.94,0.38,,,,,,28.81,114.7002,92.11
2022-02-23,0.08,1.58,1.99,0.41,,,,,,31.02,114.6668,92.14
2022-02-24,0.08,1.54,1.96,0.42,,,,,,30.32,115.9419,92.77
2022-02-25,0.08,1.55,1.97,0.42,,,,,,27.59,115.2577,91.68
2022-02-26,0.08,,,,,,,,,,,
2022-02-27,0.08,,,,,,,,,,,
2022-02-28,0.08,1.44,1.83,0.39,,,,,,30.15,115.2224,96.13
2022-03-01,0.08,1.31,1.72,0.41,287.674,289.056,112.914,3.7,151315,33.32,115.7962,103.66
2022-03-02,0.08,1.50,1.86,0.36,,,,,,30.74,115.7623,110.74
2022-03-03,0.08,1.53,1.86,0.33,,,,,,30.48,115.9495,107.69
2022-03-04,0.08,1.50,1.74,0.24,,,,,,31.98,116.6503,115.77
2022-03-05,0.08,,,,,,,,,,,
2022-03-06,0.08,,,,,,,,,,,
2022-03-07,0.08,1.55,1.78,0.23,,,,,,36.45,117.3278,119.26
2022-03-08,0.08,1.63,1.86,0.23,,,,,,35.13,117.6176,123.64
2022-03-09,0.08,1.68,1.94,0.26,,,,,,32.45,116.5961,108.81
2022-03-10,0.08,1.72,1.98,0.26,,,,,,30.23,116.7401,105.93
2022-03-11,0.08,1.75,2.00,0.25,,,,,,30.75,117.0192,109.31
2022-03-12,0.08,,,,,,,,,,,
2022-03-13,0.08,,,,,,,,,,,
2022-03-14,0.08,1.87,2.14,0.27,,,,,,31.77,117.1506,103.22
2022-03-15,0.08,1.85,2.15,0.3,,,,,,29.83,117.246,96.42
2022-03-16,0.08,1.95,2.19,0.24,,,,,,26.67,116.8073,94.85
2022-03-17,0.33,1.94,2.20,0.26,,,,,,25.67,116.0467,102.97
2022-03-18,0.33,1.97,2.14,0.17,,,,,,23.87,116.1378,104.69
2022-03-19,0.33,,,,,,,,,,,
2022-03-20,0.33,,,,,,,,,,,
2022-03-21,0.33,2.14,2.32,0.18,,,,,,23.53,115.9398,112.14
2022-03-22,0.33,2.18,2.38,0.2,,,,,,22.94,116.0824,111.03
2022-03-23,0.33,2.13,2.32,0.19,,,,,,23.57,116.005,114.89
2022-03-24,0.33,2.13,2.34,0.21,,,,,,21.67,115.9599,114.2
2022-03-25,0.33,2.30,2.48,0.18,,,,,,20.81,115.7921,116.2
2022-03-26,0.33,,,,,,,,,,,
2022-03-27,0.33,,,,,,,,,,,
2022-03-28,0.33,2.35,2.46,0.11,,,,,,19.63,116.1911,107.55
2022-03-29,0.33,2.35,2.41,0.06,,,,,,18.9,115.5679,104.25
2022-03-30,0.33,2.31,2.35,0.04,,,,,,19.33,115.0818,107.81
2022-03-31,0.33,2.28,2.32,0.04,,,,,,20.56,115.2218,100.53
2022-04-01,0.33,2.44,2.39,-0.05,288.561,290.514,113.307,3.7,151623,19.63,115.4814,99.32
2022-04-02,0.33,,,,,,,,,,,
2022-04-03,0.33,,,,,,,,,,,
2022-04-04,0.33,2.43,2.42,-0.01,,,,,,18.57,115.4112,103.29
2022-04-05,0.33,2.51,2.54,0.03,,,,,,21.03,115.73,101.98
2022-04-06,0.33,2.50,2.61,0.11,,,,,,22.1,115.9995,96.39
2022-04-07,0.33,2.47,2.66,0.19,,,,,,21.55,116.3512,96.05
2022-04-08,0.33,2.53,2.72,0.19,,,,,,21.16,116.4176,98.35
2022-04-09,0.33,,,,,,,,,,,
2022-04-10,0.33,,,,,,,,,,,
2022-04-11,0.33,2.50,2.79,0.29,,,,,,24.37,116.5401,94.22
2022-04-12,0.33,2.39,2.72,0.33,,,,,,24.26,116.3866,100.52
2022-04-13,0.33,2.37,2.70,0.33,,,,,,21.82,116.2796,104.26
2022-04-14,0.33,2.47,2.83,0.36,,,,,,22.7,116.7558,106.84
2022-04-15,0.33,,,,,,,,,,116.7017,
2022-04-16,0.33,,,,,,,,,,,
2022-04-17,0.33,,,,,,,,,,,
2022-04-18,0.33,2.46,2.85,0.39,,,,,,22.17,116.8441,108.24
2022-04-19,0.33,2.61,2.93,0.32,,,,,,21.37,117.1324,102.54
2022-04-20,0.33,2.60,2.85,0.25,,,,,,20.32,116.7306,102.56
2022-04-21,0.33,2.68,2.90,0.22,,,,,,22.68,117.1432,103.89
2022-04-22,0.33,2.72,2.90,0.18,,,,,,28.21,118.0186,102.86
2022-04-23,0.33,,,,,,,,,,,
2022-04-24,0.33,,,,,,,,,,,
2022-04-25,0.33,2.63,2.81,0.18,,,,,,27.02,118.6271,99.6
2022-04-26,0.33,2.54,2.77,0.23,,,,,,33.52,118.9624,102.62
2022-04-27,0.33,2.58,2.82,0.24,,,,,,31.6,119.4708,101.96
2022-04-28,0.33,2.63,2.85,0.22,,,,,,29.99,120.0675,105.47
2022-04-29,0.33,2.70,2.89,0.19,,,,,,33.4,119.4933,104.59
2022-04-30,0.33,,,,,,,,,,,
2022-05-01,0.33,,,,291.298,292.063,113.703,3.6,151924,,,
2022-05-02,0.33,2.73,2.99,0.26,,,,,,32.34,119.8825,105.18
2022-05-03,0.33,2.78,2.97,0.19,,,,,,29.25,119.7043,102.53
2022-05-04,0.33,2.66,2.93,0.27,,,,,,25.42,119.5592,107.84
2022-05-05,0.83,2.71,3.05,0.34,,,,,,31.2,120.0068,108.17
2022-05-06,0.83,2.72,3.12,0.4,,,,,,30.19,119.8577,109.72
2022-05-07,0.83,,,,,,,,,,,
2022-05-08,0.83,,,,,,,,,,,
2022-05-09,0.83,2.61,3.05,0.44,,,,,,34.75,120.4972,103.08
2022-05-10,0.83,2.62,2.99,0.37,,,,,,32.99,120.7742,99.74
2022-05-11,0.83,2.66,2.91,0.25,,,,,,32.56,120.3925,105.5
2022-05-12,0.83,2.56,2.84,0.28,,,,,,31.77,121.2796,106.15
2022-05-13,0.83,2.61,2.93,0.32,,,,,,28.87,120.8442,110.52
2022-05-14,0.83,,,,,,,,,,,
2022-05-15,0.83,,,,,,,,,,,
2022-05-16,0.83,2.58,2.88,0.3,,,,,,27.47,120.6881,114.07
2022-05-17,0.83,2.71,2.98,0.27,,,,,,26.1,119.8871,112.31
2022-05-18,0.83,2.68,2.89,0.21,,,,,,30.96,120.0274,109.67
2022-05-19,0.83,2.63,2.84,0.21,,,,,,29.35,119.4278,112.21
2022-05-20,0.83,2.60,2.78,0.18,,,,,,29.43,119.3677,112.63
2022-05-21,0.83,,,,,,,,,,,
2022-05-22,0.83,,,,,,,,,,,
2022-05-23,0.83,2.65,2.86,0.21,,,,,,28.48,118.7169,110.32
2022-05-24,0.83,2.50,2.76,0.26,,,,,,29.45,118.6245,112.55
2022-05-25,0.83,2.48,2.75,0.27,,,,,,28.37,118.9598,112.88
2022-05-26,0.83,2.46,2.75,0.29,,,,,,27.5,118.7687,116.19
2022-05-27,0.83,2.47,2.74,0.27,,,,,,25.72,118.2834,114.96
2022-05-28,0.83,,,,,,,,,,,
2022-05-29,0.83,,,,,,,,,,,
2022-05-30,0.83,,,,,,,,,26.54,,
2022-05-31,0.83,2.53,2.85,0.32,,,,,,26.19,118.0704,114.38
2022-06-01,0.83,2.66,2.94,0.28,294.957,294.050,114.376,3.6,152358,25.69,118.6954,115.26
2022-06-02,0.83,2.65,2.92,0.27,,,,,,24.72,118.0658,116.88
2022-06-03,0.83,2.66,2.96,0.3,,,,,,24.79,118.2153,118.97
2022-06-04,0.83,,,,,,,,,,,
2022-06-05,0.83,,,,,,,,,,,
2022-06-06,0.83,2.73,3.04,0.31,,,,,,25.07,118.3081,118.41
2022-06-07,0.83,2.75,2.98,0.23,,,,,,24.02,118.4414,119.55
2022-06-08,0.83,2.78,3.03,0.25,,,,,,23.96,118.3951,121.94
2022-06-09,0.83,2.83,3.04,0.21,,,,,,26.09,118.9226,121.52
2022-06-10,0.83,3.06,3.15,0.09,,,,,,27.75,119.9981,120.73
2022-06-11,0.83,,,,,,,,,,,
2022-06-12,0.83,,,,,,,,,,,
2022-06-13,0.83,3.40,3.43,0.03,,,,,,34.02,121.1523,120.92
2022-06-14,0.83,3.45,3.49,0.04,,,,,,32.69,121.6669,118.92
2022-06-15,0.83,3.20,3.33,0.13,,,,,,29.62,121.6403,115.32
2022-06-16,1.58,3.14,3.28,0.14,,,,,,32.95,120.6714,117.56
2022-06-17,1.58,3.17,3.25,0.08,,,,,,31.13,121.2369,109.56
2022-06-18,1.58,,,,,,,,,,,
2022-06-19,1.58,,,,,,,,,,,
2022-06-20,1.58,,,,,,,,,31.03,,
2022-06-21,1.58,3.21,3.31,0.1,,,,,,30.19,120.6427,110.49
2022-06-22,1.58,3.06,3.16,0.1,,,,,,28.95,120.5197,106.22
2022-06-23,1.58,3.01,3.09,0.08,,,,,,29.05,120.7622,105.75
2022-06-24,1.58,3.04,3.13,0.09,,,,,,27.23,120.4853,109.07
2022-06-25,1.58,,,,,,,,,,,
2022-06-26,1.58,,,,,,,,,,,
2022-06-27,1.58,3.08,3.20,0.12,,,,,,26.95,120.1736,111.44
2022-06-28,1.58,3.10,3.20,0.1,,,,,,28.36,120.62,113.66
2022-06-29,1.58,3.06,3.10,0.04,,,,,,28.16,120.9616,111.65
2022-06-30,1.58,2.92,2.98,0.06,,,,,,28.71,120.9652,107.76
2022-07-01,1.58,2.84,2.88,0.04,294.913,295.088,114.628,3.5,153072,26.7,121.5058,110.3
2022-07-02,1.58,,,,,,,,,,,
2022-07-03,1.58,,,,,,,,,,,
2022-07-04,1.58,,,,,,,,,27.53,,
2022-07-05,1.58,2.82,2.82,0.0,,,,,,27.54,122.6203,101.55
2022-07-06,1.58,2.97,2.93,-0.04,,,,,,26.73,123.0073,100.31
2022-07-07,1.58,3.03,3.01,-0.02,,,,,,26.08,122.7257,104.62
2022-07-08,1.58,3.12,3.09,-0.03,,,,,,24.64,122.4662,106.78
2022-07-09,1.58,,,,,,,,,,,
2022-07-10,1.58,,,,,,,,,,,
2022-07-11,1.58,3.07,2.99,-0.08,,,,,,26.17,123.2974,106.09
2022-07-12,1.58,3.03,2.96,-0.07,,,,,,27.29,123.4524,97.69
2022-07-13,1.58,3.13,2.91,-0.22,,,,,,26.82,123.2834,98.44
2022-07-14,1.58,3.15,2.96,-0.19,,,,,,26.4,124.0622,97.79
2022-07-15,1.58,3.13,2.93,-0.2,,,,,,24.23,123.4765,99.59
2022-07-16,1.58,,,,,,,,,,,
2022-07-17,1.58,,,,,,,,,,,
2022-07-18,1.58,3.15,2.96,-0.19,,,,,,25.3,122.7727,104.48
2022-07-19,1.58,3.23,3.01,-0.22,,,,,,24.5,122.4819,106.12
2022-07-20,1.58,3.25,3.04,-0.21,,,,,,23.88,122.5997,104.45
2022-07-21,1.58,3.10,2.91,-0.19,,,,,,23.11,122.9032,98.44
2022-07-22,1.58,2.98,2.77,-0.21,,,,,,23.03,122.451,97.71
2022-07-23,1.58,,,,,,,,,,,
2022-07-24,1.58,,,,,,,,,,,
2022-07-25,1.58,3.00,2.81,-0.19,,,,,,23.36,122.4594,99.83
2022-07-26,1.58,3.02,2.81,-0.21,,,,,,24.69,122.7581,97.74
2022-07-27,1.58,2.96,2.78,-0.18,,,,,,23.24,122.8169,100.03
2022-07-28,2.33,2.85,2.68,-0.17,,,,,,22.33,122.1161,99.11
2022-07-29,2.32,2.89,2.67,-0.22,,,,,,21.33,121.7678,101.31
2022-07-30,2.32,,,,,,,,,,,
2022-07-31,2.32,,,,,,,,,,,
2022-08-01,2.33,2.90,2.60,-0.3,295.097,296.535,115.276,3.6,153362,22.84,121.4109,96.59
2022-08-02,2.33,3.06,2.75,-0.31,,,,,,23.93,121.9486,97.14
2022-08-03,2.33,3.10,2.73,-0.37,,,,,,21.95,122.3888,93.25
2022-08-04,2.33,3.03,2.68,-0.35,,,,,,21.44,121.8333,91.29
2022-08-05,2.33,3.24,2.83,-0.41,,,,,,21.15,122.321,91.77
2022-08-06,2.33,,,,,,,,,,,
2022-08-07,2.33,,,,,,,,,,,
2022-08-08,2.33,3.21,2.77,-0.44,,,,,,21.29,121.8783,93.52
2022-08-09,2.33,3.28,2.80,-0.48,,,,,,21.77,121.8614,93.18
2022-08-10,2.33,3.23,2.78,-0.45,,,,,,19.74,120.7543,94.68
2022-08-11,2.33,3.23,2.87,-0.36,,,,,,20.2,120.7163,97.02
2022-08-12,2.33,3.25,2.84,-0.41,,,,,,19.53,121.018,94.86
2022-08-13,2.33,,,,,,,,,,,
2022-08-14,2.33,,,,,,,,,,,
2022-08-15,2.33,3.20,2.79,-0.41,,,,,,19.95,121.4315,92.24
2022-08-16,2.33,3.25,2.82,-0.43,,,,,,19.69,121.6807,89.23
2022-08-17,2.33,3.28,2.89,-0.39,,,,,,19.9,122.0711,90.85
2022-08-18,2.33,3.22,2.88,-0.34,,,,,,19.56,122.3627,93.2
2022-08-19,2.33,3.25,2.98,-0.27,,,,,,20.6,123.0501,93.55
2022-08-20,2.33,,,,,,,,,,,
2022-08-21,2.33,,,,,,,,,,,
2022-08-22,2.33,3.32,3.03,-0.29,,,,,,23.8,123.605,93.42
2022-08-23,2.33,3.29,3.05,-0.24,,,,,,24.11,123.0547,96.46
2022-08-24,2.33,3.36,3.11,-0.25,,,,,,22.82,123.109,95.52
2022-08-25,2.33,3.35,3.03,-0.32,,,,,,21.78,123.0586,93.33
2022-08-26,2.33,3.37,3.04,-0.33,,,,,,25.56,123.0656,93.63
2022-08-27,2.33,,,,,,,,,,,
2022-08-28,2.33,,,,,,,,,,,
2022-08-29,2.33,3.42,3.12,-0.3,,,,,,26.21,123.4686,97.4
2022-08-30,2.33,3.46,3.11,-0.35,,,,,,26.21,123.6848,92.08
2022-08-31,2.33,3.45,3.15,-0.3,,,,,,25.87,123.535,90.09
2022-09-01,2.33,3.51,3.26,-0.25,296.349,298.226,115.788,3.5,153582,25.56,124.4006,87.09
2022-09-02,2.33,3.40,3.20,-0.2,,,,,,25.47,123.7743,87.29
2022-09-03,2.33,,,,,,,,,,,
2022-09-04,2.33,,,,,,,,,,,
2022-09-05,2.33,,,,,,,,,25.99,,
2022-09-06,2.33,3.50,3.33,-0.17,,,,,,26.91,124.767,87.35
2022-09-07,2.33,3.45,3.27,-0.18,,,,,,24.64,124.8408,82.5
2022-09-08,2.33,3.48,3.29,-0.19,,,,,,23.61,124.578,84.04
2022-09-09,2.33,3.56,3.33,-0.23,,,,,,22.79,123.7874,87.27
2022-09-10,2.33,,,,,,,,,,,
2022-09-11,2.33,,,,,,,,,,,
2022-09-12,2.33,3.58,3.37,-0.21,,,,,,23.87,123.3332,88.18
2022-09-13,2.33,3.75,3.42,-0.33,,,,,,27.27,124.4242,87.84
2022-09-14,2.33,3.78,3.41,-0.37,,,,,,26.16,124.4509,88.88
2022-09-15,2.33,3.87,3.45,-0.42,,,,,,26.27,124.8843,85.72
2022-09-16,2.33,3.85,3.45,-0.4,,,,,,26.3,124.8794,85.57
2022-09-17,2.33,,,,,,,,,,,
2022-09-18,2.33,,,,,,,,,,,
2022-09-19,2.33,3.95,3.49,-0.46,,,,,,25.76,125.0104,86.15
2022-09-20,2.33,3.96,3.57,-0.39,,,,,,27.16,125.1248,84.69
2022-09-21,2.33,4.02,3.51,-0.51,,,,,,27.99,125.7399,83.38
2022-09-22,3.08,4.11,3.70,-0.41,,,,,,27.35,126.1667,84.02
2022-09-23,3.08,4.20,3.69,-0.51,,,,,,29.92,127.2853,79.07
2022-09-24,3.08,,,,,,,,,,,
2022-09-25,3.08,,,,,,,,,,,
2022-09-26,3.08,4.27,3.88,-0.39,,,,,,32.26,128.4539,77.17
2022-09-27,3.08,4.30,3.97,-0.33,,,,,,32.6,128.4386,78.91
2022-09-28,3.08,4.07,3.72,-0.35,,,,,,30.18,128.0884,82.61
2022-09-29,3.08,4.16,3.76,-0.4,,,,,,31.84,127.5437,81.78
2022-09-30,3.08,4.22,3.83,-0.39,,,,,,31.62,127.5148,79.91
2022-10-01,3.08,,,,298.007,299.399,116.204,3.6,153939,,,
2022-10-02,3.08,,,,,,,,,,,
2022-10-03,3.08,4.12,3.67,-0.45,,,,,,30.1,127.0813,84.05
2022-10-04,3.08,4.10,3.62,-0.48,,,,,,29.07,126.1819,86.87
2022-10-05,3.08,4.15,3.76,-0.39,,,,,,28.55,126.8616,88.22
2022-10-06,3.08,4.23,3.83,-0.4,,,,,,30.52,127.2493,88.9
2022-10-07,3.08,4.30,3.89,-0.41,,,,,,31.36,127.3111,93.07
2022-10-08,3.08,,,,,,,,,,,
2022-10-09,3.08,,,,,,,,,,,
2022-10-10,3.08,,,,,,,,,32.45,,91.6
2022-10-11,3.08,4.30,3.93,-0.37,,,,,,33.63,127.6641,89.75
2022-10-12,3.08,4.28,3.91,-0.37,,,,,,33.57,128.1481,87.83
2022-10-13,3.08,4.47,3.97,-0.5,,,,,,31.94,127.7286,89.59
2022-10-14,3.08,4.48,4.00,-0.48,,,,,,32.02,128.3325,86.1
2022-10-15,3.08,,,,,,,,,,,
2022-10-16,3.08,,,,,,,,,,,
2022-10-17,3.08,4.45,4.02,-0.43,,,,,,31.37,127.6448,86.0
2022-10-18,3.08,4.43,4.01,-0.42,,,,,,30.5,127.9153,83.29
2022-10-19,3.08,4.55,4.14,-0.41,,,,,,30.76,128.3968,86.0
2022-10-20,3.08,4.62,4.24,-0.38,,,,,,29.98,128.0052,86.02
2022-10-21,3.08,4.49,4.21,-0.28,,,,,,29.69,127.6735,85.47
2022-10-22,3.08,,,,,,,,,,,
2022-10-23,3.08,,,,,,,,,,,
2022-10-24,3.08,4.50,4.25,-0.25,,,,,,29.85,128.0304,86.12
2022-10-25,3.08,4.42,4.10,-0.32,,,,,,28.46,127.3771,86.93
2022-10-26,3.08,4.39,4.04,-0.35,,,,,,27.28,126.4723,89.39
2022-10-27,3.08,4.30,3.96,-0.34,,,,,,27.39,126.7028,89.06
2022-10-28,3.08,4.41,4.02,-0.39,,,,,,25.75,127.2135,87.85
2022-10-29,3.08,,,,,,,,,,,
2022-10-30,3.08,,,,,,,,,,,
2022-10-31,3.08,4.51,4.10,-0.41,,,,,,25.88,127.6219,86.54
2022-11-01,3.08,4.54,4.07,-0.47,298.786,300.325,116.539,3.6,154242,25.81,127.3987,88.36
2022-11-02,3.08,4.61,4.10,-0.51,,,,,,25.86,127.3115,90.06
2022-11-03,3.83,4.71,4.14,-0.57,,,,,,25.3,128.1743,88.14
2022-11-04,3.83,4.66,4.17,-0.49,,,,,,24.55,127.1468,92.58
2022-11-05,3.83,,,,,,,,,,,
2022-11-06,3.83,,,,,,,,,,,
2022-11-07,3.83,4.72,4.22,-0.5,,,,,,24.35,126.3062,91.8
2022-11-08,3.83,4.67,4.14,-0.53,,,,,,25.54,125.633,88.8
2022-11-09,3.83,4.61,4.12,-0.49,,,,,,26.09,125.9861,85.79
2022-11-10,3.83,4.34,3.82,-0.52,,,,,,23.53,124.7044,86.52
2022-11-11,3.83,,,,,,,,,22.52,,89.14
2022-11-12,3.83,,,,,,,,,,,
2022-11-13,3.83,,,,,,,,,,,
2022-11-14,3.83,4.40,3.88,-0.52,,,,,,23.73,123.4277,85.85
2022-11-15,3.83,4.37,3.80,-0.57,,,,,,24.54,123.039,86.87
2022-11-16,3.83,4.35,3.67,-0.68,,,,,,24.11,123.2817,85.62
2022-11-17,3.83,4.43,3.77,-0.66,,,,,,23.93,123.977,81.69
2022-11-18,3.83,4.51,3.82,-0.69,,,,,,23.12,123.8524,80.07
2022-11-19,3.83,,,,,,,,,,,
2022-11-20,3.83,,,,,,,,,,,
2022-11-21,3.83,4.48,3.83,-0.65,,,,,,22.36,124.7009,79.74
2022-11-22,3.83,4.47,3.76,-0.71,,,,,,21.29,124.2365,80.83
2022-11-23,3.83,4.46,3.71,-0.75,,,,,,20.35,123.7574,77.93
2022-11-24,3.83,,,,,,,,,20.42,,
2022-11-25,3.83,4.42,3.68,-0.74,,,,,,20.5,123.3386,76.45
2022-11-26,3.83,,,,,,,,,,,
2022-11-27,3.83,,,,,,,,,,,
2022-11-28,3.83,4.46,3.69,-0.77,,,,,,22.21,123.6032,77.1
2022-11-29,3.83,4.48,3.75,-0.73,,,,,,21.89,123.6615,77.96
2022-11-30,3.83,4.38,3.68,-0.7,,,,,,20.58,123.5175,80.48
2022-12-01,3.83,4.25,3.53,-0.72,298.832,301.394,116.952,3.5,154342,19.84,122.0045,81.06
2022-12-02,3.83,4.28,3.51,-0.77,,,,,,19.06,122.0102,79.86
2022-12-03,3.83,,,,,,,,,,,
2022-12-04,3.83,,,,,,,,,,,
2022-12-05,3.83,4.41,3.60,-0.81,,,,,,20.75,122.6384,76.83
2022-12-06,3.83,4.34,3.51,-0.83,,,,,,22.17,123.0191,74.21
2022-12-07,3.83,4.26,3.42,-0.84,,,,,,22.68,122.7608,71.93
2022-12-08,3.83,4.31,3.48,-0.83,,,,,,22.29,122.4152,71.3
2022-12-09,3.83,4.33,3.57,-0.76,,,,,,22.83,122.4201,71.05
2022-12-10,3.83,,,,,,,,,,,
2022-12-11,3.83,,,,,,,,,,,
2022-12-12,3.83,4.39,3.61,-0.78,,,,,,25.0,122.7714,72.96
2022-12-13,3.83,4.22,3.51,-0.71,,,,,,22.55,121.8493,75.44
2022-12-14,3.83,4.23,3.49,-0.74,,,,,,21.14,121.8226,77.14
2022-12-15,4.33,4.23,3.44,-0.79,,,,,,22.83,122.5519,75.89
2022-12-16,4.33,4.17,3.48,-0.69,,,,,,22.62,122.6505,74.19
2022-12-17,4.33,,,,,,,,,,,
2022-12-18,4.33,,,,,,,,,,,
2022-12-19,4.33,4.25,3.57,-0.68,,,,,,22.42,122.5275,75.05
2022-12-20,4.33,4.25,3.69,-0.56,,,,,,21.48,122.1357,75.92
2022-12-21,4.33,4.21,3.68,-0.53,,,,,,20.07,122.2828,78.17
2022-12-22,4.33,4.24,3.67,-0.57,,,,,,21.97,122.2419,77.68
2022-12-23,4.33,4.31,3.75,-0.56,,,,,,20.87,121.9743,79.57
2022-12-24,4.33,,,,,,,,,,,
2022-12-25,4.33,,,,,,,,,,,
2022-12-26,4.33,,,,,,,,,,,
2022-12-27,4.33,4.32,3.84,-0.48,,,,,,21.65,121.7539,79.45
2022-12-28,4.33,4.31,3.88,-0.43,,,,,,22.14,122.0075,78.89
2022-12-29,4.33,4.34,3.83,-0.51,,,,,,21.44,121.6577,78.43
2022-12-30,4.33,4.41,3.88,-0.53,,,,,,21.67,121.4256,80.16
2022-12-31,4.33,,,,,,,,,,,
2023-01-01,4.33,,,,300.420,302.642,117.505,3.5,154776,,,
2023-01-02,4.33,,,,,,,,,,,
2023-01-03,4.33,4.40,3.79,-0.61,,,,,,22.9,122.0905,76.87
2023-01-04,4.33,4.36,3.69,-0.67,,,,,,22.01,121.5008,72.82
2023-01-05,4.33,4.45,3.71,-0.74,,,,,,22.46,122.1017,73.61
2023-01-06,4.33,4.24,3.55,-0.69,,,,,,21.13,121.0852,73.77
2023-01-07,4.33,,,,,,,,,,,
2023-01-08,4.33,,,,,,,,,,,
2023-01-09,4.33,4.19,3.53,-0.66,,,,,,21.97,120.1508,74.69
2023-01-10,4.33,4.24,3.61,-0.63,,,,,,20.58,120.2483,75.11
2023-01-11,4.33,4.20,3.54,-0.66,,,,,,21.09,120.1614,77.46
2023-01-12,4.33,4.12,3.43,-0.69,,,,,,18.83,119.4218,78.32
2023-01-13,4.33,4.22,3.49,-0.73,,,,,,18.35,119.1673,79.9
2023-01-14,4.33,,,,,,,,,,,
2023-01-15,4.33,,,,,,,,,,,
2023-01-16,4.33,,,,,,,,,19.49,,
2023-01-17,4.33,4.18,3.53,-0.65,,,,,,19.36,119.2121,80.25
2023-01-18,4.33,4.06,3.37,-0.69,,,,,,20.34,119.0755,79.53
2023-01-19,4.33,4.09,3.39,-0.7,,,,,,20.52,119.6107,80.31
2023-01-20,4.33,4.14,3.48,-0.66,,,,,,19.85,119.3486,81.27
2023-01-21,4.33,,,,,,,,,,,
2023-01-22,4.33,,,,,,,,,,,
2023-01-23,4.33,4.21,3.52,-0.69,,,,,,19.81,119.1434,81.62
2023-01-24,4.33,4.12,3.46,-0.66,,,,,,19.2,119.0958,79.86
2023-01-25,4.33,4.11,3.46,-0.65,,,,,,19.08,118.9686,79.78
2023-01-26,4.33,4.17,3.49,-0.68,,,,,,18.73,119.021,80.64
2023-01-27,4.33,4.19,3.52,-0.67,,,,,,18.51,118.9223,79.73
2023-01-28,4.33,,,,,,,,,,,
2023-01-29,4.33,,,,,,,,,,,
2023-01-30,4.33,4.25,3.55,-0.7,,,,,,19.94,118.8953,77.97
2023-01-31,4.33,4.21,3.52,-0.69,,,,,,19.4,118.9802,78.95
2023-02-01,4.33,4.09,3.39,-0.7,301.450,304.123,117.929,3.6,155066,17.87,118.6259,76.34
2023-02-02,4.58,4.09,3.40,-0.69,,,,,,18.73,118.3421,75.87
2023-02-03,4.58,4.30,3.53,-0.77,,,,,,18.33,119.5095,73.4
2023-02-04,4.58,,,,,,,,,,,
2023-02-05,4.58,,,,,,,,,,,
2023-02-06,4.58,4.44,3.63,-0.81,,,,,,19.43,120.541,74.11
2023-02-07,4.58,4.47,3.67,-0.8,,,,,,18.66,120.3475,77.17
2023-02-08,4.58,4.45,3.63,-0.82,,,,,,19.63,120.1436,78.47
2023-02-09,4.57,4.48,3.67,-0.81,,,,,,20.71,119.9781,78.04
2023-02-10,4.58,4.50,3.74,-0.76,,,,,,20.53,120.1419,79.74
2023-02-11,4.58,,,,,,,,,,,
2023-02-12,4.58,,,,,,,,,,,
2023-02-13,4.58,4.52,3.72,-0.8,,,,,,20.34,119.9828,80.14
2023-02-14,4.58,4.60,3.77,-0.83,,,,,,18.91,119.9229,79.08
2023-02-15,4.58,4.62,3.81,-0.81,,,,,,18.23,120.4557,78.57
2023-02-16,4.58,4.62,3.86,-0.76,,,,,,20.17,120.4651,78.45
2023-02-17,4.58,4.60,3.82,-0.78,,,,,,20.02,120.5526,76.31
2023-02-18,4.58,,,,,,,,,,,
2023-02-19,4.58,,,,,,,,,,,
2023-02-20,4.58,,,,,,,,,21.23,,
2023-02-21,4.58,4.67,3.95,-0.72,,,,,,22.87,120.6256,76.28
2023-02-22,4.58,4.66,3.93,-0.73,,,,,,22.29,120.8389,73.95
2023-02-23,4.58,4.66,3.88,-0.78,,,,,,21.14,121.0896,75.26
2023-02-24,4.58,4.78,3.95,-0.83,,,,,,21.67,121.5681,76.19
2023-02-25,4.58,,,,,,,,,,,
2023-02-26,4.58,,,,,,,,,,,
2023-02-27,4.57,4.78,3.92,-0.86,,,,,,20.95,121.3941,75.57
2023-02-28,4.57,4.81,3.92,-0.89,,,,,,20.7,121.3341,76.88
2023-03-01,4.58,4.89,4.01,-0.88,301.821,305.147,118.315,3.5,155134,20.58,120.6347,77.57
2023-03-02,4.57,4.89,4.08,-0.81,,,,,,19.59,121.1302,78.05
2023-03-03,4.57,4.86,3.97,-0.89,,,,,,18.49,120.7742,79.62
2023-03-04,4.57,,,,,,,,,,,
2023-03-05,4.57,,,,,,,,,,,
2023-03-06,4.57,4.89,3.98,-0.91,,,,,,18.61,120.485,80.39
2023-03-07,4.57,5.00,3.97,-1.03,,,,,,19.59,121.4623,77.45
2023-03-08,4.57,5.05,3.98,-1.07,,,,,,19.11,121.4511,76.56
2023-03-09,4.57,4.90,3.93,-0.97,,,,,,22.61,121.4458,75.6
2023-03-10,4.57,4.60,3.70,-0.9,,,,,,24.8,121.2421,76.55
2023-03-11,4.57,,,,,,,,,,,
2023-03-12,4.57,,,,,,,,,,,
2023-03-13,4.58,4.03,3.55,-0.48,,,,,,26.52,120.8897,74.68
2023-03-14,4.58,4.20,3.64,-0.56,,,,,,23.73,121.0141,71.18
2023-03-15,4.58,3.93,3.51,-0.42,,,,,,26.14,122.1079,67.38
2023-03-16,4.58,4.14,3.56,-0.58,,,,,,22.99,121.7221,68.15
2023-03-17,4.58,3.81,3.39,-0.42,,,,,,25.51,121.5643,66.61
2023-03-18,4.58,,,,,,,,,,,
2023-03-19,4.58,,,,,,,,,,,
2023-03-20,4.58,3.92,3.47,-0.45,,,,,,24.15,121.0141,67.56
2023-03-21,4.58,4.17,3.59,-0.58,,,,,,21.38,120.8958,69.4
2023-03-22,4.58,3.96,3.48,-0.48,,,,,,22.26,120.6217,70.71
2023-03-23,4.83,3.76,3.38,-0.38,,,,,,22.61,119.7587,69.77
2023-03-24,4.83,3.76,3.38,-0.38,,,,,,21.74,120.4598,69.22
2023-03-25,4.83,,,,,,,,,,,
2023-03-26,4.83,,,,,,,,,,,
2023-03-27,4.83,3.94,3.53,-0.41,,,,,,20.6,120.2541,72.87
2023-03-28,4.83,4.02,3.55,-0.47,,,,,,19.97,119.7138,73.12
2023-03-29,4.83,4.08,3.57,-0.51,,,,,,19.12,119.7258,72.95
2023-03-30,4.83,4.10,3.55,-0.55,,,,,,19.02,119.4078,74.32
2023-03-31,4.83,4.06,3.48,-0.58,,,,,,18.7,119.3602,75.68
2023-04-01,4.83,,,,302.845,306.534,118.734,3.4,155375,,,
2023-04-02,4.83,,,,,,,,,,,
2023-04-03,4.83,3.97,3.43,-0.54,,,,,,18.55,119.3204,80.4
2023-04-04,4.83,3.84,3.35,-0.49,,,,,,19.0,119.142,80.7
2023-04-05,4.83,3.79,3.30,-0.49,,,,,,19.08,119.2953,80.69
2023-04-06,4.83,3.82,3.30,-0.52,,,,,,18.4,119.3072,80.7
2023-04-07,4.83,3.97,3.39,-0.58,,,,,,,119.3547,
2023-04-08,4.83,,,,,,,,,,,
2023-04-09,4.83,,,,,,,,,,,
2023-04-10,4.83,4.00,3.41,-0.59,,,,,,18.97,119.7948,79.79
2023-04-11,4.83,4.03,3.43,-0.6,,,,,,19.1,119.5248,81.54
2023-04-12,4.83,3.95,3.41,-0.54,,,,,,19.09,119.003,83.26
2023-04-13,4.83,3.96,3.45,-0.51,,,,,,17.8,118.3915,82.16
2023-04-14,4.83,4.08,3.52,-0.56,,,,,,17.07,118.8567,82.58
2023-04-15,4.83,,,,,,,,,,,
2023-04-16,4.83,,,,,,,,,,,
2023-04-17,4.83,4.18,3.60,-0.58,,,,,,16.95,119.2787,80.93
2023-04-18,4.83,4.19,3.58,-0.61,,,,,,16.83,119.1049,80.85
2023-04-19,4.83,4.24,3.60,-0.64,,,,,,16.46,119.303,79.18
2023-04-20,4.83,4.14,3.54,-0.6,,,,,,17.17,119.1199,77.27
2023-04-21,4.83,4.17,3.57,-0.6,,,,,,16.77,119.3117,77.86
2023-04-22,4.83,,,,,,,,,,,
2023-04-23,4.83,,,,,,,,,,,
2023-04-24,4.83,4.12,3.52,-0.6,,,,,,16.89,119.2039,78.64
2023-04-25,4.83,3.86,3.40,-0.46,,,,,,18.76,119.613,77.05
2023-04-26,4.83,3.90,3.43,-0.47,,,,,,18.84,119.3228,74.33
2023-04-27,4.83,4.07,3.53,-0.54,,,,,,17.03,119.4298,74.77
2023-04-28,4.83,4.04,3.44,-0.6,,,,,,15.78,119.2248,76.78
2023-04-29,4.83,,,,,,,,,,,
2023-04-30,4.83,,,,,,,,,,,
2023-05-01,4.83,4.14,3.59,-0.55,303.334,307.652,119.083,3.6,155655,16.08,119.4435,75.65
2023-05-02,4.83,3.97,3.44,-0.53,,,,,,17.78,119.6105,71.71
2023-05-03,4.83,3.89,3.38,-0.51,,,,,,18.34,119.1233,68.62
2023-05-04,5.08,3.75,3.37,-0.38,,,,,,20.09,119.0465,68.52
2023-05-05,5.08,3.92,3.44,-0.48,,,,,,17.19,118.5548,71.32
2023-05-06,5.08,,,,,,,,,,,
2023-05-07,5.08,,,,,,,,,,,
2023-05-08,5.08,4.00,3.52,-0.48,,,,,,16.98,118.5759,73.13
2023-05-09,5.08,4.01,3.53,-0.48,,,,,,17.71,118.8239,73.68
2023-05-10,5.08,3.90,3.43,-0.47,,,,,,16.94,118.5864,72.53
2023-05-11,5.08,3.89,3.39,-0.5,,,,,,16.93,119.0303,70.81
2023-05-12,5.08,3.98,3.46,-0.52,,,,,,17.03,119.3671,70.02
2023-05-13,5.08,,,,,,,,,,,
2023-05-14,5.08,,,,,,,,,,,
2023-05-15,5.08,3.99,3.50,-0.49,,,,,,17.12,119.1608,71.07
2023-05-16,5.08,4.06,3.54,-0.52,,,,,,17.99,119.1743,70.85
2023-05-17,5.08,4.12,3.57,-0.55,,,,,,16.87,119.607,72.78
2023-05-18,5.08,4.24,3.65,-0.59,,,,,,16.05,120.0886,71.82
2023-05-19,5.08,4.28,3.70,-0.58,,,,,,16.81,119.7751,71.57
2023-05-20,5.08,,,,,,,,,,,
2023-05-21,5.08,,,,,,,,,,,
2023-05-22,5.08,4.29,3.72,-0.57,,,,,,17.21,120.0875,71.81
2023-05-23,5.08,4.26,3.70,-0.56,,,,,,18.53,120.3204,72.87
2023-05-24,5.08,4.31,3.73,-0.58,,,,,,20.03,120.4752,74.37
2023-05-25,5.08,4.50,3.83,-0.67,,,,,,19.14,120.8413,71.68
2023-05-26,5.08,4.54,3.80,-0.74,,,,,,17.95,120.6304,72.35
2023-05-27,5.08,,,,,,,,,,,
2023-05-28,5.08,,,,,,,,,,,
2023-05-29,5.08,,,,,,,,,17.46,,
2023-05-30,5.08,4.46,3.69,-0.77,,,,,,17.46,120.5546,69.45
2023-05-31,5.08,4.40,3.64,-0.76,,,,,,17.94,120.9662,68.11
2023-06-01,5.08,4.33,3.61,-0.72,304.014,308.322,119.39,3.6,155880,15.65,120.0491,70.09
2023-06-02,5.08,4.50,3.69,-0.81,,,,,,14.6,120.0049,71.76
2023-06-03,5.08,,,,,,,,,,,
2023-06-04,5.08,,,,,,,,,,,
2023-06-05,5.08,4.46,3.69,-0.77,,,,,,14.73,120.0048,72.14
2023-06-06,5.08,4.51,3.70,-0.81,,,,,,13.96,119.9718,71.71
2023-06-07,5.08,4.56,3.79,-0.77,,,,,,13.94,119.859,72.52
2023-06-08,5.08,4.52,3.73,-0.79,,,,,,13.65,119.5712,71.28
2023-06-09,5.08,4.59,3.75,-0.84,,,,,,13.83,119.4322,70.16
2023-06-10,5.08,,,,,,,,,,,
2023-06-11,5.08,,,,,,,,,,,
2023-06-12,5.08,4.55,3.73,-0.82,,,,,,15.01,119.6376,67.08
2023-06-13,5.08,4.67,3.84,-0.83,,,,,,14.61,119.1899,69.39
2023-06-14,5.08,4.74,3.83,-0.91,,,,,,13.88,118.776,68.22
2023-06-15,5.07,4.62,3.72,-0.9,,,,,,14.5,118.5521,70.61
2023-06-16,5.08,4.70,3.77,-0.93,,,,,,13.54,118.4184,71.81
2023-06-17,5.08,,,,,,,,,,,
2023-06-18,5.08,,,,,,,,,,,
2023-06-19,5.08,,,,,,,,,14.19,,
2023-06-20,5.07,4.68,3.74,-0.94,,,,,,13.88,118.938,70.94
2023-06-21,5.07,4.68,3.72,-0.96,,,,,,13.2,118.727,72.55
2023-06-22,5.07,4.77,3.80,-0.97,,,,,,12.91,118.7552,69.22
2023-06-23,5.07,4.71,3.74,-0.97,,,,,,13.44,119.152,68.91
2023-06-24,5.07,,,,,,,,,,,
2023-06-25,5.07,,,,,,,,,,,
2023-06-26,5.07,4.65,3.72,-0.93,,,,,,14.25,119.0761,69.09
2023-06-27,5.07,4.74,3.77,-0.97,,,,,,13.74,118.8949,67.68
2023-06-28,5.07,4.71,3.71,-1.0,,,,,,13.43,119.3382,69.54
2023-06-29,5.07,4.87,3.85,-1.02,,,,,,13.54,119.527,69.85
2023-06-30,5.08,4.87,3.81,-1.06,,,,,,13.59,119.3606,70.66
2023-07-01,5.08,,,,304.609,308.960,119.556,3.5,156043,,,
2023-07-02,5.08,,,,,,,,,,,
2023-07-03,5.08,4.94,3.86,-1.08,,,,,,13.57,119.2119,69.71
2023-07-04,5.08,,,,,,,,,13.7,,
2023-07-05,5.08,4.94,3.95,-0.99,,,,,,14.18,119.3483,71.78
2023-07-06,5.08,4.99,4.05,-0.94,,,,,,15.44,119.8193,71.76
2023-07-07,5.08,4.94,4.06,-0.88,,,,,,14.83,119.0761,73.91
2023-07-08,5.08,,,,,,,,,,,
2023-07-09,5.08,,,,,,,,,,,
2023-07-10,5.07,4.85,4.01,-0.84,,,,,,15.07,118.9548,73.05
2023-07-11,5.08,4.88,3.99,-0.89,,,,,,14.84,118.7344,74.87
2023-07-12,5.08,4.72,3.86,-0.86,,,,,,13.54,117.6385,75.77
2023-07-13,5.08,4.59,3.76,-0.83,,,,,,13.61,117.1831,76.86
2023-07-14,5.08,4.74,3.83,-0.91,,,,,,13.34,117.0463,75.44
2023-07-15,5.08,,,,,,,,,,,
2023-07-16,5.08,,,,,,,,,,,
2023-07-17,5.08,4.74,3.81,-0.93,,,,,,13.48,117.1267,74.17
2023-07-18,5.08,4.74,3.80,-0.94,,,,,,13.3,117.0264,75.76
2023-07-19,5.08,4.74,3.75,-0.99,,,,,,13.76,117.3462,75.4
2023-07-20,5.08,4.80,3.85,-0.95,,,,,,13.99,117.5947,75.65
2023-07-21,5.08,4.82,3.84,-0.98,,,,,,13.6,117.9418,77.06
2023-07-22,5.08,,,,,,,,,,,
2023-07-23,5.08,,,,,,,,,,,
2023-07-24,5.08,4.81,3.86,-0.95,,,,,,13.91,117.8124,78.81
2023-07-25,5.08,4.85,3.91,-0.94,,,,,,13.86,117.8565,79.76
2023-07-26,5.08,4.82,3.86,-0.96,,,,,,13.19,117.76,79.11
2023-07-27,5.33,4.91,4.01,-0.9,,,,,,14.41,117.8938,80.17
2023-07-28,5.33,4.87,3.96,-0.91,,,,,,13.33,117.788,80.55
2023-07-29,5.33,,,,,,,,,,,
2023-07-30,5.33,,,,,,,,,,,
2023-07-31,5.33,4.88,3.97,-0.91,,,,,,13.63,117.8241,81.8
2023-08-01,5.33,4.92,4.05,-0.87,306.082,309.580,119.689,3.7,156261,13.93,118.5738,81.37
2023-08-02,5.33,4.88,4.08,-0.8,,,,,,16.09,119.1268,79.5
2023-08-03,5.33,4.90,4.20,-0.7,,,,,,15.92,119.3963,81.56
2023-08-04,5.33,4.78,4.05,-0.73,,,,,,17.1,118.821,82.76
2023-08-05,5.33,,,,,,,,,,,
2023-08-06,5.33,,,,,,,,,,,
2023-08-07,5.33,4.76,4.09,-0.67,,,,,,15.77,119.0809,81.94
2023-08-08,5.33,4.74,4.02,-0.72,,,,,,15.99,119.6407,82.94
2023-08-09,5.33,4.79,4.00,-0.79,,,,,,15.96,119.476,84.35
2023-08-10,5.33,4.82,4.09,-0.73,,,,,,15.85,119.1581,82.81
2023-08-11,5.33,4.89,4.16,-0.73,,,,,,14.84,119.6268,83.17
2023-08-12,5.33,,,,,,,,,,,
2023-08-13,5.33,,,,,,,,,,,
2023-08-14,5.33,4.96,4.19,-0.77,,,,,,14.82,120.0725,82.5
2023-08-15,5.33,4.92,4.21,-0.71,,,,,,16.46,120.2127,81.06
2023-08-16,5.33,4.97,4.28,-0.69,,,,,,16.78,120.3551,79.4
2023-08-17,5.33,4.94,4.30,-0.64,,,,,,17.89,120.5242,80.43
2023-08-18,5.33,4.92,4.26,-0.66,,,,,,17.3,120.4321,81.25
2023-08-19,5.33,,,,,,,,,,,
2023-08-20,5.33,,,,,,,,,,,
2023-08-21,5.33,4.97,4.34,-0.63,,,,,,17.13,120.4627,80.71
2023-08-22,5.33,5.02,4.34,-0.68,,,,,,16.97,120.3554,80.25
2023-08-23,5.33,4.95,4.19,-0.76,,,,,,15.98,120.0307,78.91
2023-08-24,5.33,4.98,4.23,-0.75,,,,,,17.2,120.2354,79.52
2023-08-25,5.33,5.03,4.25,-0.78,,,,,,15.68,120.5137,80.47
2023-08-26,5.33,,,,,,,,,,,
2023-08-27,5.33,,,,,,,,,,,
2023-08-28,5.33,4.98,4.20,-0.78,,,,,,15.08,120.3155,80.65
2023-08-29,5.33,4.87,4.12,-0.75,,,,,,14.45,120.2669,81.14
2023-08-30,5.33,4.90,4.12,-0.78,,,,,,13.88,119.7937,81.64
2023-08-31,5.33,4.85,4.09,-0.76,,,,,,13.57,120.225,83.55
2023-09-01,5.33,4.87,4.18,-0.69,307.276,310.539,120.058,3.7,156417,13.09,120.759,85.52
2023-09-02,5.33,,,,,,,,,,,
2023-09-03,5.33,,,,,,,,,,,
2023-09-04,5.33,,,,,,,,,13.82,,
2023-09-05,5.33,4.94,4.27,-0.67,,,,,,14.01,121.4345,86.74
2023-09-06,5.33,5.01,4.30,-0.71,,,,,,14.45,121.8671,87.55
2023-09-07,5.33,4.94,4.27,-0.67,,,,,,14.4,121.9528,86.87
2023-09-08,5.33,4.98,4.26,-0.72,,,,,,13.84,121.9475,87.51
2023-09-09,5.33,,,,,,,,,,,
2023-09-10,5.33,,,,,,,,,,,
2023-09-11,5.33,4.97,4.29,-0.68,,,,,,13.8,121.3386,87.3
2023-09-12,5.33,4.98,4.27,-0.71,,,,,,14.23,121.2913,88.87
2023-09-13,5.33,4.96,4.25,-0.71,,,,,,13.48,121.0549,88.59
2023-09-14,5.33,5.00,4.29,-0.71,,,,,,12.82,121.2395,90.13
2023-09-15,5.33,5.02,4.33,-0.69,,,,,,13.79,121.199,90.83
2023-09-16,5.33,,,,,,,,,,,
2023-09-17,5.33,,,,,,,,,,,
2023-09-18,5.33,5.05,4.32,-0.73,,,,,,14.0,121.1938,91.47
2023-09-19,5.33,5.08,4.37,-0.71,,,,,,14.11,121.1645,91.16
2023-09-20,5.33,5.12,4.35,-0.77,,,,,,15.14,120.9648,89.2
2023-09-21,5.33,5.12,4.49,-0.63,,,,,,17.54,121.5528,89.56
2023-09-22,5.33,5.10,4.44,-0.66,,,,,,17.2,121.5306,90.0
2023-09-23,5.33,,,,,,,,,,,
2023-09-24,5.33,,,,,,,,,,,
2023-09-25,5.33,5.09,4.55,-0.54,,,,,,16.9,122.1143,89.68
2023-09-26,5.33,5.04,4.56,-0.48,,,,,,18.94,122.4742,91.43
2023-09-27,5.33,5.10,4.61,-0.49,,,,,,18.22,122.9895,93.67
2023-09-28,5.33,5.04,4.59,-0.45,,,,,,17.34,122.5342,91.65
2023-09-29,5.33,5.03,4.59,-0.44,,,,,,17.52,122.3077,90.77
2023-09-30,5.33,,,,,,,,,,,
2023-10-01,5.33,,,,307.696,311.457,120.241,3.9,156576,,,
2023-10-02,5.33,5.12,4.69,-0.43,,,,,,17.61,123.0545,88.81
2023-10-03,5.33,5.15,4.81,-0.34,,,,,,19.78,123.7848,89.26
2023-10-04,5.33,5.05,4.73,-0.32,,,,,,18.58,123.5946,84.32
2023-10-05,5.33,5.03,4.72,-0.31,,,,,,18.49,123.8993,82.3
2023-10-06,5.33,5.08,4.78,-0.3,,,,,,17.45,123.3563,82.83
2023-10-07,5.33,,,,,,,,,,,
2023-10-08,5.33,,,,,,,,,,,
2023-10-09,5.33,,,,,,,,,17.7,,
2023-10-10,5.33,4.96,4.66,-0.3,,,,,,17.03,122.9282,85.89
2023-10-11,5.33,4.99,4.58,-0.41,,,,,,16.09,122.7697,83.7
2023-10-12,5.33,5.06,4.70,-0.36,,,,,,16.69,123.2101,82.87
2023-10-13,5.33,5.04,4.63,-0.41,,,,,,19.32,123.5954,87.67
2023-10-14,5.33,,,,,,,,,,,
2023-10-15,5.33,,,,,,,,,,,
2023-10-16,5.33,5.09,4.71,-0.38,,,,,,17.21,123.3185,86.65
2023-10-17,5.33,5.19,4.83,-0.36,,,,,,17.88,123.1202,86.66
2023-10-18,5.33,5.19,4.91,-0.28,,,,,,19.22,123.8148,88.35
2023-10-19,5.33,5.14,4.98,-0.16,,,,,,21.4,123.798,89.35
2023-10-20,5.33,5.07,4.93,-0.14,,,,,,21.71,123.612,89.12
2023-10-21,5.33,,,,,,,,,,,
2023-10-22,5.33,,,,,,,,,,,
2023-10-23,5.33,5.05,4.86,-0.19,,,,,,20.37,123.2846,85.49
2023-10-24,5.33,5.02,4.83,-0.19,,,,,,18.97,123.6416,84.58
2023-10-25,5.33,5.08,4.95,-0.13,,,,,,20.19,123.7871,86.07
2023-10-26,5.33,5.02,4.86,-0.16,,,,,,20.68,124.0064,83.8
2023-10-27,5.33,4.99,4.84,-0.15,,,,,,21.27,123.62,86.04
2023-10-28,5.33,,,,,,,,,,,
2023-10-29,5.33,,,,,,,,,,,
2023-10-30,5.33,5.03,4.88,-0.15,,,,,,19.75,123.4076,83.03
2023-10-31,5.33,5.07,4.88,-0.19,,,,,,18.14,123.8364,81.64
2023-11-01,5.33,4.95,4.77,-0.18,308.148,312.392,120.374,3.7,156703,16.87,123.7922,81.05
2023-11-02,5.33,4.98,4.67,-0.31,,,,,,15.66,122.8818,83.04
2023-11-03,5.33,4.83,4.57,-0.26,,,,,,14.91,121.7564,81.19
2023-11-04,5.33,,,,,,,,,,,
2023-11-05,5.33,,,,,,,,,,,
2023-11-06,5.33,4.93,4.67,-0.26,,,,,,14.89,121.6484,81.54
2023-11-07,5.33,4.91,4.58,-0.33,,,,,,14.81,122.0777,77.96
2023-11-08,5.33,4.93,4.49,-0.44,,,,,,14.45,122.0926,75.85
2023-11-09,5.33,5.03,4.62,-0.41,,,,,,15.29,122.1281,76.34
2023-11-10,5.33,5.04,4.61,-0.43,,,,,,14.17,,
2023-11-11,5.33,,,,,,,,,,,
2023-11-12,5.33,,,,,,,,,,,
2023-11-13,5.33,5.02,4.63,-0.39,,,,,,14.76,122.4264,78.86
2023-11-14,5.33,4.80,4.44,-0.36,,,,,,14.16,121.35,78.9
2023-11-15,5.33,4.90,4.53,-0.37,,,,,,14.18,121.0749,77.15
2023-11-16,5.33,4.83,4.45,-0.38,,,,,,14.32,121.1754,73.5
2023-11-17,5.33,4.88,4.44,-0.44,,,,,,13.8,120.8477,76.47
2023-11-18,5.33,,,,,,,,,,,
2023-11-19,5.33,,,,,,,,,,,
2023-11-20,5.33,4.89,4.42,-0.47,,,,,,13.41,120.2533,78.1
2023-11-21,5.33,4.86,4.41,-0.45,,,,,,13.35,120.2241,78.35
2023-11-22,5.33,4.89,4.42,-0.47,,,,,,12.85,120.6802,76.8
2023-11-23,5.33,,,,,,,,,12.8,,
2023-11-24,5.33,4.92,4.47,-0.45,,,,,,12.46,120.2105,74.83
2023-11-25,5.33,,,,,,,,,,,
2023-11-26,5.33,,,,,,,,,,,
2023-11-27,5.33,4.84,4.39,-0.45,,,,,,12.69,120.173,74.46
2023-11-28,5.33,4.73,4.34,-0.39,,,,,,12.69,119.5904,76.09
2023-11-29,5.33,4.64,4.27,-0.37,,,,,,12.98,119.8159,77.56
2023-11-30,5.33,4.73,4.37,-0.36,,,,,,12.92,120.2434,75.66
2023-12-01,5.33,4.56,4.22,-0.34,308.741,313.195,120.592,3.8,156857,12.63,119.9424,73.7
2023-12-02,5.33,,,,,,,,,,,
2023-12-03,5.33,,,,,,,,,,,
2023-12-04,5.33,4.64,4.28,-0.36,,,,,,13.08,120.4727,72.73
2023-12-05,5.33,4.57,4.18,-0.39,,,,,,12.85,120.7913,71.95
2023-12-06,5.33,4.60,4.12,-0.48,,,,,,12.97,120.5334,68.98
2023-12-07,5.33,4.58,4.14,-0.44,,,,,,13.06,120.6013,69.0
2023-12-08,5.33,4.71,4.23,-0.48,,,,,,12.35,120.7607,70.87
2023-12-09,5.33,,,,,,,,,,,
2023-12-10,5.33,,,,,,,,,,,
2023-12-11,5.33,4.71,4.23,-0.48,,,,,,12.63,120.9279,70.95
2023-12-12,5.33,4.73,4.20,-0.53,,,,,,12.07,120.6817,68.27
2023-12-13,5.33,4.46,4.04,-0.42,,,,,,12.19,121.1571,69.09
2023-12-14,5.33,4.37,3.92,-0.45,,,,,,12.48,119.5683,71.21
2023-12-15,5.33,4.44,3.91,-0.53,,,,,,12.28,119.7382,71.05
2023-12-16,5.33,,,,,,,,,,,
2023-12-17,5.33,,,,,,,,,,,
2023-12-18,5.33,4.43,3.95,-0.48,,,,,,12.56,119.9102,72.16
2023-12-19,5.33,4.41,3.93,-0.48,,,,,,12.53,119.4632,73.23
2023-12-20,5.33,4.34,3.86,-0.48,,,,,,13.67,119.5435,73.87
2023-12-21,5.33,4.33,3.89,-0.44,,,,,,13.65,119.3168,73.59
2023-12-22,5.33,4.31,3.90,-0.41,,,,,,13.03,119.0625,73.29
2023-12-23,5.33,,,,,,,,,,,
2023-12-24,5.33,,,,,,,,,,,
2023-12-25,5.33,,,,,,,,,,,
2023-12-26,5.33,4.26,3.89,-0.37,,,,,,12.99,118.8875,75.84
2023-12-27,5.33,4.20,3.79,-0.41,,,,,,12.43,118.4729,74.31
2023-12-28,5.33,4.26,3.84,-0.42,,,,,,12.47,118.4104,72.02
2023-12-29,5.33,4.23,3.88,-0.35,,,,,,12.45,118.4208,71.89
2023-12-30,5.33,,,,,,,,,,,
2023-12-31,5.33,,,,,,,,,,,
2024-01-01,5.33,,,,309.698,314.319,121.217,3.7,157032,,,
2024-01-02,5.33,4.33,3.95,-0.38,,,,,,13.2,119.2686,70.62
2024-01-03,5.33,4.33,3.91,-0.42,,,,,,14.04,119.6958,72.97
2024-01-04,5.33,4.38,3.99,-0.39,,,,,,14.13,119.6208,72.38
2024-01-05,5.33,4.40,4.05,-0.35,,,,,,13.35,119.388,74.0
2024-01-06,5.33,,,,,,,,,,,
2024-01-07,5.33,,,,,,,,,,,
2024-01-08,5.33,4.36,4.01,-0.35,,,,,,13.08,119.2506,71.06
2024-01-09,5.33,4.36,4.02,-0.34,,,,,,12.76,119.6666,72.43
2024-01-10,5.33,4.37,4.04,-0.33,,,,,,12.69,119.7614,71.57
2024-01-11,5.33,4.26,3.98,-0.28,,,,,,12.44,119.8916,72.15
2024-01-12,5.33,4.14,3.96,-0.18,,,,,,12.7,119.534,72.94
2024-01-13,5.33,,,,,,,,,,,
2024-01-14,5.33,,,,,,,,,,,
2024-01-15,5.33,,,,,,,,,13.25,,
2024-01-16,5.33,4.22,4.07,-0.15,,,,,,13.84,120.5759,72.63
2024-01-17,5.33,4.34,4.10,-0.24,,,,,,14.79,121.0402,72.79
2024-01-18,5.33,4.34,4.14,-0.2,,,,,,14.13,120.8895,74.32
2024-01-19,5.33,4.39,4.15,-0.24,,,,,,13.3,120.6442,73.69
2024-01-20,5.33,,,,,,,,,,,
2024-01-21,5.33,,,,,,,,,,,
2024-01-22,5.33,4.37,4.11,-0.26,,,,,,13.19,120.6178,75.26
2024-01-23,5.33,4.31,4.14,-0.17,,,,,,12.55,121.1001,74.72
2024-01-24,5.33,4.34,4.18,-0.16,,,,,,13.14,120.4916,75.48
2024-01-25,5.33,4.28,4.14,-0.14,,,,,,13.45,120.8311,77.91
2024-01-26,5.33,4.34,4.15,-0.19,,,,,,13.26,120.6173,78.45
2024-01-27,5.33,,,,,,,,,,,
2024-01-28,5.33,,,,,,,,,,,
2024-01-29,5.33,4.29,4.08,-0.21,,,,,,13.6,120.8538,77.25
2024-01-30,5.33,4.36,4.06,-0.3,,,,,,13.31,120.6025,78.3
2024-01-31,5.33,4.27,3.99,-0.28,,,,,,14.35,120.4331,76.28
2024-02-01,5.33,4.20,3.87,-0.33,310.967,315.564,121.537,3.9,157238,13.88,120.3335,74.36
2024-02-02,5.33,4.36,4.03,-0.33,,,,,,13.85,120.902,72.72
2024-02-03,5.33,,,,,,,,,,,
2024-02-04,5.33,,,,,,,,,,,
2024-02-05,5.33,4.46,4.17,-0.29,,,,,,13.67,121.349,73.21
2024-02-06,5.33,4.39,4.09,-0.3,,,,,,13.06,120.9588,73.83
2024-02-07,5.33,4.41,4.09,-0.32,,,,,,12.83,120.9049,74.26
2024-02-08,5.33,4.46,4.15,-0.31,,,,,,12.79,121.0798,76.67
2024-02-09,5.33,4.48,4.17,-0.31,,,,,,12.93,121.039,77.26
2024-02-10,5.33,,,,,,,,,,,
2024-02-11,5.33,,,,,,,,,,,
2024-02-12,5.33,4.46,4.17,-0.29,,,,,,13.93,120.9378,77.34
2024-02-13,5.33,4.64,4.31,-0.33,,,,,,15.85,121.5202,78.28
2024-02-14,5.33,4.56,4.27,-0.29,,,,,,14.38,121.4002,77.09
2024-02-15,5.33,4.56,4.24,-0.32,,,,,,14.01,121.2121,78.47
2024-02-16,5.33,4.64,4.3,-0.34,,,,,,14.24,121.1505,79.65
2024-02-17,5.33,,,,,,,,,,,
2024-02-18,5.33,,,,,,,,,,,
2024-02-19,5.33,,,,,,,,,14.71,,
2024-02-20,5.33,4.59,4.27,-0.32,,,,,,15.42,121.0199,78.72
2024-02-21,5.33,4.64,4.32,-0.32,,,,,,15.34,121.0379,78.89
2024-02-22,5.33,4.69,4.33,-0.36,,,,,,14.54,121.102,79.64
2024-02-23,5.33,4.67,4.26,-0.41,,,,,,13.75,121.0369,77.6
2024-02-24,5.33,,,,,,,,,,,
2024-02-25,5.33,,,,,,,,,,,
2024-02-26,5.33,4.69,4.28,-0.41,,,,,,13.74,121.0592,78.53
2024-02-27,5.33,4.7,4.31,-0.39,,,,,,13.43,120.9647,79.8
2024-02-28,5.33,4.64,4.27,-0.37,,,,,,13.84,121.128,79.44
2024-02-29,5.33,4.64,4.25,-0.39,,,,,,13.4,121.1824,79.22
2024-03-01,5.33,4.54,4.19,-0.35,312.345,316.792,122.009,3.9,157466,13.11,121.0111,80.9
2024-03-02,5.33,,,,,,,,,,,
2024-03-03,5.33,,,,,,,,,,,
2024-03-04,5.33,4.61,4.22,-0.39,,,,,,13.49,120.872,79.67
2024-03-05,5.33,4.54,4.13,-0.41,,,,,,14.46,120.8846,79.11
2024-03-06,5.33,4.55,4.11,-0.44,,,,,,14.5,120.4649,80.08
2024-03-07,5.33,4.5,4.09,-0.41,,,,,,14.44,120.1909,79.81
2024-03-08,5.33,4.48,4.09,-0.39,,,,,,14.74,119.975,78.96
2024-03-09,5.33,,,,,,,,,,,
2024-03-10,5.33,,,,,,,,,,,
2024-03-11,5.33,4.51,4.1,-0.41,,,,,,15.22,120.0394,78.87
2024-03-12,5.33,4.58,4.16,-0.42,,,,,,13.84,120.1668,78.51
2024-03-13,5.33,4.61,4.19,-0.42,,,,,,13.75,119.9642,80.67
2024-03-14,5.33,4.68,4.29,-0.39,,,,,,14.4,120.241,82.16
2024-03-15,5.33,4.72,4.31,-0.41,,,,,,14.41,120.4003,81.94
2024-03-16,5.33,,,,,,,,,,,
2024-03-17,5.33,,,,,,,,,,,
2024-03-18,5.33,4.73,4.34,-0.39,,,,,,14.33,120.5752,83.68
2024-03-19,5.33,4.68,4.3,-0.38,,,,,,13.82,120.9332,84.39
2024-03-20,5.33,4.59,4.27,-0.32,,,,,,13.04,120.9289,82.79
2024-03-21,5.33,4.62,4.27,-0.35,,,,,,12.92,120.8086,81.99
2024-03-22,5.33,4.59,4.22,-0.37,,,,,,13.06,121.1842,81.1
2024-03-23,5.33,,,,,,,,,,,
2024-03-24,5.33,,,,,,,,,,,
2024-03-25,5.33,4.54,4.25,-0.29,,,,,,13.19,121.0295,82.41
2024-03-26,5.33,4.56,4.24,-0.32,,,,,,13.24,121.0742,82.41
2024-03-27,5.33,4.54,4.2,-0.34,,,,,,12.78,121.0089,82.15
2024-03-28,5.33,4.59,4.2,-0.39,,,,,,13.01,121.0635,83.96
2024-03-29,5.33,,,,,,,,,,121.0191,
2024-03-30,5.33,,,,,,,,,,,
2024-03-31,5.33,,,,,,,,,,,
2024-04-01,5.33,4.72,4.33,-0.39,313.023,317.649,122.304,3.9,157530,13.65,121.5151,84.54
2024-04-02,5.33,4.7,4.36,-0.34,,,,,,14.61,121.3035,85.95
2024-04-03,5.33,4.68,4.36,-0.32,,,,,,14.33,121.0198,86.22
2024-04-04,5.33,4.65,4.31,-0.34,,,,,,16.35,120.7613,87.37
2024-04-05,5.33,4.73,4.39,-0.34,,,,,,16.03,120.9646,87.69
2024-04-06,5.33,,,,,,,,,,,
2024-04-07,5.33,,,,,,,,,,,
2024-04-08,5.33,4.78,4.42,-0.36,,,,,,15.19,120.7359,87.24
2024-04-09,5.33,4.74,4.36,-0.38,,,,,,14.98,120.7048,86.04
2024-04-10,5.33,4.97,4.55,-0.42,,,,,,15.8,121.5727,86.98
2024-04-11,5.33,4.93,4.56,-0.37,,,,,,14.91,121.6081,85.79
2024-04-12,5.33,4.88,4.5,-0.38,,,,,,17.31,122.2885,86.46
2024-04-13,5.33,,,,,,,,,,,
2024-04-14,5.33,,,,,,,,,,,
2024-04-15,5.33,4.93,4.63,-0.3,,,,,,19.23,122.425,86.21
2024-04-16,5.33,4.97,4.67,-0.3,,,,,,18.4,123.1234,86.15
2024-04-17,5.33,4.93,4.59,-0.34,,,,,,18.21,123.0207,83.58
2024-04-18,5.33,4.98,4.64,-0.34,,,,,,18.0,123.0017,83.5
2024-04-19,5.33,4.97,4.62,-0.35,,,,,,18.71,123.1075,83.79
2024-04-20,5.33,,,,,,,,,,,
2024-04-21,5.33,,,,,,,,,,,
2024-04-22,5.33,4.97,4.62,-0.35,,,,,,16.94,123.0609,83.82
2024-04-23,5.33,4.86,4.61,-0.25,,,,,,15.69,122.7227,84.17
2024-04-24,5.33,4.89,4.65,-0.24,,,,,,15.97,122.89,84.09
2024-04-25,5.33,4.96,4.7,-0.26,,,,,,15.37,122.8384,84.92
2024-04-26,5.33,4.96,4.67,-0.29,,,,,,15.03,122.9471,85.38
2024-04-27,5.33,,,,,,,,,,,
2024-04-28,5.33,,,,,,,,,,,
2024-04-29,5.33,4.97,4.63,-0.34,,,,,,14.67,122.5449,84.26
2024-04-30,5.33,5.04,4.69,-0.35,,,,,,15.65,122.9853,83.49
2024-05-01,5.33,4.96,4.63,-0.33,313.175,318.095,122.383,3.9,157608,15.39,123.0168,80.7
2024-05-02,5.33,4.87,4.58,-0.29,,,,,,14.68,122.4384,80.59
2024-05-03,5.33,4.81,4.5,-0.31,,,,,,13.49,122.1375,79.65
2024-05-04,5.33,,,,,,,,,,,
2024-05-05,5.33,,,,,,,,,,,
2024-05-06,5.33,4.82,4.49,-0.33,,,,,,13.49,121.8913,80.1
2024-05-07,5.33,4.82,4.47,-0.35,,,,,,13.23,122.093,79.97
2024-05-08,5.33,4.84,4.48,-0.36,,,,,,13.0,122.1926,80.57
2024-05-09,5.33,4.8,4.45,-0.35,,,,,,12.69,122.1634,80.86
2024-05-10,5.33,4.87,4.5,-0.37,,,,,,12.55,122.014,79.81
2024-05-11,5.33,,,,,,,,,,,
2024-05-12,5.33,,,,,,,,,,,
2024-05-13,5.33,4.85,4.48,-0.37,,,,,,13.6,122.0261,80.71
2024-05-14,5.33,4.81,4.45,-0.36,,,,,,13.42,121.9256,79.62
2024-05-15,5.33,4.73,4.36,-0.37,,,,,,12.45,121.3543,80.23
2024-05-16,5.33,4.78,4.38,-0.4,,,,,,12.42,121.2236,80.85
2024-05-17,5.33,4.83,4.42,-0.41,,,,,,11.99,121.2354,81.66
2024-05-18,5.33,,,,,,,,,,,
2024-05-19,5.33,,,,,,,,,,,
2024-05-20,5.33,4.82,4.44,-0.38,,,,,,12.15,121.2289,81.39
2024-05-21,5.33,4.82,4.41,-0.41,,,,,,11.86,121.3793,80.66
2024-05-22,5.33,4.86,4.43,-0.43,,,,,,12.29,121.5462,79.15
2024-05-23,5.33,4.91,4.47,-0.44,,,,,,12.77,121.7477,77.47
2024-05-24,5.33,4.93,4.46,-0.47,,,,,,11.93,121.6172,78.48
2024-05-25,5.33,,,,,,,,,,,
2024-05-26,5.33,,,,,,,,,,,
2024-05-27,5.33,,,,,,,,,12.36,,
2024-05-28,5.33,4.94,4.54,-0.4,,,,,,12.92,121.43,80.9
2024-05-29,5.33,4.96,4.61,-0.35,,,,,,14.28,122.1641,80.24
2024-05-30,5.33,4.92,4.55,-0.37,,,,,,14.47,121.9601,78.96
2024-05-31,5.33,4.89,4.51,-0.38,,,,,,12.92,122.098,77.97
2024-06-01,5.33,,,,313.044,318.390,122.677,4.1,157695,,,
2024-06-02,5.33,,,,,,,,,,,
2024-06-03,5.33,4.82,4.41,-0.41,,,,,,13.11,122.3509,75.26
2024-06-04,5.33,4.77,4.33,-0.44,,,,,,13.16,122.7256,74.27
2024-06-05,5.33,4.72,4.29,-0.43,,,,,,12.63,122.5339,75.08
2024-06-06,5.33,4.72,4.28,-0.44,,,,,,12.58,122.3713,76.52
2024-06-07,5.33,4.87,4.43,-0.44,,,,,,12.22,123.549,76.53
2024-06-08,5.33,,,,,,,,,,,
2024-06-09,5.33,,,,,,,,,,,
2024-06-10,5.33,4.87,4.47,-0.4,,,,,,12.74,123.9125,78.75
2024-06-11,5.33,4.81,4.39,-0.42,,,,,,12.85,124.0349,78.88
2024-06-12,5.33,4.75,4.31,-0.44,,,,,,12.04,123.8295,79.56
2024-06-13,5.33,4.68,4.24,-0.44,,,,,,11.94,124.0235,79.61
2024-06-14,5.33,4.67,4.2,-0.47,,,,,,12.66,124.1694,79.41
2024-06-15,5.33,,,,,,,,,,,
2024-06-16,5.33,,,,,,,,,,,
2024-06-17,5.33,4.75,4.28,-0.47,,,,,,12.75,124.239,81.33
2024-06-18,5.33,4.69,4.22,-0.47,,,,,,12.3,123.9776,82.67
2024-06-19,5.33,,,,,,,,,12.48,,
2024-06-20,5.33,4.7,4.25,-0.45,,,,,,13.28,124.192,83.34
2024-06-21,5.33,4.7,4.25,-0.45,,,,,,13.2,124.1086,81.71
2024-06-22,5.33,,,,,,,,,,,
2024-06-23,5.33,,,,,,,,,,,
2024-06-24,5.33,4.71,4.25,-0.46,,,,,,13.33,123.7125,82.63
2024-06-25,5.33,4.65,4.23,-0.42,,,,,,12.84,123.9417,81.97
2024-06-26,5.33,4.71,4.32,-0.39,,,,,,12.55,124.26,82.19
2024-06-27,5.33,4.7,4.29,-0.41,,,,,,12.24,124.3379,83.04
2024-06-28,5.33,4.71,4.36,-0.35,,,,,,12.44,124.2103,82.83
2024-06-29,5.33,,,,,,,,,,,
2024-06-30,5.33,,,,,,,,,,,
2024-07-01,5.33,4.77,4.48,-0.29,313.569,318.940,122.911,4.2,157748,12.22,124.4667,84.7
2024-07-02,5.33,4.74,4.43,-0.31,,,,,,12.03,124.2917,84.09
2024-07-03,5.33,4.71,4.36,-0.35,,,,,,12.09,123.7768,85.19
2024-07-04,5.33,,,,,,,,,12.26,,
2024-07-05,5.33,4.6,4.28,-0.32,,,,,,12.48,123.4762,84.44
2024-07-06,5.33,,,,,,,,,,,
2024-07-07,5.33,,,,,,,,,,,
2024-07-08,5.33,4.62,4.28,-0.34,,,,,,12.37,123.3576,83.63
2024-07-09,5.33,4.62,4.3,-0.32,,,,,,12.51,123.4071,82.78
2024-07-10,5.33,4.62,4.28,-0.34,,,,,,12.85,123.1895,83.39
2024-07-11,5.33,4.5,4.2,-0.3,,,,,,12.92,122.769,83.92
2024-07-12,5.33,4.45,4.18,-0.27,,,,,,12.46,122.4404,83.49
2024-07-13,5.33,,,,,,,,,,,
2024-07-14,5.33,,,,,,,,,,,
2024-07-15,5.33,4.44,4.23,-0.21,,,,,,13.12,122.6347,83.22
2024-07-16,5.33,4.43,4.17,-0.26,,,,,,13.19,122.7264,81.92
2024-07-17,5.33,4.42,4.16,-0.26,,,,,,14.48,122.518,84.16
2024-07-18,5.33,4.46,4.2,-0.26,,,,,,15.93,122.7909,84.17
2024-07-19,5.33,4.49,4.25,-0.24,,,,,,16.52,123.147,81.43
2024-07-20,5.33,,,,,,,,,,,
2024-07-21,5.33,,,,,,,,,,,
2024-07-22,5.33,4.5,4.26,-0.24,,,,,,14.91,123.2172,81.25
2024-07-23,5.33,4.4,4.25,-0.15,,,,,,14.72,123.3843,78.24
2024-07-24,5.33,4.37,4.28,-0.09,,,,,,18.04,123.5575,78.78
2024-07-25,5.33,4.41,4.27,-0.14,,,,,,18.46,123.5286,79.43
2024-07-26,5.33,4.36,4.2,-0.16,,,,,,16.39,123.672,78.58
2024-07-27,5.33,,,,,,,,,,,
2024-07-28,5.33,,,,,,,,,,,
2024-07-29,5.33,4.36,4.17,-0.19,,,,,,16.6,124.1392,77.27
2024-07-30,5.33,4.35,4.15,-0.2,,,,,,17.69,124.2855,76.17
2024-07-31,5.33,4.29,4.09,-0.2,,,,,,16.36,123.6373,79.36
2024-08-01,5.33,4.16,3.99,-0.17,314.062,319.750,123.128,4.2,157757,18.59,123.8693,77.74
2024-08-02,5.33,3.88,3.8,-0.08,,,,,,23.39,123.4681,74.99
2024-08-03,5.33,,,,,,,,,,,
2024-08-04,5.33,,,,,,,,,,,
2024-08-05,5.33,3.89,3.78,-0.11,,,,,,38.57,123.5787,74.46
2024-08-06,5.33,3.99,3.9,-0.09,,,,,,27.71,123.6532,74.6
2024-08-07,5.33,4.0,3.96,-0.04,,,,,,27.85,123.5698,76.68
2024-08-08,5.33,4.04,3.99,-0.05,,,,,,23.79,123.4466,77.64
2024-08-09,5.33,4.05,3.94,-0.11,,,,,,20.37,122.9276,78.28
2024-08-10,5.33,,,,,,,,,,,
2024-08-11,5.33,,,,,,,,,,,
2024-08-12,5.33,4.01,3.9,-0.11,,,,,,20.71,123.2204,81.45
2024-08-13,5.33,3.93,3.85,-0.08,,,,,,18.12,123.0146,79.81
2024-08-14,5.33,3.94,3.83,-0.11,,,,,,16.19,122.4297,78.47
2024-08-15,5.33,4.08,3.92,-0.16,,,,,,15.23,122.5844,79.66
2024-08-16,5.33,4.06,3.89,-0.17,,,,,,14.8,122.3972,78.05
2024-08-17,5.33,,,,,,,,,,,
2024-08-18,5.33,,,,,,,,,,,
2024-08-19,5.33,4.06,3.86,-0.2,,,,,,14.65,121.8788,75.82
2024-08-20,5.33,3.99,3.82,-0.17,,,,,,15.88,121.7728,75.27
2024-08-21,5.33,3.92,3.79,-0.13,,,,,,16.27,121.8535,72.76
2024-08-22,5.33,3.99,3.86,-0.13,,,,,,17.55,122.3626,73.72
2024-08-23,5.33,3.9,3.81,-0.09,,,,,,15.86,121.4597,75.82
2024-08-24,5.33,,,,,,,,,,,
2024-08-25,5.33,,,,,,,,,,,
2024-08-26,5.33,3.91,3.82,-0.09,,,,,,16.15,121.6943,78.4
2024-08-27,5.33,3.83,3.83,0.0,,,,,,15.43,121.8672,76.5
2024-08-28,5.33,3.83,3.84,0.01,,,,,,17.11,121.8943,75.49
2024-08-29,5.33,3.87,3.87,0.0,,,,,,15.65,122.2333,76.9
2024-08-30,5.33,3.91,3.91,0.0,,,,,,15.0,122.3262,74.52
2024-08-31,5.33,,,,,,,,,,,
2024-09-01,5.33,,,,314.732,320.732,123.466,4.1,157912,,,
2024-09-02,5.33,,,,,,,,,15.55,,
2024-09-03,5.33,3.88,3.84,-0.04,,,,,,20.72,122.7811,71.28
2024-09-04,5.33,3.76,3.77,0.01,,,,,,21.32,122.5144,70.11
2024-09-05,5.33,3.75,3.73,-0.02,,,,,,19.9,122.4533,70.09
2024-09-06,5.33,3.66,3.72,0.06,,,,,,22.38,122.4991,68.58
2024-09-07,5.33,,,,,,,,,,,
2024-09-08,5.33,,,,,,,,,,,
2024-09-09,5.33,3.68,3.7,0.02,,,,,,19.45,122.7156,69.65
2024-09-10,5.33,3.59,3.65,0.06,,,,,,19.08,123.0071,66.73
2024-09-11,5.33,3.62,3.65,0.03,,,,,,17.69,122.7754,68.25
2024-09-12,5.33,3.64,3.68,0.04,,,,,,17.07,122.4423,69.89
2024-09-13,5.33,3.57,3.66,0.09,,,,,,16.56,121.6551,69.59
2024-09-14,5.33,,,,,,,,,,,
2024-09-15,5.33,,,,,,,,,,,
2024-09-16,5.33,3.56,3.63,0.07,,,,,,17.14,121.4976,71.1
2024-09-17,5.33,3.59,3.65,0.06,,,,,,17.61,121.6031,72.16
2024-09-18,5.33,3.61,3.7,0.09,,,,,,18.23,121.5618,71.87
2024-09-19,4.83,3.59,3.73,0.14,,,,,,16.33,121.3059,72.86
2024-09-20,4.83,3.55,3.73,0.18,,,,,,16.15,121.4052,72.72
2024-09-21,4.83,,,,,,,,,,,
2024-09-22,4.83,,,,,,,,,,,
2024-09-23,4.83,3.57,3.75,0.18,,,,,,15.89,121.4303,71.33
2024-09-24,4.83,3.49,3.74,0.25,,,,,,15.39,121.1291,72.34
2024-09-25,4.83,3.53,3.79,0.26,,,,,,15.41,121.4447,70.42
2024-09-26,4.83,3.6,3.79,0.19,,,,,,15.37,121.0785,68.28
2024-09-27,4.83,3.55,3.75,0.2,,,,,,16.96,121.1111,68.72
2024-09-28,4.83,,,,,,,,,,,
2024-09-29,4.83,,,,,,,,,,,
2024-09-30,4.83,3.66,3.81,0.15,,,,,,16.73,121.2864,68.75
2024-10-01,4.83,3.61,3.74,0.13,315.631,321.731,123.832,4.1,157945,19.26,121.6881,70.41
2024-10-02,4.83,3.63,3.79,0.16,,,,,,18.9,121.5724,70.74
2024-10-03,4.83,3.7,3.85,0.15,,,,,,20.49,122.1197,74.33
2024-10-04,4.83,3.93,3.98,0.05,,,,,,19.21,122.2197,74.93
2024-10-05,4.83,,,,,,,,,,,
2024-10-06,4.83,,,,,,,,,,,
2024-10-07,4.83,3.99,4.03,0.04,,,,,,22.64,122.4241,77.76
2024-10-08,4.83,3.98,4.04,0.06,,,,,,21.42,122.6625,74.26
2024-10-09,4.83,3.99,4.06,0.07,,,,,,20.86,122.8821,73.85
2024-10-10,4.83,3.98,4.09,0.11,,,,,,20.93,123.0951,76.46
2024-10-11,4.83,3.95,4.08,0.13,,,,,,20.46,122.9805,76.11
2024-10-12,4.83,,,,,,,,,,,
2024-10-13,4.83,,,,,,,,,,,
2024-10-14,4.83,,,,,,,,,19.7,,
2024-10-15,4.83,3.95,4.03,0.08,,,,,,20.64,123.5124,71.22
2024-10-16,4.83,3.93,4.02,0.09,,,,,,19.58,123.9235,70.97
2024-10-17,4.83,3.96,4.09,0.13,,,,,,19.11,124.1122,71.26
2024-10-18,4.83,3.95,4.08,0.13,,,,,,18.03,123.9185,69.78
2024-10-19,4.83,,,,,,,,,,,
2024-10-20,4.83,,,,,,,,,,,
2024-10-21,4.83,4.02,4.19,0.17,,,,,,18.37,124.4757,71.16
2024-10-22,4.83,4.03,4.2,0.17,,,,,,18.2,124.4107,72.84
2024-10-23,4.83,4.07,4.24,0.17,,,,,,19.24,124.6931,71.37
2024-10-24,4.83,4.07,4.21,0.14,,,,,,19.08,124.5127,70.58
2024-10-25,4.83,4.11,4.25,0.14,,,,,,20.33,124.6105,72.02
2024-10-26,4.83,,,,,,,,,,,
2024-10-27,4.83,,,,,,,,,,,
2024-10-28,4.83,4.12,4.28,0.16,,,,,,19.8,124.8076,67.65
2024-10-29,4.83,4.11,4.28,0.17,,,,,,19.34,124.8612,67.48
2024-10-30,4.83,4.15,4.29,0.14,,,,,,20.35,124.8153,68.91
2024-10-31,4.83,4.16,4.28,0.12,,,,,,23.16,124.7988,69.58
2024-11-01,4.83,4.21,4.37,0.16,316.528,322.657,123.962,4.2,158079,21.88,124.8076,69.81
2024-11-02,4.83,,,,,,,,,,,
2024-11-03,4.83,,,,,,,,,,,
2024-11-04,4.83,4.17,4.31,0.14,,,,,,21.98,124.5903,71.83
2024-11-05,4.83,4.19,4.26,0.07,,,,,,20.49,124.5532,72.26
2024-11-06,4.83,4.27,4.42,0.15,,,,,,16.27,125.7035,71.98
2024-11-07,4.83,4.21,4.31,0.1,,,,,,15.2,124.775,72.69
2024-11-08,4.58,4.26,4.3,0.04,,,,,,14.94,125.5811,70.69
2024-11-09,4.58,,,,,,,,,,,
2024-11-10,4.58,,,,,,,,,,,
2024-11-11,4.58,,,,,,,,,14.97,,
2024-11-12,4.58,4.34,4.43,0.09,,,,,,14.71,126.7762,68.43
2024-11-13,4.58,4.27,4.44,0.17,,,,,,14.02,126.9572,68.76
2024-11-14,4.58,4.34,4.43,0.09,,,,,,14.31,127.0015,68.99
2024-11-15,4.58,4.31,4.43,0.12,,,,,,16.14,126.8848,67.33
2024-11-16,4.58,,,,,,,,,,,
2024-11-17,4.58,,,,,,,,,,,
2024-11-18,4.58,4.29,4.42,0.13,,,,,,15.58,126.6045,69.46
2024-11-19,4.58,4.27,4.39,0.12,,,,,,16.35,126.3994,69.75
2024-11-20,4.58,4.31,4.41,0.1,,,,,,17.16,126.88,69.25
2024-11-21,4.58,4.34,4.43,0.09,,,,,,16.87,127.1047,70.39
2024-11-22,4.58,4.37,4.41,0.04,,,,,,15.24,127.4712,71.68
2024-11-23,4.58,,,,,,,,,,,
2024-11-24,4.58,,,,,,,,,,,
2024-11-25,4.58,4.21,4.27,0.06,,,,,,14.6,126.9948,69.41
2024-11-26,4.58,4.21,4.3,0.09,,,,,,14.1,127.4301,69.05
2024-11-27,4.58,4.19,4.25,0.06,,,,,,14.1,126.8205,69.03
2024-11-28,4.58,,,,,,,,,13.9,,
2024-11-29,4.58,4.13,4.18,0.05,,,,,,13.51,126.5798,68.26
2024-11-30,4.58,,,,,,,,,,,
2024-12-01,4.58,,,,317.604,323.259,124.196,4.1,158316,,,
2024-12-02,4.58,4.17,4.19,0.02,,,,,,13.34,127.1272,68.35
2024-12-03,4.58,4.17,4.23,0.06,,,,,,13.3,126.9565,70.15
2024-12-04,4.58,4.13,4.19,0.06,,,,,,13.45,126.7574,68.81
2024-12-05,4.58,4.15,4.17,0.02,,,,,,13.54,126.4286,68.58
2024-12-06,4.58,4.1,4.15,0.05,,,,,,12.77,126.688,68.58
2024-12-07,4.58,,,,,,,,,,,
2024-12-08,4.58,,,,,,,,,,,
2024-12-09,4.58,4.13,4.2,0.07,,,,,,14.19,126.5981,68.65
2024-12-10,4.58,4.15,4.22,0.07,,,,,,14.18,126.957,68.85
2024-12-11,4.58,4.15,4.26,0.11,,,,,,13.58,126.8483,70.57
2024-12-12,4.58,4.18,4.32,0.14,,,,,,13.92,126.9556,70.25
2024-12-13,4.58,4.25,4.4,0.15,,,,,,13.81,127.3096,71.54
2024-12-14,4.58,,,,,,,,,,,
2024-12-15,4.58,,,,,,,,,,,
2024-12-16,4.58,4.25,4.39,0.14,,,,,,14.69,127.2687,71.03
2024-12-17,4.58,4.25,4.4,0.15,,,,,,15.87,127.5043,70.31
2024-12-18,4.58,4.35,4.5,0.15,,,,,,27.62,127.6418,70.8
2024-12-19,4.33,4.32,4.57,0.25,,,,,,24.09,128.6366,70.1
2024-12-20,4.33,4.3,4.52,0.22,,,,,,18.36,127.893,69.71
2024-12-21,4.33,,,,,,,,,,,
2024-12-22,4.33,,,,,,,,,,,
2024-12-23,4.33,4.3,4.59,0.29,,,,,,16.78,128.3021,69.5
2024-12-24,4.33,4.29,4.59,0.3,,,,,,14.27,128.3377,70.87
2024-12-25,4.33,,,,,,,,,,,
2024-12-26,4.33,4.3,4.58,0.28,,,,,,14.73,128.3329,70.38
2024-12-27,4.33,4.31,4.62,0.31,,,,,,15.95,128.45,71.28
2024-12-28,4.33,,,,,,,,,,,
2024-12-29,4.33,,,,,,,,,,,
2024-12-30,4.33,4.24,4.55,0.31,,,,,,17.4,128.8205,71.73
2024-12-31,4.33,4.25,4.58,0.33,,,,,,17.35,129.2775,72.44
2025-01-01,4.33,,,,318.961,324.638,124.587,4.0,158268,,,
2025-01-02,4.33,4.25,4.57,0.32,,,,,,17.93,129.4598,73.79
2025-01-03,4.33,4.28,4.6,0.32,,,,,,16.13,129.4535,74.64
2025-01-04,4.33,,,,,,,,,,,
2025-01-05,4.33,,,,,,,,,,,
2025-01-06,4.33,4.28,4.62,0.34,,,,,,16.04,128.538,74.31
2025-01-07,4.33,4.3,4.67,0.37,,,,,,17.82,128.613,74.99
2025-01-08,4.33,4.28,4.67,0.39,,,,,,17.7,129.0785,73.99
2025-01-09,4.33,4.27,4.68,0.41,,,,,,18.07,129.2827,
2025-01-10,4.33,4.4,4.77,0.37,,,,,,19.54,129.8664,77.27
2025-01-11,4.33,,,,,,,,,,,
2025-01-12,4.33,,,,,,,,,,,
2025-01-13,4.33,4.4,4.79,0.39,,,,,,19.19,130.0413,79.57
2025-01-14,4.33,4.37,4.78,0.41,,,,,,18.71,129.3812,78.2
2025-01-15,4.33,4.27,4.66,0.39,,,,,,16.12,129.2092,80.73
2025-01-16,4.33,4.23,4.61,0.38,,,,,,16.6,129.436,79.35
2025-01-17,4.33,4.27,4.61,0.34,,,,,,15.97,129.4859,78.56
2025-01-18,4.33,,,,,,,,,,,
2025-01-19,4.33,,,,,,,,,,,
2025-01-20,4.33,,,,,,,,,15.81,,
2025-01-21,4.33,4.29,4.57,0.28,,,,,,15.06,128.4151,76.79
2025-01-22,4.33,4.29,4.6,0.31,,,,,,15.1,128.3402,76.12
2025-01-23,4.33,4.29,4.65,0.36,,,,,,15.02,128.2162,75.03
2025-01-24,4.33,4.27,4.63,0.36,,,,,,14.85,127.4611,74.97
2025-01-25,4.33,,,,,,,,,,,
2025-01-26,4.33,,,,,,,,,,,
2025-01-27,4.33,4.17,4.53,0.36,,,,,,17.9,128.0912,73.51
2025-01-28,4.33,4.19,4.55,0.36,,,,,,16.41,128.2817,74.15
2025-01-29,4.33,4.21,4.55,0.34,,,,,,16.56,128.3418,72.94
2025-01-30,4.33,4.18,4.52,0.34,,,,,,15.84,128.1004,73.1
2025-01-31,4.33,4.22,4.58,0.36,,,,,,16.43,128.4828,72.84
2025-02-01,4.33,,,,319.679,325.465,125.145,4.2,158310,,,
2025-02-02,4.33,,,,,,,,,,,
2025-02-03,4.33,4.26,4.54,0.28,,,,,,18.62,129.109,73.52
2025-02-04,4.33,4.21,4.52,0.31,,,,,,17.21,128.1083,73.04
2025-02-05,4.33,4.17,4.43,0.26,,,,,,15.77,127.9751,71.39
2025-02-06,4.33,4.21,4.45,0.24,,,,,,15.5,128.2017,70.97
2025-02-07,4.33,4.29,4.49,0.2,,,,,,16.54,128.4292,71.32
2025-02-08,4.33,,,,,,,,,,,
2025-02-09,4.33,,,,,,,,,,,
2025-02-10,4.33,4.28,4.51,0.23,,,,,,15.81,128.6382,72.73
2025-02-11,4.33,4.29,4.54,0.25,,,,,,16.02,128.4322,73.67
2025-02-12,4.33,4.36,4.62,0.26,,,,,,15.89,128.3288,71.72
2025-02-13,4.33,4.31,4.52,0.21,,,,,,15.1,127.8931,71.66
2025-02-14,4.33,4.26,4.47,0.21,,,,,,14.77,127.1491,71.05
2025-02-15,4.33,,,,,,,,,,,
2025-02-16,4.33,,,,,,,,,,,
2025-02-17,4.33,,,,,,,,,15.37,,
2025-02-18,4.33,4.29,4.55,0.26,,,,,,15.35,127.2906,72.21
2025-02-19,4.33,4.28,4.53,0.25,,,,,,15.27,127.7317,72.58
2025-02-20,4.33,4.28,4.5,0.22,,,,,,15.66,127.1126,72.88
2025-02-21,4.33,4.19,4.42,0.23,,,,,,18.21,127.1408,70.72
2025-02-22,4.33,,,,,,,,,,,
2025-02-23,4.33,,,,,,,,,,,
2025-02-24,4.33,4.13,4.4,0.27,,,,,,18.98,127.1921,71.06
2025-02-25,4.33,4.07,4.3,0.23,,,,,,19.43,127.3752,69.15
2025-02-26,4.33,4.05,4.25,0.2,,,,,,19.1,127.2822,68.87
2025-02-27,4.33,4.07,4.29,0.22,,,,,,21.13,127.9704,70.62
2025-02-28,4.33,3.99,4.24,0.25,,,,,,19.63,128.2805,69.97
2025-03-01,4.33,,,,319.785,325.690,125.267,4.2,158377,,,
2025-03-02,4.33,,,,,,,,,,,
2025-03-03,4.33,3.96,4.16,0.2,,,,,,22.78,127.75,68.63
2025-03-04,4.33,3.96,4.22,0.26,,,,,,23.51,127.9966,68.47
2025-03-05,4.33,3.99,4.28,0.29,,,,,,21.93,126.504,66.58
2025-03-06,4.33,3.96,4.29,0.33,,,,,,24.87,126.1099,66.62
2025-03-07,4.33,3.99,4.32,0.33,,,,,,23.37,125.9814,67.29
2025-03-08,4.33,,,,,,,,,,,
2025-03-09,4.33,,,,,,,,,,,
2025-03-10,4.33,3.89,4.22,0.33,,,,,,27.86,126.268,66.31
2025-03-11,4.33,3.94,4.28,0.34,,,,,,26.92,126.0457,66.52
2025-03-12,4.33,4.01,4.32,0.31,,,,,,24.23,125.8664,67.65
2025-03-13,4.33,3.94,4.27,0.33,,,,,,24.66,126.0031,66.82
2025-03-14,4.33,4.02,4.31,0.29,,,,,,21.77,125.6942,67.43
2025-03-15,4.33,,,,,,,,,,,
2025-03-16,4.33,,,,,,,,,,,
2025-03-17,4.33,4.06,4.31,0.25,,,,,,20.51,125.3688,67.84
2025-03-18,4.33,4.04,4.29,0.25,,,,,,21.7,125.488,67.49
2025-03-19,4.33,3.99,4.25,0.26,,,,,,19.9,125.8006,67.4
2025-03-20,4.33,3.95,4.24,0.29,,,,,,19.8,125.985,68.55
2025-03-21,4.33,3.94,4.25,0.31,,,,,,19.28,126.2679,68.52
2025-03-22,4.33,,,,,,,,,,,
2025-03-23,4.33,,,,,,,,,,,
2025-03-24,4.33,4.04,4.34,0.3,,,,,,17.48,126.1956,69.46
2025-03-25,4.33,3.96,4.31,0.35,,,,,,17.15,126.0535,69.48
2025-03-26,4.33,3.98,4.35,0.37,,,,,,18.33,126.2364,70.05
2025-03-27,4.33,3.97,4.38,0.41,,,,,,18.69,126.3626,70.3
2025-03-28,4.33,3.89,4.27,0.38,,,,,,21.65,126.4187,69.74
2025-03-29,4.33,,,,,,,,,,,
2025-03-30,4.33,,,,,,,,,,,
2025-03-31,4.33,3.89,4.23,0.34,,,,,,22.28,126.7075,71.87
2025-04-01,4.33,3.87,4.17,0.3,320.302,326.467,125.502,4.2,158485,21.77,126.4338,71.61
2025-04-02,4.33,3.91,4.2,0.29,,,,,,21.51,126.3811,72.12
2025-04-03,4.33,3.71,4.06,0.35,,,,,,30.02,124.7316,67.43
2025-04-04,4.33,3.68,4.01,0.33,,,,,,45.31,125.8129,62.42
2025-04-05,4.33,,,,,,,,,,,
2025-04-06,4.33,,,,,,,,,,,
2025-04-07,4.33,3.73,4.15,0.42,,,,,,46.98,126.8282,61.05
2025-04-08,4.33,3.71,4.26,0.55,,,,,,52.33,126.8668,60.04
2025-04-09,4.33,3.91,4.34,0.43,,,,,,33.62,126.628,62.63
2025-04-10,4.33,3.84,4.4,0.56,,,,,,40.72,125.089,60.57
2025-04-11,4.33,3.96,4.48,0.52,,,,,,37.56,124.0163,61.91
2025-04-12,4.33,,,,,,,,,,,
2025-04-13,4.33,,,,,,,,,,,
2025-04-14,4.33,3.84,4.38,0.54,,,,,,30.89,123.6598,61.99
2025-04-15,4.33,3.84,4.35,0.51,,,,,,30.12,123.776,61.74
2025-04-16,4.33,3.77,4.29,0.52,,,,,,32.64,123.2724,62.88
2025-04-17,4.33,3.81,4.34,0.53,,,,,,29.65,123.1298,65.07
2025-04-18,4.33,,,,,,,,,,122.9865,
2025-04-19,4.33,,,,,,,,,,,
2025-04-20,4.33,,,,,,,,,,,
2025-04-21,4.33,3.75,4.42,0.67,,,,,,33.82,122.3145,63.48
2025-04-22,4.33,3.76,4.41,0.65,,,,,,30.57,122.4175,64.6
2025-04-23,4.33,3.81,4.4,0.59,,,,,,28.45,123.0252,62.64
2025-04-24,4.33,3.77,4.32,0.55,,,,,,26.47,122.9251,63.55
2025-04-25,4.33,3.74,4.29,0.55,,,,,,24.84,122.8858,63.85
2025-04-26,4.33,,,,,,,,,,,
2025-04-27,4.33,,,,,,,,,,,
2025-04-28,4.33,3.67,4.23,0.56,,,,,,25.15,122.7176,63.3
2025-04-29,4.33,3.65,4.19,0.54,,,,,,24.17,122.5944,61.84
2025-04-30,4.33,3.6,4.17,0.57,,,,,,24.7,122.5921,59.55
2025-05-01,4.33,3.7,4.25,0.55,320.620,326.893,125.79,4.3,158498,24.6,123.1405,60.59
2025-05-02,4.33,3.83,4.33,0.5,,,,,,22.68,122.4962,59.67
2025-05-03,4.33,,,,,,,,,,,
2025-05-04,4.33,,,,,,,,,,,
2025-05-05,4.33,3.83,4.36,0.53,,,,,,23.64,122.2613,58.5
2025-05-06,4.33,3.78,4.3,0.52,,,,,,24.76,122.0417,60.42
2025-05-07,4.33,3.78,4.26,0.48,,,,,,23.55,122.117,59.42
2025-05-08,4.33,3.9,4.37,0.47,,,,,,22.48,122.7568,61.25
2025-05-09,4.33,3.88,4.37,0.49,,,,,,21.9,122.5191,62.37
2025-05-10,4.33,,,,,,,,,,,
2025-05-11,4.33,,,,,,,,,,,
2025-05-12,4.33,3.98,4.45,0.47,,,,,,18.39,123.4863,63.32
2025-05-13,4.33,4.02,4.49,0.47,,,,,,18.22,122.9583,65.04
2025-05-14,4.33,4.05,4.53,0.48,,,,,,18.62,122.6746,64.48
2025-05-15,4.33,3.96,4.45,0.49,,,,,,17.83,122.8174,63.03
2025-05-16,4.33,3.98,4.43,0.45,,,,,,17.24,123.0737,63.84
2025-05-17,4.33,,,,,,,,,,,
2025-05-18,4.33,,,,,,,,,,,
2025-05-19,4.33,3.97,4.46,0.49,,,,,,18.14,122.4186,63.98
2025-05-20,4.33,3.97,4.48,0.51,,,,,,18.09,122.3199,63.97
2025-05-21,4.33,4.0,4.58,0.58,,,,,,20.87,121.7496,62.93
2025-05-22,4.33,4.0,4.54,0.54,,,,,,20.28,122.0429,62.55
2025-05-23,4.33,4.0,4.51,0.51,,,,,,22.29,121.3837,62.89
2025-05-24,4.33,,,,,,,,,,,
2025-05-25,4.33,,,,,,,,,,,
2025-05-26,4.33,,,,,,,,,20.57,,
2025-05-27,4.33,3.92,4.43,0.51,,,,,,18.96,121.6099,61.61
2025-05-28,4.33,3.96,4.47,0.51,,,,,,19.31,121.9888,62.54
2025-05-29,4.33,3.92,4.43,0.51,,,,,,19.18,121.5617,61.66
2025-05-30,4.33,3.89,4.41,0.52,,,,,,18.57,121.7674,61.46
2025-05-31,4.33,,,,,,,,,,,
2025-06-01,4.33,,,,321.435,327.658,126.121,4.1,158478,,,
2025-06-02,4.33,3.94,4.46,0.52,,,,,,18.36,121.1881,63.27
2025-06-03,4.33,3.96,4.46,0.5,,,,,,17.69,121.4592,64.1
2025-06-04,4.33,3.87,4.37,0.5,,,,,,17.61,121.0539,63.57
2025-06-05,4.33,3.92,4.4,0.48,,,,,,18.48,120.9596,64.06
2025-06-06,4.33,4.04,4.51,0.47,,,,,,16.77,121.161,65.3
2025-06-07,4.33,,,,,,,,,,,
2025-06-08,4.33,,,,,,,,,,,
2025-06-09,4.33,4.01,4.49,0.48,,,,,,17.16,120.9103,65.99
2025-06-10,4.33,4.01,4.47,0.46,,,,,,16.95,121.0485,65.66
2025-06-11,4.33,3.94,4.41,0.47,,,,,,17.26,120.587,68.91
2025-06-12,4.33,3.9,4.36,0.46,,,,,,18.02,120.1723,68.73
2025-06-13,4.33,3.96,4.41,0.45,,,,,,20.82,120.3245,73.84
2025-06-14,4.33,,,,,,,,,,,
2025-06-15,4.33,,,,,,,,,,,
2025-06-16,4.33,3.97,4.46,0.49,,,,,,19.11,120.1565,72.53
2025-06-17,4.33,3.94,4.39,0.45,,,,,,21.6,120.5048,75.62
2025-06-18,4.33,3.94,4.38,0.44,,,,,,20.14,120.7305,75.89
2025-06-19,4.33,,,,,,,,,22.17,,
2025-06-20,4.33,3.9,4.38,0.48,,,,,,20.62,121.0408,75.72
2025-06-21,4.33,,,,,,,,,,,
2025-06-22,4.33,,,,,,,,,,,
2025-06-23,4.33,3.84,4.34,0.5,,,,,,19.83,121.1694,69.36
2025-06-24,4.33,3.75,4.3,0.55,,,,,,17.48,120.3645,65.45
2025-06-25,4.33,3.74,4.29,0.55,,,,,,16.76,120.3336,65.98
2025-06-26,4.33,3.7,4.26,0.56,,,,,,16.59,119.6451,66.44
2025-06-27,4.33,3.73,4.29,0.56,,,,,,16.32,119.659,66.66
2025-06-28,4.33,,,,,,,,,,,
2025-06-29,4.33,,,,,,,,,,,
2025-06-30,4.33,3.72,4.24,0.52,,,,,,16.73,119.4088,66.3
2025-07-01,4.33,3.78,4.26,0.48,322.169,328.682,126.43,4.3,158542,16.83,119.3436,66.64
2025-07-02,4.33,3.78,4.3,0.52,,,,,,16.64,119.3037,68.66
2025-07-03,4.33,3.88,4.35,0.47,,,,,,16.38,119.2382,68.13
2025-07-04,4.33,,,,,,,,,17.48,,
2025-07-05,4.33,,,,,,,,,,,
2025-07-06,4.33,,,,,,,,,,,
2025-07-07,4.33,3.9,4.4,0.5,,,,,,17.79,119.6201,69.16
2025-07-08,4.33,3.9,4.42,0.52,,,,,,16.81,119.8371,69.55
2025-07-09,4.33,3.86,4.34,0.48,,,,,,15.94,119.7311,69.61
2025-07-10,4.33,3.86,4.35,0.49,,,,,,15.78,119.8343,67.78
2025-07-11,4.33,3.9,4.43,0.53,,,,,,16.4,119.9214,69.63
2025-07-12,4.33,,,,,,,,,,,
2025-07-13,4.33,,,,,,,,,,,
2025-07-14,4.33,3.9,4.43,0.53,,,,,,17.2,120.2209,68.19
2025-07-15,4.33,3.95,4.5,0.55,,,,,,17.38,120.5105,67.76
2025-07-16,4.33,3.88,4.46,0.58,,,,,,17.16,120.4175,67.13
2025-07-17,4.33,3.91,4.47,0.56,,,,,,16.52,120.6384,68.76
2025-07-18,4.33,3.88,4.44,0.56,,,,,,16.41,120.356,68.53
2025-07-19,4.33,,,,,,,,,,,
2025-07-20,4.33,,,,,,,,,,,
2025-07-21,4.33,3.85,4.38,0.53,,,,,,16.65,119.9961,68.39
2025-07-22,4.33,3.83,4.35,0.52,,,,,,16.5,119.681,67.56
2025-07-23,4.33,3.88,4.4,0.52,,,,,,15.37,119.5697,66.05
2025-07-24,4.33,3.91,4.43,0.52,,,,,,15.39,119.5664,67.16
2025-07-25,4.33,3.91,4.4,0.49,,,,,,14.93,119.9857,66.38
2025-07-26,4.33,,,,,,,,,,,
2025-07-27,4.33,,,,,,,,,,,
2025-07-28,4.33,3.91,4.42,0.51,,,,,,15.03,120.6149,67.81
2025-07-29,4.33,3.86,4.34,0.48,,,,,,15.98,120.9674,70.27
2025-07-30,4.33,3.94,4.38,0.44,,,,,,15.48,121.4042,71.09
2025-07-31,4.33,3.94,4.37,0.43,,,,,,16.72,121.721,70.36
2025-08-01,4.33,3.69,4.23,0.54,323.291,329.700,126.714,4.3,158472,20.38,121.2122,68.39
2025-08-02,4.33,,,,,,,,,,,
2025-08-03,4.33,,,,,,,,,,,
2025-08-04,4.33,3.69,4.22,0.53,,,,,,17.52,120.9859,67.33
2025-08-05,4.33,3.72,4.22,0.5,,,,,,17.85,120.9082,66.2
2025-08-06,4.33,3.69,4.22,0.53,,,,,,16.77,120.5082,65.38
2025-08-07,4.33,3.72,4.23,0.51,,,,,,16.57,120.5043,64.9
2025-08-08,4.33,3.76,4.27,0.51,,,,,,15.15,120.3329,64.94
2025-08-09,4.33,,,,,,,,,,,
2025-08-10,4.33,,,,,,,,,,,
2025-08-11,4.33,3.76,4.27,0.51,,,,,,16.25,120.6892,65.03
2025-08-12,4.33,3.72,4.29,0.57,,,,,,14.73,120.2736,64.22
2025-08-13,4.33,3.67,4.24,0.57,,,,,,14.49,120.13,63.68
2025-08-14,4.33,3.74,4.29,0.55,,,,,,14.83,120.6446,64.99
2025-08-15,4.33,3.75,4.33,0.58,,,,,,15.09,120.3377,63.78
2025-08-16,4.33,,,,,,,,,,,
2025-08-17,4.33,,,,,,,,,,,
2025-08-18,4.33,3.77,4.34,0.57,,,,,,14.99,120.5622,64.51
2025-08-19,4.33,3.75,4.3,0.55,,,,,,15.57,120.7224,63.38
2025-08-20,4.33,3.74,4.29,0.55,,,,,,15.69,120.7757,64.19
2025-08-21,4.33,3.79,4.33,0.54,,,,,,16.6,121.0843,64.56
2025-08-22,4.33,3.68,4.26,0.58,,,,,,14.22,120.2774,64.08
2025-08-23,4.33,,,,,,,,,,,
2025-08-24,4.33,,,,,,,,,,,
2025-08-25,4.33,3.73,4.28,0.55,,,,,,14.79,120.4214,65.18
2025-08-26,4.33,3.61,4.26,0.65,,,,,,14.62,120.5274,63.6
2025-08-27,4.33,3.59,4.24,0.65,,,,,,14.85,120.7274,64.49
2025-08-28,4.33,3.62,4.22,0.6,,,,,,14.43,120.2595,64.96
2025-08-29,4.33,3.59,4.23,0.64,,,,,,15.36,120.2082,64.36
2025-08-30,4.33,,,,,,,,,,,
2025-08-31,4.33,,,,,,,,,,,
2025-09-01,4.33,,,,324.245,330.418,126.954,4.4,158548,16.12,,
2025-09-02,4.33,3.66,4.28,0.62,,,,,,17.17,120.6837,65.95
2025-09-03,4.33,3.61,4.22,0.61,,,,,,16.35,120.5052,64.36
2025-09-04,4.33,3.59,4.17,0.58,,,,,,15.3,120.7629,63.81
2025-09-05,4.33,3.51,4.1,0.59,,,,,,15.18,120.1282,62.22
2025-09-06,4.33,,,,,,,,,,,
2025-09-07,4.33,,,,,,,,,,,
2025-09-08,4.33,3.49,4.05,0.56,,,,,,15.11,120.0971,62.6
2025-09-09,4.33,3.54,4.08,0.54,,,,,,15.04,120.1569,62.97
2025-09-10,4.33,3.54,4.04,0.5,,,,,,15.35,120.1223,64.01
2025-09-11,4.33,3.52,4.01,0.49,,,,,,14.71,119.9534,62.71
2025-09-12,4.33,3.56,4.06,0.5,,,,,,14.76,120.0611,63.02
2025-09-13,4.33,,,,,,,,,,,
2025-09-14,4.33,,,,,,,,,,,
2025-09-15,4.33,3.54,4.05,0.51,,,,,,15.69,119.5644,63.66
2025-09-16,4.33,3.51,4.04,0.53,,,,,,16.36,119.1348,64.89
2025-09-17,4.33,3.52,4.06,0.54,,,,,,15.72,119.1582,64.41
2025-09-18,4.08,3.57,4.11,0.54,,,,,,15.7,119.6616,63.91
2025-09-19,4.08,3.57,4.14,0.57,,,,,,15.45,119.7858,63.02
2025-09-20,4.08,,,,,,,,,,,
2025-09-21,4.08,,,,,,,,,,,
2025-09-22,4.09,3.61,4.15,0.54,,,,,,16.1,119.8152,62.99
2025-09-23,4.09,3.53,4.12,0.59,,,,,,16.64,119.6202,63.76
2025-09-24,4.09,3.57,4.16,0.59,,,,,,16.18,120.1707,65.4
2025-09-25,4.09,3.64,4.18,0.54,,,,,,16.74,120.5419,65.51
2025-09-26,4.09,3.63,4.2,0.57,,,,,,15.29,120.4349,66.5
2025-09-27,4.09,,,,,,,,,,,
2025-09-28,4.09,,,,,,,,,,,
2025-09-29,4.09,3.63,4.15,0.52,,,,,,16.12,120.115,64.27
2025-09-30,4.09,3.6,4.16,0.56,,,,,,16.28,120.1368,63.17
2025-10-01,4.09,3.55,4.12,0.57,,,127.243,,158408,16.29,120.1502,62.59
2025-10-02,4.09,3.55,4.1,0.55,,,,,,16.63,120.4296,61.28
2025-10-03,4.09,3.58,4.13,0.55,,,,,,16.65,120.0881,61.65
2025-10-04,4.09,,,,,,,,,,,
2025-10-05,4.09,,,,,,,,,,,
2025-10-06,4.09,3.6,4.18,0.58,,,,,,16.37,120.2722,62.49
2025-10-07,4.09,3.57,4.14,0.57,,,,,,17.24,120.4884,62.52
2025-10-08,4.1,3.58,4.13,0.55,,,,,,16.3,120.7766,63.37
2025-10-09,4.1,3.6,4.14,0.54,,,,,,16.43,121.0902,62.36
2025-10-10,4.1,3.52,4.05,0.53,,,,,,21.66,121.1163,59.75
2025-10-11,4.1,,,,,,,,,,,
2025-10-12,4.1,,,,,,,,,,,
2025-10-13,4.1,,,,,,,,,19.03,,
2025-10-14,4.1,3.48,4.03,0.55,,,,,,20.81,121.1822,59.52
2025-10-15,4.1,3.5,4.05,0.55,,,,,,20.64,120.8642,59.08
2025-10-16,4.11,3.41,3.99,0.58,,,,,,25.31,120.6698,58.29
2025-10-17,4.11,3.46,4.02,0.56,,,,,,20.78,120.7028,58.3
2025-10-18,4.11,,,,,,,,,,,
2025-10-19,4.11,,,,,,,,,,,
2025-10-20,4.11,3.46,4.0,0.54,,,,,,18.23,120.6209,58.34
2025-10-21,4.11,3.45,3.98,0.53,,,,,,17.87,120.8895,58.66
2025-10-22,4.11,3.45,3.97,0.52,,,,,,18.6,120.8958,59.3
2025-10-23,4.11,3.48,4.01,0.53,,,,,,17.3,120.9531,62.44
2025-10-24,4.11,3.48,4.02,0.54,,,,,,16.37,120.9345,62.27
2025-10-25,4.11,,,,,,,,,,,
2025-10-26,4.11,,,,,,,,,,,
2025-10-27,4.12,3.48,4.01,0.53,,,,,,15.79,120.7988,62.13
2025-10-28,4.12,3.47,3.99,0.52,,,,,,16.42,120.6361,60.97
2025-10-29,4.12,3.59,4.08,0.49,,,,,,16.92,120.5312,61.26
2025-10-30,3.87,3.61,4.11,0.5,,,,,,16.91,121.2832,61.36
2025-10-31,3.86,3.6,4.11,0.51,,,,,,17.44,121.3859,61.75
2025-11-01,3.86,,,,325.063,331.043,127.469,4.5,158449,,,
2025-11-02,3.86,,,,,,,,,,,
2025-11-03,3.87,3.6,4.13,0.53,,,,,,17.17,121.4512,61.79
2025-11-04,3.87,3.58,4.1,0.52,,,,,,19.0,121.8271,61.38
2025-11-05,3.87,3.63,4.17,0.54,,,,,,18.01,121.8482,60.4
2025-11-06,3.87,3.57,4.11,0.54,,,,,,19.5,121.6948,60.24
2025-11-07,3.87,3.55,4.11,0.56,,,,,,19.08,121.388,60.54
2025-11-08,3.87,,,,,,,,,,,
2025-11-09,3.87,,,,,,,,,,,
2025-11-10,3.87,3.58,4.13,0.55,,,,,,17.6,121.2984,60.94
2025-11-11,3.87,,,,,,,,,17.28,,
2025-11-12,3.87,3.56,4.08,0.52,,,,,,17.51,121.0458,59.3
2025-11-13,3.88,3.58,4.11,0.53,,,,,,20.0,120.7725,59.54
2025-11-14,3.88,3.62,4.14,0.52,,,,,,19.83,120.9666,60.87
2025-11-15,3.88,,,,,,,,,,,
2025-11-16,3.88,,,,,,,,,,,
2025-11-17,3.88,3.6,4.13,0.53,,,,,,22.38,121.1146,60.66
2025-11-18,3.88,3.58,4.12,0.54,,,,,,24.69,121.2127,61.51
2025-11-19,3.88,3.58,4.13,0.55,,,,,,23.66,121.4978,60.27
2025-11-20,3.88,3.55,4.1,0.55,,,,,,26.42,121.6889,60.07
2025-11-21,3.88,3.51,4.06,0.55,,,,,,23.43,121.8653,58.86
2025-11-22,3.88,,,,,,,,,,,
2025-11-23,3.88,,,,,,,,,,,
2025-11-24,3.88,3.46,4.04,0.58,,,,,,20.52,121.9171,59.11
2025-11-25,3.88,3.43,4.01,0.58,,,,,,18.56,121.6335,58.25
2025-11-26,3.88,3.45,4.0,0.55,,,,,,17.19,121.2437,58.81
2025-11-27,3.88,,,,,,,,,17.21,,
2025-11-28,3.89,3.47,4.02,0.55,,,,,,16.35,121.0527,58.58
2025-11-29,3.89,,,,,,,,,,,
2025-11-30,3.89,,,,,,,,,,,
2025-12-01,3.89,3.54,4.09,0.55,326.031,331.814,127.886,4.4,158432,17.24,120.9862,59.47
2025-12-02,3.89,3.51,4.09,0.58,,,,,,16.59,121.1467,58.81
2025-12-03,3.89,3.49,4.06,0.57,,,,,,16.08,120.7336,59.09
2025-12-04,3.89,3.52,4.11,0.59,,,,,,15.78,120.6766,59.82
2025-12-05,3.89,3.56,4.14,0.58,,,,,,15.41,120.6863,60.23
2025-12-06,3.89,,,,,,,,,,,
2025-12-07,3.89,,,,,,,,,,,
2025-12-08,3.89,3.57,4.17,0.6,,,,,,16.66,120.776,59.04
2025-12-09,3.89,3.61,4.18,0.57,,,,,,16.93,120.6832,58.4
2025-12-10,3.89,3.54,4.13,0.59,,,,,,15.77,120.6752,58.67
2025-12-11,3.64,3.52,4.14,0.62,,,,,,14.85,119.98,57.76
2025-12-12,3.64,3.52,4.19,0.67,,,,,,15.74,120.1442,57.61
2025-12-13,3.64,,,,,,,,,,,
2025-12-14,3.64,,,,,,,,,,,
2025-12-15,3.64,3.51,4.18,0.67,,,,,,16.5,119.9561,56.97
2025-12-16,3.64,3.48,4.15,0.67,,,,,,16.48,119.8902,55.44
2025-12-17,3.64,3.49,4.16,0.67,,,,,,17.62,120.155,56.07
2025-12-18,3.64,3.46,4.12,0.66,,,,,,16.87,120.0528,56.22
2025-12-19,3.64,3.48,4.16,0.68,,,,,,14.91,120.1652,56.8
2025-12-20,3.64,,,,,,,,,,,
2025-12-21,3.64,,,,,,,,,,,
2025-12-22,3.64,3.44,4.17,0.73,,,,,,14.08,119.9912,58.18
2025-12-23,3.64,3.48,4.18,0.7,,,,,,14.0,119.7057,58.55
2025-12-24,3.64,3.47,4.15,0.68,,,,,,13.47,119.4372,58.72
2025-12-25,3.64,,,,,,,,,,,
2025-12-26,3.64,3.46,4.14,0.68,,,,,,13.6,119.4723,56.6
2025-12-27,3.64,,,,,,,,,,,
2025-12-28,3.64,,,,,,,,,,,
2025-12-29,3.64,3.45,4.12,0.67,,,,,,14.2,119.5899,57.89
2025-12-30,3.64,3.45,4.14,0.69,,,,,,14.33,119.4939,57.79
2025-12-31,3.64,3.47,4.18,0.71,,,,,,14.95,119.7456,57.26
2026-01-01,3.64,,,,326.588,332.793,128.455,4.3,158592,,,
2026-01-02,3.64,3.47,4.19,0.72,,,,,,14.51,119.6059,57.21
2026-01-03,3.64,,,,,,,,,,,
2026-01-04,3.64,,,,,,,,,,,
2026-01-05,3.64,3.46,4.17,0.71,,,,,,14.9,119.6192,58.1
2026-01-06,3.64,3.47,4.18,0.71,,,,,,14.75,119.7807,56.97
2026-01-07,3.64,3.47,4.15,0.68,,,,,,15.38,119.8719,56.01
2026-01-08,3.64,3.49,4.19,0.7,,,,,,15.45,120.0904,57.74
2026-01-09,3.64,3.54,4.18,0.64,,,,,,14.49,120.2215,58.96
2026-01-10,3.64,,,,,,,,,,,
2026-01-11,3.64,,,,,,,,,,,
2026-01-12,3.64,3.54,4.19,0.65,,,,,,15.12,119.9958,59.39
2026-01-13,3.64,3.53,4.18,0.65,,,,,,15.98,120.1401,60.85
2026-01-14,3.64,3.51,4.15,0.64,,,,,,16.75,119.9537,61.84
2026-01-15,3.64,3.56,4.17,0.61,,,,,,15.84,119.9951,59.13
2026-01-16,3.64,3.59,4.24,0.65,,,,,,15.86,120.0838,59.4
2026-01-17,3.64,,,,,,,,,,,
2026-01-18,3.64,,,,,,,,,,,
2026-01-19,3.64,,,,,,,,,18.84,,
2026-01-20,3.64,3.6,4.3,0.7,,,,,,20.09,119.4455,60.3
2026-01-21,3.64,3.6,4.26,0.66,,,,,,16.9,119.3431,60.38
2026-01-22,3.64,3.61,4.26,0.65,,,,,,15.64,119.1962,59.24
2026-01-23,3.64,3.6,4.24,0.64,,,,,,16.09,118.8976,60.7
2026-01-24,3.64,,,,,,,,,,,
2026-01-25,3.64,,,,,,,,,,,
2026-01-26,3.64,3.56,4.22,0.66,,,,,,16.15,118.0525,60.46
2026-01-27,3.64,3.53,4.24,0.71,,,,,,16.35,117.4523,62.04
2026-01-28,3.64,3.56,4.26,0.7,,,,,,16.35,117.5117,62.75
2026-01-29,3.64,3.53,4.24,0.71,,,,,,16.88,117.4396,64.77
2026-01-30,3.64,3.52,4.26,0.74,,,,,,17.44,117.8996,64.5
2026-01-31,3.64,,,,,,,,,,,
2026-02-01,3.64,,,,327.460,333.512,128.961,4.4,158436,,,
2026-02-02,3.64,3.57,4.29,0.72,,,,,,16.34,118.3609,61.6
2026-02-03,3.64,3.57,4.28,0.71,,,,,,18.0,117.9764,62.62
2026-02-04,3.64,3.57,4.29,0.72,,,,,,18.64,118.2602,64.56
2026-02-05,3.64,3.47,4.21,0.74,,,,,,21.77,118.5034,62.9
2026-02-06,3.64,3.5,4.22,0.72,,,,,,17.76,118.2407,63.77
2026-02-07,3.64,,,,,,,,,,,
2026-02-08,3.64,,,,,,,,,,,
2026-02-09,3.64,3.48,4.22,0.74,,,,,,17.36,117.6392,64.53
2026-02-10,3.64,3.45,4.16,0.71,,,,,,17.79,117.5216,64.2
2026-02-11,3.64,3.52,4.18,0.66,,,,,,17.65,117.4601,64.8
2026-02-12,3.64,3.47,4.09,0.62,,,,,,20.82,117.5376,63.08
2026-02-13,3.64,3.4,4.04,0.64,,,,,,20.6,117.5258,63.05
2026-02-14,3.64,,,,,,,,,,,
2026-02-15,3.64,,,,,,,,,,,
2026-02-16,3.64,,,,,,,,,21.2,,
2026-02-17,3.64,3.43,4.05,0.62,,,,,,20.29,117.7375,62.53
2026-02-18,3.64,3.47,4.09,0.62,,,,,,19.62,117.8426,65.33
2026-02-19,3.64,3.47,4.08,0.61,,,,,,20.23,118.2354,66.66
2026-02-20,3.64,3.48,4.08,0.6,,,,,,19.09,117.9917,66.69
2026-02-21,3.64,,,,,,,,,,,
2026-02-22,3.64,,,,,,,,,,,
2026-02-23,3.64,3.43,4.03,0.6,,,,,,21.01,117.9395,66.36
2026-02-24,3.64,3.43,4.04,0.61,,,,,,19.55,117.9463,65.62
2026-02-25,3.64,3.45,4.05,0.6,,,,,,17.93,117.769,65.3
2026-02-26,3.64,3.42,4.02,0.6,,,,,,18.63,117.9042,65.1
2026-02-27,3.64,3.38,3.97,0.59,,,,,,19.86,117.8223,66.96
2026-02-28,3.64,,,,,,,,,,,
2026-03-01,3.64,,,,330.293,334.165,129.343,4.3,158650,,,
2026-03-02,3.64,3.47,4.05,0.58,,,,,,21.44,118.667,71.13
2026-03-03,3.64,3.51,4.06,0.55,,,,,,23.57,119.4341,74.48
2026-03-04,3.64,3.54,4.09,0.55,,,,,,21.15,119.0705,74.58
2026-03-05,3.64,3.57,4.13,0.56,,,,,,23.75,119.5683,80.88
2026-03-06,3.64,3.56,4.15,0.59,,,,,,29.49,119.491,90.77
2026-03-07,3.64,,,,,,,,,,,
2026-03-08,3.64,,,,,,,,,,,
2026-03-09,3.64,3.56,4.12,0.56,,,,,,25.5,119.5151,94.65
2026-03-10,3.64,3.57,4.15,0.58,,,,,,24.93,118.7255,83.71
2026-03-11,3.64,3.64,4.21,0.57,,,,,,24.23,119.2885,86.8
2026-03-12,3.64,3.76,4.27,0.51,,,,,,27.29,119.8227,95.61
2026-03-13,3.64,3.73,4.28,0.55,,,,,,27.19,120.5518,98.48
2026-03-14,3.64,,,,,,,,,,,
2026-03-15,3.64,,,,,,,,,,,
2026-03-16,3.64,3.68,4.23,0.55,,,,,,23.51,120.097,93.39
2026-03-17,3.64,3.68,4.2,0.52,,,,,,22.37,119.8328,96.01
2026-03-18,3.64,3.76,4.26,0.5,,,,,,25.09,119.9276,96.12
2026-03-19,3.64,3.79,4.25,0.46,,,,,,24.06,120.1802,96.11
2026-03-20,3.64,3.88,4.39,0.51,,,,,,26.78,120.2757,98.71
2026-03-21,3.64,,,,,,,,,,,
2026-03-22,3.64,,,,,,,,,,,
2026-03-23,3.64,3.83,4.34,0.51,,,,,,26.15,119.9371,89.33
2026-03-24,3.64,3.9,4.39,0.49,,,,,,26.95,120.1295,93.18
2026-03-25,3.64,3.84,4.33,0.49,,,,,,25.33,120.1282,91.51
2026-03-26,3.64,3.96,4.42,0.46,,,,,,27.44,120.389,96.18
2026-03-27,3.64,3.88,4.44,0.56,,,,,,31.05,120.8851,101.26
2026-03-28,3.64,,,,,,,,,,,
2026-03-29,3.64,,,,,,,,,,,
2026-03-30,3.64,3.82,4.35,0.53,,,,,,30.61,121.2851,104.69
2026-03-31,3.64,3.79,4.3,0.51,,,,,,25.25,121.035,102.86
2026-04-01,3.64,3.81,4.33,0.52,332.407,335.423,129.667,4.3,158798,24.54,120.1198,101.9
2026-04-02,3.64,3.79,4.31,0.52,,,,,,23.87,120.503,113.23
2026-04-03,3.64,3.84,4.35,0.51,,,,,,,120.6565,
2026-04-04,3.64,,,,,,,,,,,
2026-04-05,3.64,,,,,,,,,,,
2026-04-06,3.64,3.84,4.34,0.5,,,,,,24.17,120.4302,114.01
2026-04-07,3.64,3.81,4.33,0.52,,,,,,25.78,120.32,114.58
2026-04-08,3.64,3.79,4.29,0.5,,,,,,21.04,119.0596,96.17
2026-04-09,3.64,3.78,4.29,0.51,,,,,,19.49,118.8998,99.62
2026-04-10,3.64,3.81,4.31,0.5,,,,,,19.23,118.8552,98.34
2026-04-11,3.64,,,,,,,,,,,
2026-04-12,3.64,,,,,,,,,,,
2026-04-13,3.64,3.78,4.3,0.52,,,,,,19.12,118.9916,100.72
2026-04-14,3.64,3.76,4.26,0.5,,,,,,18.36,118.3581,93.07
2026-04-15,3.64,3.76,4.29,0.53,,,,,,18.17,118.3623,93.04
2026-04-16,3.64,3.78,4.32,0.54,,,,,,17.94,118.3616,96.46
2026-04-17,3.64,3.71,4.26,0.55,,,,,,17.48,118.0795,85.91
2026-04-18,3.64,,,,,,,,,,,
2026-04-19,3.64,,,,,,,,,,,
2026-04-20,3.64,3.72,4.26,0.54,,,,,,18.87,118.2374,91.06
2026-04-21,3.64,3.78,4.3,0.52,,,,,,19.5,118.4331,93.64
2026-04-22,3.64,3.79,4.3,0.51,,,,,,18.92,118.6004,94.76
2026-04-23,3.64,3.83,4.34,0.51,,,,,,19.31,118.7155,99.27
2026-04-24,3.64,3.78,4.31,0.53,,,,,,18.71,118.7294,98.42
2026-04-25,3.64,,,,,,,,,,,
2026-04-26,3.64,,,,,,,,,,,
2026-04-27,3.64,3.78,4.35,0.57,,,,,,18.02,118.5458,99.89
2026-04-28,3.64,3.84,4.36,0.52,,,,,,17.83,118.7717,103.45
2026-04-29,3.64,3.92,4.42,0.5,,,,,,18.81,119.0975,110.47
2026-04-30,3.64,3.88,4.4,0.52,,,,,,16.89,118.671,108.64
2026-05-01,3.64,3.88,4.39,0.51,333.979,336.121,130.082,4.3,158927,16.99,118.3926,105.38
2026-05-02,3.64,,,,,,,,,,,
2026-05-03,3.64,,,,,,,,,,,
2026-05-04,3.64,3.95,4.45,0.5,,,,,,18.29,118.8264,109.76
2026-05-05,3.64,3.93,4.43,0.5,,,,,,17.38,118.6207,105.66
2026-05-06,3.64,3.87,4.36,0.49,,,,,,17.39,118.0982,98.75
2026-05-07,3.63,3.92,4.41,0.49,,,,,,17.08,118.0116,98.38
2026-05-08,3.63,3.9,4.38,0.48,,,,,,17.19,118.0392,98.87
2026-05-09,3.63,,,,,,,,,,,
2026-05-10,3.63,,,,,,,,,,,
2026-05-11,3.63,3.95,4.42,0.47,,,,,,18.38,118.0562,101.56
2026-05-12,3.63,4.0,4.46,0.46,,,,,,17.99,118.5238,105.78
2026-05-13,3.63,3.98,4.46,0.48,,,,,,17.87,118.4737,104.52
2026-05-14,3.63,4.0,4.47,0.47,,,,,,17.26,118.6696,104.66
2026-05-15,3.63,4.09,4.59,0.5,,,,,,18.43,119.2825,108.99
2026-05-16,3.63,,,,,,,,,,,
2026-05-17,3.63,,,,,,,,,,,
2026-05-18,3.63,4.07,4.61,0.54,,,,,,17.82,119.0574,112.25
2026-05-19,3.62,4.13,4.67,0.54,,,,,,18.06,119.451,112.09
2026-05-20,3.62,4.04,4.57,0.53,,,,,,17.44,119.1624,101.69
2026-05-21,3.62,4.08,4.57,0.49,,,,,,16.76,119.369,100.2
2026-05-22,3.62,4.13,4.56,0.43,,,,,,16.7,119.2868,100.35
2026-05-23,3.62,,,,,,,,,,,
2026-05-24,3.62,,,,,,,,,,,
2026-05-25,3.62,,,,,,,,,16.59,,
2026-05-26,3.62,4.01,4.5,0.49,,,,,,17.01,119.1696,97.63
2026-05-27,3.62,4.0,4.48,0.48,,,,,,16.29,119.1829,92.35
2026-05-28,3.62,3.99,4.45,0.46,,,,,,15.74,119.0318,92.65
2026-05-29,3.62,3.98,4.45,0.47,,,,,,15.32,118.8783,91.16
2026-05-30,3.62,,,,,,,,,,,
2026-05-31,3.62,,,,,,,,,,,
2026-06-01,3.62,4.05,4.47,0.42,332.568,336.065,,4.2,158984,16.05,119.1653,95.96
2026-06-02,3.62,4.05,4.46,0.41,,,,,,15.77,119.0359,97.47
2026-06-03,3.62,4.08,4.49,0.41,,,,,,16.06,119.3848,99.76
2026-06-04,3.62,4.05,4.47,0.42,,,,,,15.4,119.3615,96.83
2026-06-05,3.62,4.17,4.55,0.38,,,,,,21.51,120.0831,94.32
2026-06-06,3.62,,,,,,,,,,,
2026-06-07,3.62,,,,,,,,,,,
2026-06-08,3.62,4.15,4.56,0.41,,,,,,18.92,120.034,95.0
2026-06-09,3.62,4.13,4.53,0.4,,,,,,19.87,119.9617,91.9
2026-06-10,3.62,4.13,4.55,0.42,,,,,,22.22,119.9134,93.68
2026-06-11,3.62,4.05,4.45,0.4,,,,,,19.44,120.1174,91.58
2026-06-12,3.62,4.09,4.48,0.39,,,,,,17.68,119.5073,88.62
2026-06-13,3.62,,,,,,,,,,,
2026-06-14,3.62,,,,,,,,,,,
2026-06-15,3.63,4.07,4.47,0.4,,,,,,16.2,119.3158,84.65
2026-06-16,3.63,4.05,4.43,0.38,,,,,,16.41,119.256,79.8
2026-06-17,3.63,4.2,4.49,0.29,,,,,,18.44,119.3871,80.65
2026-06-18,3.63,4.19,4.46,0.27,,,,,,16.4,120.3958,80.35
2026-06-19,3.63,,,,,,,,,16.78,,
2026-06-20,3.63,,,,,,,,,,,
2026-06-21,3.63,,,,,,,,,,,
2026-06-22,3.63,4.24,4.51,0.27,,,,,,17.28,120.5463,78.94
2026-06-23,3.63,4.16,4.5,0.34,,,,,,19.49,121.0552,74.62
2026-06-24,3.63,4.11,4.41,0.3,,,,,,18.63,121.412,71.42
2026-06-25,3.63,4.09,4.4,0.31,,,,,,18.89,121.0559,72.67
2026-06-26,3.63,4.07,4.38,0.31,,,,,,18.41,120.8866,70.3
2026-06-27,3.63,,,,,,,,,,,
2026-06-28,3.63,,,,,,,,,,,
2026-06-29,3.63,4.1,4.38,0.28,,,,,,17.65,120.9525,71.87
2026-06-30,3.63,4.14,4.44,0.3,,,,,,16.45,120.9248,70.56
2026-07-01,3.63,4.17,4.48,0.31,,,,,,16.59,121.1455,69.74
2026-07-02,3.63,4.14,4.49,0.35,,,,,,16.15,120.6902,69.73
2026-07-03,3.63,,,,,,,,,15.81,,
2026-07-04,3.63,,,,,,,,,,,
2026-07-05,3.63,,,,,,,,,,,
2026-07-06,3.63,4.13,4.48,0.35,,,,,,15.57,120.835,69.6
2026-07-07,3.63,4.19,4.55,0.36,,,,,,16.13,120.8145,71.53
2026-07-08,3.62,4.21,4.56,0.35,,,,,,16.9,121.1307,74.56
2026-07-09,3.62,4.16,4.54,0.38,,,,,,15.84,120.753,73.15
2026-07-10,3.62,4.21,4.56,0.35,,,,,,15.03,120.5046,72.45
2026-07-11,3.62,,,,,,,,,,,
2026-07-12,3.62,,,,,,,,,,,
2026-07-13,3.62,4.26,4.62,0.36,,,,,,17.16,120.7413,79.2
2026-07-14,3.63,4.18,4.58,0.4,,,,,,16.5,120.4728,80.44
2026-07-15,3.63,4.13,4.55,0.42,,,,,,15.67,120.3088,80.73
2026-07-16,3.63,4.16,4.57,0.41,,,,,,16.73,120.331,80.03
2026-07-17,3.63,4.18,4.55,0.37,,,,,,18.77,120.5315,83.43
2026-07-18,3.6300000000,,,,,,,,,,,
2026-07-19,3.6300000000,,,,,,,,,,,
2026-07-20,3.6300000000,4.2100000000,4.6000000000,0.39,,,,,,18.65,,84.38
2026-07-21,3.6300000000,4.2600000000,4.6300000000,0.37,,,,,,17.05,,
2026-07-22,3.6300000000,4.3100000000,4.6700000000,0.36,,,,,,16.64,,
2026-07-23,3.6300000000,4.3700000000,4.7100000000,0.34,,,,,,18.7,,
2026-07-24,,,,0.36,,,,,,,,
