market,report_date,open_interest,noncomm_long,noncomm_short,net_spec,net_spec_pct_oi,published_date
AUSTRALIAN DOLLAR - CHICAGO MERCANTILE EXCHANGE,2020-01-07,157739,52063,79312,-27249,-17.274738650555665,2020-01-10
AUSTRALIAN DOLLAR - CHICAGO MERCANTILE EXCHANGE,2020-01-14,144568,43769,64318,-20549,-14.214072270488629,2020-01-17
AUSTRALIAN DOLLAR - CHICAGO MERCANTILE EXCHANGE,2020-01-21,139478,42359,61660,-19301,-13.838024634709416,2020-01-24
AUSTRALIAN DOLLAR - CHICAGO MERCANTILE EXCHANGE,2020-01-28,156721,44662,72182,-27520,-17.55986753530159,2020-01-31
AUSTRALIAN DOLLAR - CHICAGO MERCANTILE EXCHANGE,2020-02-04,180856,48368,91665,-43297,-23.940040695359844,2020-02-07
AUSTRALIAN DOLLAR - CHICAGO MERCANTILE EXCHANGE,2020-02-11,177528,48188,80856,-32668,-18.40160425397684,2020-02-14
AUSTRALIAN DOLLAR - CHICAGO MERCANTILE EXCHANGE,2020-02-18,187455,47989,85466,-37477,-19.99253154090315,2020-02-21
AUSTRALIAN DOLLAR - CHICAGO MERCANTILE EXCHANGE,2020-02-25,213324,56684,100536,-43852,-20.556524347940222,2020-02-28
AUSTRALIAN DOLLAR - CHICAGO MERCANTILE EXCHANGE,2020-03-03,223084,64846,116799,-51953,-23.288537053307273,2020-03-06
AUSTRALIAN DOLLAR - CHICAGO MERCANTILE EXCHANGE,2020-03-10,211243,49757,103770,-54013,-25.569131284823637,2020-03-13
AUSTRALIAN DOLLAR - CHICAGO MERCANTILE EXCHANGE,2020-03-17,149878,39246,67979,-28733,-19.170925686224795,2020-03-20
AUSTRALIAN DOLLAR - CHICAGO MERCANTILE EXCHANGE,2020-03-24,135097,31024,56231,-25207,-18.65844541329563,2020-03-27
AUSTRALIAN DOLLAR - CHICAGO MERCANTILE EXCHANGE,2020-03-31,130982,27315,58979,-31664,-24.174314027881692,2020-04-03
AUSTRALIAN DOLLAR - CHICAGO MERCANTILE EXCHANGE,2020-04-07,130056,26483,61881,-35398,-27.217506304976318,2020-04-10
AUSTRALIAN DOLLAR - CHICAGO MERCANTILE EXCHANGE,2020-04-14,128258,22037,57591,-35554,-27.720687988273635,2020-04-17
AUSTRALIAN DOLLAR - CHICAGO MERCANTILE EXCHANGE,2020-04-21,126180,21452,56272,-34820,-27.595498494214617,2020-04-24
AUSTRALIAN DOLLAR - CHICAGO MERCANTILE EXCHANGE,2020-04-28,129162,21736,59477,-37741,-29.219894396184635,2020-05-01
AUSTRALIAN DOLLAR - CHICAGO MERCANTILE EXCHANGE,2020-05-05,129293,23541,56996,-33455,-25.875337411924853,2020-05-08
AUSTRALIAN DOLLAR - CHICAGO MERCANTILE EXCHANGE,2020-05-12,129264,23719,59144,-35425,-27.405155341007546,2020-05-15
AUSTRALIAN DOLLAR - CHICAGO MERCANTILE EXCHANGE,2020-05-19,132797,25301,64859,-39558,-29.788323531405076,2020-05-22
AUSTRALIAN DOLLAR - CHICAGO MERCANTILE EXCHANGE,2020-05-26,136920,25530,66068,-40538,-29.607069821793747,2020-05-29
AUSTRALIAN DOLLAR - CHICAGO MERCANTILE EXCHANGE,2020-06-02,135378,26571,67362,-40791,-30.13118822851571,2020-06-05
AUSTRALIAN DOLLAR - CHICAGO MERCANTILE EXCHANGE,2020-06-09,138936,29912,66487,-36575,-26.325070536074165,2020-06-12
AUSTRALIAN DOLLAR - CHICAGO MERCANTILE EXCHANGE,2020-06-16,90803,31685,38217,-6532,-7.193594925277799,2020-06-19
AUSTRALIAN DOLLAR - CHICAGO MERCANTILE EXCHANGE,2020-06-23,93782,35974,40784,-4810,-5.128915996673135,2020-06-26
AUSTRALIAN DOLLAR - CHICAGO MERCANTILE EXCHANGE,2020-06-30,100658,40025,42933,-2908,-2.8889904428858113,2020-07-03
AUSTRALIAN DOLLAR - CHICAGO MERCANTILE EXCHANGE,2020-07-07,105115,44740,45434,-694,-0.660229272701327,2020-07-10
AUSTRALIAN DOLLAR - CHICAGO MERCANTILE EXCHANGE,2020-07-14,107237,45543,41293,4250,3.9631843486856213,2020-07-17
AUSTRALIAN DOLLAR - CHICAGO MERCANTILE EXCHANGE,2020-07-21,108952,41778,41983,-205,-0.18815625229458843,2020-07-24
AUSTRALIAN DOLLAR - CHICAGO MERCANTILE EXCHANGE,2020-07-28,113682,42402,47414,-5012,-4.408789430164846,2020-07-31
AUSTRALIAN DOLLAR - CHICAGO MERCANTILE EXCHANGE,2020-08-04,120274,45465,46513,-1048,-0.8713437650697573,2020-08-07
AUSTRALIAN DOLLAR - CHICAGO MERCANTILE EXCHANGE,2020-08-11,122210,47321,50809,-3488,-2.8541035921774,2020-08-14
AUSTRALIAN DOLLAR - CHICAGO MERCANTILE EXCHANGE,2020-08-18,124931,48489,51789,-3300,-2.6414580848628444,2020-08-21
AUSTRALIAN DOLLAR - CHICAGO MERCANTILE EXCHANGE,2020-08-25,127505,51131,55030,-3899,-3.0579192972824596,2020-08-28
AUSTRALIAN DOLLAR - CHICAGO MERCANTILE EXCHANGE,2020-09-01,137131,58190,58355,-165,-0.12032290291764808,2020-09-04
AUSTRALIAN DOLLAR - CHICAGO MERCANTILE EXCHANGE,2020-09-08,144091,57097,59141,-2044,-1.4185480009160878,2020-09-11
AUSTRALIAN DOLLAR - CHICAGO MERCANTILE EXCHANGE,2020-09-15,131814,59687,43468,16219,12.304459313881681,2020-09-18
AUSTRALIAN DOLLAR - CHICAGO MERCANTILE EXCHANGE,2020-09-22,133214,60713,44374,16339,12.265227378503761,2020-09-25
AUSTRALIAN DOLLAR - CHICAGO MERCANTILE EXCHANGE,2020-09-29,128448,53816,44879,8937,6.957679372197309,2020-10-02
AUSTRALIAN DOLLAR - CHICAGO MERCANTILE EXCHANGE,2020-10-06,132119,61379,50532,10847,8.21002278249154,2020-10-09
AUSTRALIAN DOLLAR - CHICAGO MERCANTILE EXCHANGE,2020-10-13,137281,63863,60009,3854,2.807380482368281,2020-10-16
AUSTRALIAN DOLLAR - CHICAGO MERCANTILE EXCHANGE,2020-10-20,134220,61147,54392,6755,5.032781999701982,2020-10-23
AUSTRALIAN DOLLAR - CHICAGO MERCANTILE EXCHANGE,2020-10-27,130361,59696,50806,8890,6.8195242442141435,2020-10-30
AUSTRALIAN DOLLAR - CHICAGO MERCANTILE EXCHANGE,2020-11-03,134352,56529,57843,-1314,-0.9780278670953912,2020-11-06
AUSTRALIAN DOLLAR - CHICAGO MERCANTILE EXCHANGE,2020-11-10,130615,49371,58091,-8720,-6.676109175822073,2020-11-13
AUSTRALIAN DOLLAR - CHICAGO MERCANTILE EXCHANGE,2020-11-17,129737,48831,54954,-6123,-4.719548008663681,2020-11-20
AUSTRALIAN DOLLAR - CHICAGO MERCANTILE EXCHANGE,2020-11-24,131531,51679,56956,-5277,-4.011981966228493,2020-11-27
AUSTRALIAN DOLLAR - CHICAGO MERCANTILE EXCHANGE,2020-12-01,130727,45453,56253,-10800,-8.261491505197856,2020-12-04
AUSTRALIAN DOLLAR - CHICAGO MERCANTILE EXCHANGE,2020-12-08,160280,50650,60757,-10107,-6.305839780384328,2020-12-11
AUSTRALIAN DOLLAR - CHICAGO MERCANTILE EXCHANGE,2020-12-15,127016,45786,55111,-9325,-7.341594759715312,2020-12-18
AUSTRALIAN DOLLAR - CHICAGO MERCANTILE EXCHANGE,2020-12-21,136013,53323,57742,-4419,-3.248954144089168,2020-12-24
AUSTRALIAN DOLLAR - CHICAGO MERCANTILE EXCHANGE,2020-12-29,138309,53827,60333,-6506,-4.703959973682117,2021-01-01
AUSTRALIAN DOLLAR - CHICAGO MERCANTILE EXCHANGE,2021-01-05,146093,59738,63645,-3907,-2.6743238895771873,2021-01-08
AUSTRALIAN DOLLAR - CHICAGO MERCANTILE EXCHANGE,2021-01-12,144614,60450,54994,5456,3.772802080019915,2021-01-15
AUSTRALIAN DOLLAR - CHICAGO MERCANTILE EXCHANGE,2021-01-19,144283,59927,55067,4860,3.3683801972512355,2021-01-22
AUSTRALIAN DOLLAR - CHICAGO MERCANTILE EXCHANGE,2021-01-26,143073,56372,55601,771,0.5388857436413579,2021-01-29
AUSTRALIAN DOLLAR - CHICAGO MERCANTILE EXCHANGE,2021-02-02,142644,55768,57235,-1467,-1.028434424160848,2021-02-05
AUSTRALIAN DOLLAR - CHICAGO MERCANTILE EXCHANGE,2021-02-09,140497,55931,56147,-216,-0.15373993750756246,2021-02-12
AUSTRALIAN DOLLAR - CHICAGO MERCANTILE EXCHANGE,2021-02-16,140954,54675,57496,-2821,-2.0013621465158846,2021-02-19
AUSTRALIAN DOLLAR - CHICAGO MERCANTILE EXCHANGE,2021-02-23,145261,55664,57300,-1636,-1.1262486145627526,2021-02-26
AUSTRALIAN DOLLAR - CHICAGO MERCANTILE EXCHANGE,2021-03-02,149904,61047,55006,6041,4.029912477318817,2021-03-05
AUSTRALIAN DOLLAR - CHICAGO MERCANTILE EXCHANGE,2021-03-09,150330,61848,53773,8075,5.371515998137431,2021-03-12
AUSTRALIAN DOLLAR - CHICAGO MERCANTILE EXCHANGE,2021-03-16,129421,57840,50220,7620,5.88776164610071,2021-03-19
AUSTRALIAN DOLLAR - CHICAGO MERCANTILE EXCHANGE,2021-03-23,133276,59032,53090,5942,4.458417119361326,2021-03-26
AUSTRALIAN DOLLAR - CHICAGO MERCANTILE EXCHANGE,2021-03-30,137335,66607,54344,12263,8.929260567226125,2021-04-02
AUSTRALIAN DOLLAR - CHICAGO MERCANTILE EXCHANGE,2021-04-06,137218,62991,58925,4066,2.9631680974799224,2021-04-09
AUSTRALIAN DOLLAR - CHICAGO MERCANTILE EXCHANGE,2021-04-13,139633,64031,60272,3759,2.6920570352280624,2021-04-16
AUSTRALIAN DOLLAR - CHICAGO MERCANTILE EXCHANGE,2021-04-20,136167,56723,58529,-1806,-1.326312542686554,2021-04-23
AUSTRALIAN DOLLAR - CHICAGO MERCANTILE EXCHANGE,2021-04-27,140736,59735,61145,-1410,-1.0018758526603002,2021-04-30
AUSTRALIAN DOLLAR - CHICAGO MERCANTILE EXCHANGE,2021-05-04,137649,58385,56909,1476,1.072292570232984,2021-05-07
AUSTRALIAN DOLLAR - CHICAGO MERCANTILE EXCHANGE,2021-05-11,140907,59158,56742,2416,1.7146060877032367,2021-05-14
AUSTRALIAN DOLLAR - CHICAGO MERCANTILE EXCHANGE,2021-05-18,137436,57862,54860,3002,2.184289414709392,2021-05-21
AUSTRALIAN DOLLAR - CHICAGO MERCANTILE EXCHANGE,2021-05-25,134790,55098,55907,-809,-0.6001928926478225,2021-05-28
AUSTRALIAN DOLLAR - CHICAGO MERCANTILE EXCHANGE,2021-06-01,135182,55385,57310,-1925,-1.424006154665562,2021-06-04
AUSTRALIAN DOLLAR - CHICAGO MERCANTILE EXCHANGE,2021-06-08,148640,48150,57587,-9437,-6.3488966630785795,2021-06-11
AUSTRALIAN DOLLAR - CHICAGO MERCANTILE EXCHANGE,2021-06-15,124137,40139,58019,-17880,-14.403441359143526,2021-06-18
AUSTRALIAN DOLLAR - CHICAGO MERCANTILE EXCHANGE,2021-06-22,147814,56133,73708,-17575,-11.889942765908506,2021-06-25
AUSTRALIAN DOLLAR - CHICAGO MERCANTILE EXCHANGE,2021-06-29,140482,48824,66624,-17800,-12.670662433621388,2021-07-02
AUSTRALIAN DOLLAR - CHICAGO MERCANTILE EXCHANGE,2021-07-06,147352,53352,78222,-24870,-16.877952114664204,2021-07-09
AUSTRALIAN DOLLAR - CHICAGO MERCANTILE EXCHANGE,2021-07-13,155995,56721,85509,-28788,-18.454437642232122,2021-07-16
AUSTRALIAN DOLLAR - CHICAGO MERCANTILE EXCHANGE,2021-07-20,163574,57072,92762,-35690,-21.818870969714013,2021-07-23
AUSTRALIAN DOLLAR - CHICAGO MERCANTILE EXCHANGE,2021-07-27,167840,57415,96762,-39347,-23.443160152526215,2021-07-30
AUSTRALIAN DOLLAR - CHICAGO MERCANTILE EXCHANGE,2021-08-03,169889,57742,99025,-41283,-24.299984107270042,2021-08-06
AUSTRALIAN DOLLAR - CHICAGO MERCANTILE EXCHANGE,2021-08-10,171742,57323,106636,-49313,-28.713418965657787,2021-08-13
AUSTRALIAN DOLLAR - CHICAGO MERCANTILE EXCHANGE,2021-08-17,186948,64169,114536,-50367,-26.941716413120226,2021-08-20
AUSTRALIAN DOLLAR - CHICAGO MERCANTILE EXCHANGE,2021-08-24,197636,60964,117564,-56600,-28.638507154566984,2021-08-27
AUSTRALIAN DOLLAR - CHICAGO MERCANTILE EXCHANGE,2021-08-31,182084,47384,107462,-60078,-32.994661804441904,2021-09-03
AUSTRALIAN DOLLAR - CHICAGO MERCANTILE EXCHANGE,2021-09-07,173484,32496,102984,-70488,-40.630836273085706,2021-09-10
AUSTRALIAN DOLLAR - CHICAGO MERCANTILE EXCHANGE,2021-09-14,164727,13116,96499,-83383,-50.61890279067791,2021-09-17
AUSTRALIAN DOLLAR - CHICAGO MERCANTILE EXCHANGE,2021-09-21,185492,24746,110330,-85584,-46.13891704224441,2021-09-24
AUSTRALIAN DOLLAR - CHICAGO MERCANTILE EXCHANGE,2021-09-28,180869,18407,104790,-86383,-47.75998098070979,2021-10-01
AUSTRALIAN DOLLAR - CHICAGO MERCANTILE EXCHANGE,2021-10-05,188691,17471,107450,-89979,-47.685899168481804,2021-10-08
AUSTRALIAN DOLLAR - CHICAGO MERCANTILE EXCHANGE,2021-10-12,177932,11193,98801,-87608,-49.23678708720185,2021-10-15
AUSTRALIAN DOLLAR - CHICAGO MERCANTILE EXCHANGE,2021-10-19,158531,11632,87690,-76058,-47.976736411175104,2021-10-22
AUSTRALIAN DOLLAR - CHICAGO MERCANTILE EXCHANGE,2021-10-26,160011,17448,92694,-75246,-47.025516995706546,2021-10-29
AUSTRALIAN DOLLAR - CHICAGO MERCANTILE EXCHANGE,2021-11-02,162888,19187,94683,-75496,-46.348411178232894,2021-11-05
AUSTRALIAN DOLLAR - CHICAGO MERCANTILE EXCHANGE,2021-11-09,157269,23844,87268,-63424,-40.32835460262353,2021-11-12
AUSTRALIAN DOLLAR - CHICAGO MERCANTILE EXCHANGE,2021-11-16,166688,30760,91913,-61153,-36.68710405068151,2021-11-19
AUSTRALIAN DOLLAR - CHICAGO MERCANTILE EXCHANGE,2021-11-23,188033,40523,103788,-63265,-33.64568985231316,2021-11-26
AUSTRALIAN DOLLAR - CHICAGO MERCANTILE EXCHANGE,2021-11-30,201981,33217,113402,-80185,-39.69927864502107,2021-12-03
AUSTRALIAN DOLLAR - CHICAGO MERCANTILE EXCHANGE,2021-12-07,212150,33380,115172,-81792,-38.55385340560924,2021-12-10
AUSTRALIAN DOLLAR - CHICAGO MERCANTILE EXCHANGE,2021-12-14,197405,29254,108157,-78903,-39.970112205871175,2021-12-17
AUSTRALIAN DOLLAR - CHICAGO MERCANTILE EXCHANGE,2021-12-21,191309,22958,103312,-80354,-42.002205855448516,2021-12-24
AUSTRALIAN DOLLAR - CHICAGO MERCANTILE EXCHANGE,2021-12-28,183152,16885,98626,-81741,-44.63014326897877,2021-12-31
AUSTRALIAN DOLLAR - CHICAGO MERCANTILE EXCHANGE,2022-01-04,180107,12632,101998,-89366,-49.61828246542333,2022-01-07
AUSTRALIAN DOLLAR - CHICAGO MERCANTILE EXCHANGE,2022-01-11,185453,12383,103869,-91486,-49.33109736698786,2022-01-14
AUSTRALIAN DOLLAR - CHICAGO MERCANTILE EXCHANGE,2022-01-18,181136,9051,97505,-88454,-48.8329211200424,2022-01-21
AUSTRALIAN DOLLAR - CHICAGO MERCANTILE EXCHANGE,2022-01-25,190020,15121,98394,-83273,-43.82328175981476,2022-01-28
AUSTRALIAN DOLLAR - CHICAGO MERCANTILE EXCHANGE,2022-02-01,196913,18835,98664,-79829,-40.54023858252121,2022-02-04
AUSTRALIAN DOLLAR - CHICAGO MERCANTILE EXCHANGE,2022-02-08,196403,17323,103064,-85741,-43.655646807838984,2022-02-11
AUSTRALIAN DOLLAR - CHICAGO MERCANTILE EXCHANGE,2022-02-15,192578,11692,98386,-86694,-45.01760325686215,2022-02-18
AUSTRALIAN DOLLAR - CHICAGO MERCANTILE EXCHANGE,2022-02-22,192579,11553,95633,-84080,-43.66000446569979,2022-02-25
AUSTRALIAN DOLLAR - CHICAGO MERCANTILE EXCHANGE,2022-03-01,189667,12720,91056,-78336,-41.30186062941893,2022-03-04
AUSTRALIAN DOLLAR - CHICAGO MERCANTILE EXCHANGE,2022-03-08,197094,19521,97716,-78195,-39.67396267770709,2022-03-11
AUSTRALIAN DOLLAR - CHICAGO MERCANTILE EXCHANGE,2022-03-15,124521,24281,69137,-44856,-36.022839521044645,2022-03-18
AUSTRALIAN DOLLAR - CHICAGO MERCANTILE EXCHANGE,2022-03-22,127767,23747,74936,-51189,-40.064335861372655,2022-03-25
AUSTRALIAN DOLLAR - CHICAGO MERCANTILE EXCHANGE,2022-03-29,143007,33960,83566,-49606,-34.68781248470354,2022-04-01
AUSTRALIAN DOLLAR - CHICAGO MERCANTILE EXCHANGE,2022-04-05,148898,34871,72384,-37513,-25.19375679995702,2022-04-08
AUSTRALIAN DOLLAR - CHICAGO MERCANTILE EXCHANGE,2022-04-12,150939,39770,68485,-28715,-19.024241581036048,2022-04-15
AUSTRALIAN DOLLAR - CHICAGO MERCANTILE EXCHANGE,2022-04-19,147309,39201,68038,-28837,-19.57585755113401,2022-04-22
AUSTRALIAN DOLLAR - CHICAGO MERCANTILE EXCHANGE,2022-04-26,147090,47105,74756,-27651,-18.798694676728534,2022-04-29
AUSTRALIAN DOLLAR - CHICAGO MERCANTILE EXCHANGE,2022-05-03,152257,46995,75511,-28516,-18.72885975685847,2022-05-06
AUSTRALIAN DOLLAR - CHICAGO MERCANTILE EXCHANGE,2022-05-10,153209,36869,78583,-41714,-27.22686004085922,2022-05-13
AUSTRALIAN DOLLAR - CHICAGO MERCANTILE EXCHANGE,2022-05-17,163809,41473,86115,-44642,-27.25247086545916,2022-05-20
AUSTRALIAN DOLLAR - CHICAGO MERCANTILE EXCHANGE,2022-05-24,158615,36579,82025,-45446,-28.65176685685465,2022-05-27
AUSTRALIAN DOLLAR - CHICAGO MERCANTILE EXCHANGE,2022-05-31,153661,32897,81579,-48682,-31.681428599319283,2022-06-03
AUSTRALIAN DOLLAR - CHICAGO MERCANTILE EXCHANGE,2022-06-07,166422,31720,79616,-47896,-28.779848818064917,2022-06-10
AUSTRALIAN DOLLAR - CHICAGO MERCANTILE EXCHANGE,2022-06-14,142857,31660,74914,-43254,-30.277830277830276,2022-06-17
AUSTRALIAN DOLLAR - CHICAGO MERCANTILE EXCHANGE,2022-06-21,137017,31745,72351,-40606,-29.635738630972796,2022-06-24
AUSTRALIAN DOLLAR - CHICAGO MERCANTILE EXCHANGE,2022-06-28,139891,28887,71867,-42980,-30.723920766882788,2022-07-01
AUSTRALIAN DOLLAR - CHICAGO MERCANTILE EXCHANGE,2022-07-05,146950,27622,75243,-47621,-32.406260632868324,2022-07-08
AUSTRALIAN DOLLAR - CHICAGO MERCANTILE EXCHANGE,2022-07-12,158263,30527,72127,-41600,-26.28536044432369,2022-07-15
AUSTRALIAN DOLLAR - CHICAGO MERCANTILE EXCHANGE,2022-07-19,155246,30578,73726,-43148,-27.79330868428172,2022-07-22
AUSTRALIAN DOLLAR - CHICAGO MERCANTILE EXCHANGE,2022-07-26,156473,30024,77409,-47385,-30.283179845724185,2022-07-29
AUSTRALIAN DOLLAR - CHICAGO MERCANTILE EXCHANGE,2022-08-02,167931,30835,86785,-55950,-33.317255301284455,2022-08-05
AUSTRALIAN DOLLAR - CHICAGO MERCANTILE EXCHANGE,2022-08-09,158100,25644,83232,-57588,-36.42504743833017,2022-08-12
AUSTRALIAN DOLLAR - CHICAGO MERCANTILE EXCHANGE,2022-08-16,160045,28835,88083,-59248,-37.01958824080727,2022-08-19
AUSTRALIAN DOLLAR - CHICAGO MERCANTILE EXCHANGE,2022-08-23,169212,32342,92370,-60028,-35.47502541190932,2022-08-26
AUSTRALIAN DOLLAR - CHICAGO MERCANTILE EXCHANGE,2022-08-30,169267,31304,88697,-57393,-33.90678631983789,2022-09-02
AUSTRALIAN DOLLAR - CHICAGO MERCANTILE EXCHANGE,2022-09-06,178232,33305,89805,-56500,-31.70025584631267,2022-09-09
AUSTRALIAN DOLLAR - CHICAGO MERCANTILE EXCHANGE,2022-09-13,182287,29218,87068,-57850,-31.735669575998287,2022-09-16
AUSTRALIAN DOLLAR - CHICAGO MERCANTILE EXCHANGE,2022-09-20,150544,38797,79353,-40556,-26.939632266978425,2022-09-23
AUSTRALIAN DOLLAR - CHICAGO MERCANTILE EXCHANGE,2022-09-27,152301,39006,73659,-34653,-22.75296944865759,2022-09-30
AUSTRALIAN DOLLAR - CHICAGO MERCANTILE EXCHANGE,2022-10-04,139490,36248,64012,-27764,-19.903935766004732,2022-10-07
AUSTRALIAN DOLLAR - CHICAGO MERCANTILE EXCHANGE,2022-10-11,138320,29325,60596,-31271,-22.60772122614228,2022-10-14
AUSTRALIAN DOLLAR - CHICAGO MERCANTILE EXCHANGE,2022-10-18,150496,33046,68405,-35359,-23.494976610674037,2022-10-21
AUSTRALIAN DOLLAR - CHICAGO MERCANTILE EXCHANGE,2022-10-25,166961,32159,83605,-51446,-30.81318391720222,2022-10-28
AUSTRALIAN DOLLAR - CHICAGO MERCANTILE EXCHANGE,2022-11-01,165411,34148,84680,-50532,-30.549358869724504,2022-11-04
AUSTRALIAN DOLLAR - CHICAGO MERCANTILE EXCHANGE,2022-11-08,162523,33288,79971,-46683,-28.72393445850741,2022-11-11
AUSTRALIAN DOLLAR - CHICAGO MERCANTILE EXCHANGE,2022-11-15,162440,33214,77963,-44749,-27.548017729623247,2022-11-18
AUSTRALIAN DOLLAR - CHICAGO MERCANTILE EXCHANGE,2022-11-22,156807,32825,75611,-42786,-27.285771681111175,2022-11-25
AUSTRALIAN DOLLAR - CHICAGO MERCANTILE EXCHANGE,2022-11-29,159378,35045,79675,-44630,-28.002610146946257,2022-12-02
AUSTRALIAN DOLLAR - CHICAGO MERCANTILE EXCHANGE,2022-12-06,158755,36334,76897,-40563,-25.550691316808923,2022-12-09
AUSTRALIAN DOLLAR - CHICAGO MERCANTILE EXCHANGE,2022-12-13,172269,35825,73662,-37837,-21.963905287660577,2022-12-16
AUSTRALIAN DOLLAR - CHICAGO MERCANTILE EXCHANGE,2022-12-20,129256,31779,65894,-34115,-26.39335891564028,2022-12-23
AUSTRALIAN DOLLAR - CHICAGO MERCANTILE EXCHANGE,2022-12-27,129195,32955,69746,-36791,-28.47710824722319,2022-12-30
AUSTRALIAN DOLLAR - CHICAGO MERCANTILE EXCHANGE,2023-01-03,132960,35208,71475,-36267,-27.27662454873646,2023-01-06
AUSTRALIAN DOLLAR - CHICAGO MERCANTILE EXCHANGE,2023-01-10,126028,30210,63900,-33690,-26.732154759259846,2023-01-13
AUSTRALIAN DOLLAR - CHICAGO MERCANTILE EXCHANGE,2023-01-17,128213,28593,62213,-33620,-26.22198996981585,2023-01-20
AUSTRALIAN DOLLAR - CHICAGO MERCANTILE EXCHANGE,2023-01-24,129490,29466,62637,-33171,-25.616649934357866,2023-01-27
AUSTRALIAN DOLLAR - CHICAGO MERCANTILE EXCHANGE,2023-01-31,136304,36337,66929,-30592,-22.44394882028407,2023-02-03
AUSTRALIAN DOLLAR - CHICAGO MERCANTILE EXCHANGE,2023-02-07,124006,30044,58149,-28105,-22.664225924552035,2023-02-10
AUSTRALIAN DOLLAR - CHICAGO MERCANTILE EXCHANGE,2023-02-14,126033,30752,59659,-28907,-22.936056429665246,2023-02-17
AUSTRALIAN DOLLAR - CHICAGO MERCANTILE EXCHANGE,2023-02-21,123456,38492,63280,-24788,-20.078408501814412,2023-02-24
AUSTRALIAN DOLLAR - CHICAGO MERCANTILE EXCHANGE,2023-02-28,126681,41071,65236,-24165,-19.075473038577215,2023-03-03
AUSTRALIAN DOLLAR - CHICAGO MERCANTILE EXCHANGE,2023-03-07,157990,54307,79131,-24824,-15.712386859927843,2023-03-10
AUSTRALIAN DOLLAR - CHICAGO MERCANTILE EXCHANGE,2023-03-14,150058,41685,81776,-40091,-26.717002758933212,2023-03-17
AUSTRALIAN DOLLAR - CHICAGO MERCANTILE EXCHANGE,2023-03-21,151836,41183,79642,-38459,-25.32930266866883,2023-03-24
AUSTRALIAN DOLLAR - CHICAGO MERCANTILE EXCHANGE,2023-03-28,151238,43813,79166,-35353,-23.375738901598805,2023-03-31
AUSTRALIAN DOLLAR - CHICAGO MERCANTILE EXCHANGE,2023-04-04,151242,46687,73920,-27233,-18.00624165245104,2023-04-07
AUSTRALIAN DOLLAR - CHICAGO MERCANTILE EXCHANGE,2023-04-11,159441,45481,83418,-37937,-23.7937544295382,2023-04-14
AUSTRALIAN DOLLAR - CHICAGO MERCANTILE EXCHANGE,2023-04-18,159708,44610,86966,-42356,-26.520900643674704,2023-04-21
AUSTRALIAN DOLLAR - CHICAGO MERCANTILE EXCHANGE,2023-04-25,178757,54241,93703,-39462,-22.075778850618438,2023-04-28
AUSTRALIAN DOLLAR - CHICAGO MERCANTILE EXCHANGE,2023-05-02,181229,52340,97350,-45010,-24.835980996418897,2023-05-05
AUSTRALIAN DOLLAR - CHICAGO MERCANTILE EXCHANGE,2023-05-09,165532,41225,90418,-49193,-29.718120967547062,2023-05-12
AUSTRALIAN DOLLAR - CHICAGO MERCANTILE EXCHANGE,2023-05-16,167020,43903,97497,-53594,-32.08837264998204,2023-05-19
AUSTRALIAN DOLLAR - CHICAGO MERCANTILE EXCHANGE,2023-05-23,180138,53419,102500,-49081,-27.246333366641128,2023-05-26
AUSTRALIAN DOLLAR - CHICAGO MERCANTILE EXCHANGE,2023-05-30,204963,68969,113095,-44126,-21.528763728087508,2023-06-02
AUSTRALIAN DOLLAR - CHICAGO MERCANTILE EXCHANGE,2023-06-06,209680,54501,110969,-56468,-26.930560854635637,2023-06-09
AUSTRALIAN DOLLAR - CHICAGO MERCANTILE EXCHANGE,2023-06-13,182562,38758,100503,-61745,-33.82138670698174,2023-06-16
AUSTRALIAN DOLLAR - CHICAGO MERCANTILE EXCHANGE,2023-06-20,149898,45743,95359,-49616,-33.09984122536658,2023-06-23
AUSTRALIAN DOLLAR - CHICAGO MERCANTILE EXCHANGE,2023-06-27,136335,45225,84649,-39424,-28.917005904573294,2023-06-30
AUSTRALIAN DOLLAR - CHICAGO MERCANTILE EXCHANGE,2023-07-03,153744,50170,94752,-44582,-28.997554376105732,2023-07-06
AUSTRALIAN DOLLAR - CHICAGO MERCANTILE EXCHANGE,2023-07-11,152495,43661,88745,-45084,-29.564248008131415,2023-07-14
AUSTRALIAN DOLLAR - CHICAGO MERCANTILE EXCHANGE,2023-07-18,148592,38252,88653,-50401,-33.919053515667066,2023-07-21
AUSTRALIAN DOLLAR - CHICAGO MERCANTILE EXCHANGE,2023-07-25,146423,39108,90309,-51201,-34.96786707006413,2023-07-28
AUSTRALIAN DOLLAR - CHICAGO MERCANTILE EXCHANGE,2023-08-01,161298,46612,98404,-51792,-32.10951158724845,2023-08-04
AUSTRALIAN DOLLAR - CHICAGO MERCANTILE EXCHANGE,2023-08-08,182842,61091,104283,-43192,-23.622581245009354,2023-08-11
AUSTRALIAN DOLLAR - CHICAGO MERCANTILE EXCHANGE,2023-08-15,204458,68623,122020,-53397,-26.116366197458646,2023-08-18
AUSTRALIAN DOLLAR - CHICAGO MERCANTILE EXCHANGE,2023-08-22,226955,72034,135820,-63786,-28.105130973100394,2023-08-25
AUSTRALIAN DOLLAR - CHICAGO MERCANTILE EXCHANGE,2023-08-29,223489,61376,131561,-70185,-31.4042301858257,2023-09-01
AUSTRALIAN DOLLAR - CHICAGO MERCANTILE EXCHANGE,2023-09-05,241201,54032,137569,-83537,-34.63377017508219,2023-09-08
AUSTRALIAN DOLLAR - CHICAGO MERCANTILE EXCHANGE,2023-09-12,256219,47309,126842,-79533,-31.04102349942822,2023-09-15
AUSTRALIAN DOLLAR - CHICAGO MERCANTILE EXCHANGE,2023-09-19,221229,36780,133726,-96946,-43.821560464496066,2023-09-22
AUSTRALIAN DOLLAR - CHICAGO MERCANTILE EXCHANGE,2023-09-26,211882,36104,122919,-86815,-40.97327757902984,2023-09-29
AUSTRALIAN DOLLAR - CHICAGO MERCANTILE EXCHANGE,2023-10-03,207782,39465,121452,-81987,-39.4581821331973,2023-10-06
AUSTRALIAN DOLLAR - CHICAGO MERCANTILE EXCHANGE,2023-10-10,190133,31827,108404,-76577,-40.27549136656972,2023-10-13
AUSTRALIAN DOLLAR - CHICAGO MERCANTILE EXCHANGE,2023-10-17,196044,31565,112304,-80739,-41.18412193181123,2023-10-20
AUSTRALIAN DOLLAR - CHICAGO MERCANTILE EXCHANGE,2023-10-24,194666,28018,111099,-83081,-42.67874205048648,2023-10-27
AUSTRALIAN DOLLAR - CHICAGO MERCANTILE EXCHANGE,2023-10-31,196866,32805,107915,-75110,-38.15285524163644,2023-11-03
AUSTRALIAN DOLLAR - CHICAGO MERCANTILE EXCHANGE,2023-11-07,192496,34049,99612,-65563,-34.059409026681074,2023-11-10
AUSTRALIAN DOLLAR - CHICAGO MERCANTILE EXCHANGE,2023-11-14,197469,32728,103684,-70956,-35.93272868146393,2023-11-17
AUSTRALIAN DOLLAR - CHICAGO MERCANTILE EXCHANGE,2023-11-21,196598,29565,107535,-77970,-39.65960996551338,2023-11-24
AUSTRALIAN DOLLAR - CHICAGO MERCANTILE EXCHANGE,2023-11-28,197053,29203,100422,-71219,-36.142053153212586,2023-12-01
AUSTRALIAN DOLLAR - CHICAGO MERCANTILE EXCHANGE,2023-12-05,195569,32886,90567,-57681,-29.493938200839604,2023-12-08
AUSTRALIAN DOLLAR - CHICAGO MERCANTILE EXCHANGE,2023-12-12,208927,30967,83307,-52340,-25.051812355511732,2023-12-15
AUSTRALIAN DOLLAR - CHICAGO MERCANTILE EXCHANGE,2023-12-19,147665,35277,85954,-50677,-34.31889750448651,2023-12-22
AUSTRALIAN DOLLAR - CHICAGO MERCANTILE EXCHANGE,2023-12-26,152735,39011,90314,-51303,-33.58955052869349,2023-12-29
AUSTRALIAN DOLLAR - CHICAGO MERCANTILE EXCHANGE,2024-01-02,157003,44442,87335,-42893,-27.31986013006121,2024-01-05
AUSTRALIAN DOLLAR - CHICAGO MERCANTILE EXCHANGE,2024-01-09,156375,47326,79600,-32274,-20.63884892086331,2024-01-12
AUSTRALIAN DOLLAR - CHICAGO MERCANTILE EXCHANGE,2024-01-16,163442,45812,93669,-47857,-29.280723437060242,2024-01-19
AUSTRALIAN DOLLAR - CHICAGO MERCANTILE EXCHANGE,2024-01-23,161999,42853,96973,-54120,-33.407613627244615,2024-01-26
AUSTRALIAN DOLLAR - CHICAGO MERCANTILE EXCHANGE,2024-01-30,165531,36956,95251,-58295,-35.21696842283318,2024-02-02
AUSTRALIAN DOLLAR - CHICAGO MERCANTILE EXCHANGE,2024-02-06,180793,39242,111055,-71813,-39.721117521142965,2024-02-09
AUSTRALIAN DOLLAR - CHICAGO MERCANTILE EXCHANGE,2024-02-13,199485,47405,126381,-78976,-39.58994410607314,2024-02-16
AUSTRALIAN DOLLAR - CHICAGO MERCANTILE EXCHANGE,2024-02-20,205656,49100,130975,-81875,-39.81162718325748,2024-02-23
AUSTRALIAN DOLLAR - CHICAGO MERCANTILE EXCHANGE,2024-02-27,204992,49640,128816,-79176,-38.62394630034343,2024-03-01
AUSTRALIAN DOLLAR - CHICAGO MERCANTILE EXCHANGE,2024-03-05,234196,53966,138709,-84743,-36.184648755743055,2024-03-08
AUSTRALIAN DOLLAR - CHICAGO MERCANTILE EXCHANGE,2024-03-12,229723,41591,132431,-90840,-39.54327603243907,2024-03-15
AUSTRALIAN DOLLAR - CHICAGO MERCANTILE EXCHANGE,2024-03-19,220921,38207,145745,-107538,-48.67712892844048,2024-03-22
AUSTRALIAN DOLLAR - CHICAGO MERCANTILE EXCHANGE,2024-03-26,218982,34438,139890,-105452,-48.155556164433605,2024-03-29
AUSTRALIAN DOLLAR - CHICAGO MERCANTILE EXCHANGE,2024-04-02,224894,34557,137242,-102685,-45.659288375857074,2024-04-05
AUSTRALIAN DOLLAR - CHICAGO MERCANTILE EXCHANGE,2024-04-09,208938,30556,122897,-92341,-44.19540724999761,2024-04-12
AUSTRALIAN DOLLAR - CHICAGO MERCANTILE EXCHANGE,2024-04-16,234919,42365,143448,-101083,-43.02887378202699,2024-04-19
AUSTRALIAN DOLLAR - CHICAGO MERCANTILE EXCHANGE,2024-04-23,239278,43429,139668,-96239,-40.220580245572094,2024-04-26
AUSTRALIAN DOLLAR - CHICAGO MERCANTILE EXCHANGE,2024-04-30,224573,41293,124528,-83235,-37.06367194631589,2024-05-03
AUSTRALIAN DOLLAR - CHICAGO MERCANTILE EXCHANGE,2024-05-07,209670,49480,113996,-64516,-30.770258024514714,2024-05-10
AUSTRALIAN DOLLAR - CHICAGO MERCANTILE EXCHANGE,2024-05-14,201798,40059,117230,-77171,-38.24170705358824,2024-05-17
AUSTRALIAN DOLLAR - CHICAGO MERCANTILE EXCHANGE,2024-05-21,196609,50536,106769,-56233,-28.601437370618843,2024-05-24
AUSTRALIAN DOLLAR - CHICAGO MERCANTILE EXCHANGE,2024-05-28,193678,53892,103808,-49916,-25.772674232488978,2024-05-31
AUSTRALIAN DOLLAR - CHICAGO MERCANTILE EXCHANGE,2024-06-04,199796,51661,102964,-51303,-25.677691245069973,2024-06-07
AUSTRALIAN DOLLAR - CHICAGO MERCANTILE EXCHANGE,2024-06-11,212796,45540,110325,-64785,-30.44465121524841,2024-06-14
AUSTRALIAN DOLLAR - CHICAGO MERCANTILE EXCHANGE,2024-06-18,174695,55699,97355,-41656,-23.8449869773033,2024-06-21
AUSTRALIAN DOLLAR - CHICAGO MERCANTILE EXCHANGE,2024-06-25,181071,64620,88296,-23676,-13.07553390658913,2024-06-28
AUSTRALIAN DOLLAR - CHICAGO MERCANTILE EXCHANGE,2024-07-02,197799,77951,93787,-15836,-8.006107209844338,2024-07-05
AUSTRALIAN DOLLAR - CHICAGO MERCANTILE EXCHANGE,2024-07-09,225017,98997,96584,2413,1.0723634214303808,2024-07-12
AUSTRALIAN DOLLAR - CHICAGO MERCANTILE EXCHANGE,2024-07-16,229593,106312,95199,11113,4.840304364680108,2024-07-19
AUSTRALIAN DOLLAR - CHICAGO MERCANTILE EXCHANGE,2024-07-23,226258,96973,105787,-8814,-3.8955528644291033,2024-07-26
AUSTRALIAN DOLLAR - CHICAGO MERCANTILE EXCHANGE,2024-07-30,205852,79236,110606,-31370,-15.239103822163496,2024-08-02
AUSTRALIAN DOLLAR - CHICAGO MERCANTILE EXCHANGE,2024-08-06,192634,68193,108392,-40199,-20.86807105703043,2024-08-09
AUSTRALIAN DOLLAR - CHICAGO MERCANTILE EXCHANGE,2024-08-13,188298,65028,107644,-42616,-22.63221064482894,2024-08-16
AUSTRALIAN DOLLAR - CHICAGO MERCANTILE EXCHANGE,2024-08-20,187360,70554,109439,-38885,-20.754163108454314,2024-08-23
AUSTRALIAN DOLLAR - CHICAGO MERCANTILE EXCHANGE,2024-08-27,204850,81486,100645,-19159,-9.352697095435685,2024-08-30
AUSTRALIAN DOLLAR - CHICAGO MERCANTILE EXCHANGE,2024-09-03,213538,87118,94982,-7864,-3.6827168934803174,2024-09-06
AUSTRALIAN DOLLAR - CHICAGO MERCANTILE EXCHANGE,2024-09-10,230013,74259,88301,-14042,-6.1048723333029,2024-09-13
AUSTRALIAN DOLLAR - CHICAGO MERCANTILE EXCHANGE,2024-09-17,169684,53941,94063,-40122,-23.645128591970956,2024-09-20
AUSTRALIAN DOLLAR - CHICAGO MERCANTILE EXCHANGE,2024-09-24,176442,81924,93172,-11248,-6.374899400369527,2024-09-27
AUSTRALIAN DOLLAR - CHICAGO MERCANTILE EXCHANGE,2024-10-01,201032,101462,86934,14528,7.226710175494448,2024-10-04
AUSTRALIAN DOLLAR - CHICAGO MERCANTILE EXCHANGE,2024-10-08,205706,111561,78139,33422,16.247459967137566,2024-10-11
AUSTRALIAN DOLLAR - CHICAGO MERCANTILE EXCHANGE,2024-10-15,193289,99051,79782,19269,9.9690101350827,2024-10-18
AUSTRALIAN DOLLAR - CHICAGO MERCANTILE EXCHANGE,2024-10-22,186950,102509,74830,27679,14.805562984755284,2024-10-25
AUSTRALIAN DOLLAR - CHICAGO MERCANTILE EXCHANGE,2024-10-29,183977,93677,66161,27516,14.956217353256113,2024-11-01
AUSTRALIAN DOLLAR - CHICAGO MERCANTILE EXCHANGE,2024-11-05,177416,91488,60512,30976,17.45953014384272,2024-11-08
AUSTRALIAN DOLLAR - CHICAGO MERCANTILE EXCHANGE,2024-11-12,171880,83555,53760,29795,17.334768443099836,2024-11-15
AUSTRALIAN DOLLAR - CHICAGO MERCANTILE EXCHANGE,2024-11-19,181688,86703,55105,31598,17.391352208181058,2024-11-22
AUSTRALIAN DOLLAR - CHICAGO MERCANTILE EXCHANGE,2024-11-26,185533,88694,56918,31776,17.126872308430304,2024-11-29
AUSTRALIAN DOLLAR - CHICAGO MERCANTILE EXCHANGE,2024-12-03,190247,86699,65298,21401,11.249060431964763,2024-12-06
AUSTRALIAN DOLLAR - CHICAGO MERCANTILE EXCHANGE,2024-12-10,239026,88751,80266,8485,3.5498230318040718,2024-12-13
AUSTRALIAN DOLLAR - CHICAGO MERCANTILE EXCHANGE,2024-12-17,172661,32929,94460,-61531,-35.636883835956006,2024-12-20
AUSTRALIAN DOLLAR - CHICAGO MERCANTILE EXCHANGE,2024-12-24,177789,31414,99584,-68170,-38.34320458521056,2024-12-27
AUSTRALIAN DOLLAR - CHICAGO MERCANTILE EXCHANGE,2024-12-31,182872,35248,106659,-71411,-39.049717835425874,2025-01-03
AUSTRALIAN DOLLAR - CHICAGO MERCANTILE EXCHANGE,2025-01-07,197764,33116,106549,-73433,-37.13163164175482,2025-01-10
AUSTRALIAN DOLLAR - CHICAGO MERCANTILE EXCHANGE,2025-01-14,192020,26135,103766,-77631,-40.428601187376316,2025-01-17
AUSTRALIAN DOLLAR - CHICAGO MERCANTILE EXCHANGE,2025-01-21,190211,31179,102475,-71296,-37.48258512914605,2025-01-24
AUSTRALIAN DOLLAR - CHICAGO MERCANTILE EXCHANGE,2025-01-28,192011,32196,104027,-71831,-37.40983589481853,2025-01-31
AUSTRALIAN DOLLAR - CHICAGO MERCANTILE EXCHANGE,2025-02-04,204869,35330,110639,-75309,-36.75958783417696,2025-02-07
AUSTRALIAN DOLLAR - CHICAGO MERCANTILE EXCHANGE,2025-02-11,196295,40368,105953,-65585,-33.41144705672585,2025-02-14
AUSTRALIAN DOLLAR - CHICAGO MERCANTILE EXCHANGE,2025-02-18,189686,46918,103641,-56723,-29.90363020992588,2025-02-21
AUSTRALIAN DOLLAR - CHICAGO MERCANTILE EXCHANGE,2025-02-25,185971,50873,96453,-45580,-24.509197670604557,2025-02-28
AUSTRALIAN DOLLAR - CHICAGO MERCANTILE EXCHANGE,2025-03-04,202272,55151,103384,-48233,-23.84561382692612,2025-03-07
AUSTRALIAN DOLLAR - CHICAGO MERCANTILE EXCHANGE,2025-03-11,258738,52171,100397,-48226,-18.63893204709011,2025-03-14
AUSTRALIAN DOLLAR - CHICAGO MERCANTILE EXCHANGE,2025-03-18,180546,27628,98077,-70449,-39.01997274932704,2025-03-21
AUSTRALIAN DOLLAR - CHICAGO MERCANTILE EXCHANGE,2025-03-25,180087,28124,105570,-77446,-43.004769916762456,2025-03-28
AUSTRALIAN DOLLAR - CHICAGO MERCANTILE EXCHANGE,2025-04-01,182766,26211,102074,-75863,-41.5082674020332,2025-04-04
AUSTRALIAN DOLLAR - CHICAGO MERCANTILE EXCHANGE,2025-04-08,194476,28493,91793,-63300,-32.54900347600732,2025-04-11
AUSTRALIAN DOLLAR - CHICAGO MERCANTILE EXCHANGE,2025-04-15,178747,19740,78588,-58848,-32.92251058759028,2025-04-18
AUSTRALIAN DOLLAR - CHICAGO MERCANTILE EXCHANGE,2025-04-22,190798,27175,81757,-54582,-28.607218105011583,2025-04-25
AUSTRALIAN DOLLAR - CHICAGO MERCANTILE EXCHANGE,2025-04-29,184804,26602,76545,-49943,-27.024847947014134,2025-05-02
AUSTRALIAN DOLLAR - CHICAGO MERCANTILE EXCHANGE,2025-05-06,183057,26243,74615,-48372,-26.424556285747062,2025-05-09
AUSTRALIAN DOLLAR - CHICAGO MERCANTILE EXCHANGE,2025-05-13,180460,25507,74853,-49346,-27.344563892275296,2025-05-16
AUSTRALIAN DOLLAR - CHICAGO MERCANTILE EXCHANGE,2025-05-20,177853,20997,80074,-59077,-33.21675765941536,2025-05-23
AUSTRALIAN DOLLAR - CHICAGO MERCANTILE EXCHANGE,2025-05-27,179292,21572,82752,-61180,-34.12310644088972,2025-05-30
AUSTRALIAN DOLLAR - CHICAGO MERCANTILE EXCHANGE,2025-06-03,202595,23969,87124,-63155,-31.173029936572966,2025-06-06
AUSTRALIAN DOLLAR - CHICAGO MERCANTILE EXCHANGE,2025-06-10,224272,23997,93941,-69944,-31.187129913676248,2025-06-13
AUSTRALIAN DOLLAR - CHICAGO MERCANTILE EXCHANGE,2025-06-17,147471,21194,90584,-69390,-47.053318957625564,2025-06-20
AUSTRALIAN DOLLAR - CHICAGO MERCANTILE EXCHANGE,2025-06-24,151032,23249,95811,-72562,-48.04412309974045,2025-06-27
AUSTRALIAN DOLLAR - CHICAGO MERCANTILE EXCHANGE,2025-07-01,151338,25539,95629,-70090,-46.313549802429,2025-07-04
AUSTRALIAN DOLLAR - CHICAGO MERCANTILE EXCHANGE,2025-07-08,153390,23272,97586,-74314,-48.44774757154964,2025-07-11
AUSTRALIAN DOLLAR - CHICAGO MERCANTILE EXCHANGE,2025-07-15,150487,21233,96152,-74919,-49.78436675593241,2025-07-18
AUSTRALIAN DOLLAR - CHICAGO MERCANTILE EXCHANGE,2025-07-22,161394,25066,106321,-81255,-50.345737759768014,2025-07-25
AUSTRALIAN DOLLAR - CHICAGO MERCANTILE EXCHANGE,2025-07-29,159680,26506,104600,-78094,-48.90656312625251,2025-08-01
AUSTRALIAN DOLLAR - CHICAGO MERCANTILE EXCHANGE,2025-08-05,163900,23988,107548,-83560,-50.98230628431971,2025-08-08
AUSTRALIAN DOLLAR - CHICAGO MERCANTILE EXCHANGE,2025-08-12,171294,25631,113536,-87905,-51.31820145480869,2025-08-15
AUSTRALIAN DOLLAR - CHICAGO MERCANTILE EXCHANGE,2025-08-19,185901,31668,126555,-94887,-51.0416834766892,2025-08-22
AUSTRALIAN DOLLAR - CHICAGO MERCANTILE EXCHANGE,2025-08-26,191207,28700,129290,-100590,-52.6079066142976,2025-08-29
AUSTRALIAN DOLLAR - CHICAGO MERCANTILE EXCHANGE,2025-09-02,185048,29677,112360,-82683,-44.68192036660758,2025-09-05
AUSTRALIAN DOLLAR - CHICAGO MERCANTILE EXCHANGE,2025-09-09,208092,32200,111431,-79231,-38.07498606385637,2025-09-12
AUSTRALIAN DOLLAR - CHICAGO MERCANTILE EXCHANGE,2025-09-16,154790,40276,91436,-51160,-33.0512306996576,2025-09-19
AUSTRALIAN DOLLAR - CHICAGO MERCANTILE EXCHANGE,2025-09-23,160854,41994,101584,-59590,-37.04601688487697,2025-09-26
AUSTRALIAN DOLLAR - CHICAGO MERCANTILE EXCHANGE,2025-09-30,167976,41713,106319,-64606,-38.46144687336286,2025-10-03
AUSTRALIAN DOLLAR - CHICAGO MERCANTILE EXCHANGE,2025-10-07,170970,47717,105522,-57805,-33.81002515061122,2025-10-10
AUSTRALIAN DOLLAR - CHICAGO MERCANTILE EXCHANGE,2025-10-14,170002,50324,109902,-59578,-35.04547005329349,2025-10-17
AUSTRALIAN DOLLAR - CHICAGO MERCANTILE EXCHANGE,2025-10-21,173878,51794,117558,-65764,-37.82192111710509,2025-10-24
AUSTRALIAN DOLLAR - CHICAGO MERCANTILE EXCHANGE,2025-10-28,173436,41715,115649,-73934,-42.62898129569409,2025-10-31
AUSTRALIAN DOLLAR - CHICAGO MERCANTILE EXCHANGE,2025-11-04,180801,50360,121936,-71576,-39.5882766135143,2025-11-07
AUSTRALIAN DOLLAR - CHICAGO MERCANTILE EXCHANGE,2025-11-10,179467,43114,121741,-78627,-43.811397081357576,2025-11-13
AUSTRALIAN DOLLAR - CHICAGO MERCANTILE EXCHANGE,2025-11-18,179341,45721,121577,-75856,-42.297076519033574,2025-11-21
AUSTRALIAN DOLLAR - CHICAGO MERCANTILE EXCHANGE,2025-11-25,192678,43918,128094,-84176,-43.68739555112675,2025-11-28
AUSTRALIAN DOLLAR - CHICAGO MERCANTILE EXCHANGE,2025-12-02,202574,45868,129261,-83393,-41.16668476704809,2025-12-05
AUSTRALIAN DOLLAR - CHICAGO MERCANTILE EXCHANGE,2025-12-09,296662,57569,120516,-62947,-21.21842366059691,2025-12-12
AUSTRALIAN DOLLAR - CHICAGO MERCANTILE EXCHANGE,2025-12-16,293796,67640,89535,-21895,-7.452449999319255,2025-12-19
AUSTRALIAN DOLLAR - CHICAGO MERCANTILE EXCHANGE,2025-12-23,217163,70657,92255,-21598,-9.9455247901346,2025-12-26
AUSTRALIAN DOLLAR - CHICAGO MERCANTILE EXCHANGE,2025-12-30,223804,77497,98713,-21216,-9.479723329341745,2026-01-02
AUSTRALIAN DOLLAR - CHICAGO MERCANTILE EXCHANGE,2026-01-06,230926,80491,99451,-18960,-8.210422386392176,2026-01-09
AUSTRALIAN DOLLAR - CHICAGO MERCANTILE EXCHANGE,2026-01-13,229456,83955,102801,-18846,-8.21333937661251,2026-01-16
AUSTRALIAN DOLLAR - CHICAGO MERCANTILE EXCHANGE,2026-01-20,230657,85759,99770,-14011,-6.074387510459253,2026-01-23
AUSTRALIAN DOLLAR - CHICAGO MERCANTILE EXCHANGE,2026-01-27,252055,109806,102660,7146,2.835095514867787,2026-01-30
AUSTRALIAN DOLLAR - CHICAGO MERCANTILE EXCHANGE,2026-02-03,254240,118751,92633,26118,10.272970421648836,2026-02-06
AUSTRALIAN DOLLAR - CHICAGO MERCANTILE EXCHANGE,2026-02-10,247194,112766,79557,33209,13.434387566041247,2026-02-13
AUSTRALIAN DOLLAR - CHICAGO MERCANTILE EXCHANGE,2026-02-17,256213,117820,71889,45931,17.92688114966844,2026-02-20
AUSTRALIAN DOLLAR - CHICAGO MERCANTILE EXCHANGE,2026-02-24,248697,121661,69017,52644,21.167927236757983,2026-02-27
AUSTRALIAN DOLLAR - CHICAGO MERCANTILE EXCHANGE,2026-03-03,267280,136515,68753,67762,25.352439389404367,2026-03-06
AUSTRALIAN DOLLAR - CHICAGO MERCANTILE EXCHANGE,2026-03-10,315898,121394,67197,54197,17.15648722055853,2026-03-13
AUSTRALIAN DOLLAR - CHICAGO MERCANTILE EXCHANGE,2026-03-17,265675,136074,67013,69061,25.99454220382046,2026-03-20
AUSTRALIAN DOLLAR - CHICAGO MERCANTILE EXCHANGE,2026-03-24,257694,132629,61757,70872,27.502386551491302,2026-03-27
AUSTRALIAN DOLLAR - CHICAGO MERCANTILE EXCHANGE,2026-03-31,263962,141775,60269,81506,30.877929398928632,2026-04-03
AUSTRALIAN DOLLAR - CHICAGO MERCANTILE EXCHANGE,2026-04-07,264658,137959,67146,70813,26.756417716449153,2026-04-10
AUSTRALIAN DOLLAR - CHICAGO MERCANTILE EXCHANGE,2026-04-14,263918,129517,64442,65075,24.657279912700155,2026-04-17
AUSTRALIAN DOLLAR - CHICAGO MERCANTILE EXCHANGE,2026-04-21,275415,128811,63994,64817,23.534302779441933,2026-04-24
AUSTRALIAN DOLLAR - CHICAGO MERCANTILE EXCHANGE,2026-04-28,277370,136909,65040,71869,25.910877167682155,2026-05-01
AUSTRALIAN DOLLAR - CHICAGO MERCANTILE EXCHANGE,2026-05-05,279532,143214,64540,78674,28.14489933174019,2026-05-08
AUSTRALIAN DOLLAR - CHICAGO MERCANTILE EXCHANGE,2026-05-12,289244,150800,65810,84990,29.383496286871985,2026-05-15
AUSTRALIAN DOLLAR - CHICAGO MERCANTILE EXCHANGE,2026-05-19,301269,151583,65939,85644,28.42775061489898,2026-05-22
AUSTRALIAN DOLLAR - CHICAGO MERCANTILE EXCHANGE,2026-05-26,302802,129129,68974,60155,19.866117132647737,2026-05-29
AUSTRALIAN DOLLAR - CHICAGO MERCANTILE EXCHANGE,2026-06-02,305391,105176,63364,41812,13.691300660464782,2026-06-05
AUSTRALIAN DOLLAR - CHICAGO MERCANTILE EXCHANGE,2026-06-09,314177,92995,74835,18160,5.780181235418252,2026-06-12
AUSTRALIAN DOLLAR - CHICAGO MERCANTILE EXCHANGE,2026-06-16,295545,84342,88467,-4125,-1.3957265391057199,2026-06-19
AUSTRALIAN DOLLAR - CHICAGO MERCANTILE EXCHANGE,2026-06-23,214349,82200,95212,-13012,-6.070473853388632,2026-06-26
AUSTRALIAN DOLLAR - CHICAGO MERCANTILE EXCHANGE,2026-06-30,215837,77788,95488,-17700,-8.200632885001182,2026-07-03
AUSTRALIAN DOLLAR - CHICAGO MERCANTILE EXCHANGE,2026-07-07,204837,71962,96613,-24651,-12.034446901682802,2026-07-10
AUSTRALIAN DOLLAR - CHICAGO MERCANTILE EXCHANGE,2026-07-14,208457,68377,99087,-30710,-14.73205505212106,2026-07-17
AUSTRALIAN DOLLAR - CHICAGO MERCANTILE EXCHANGE,2026-07-21,225153,66184,103869,-37685,-16.737507383867857,2026-07-24
BRITISH POUND - CHICAGO MERCANTILE EXCHANGE,2022-02-08,197948,44709,53254,-8545,-4.316790268151231,2022-02-11
BRITISH POUND - CHICAGO MERCANTILE EXCHANGE,2022-02-15,195302,50151,47914,2237,1.1454055770038198,2022-02-18
BRITISH POUND - CHICAGO MERCANTILE EXCHANGE,2022-02-22,188443,42249,48058,-5809,-3.082629760723402,2022-02-25
BRITISH POUND - CHICAGO MERCANTILE EXCHANGE,2022-03-01,211869,47679,48016,-337,-0.15906055156724203,2022-03-04
BRITISH POUND - CHICAGO MERCANTILE EXCHANGE,2022-03-08,246312,50982,63508,-12526,-5.085420117574459,2022-03-11
BRITISH POUND - CHICAGO MERCANTILE EXCHANGE,2022-03-15,188323,32442,61503,-29061,-15.431466151240155,2022-03-18
BRITISH POUND - CHICAGO MERCANTILE EXCHANGE,2022-03-22,195712,32753,69997,-37244,-19.030003270111184,2022-03-25
BRITISH POUND - CHICAGO MERCANTILE EXCHANGE,2022-03-29,224365,30624,70694,-40070,-17.859291779020793,2022-04-01
BRITISH POUND - CHICAGO MERCANTILE EXCHANGE,2022-04-05,238266,35873,77631,-41758,-17.525790503051212,2022-04-08
BRITISH POUND - CHICAGO MERCANTILE EXCHANGE,2022-04-12,246152,35514,88568,-53054,-21.553349150118624,2022-04-15
BRITISH POUND - CHICAGO MERCANTILE EXCHANGE,2022-04-19,249529,36811,95725,-58914,-23.610081393345062,2022-04-22
BRITISH POUND - CHICAGO MERCANTILE EXCHANGE,2022-04-26,272792,40436,110057,-69621,-25.52164286342708,2022-04-29
BRITISH POUND - CHICAGO MERCANTILE EXCHANGE,2022-05-03,268496,33536,107349,-73813,-27.491284786365533,2022-05-06
BRITISH POUND - CHICAGO MERCANTILE EXCHANGE,2022-05-10,264594,29469,109067,-79598,-30.083070666757372,2022-05-13
BRITISH POUND - CHICAGO MERCANTILE EXCHANGE,2022-05-17,253811,26613,105854,-79241,-31.220475077912308,2022-05-20
BRITISH POUND - CHICAGO MERCANTILE EXCHANGE,2022-05-24,253864,25936,106308,-80372,-31.65947121293291,2022-05-27
BRITISH POUND - CHICAGO MERCANTILE EXCHANGE,2022-05-31,252881,30788,104893,-74105,-29.30429727816641,2022-06-03
BRITISH POUND - CHICAGO MERCANTILE EXCHANGE,2022-06-07,258623,34618,105428,-70810,-27.379622075376126,2022-06-10
BRITISH POUND - CHICAGO MERCANTILE EXCHANGE,2022-06-14,238322,29343,94939,-65596,-27.524106041406167,2022-06-17
BRITISH POUND - CHICAGO MERCANTILE EXCHANGE,2022-06-21,228266,28470,91717,-63247,-27.707586762811808,2022-06-24
BRITISH POUND - CHICAGO MERCANTILE EXCHANGE,2022-06-28,228736,35184,88302,-53118,-23.222404868494685,2022-07-01
BRITISH POUND - CHICAGO MERCANTILE EXCHANGE,2022-07-05,240926,39618,95826,-56208,-23.3299851406656,2022-07-08
BRITISH POUND - CHICAGO MERCANTILE EXCHANGE,2022-07-12,231945,33850,92939,-59089,-25.475435986979672,2022-07-15
BRITISH POUND - CHICAGO MERCANTILE EXCHANGE,2022-07-19,228051,31943,89193,-57250,-25.104033746837327,2022-07-22
BRITISH POUND - CHICAGO MERCANTILE EXCHANGE,2022-07-26,225889,34606,88596,-53990,-23.90111957642913,2022-07-29
BRITISH POUND - CHICAGO MERCANTILE EXCHANGE,2022-08-02,226987,29305,85714,-56409,-24.851202932326522,2022-08-05
BRITISH POUND - CHICAGO MERCANTILE EXCHANGE,2022-08-09,224581,42219,76687,-34468,-15.347691924071938,2022-08-12
BRITISH POUND - CHICAGO MERCANTILE EXCHANGE,2022-08-16,227752,44084,77193,-33109,-14.537303733885981,2022-08-19
BRITISH POUND - CHICAGO MERCANTILE EXCHANGE,2022-08-23,248007,58783,86749,-27966,-11.276294620716351,2022-08-26
BRITISH POUND - CHICAGO MERCANTILE EXCHANGE,2022-08-30,262004,58477,87647,-29170,-11.133417810415109,2022-09-02
BRITISH POUND - CHICAGO MERCANTILE EXCHANGE,2022-09-06,280937,52731,103163,-50432,-17.951355642012263,2022-09-09
BRITISH POUND - CHICAGO MERCANTILE EXCHANGE,2022-09-13,303965,41129,109215,-68086,-22.399289391870774,2022-09-16
BRITISH POUND - CHICAGO MERCANTILE EXCHANGE,2022-09-20,266295,41289,96132,-54843,-20.594829042978652,2022-09-23
BRITISH POUND - CHICAGO MERCANTILE EXCHANGE,2022-09-27,281805,59831,106255,-46424,-16.473802806905486,2022-09-30
BRITISH POUND - CHICAGO MERCANTILE EXCHANGE,2022-10-04,256906,42078,91617,-49539,-19.282928386258007,2022-10-07
BRITISH POUND - CHICAGO MERCANTILE EXCHANGE,2022-10-11,255649,48979,88149,-39170,-15.321788858943316,2022-10-14
BRITISH POUND - CHICAGO MERCANTILE EXCHANGE,2022-10-18,258826,40328,91539,-51211,-19.785879316606522,2022-10-21
BRITISH POUND - CHICAGO MERCANTILE EXCHANGE,2022-10-25,258969,43511,91316,-47805,-18.459738424290165,2022-10-28
BRITISH POUND - CHICAGO MERCANTILE EXCHANGE,2022-11-01,243549,34979,79815,-44836,-18.409437115323815,2022-11-04
BRITISH POUND - CHICAGO MERCANTILE EXCHANGE,2022-11-08,237334,36630,76365,-39735,-16.74222825216783,2022-11-11
BRITISH POUND - CHICAGO MERCANTILE EXCHANGE,2022-11-15,230102,34699,67533,-32834,-14.269324038904486,2022-11-18
BRITISH POUND - CHICAGO MERCANTILE EXCHANGE,2022-11-22,222317,30917,66859,-35942,-16.167004772464544,2022-11-25
BRITISH POUND - CHICAGO MERCANTILE EXCHANGE,2022-11-29,225480,26000,62584,-36584,-16.224942345219088,2022-12-02
BRITISH POUND - CHICAGO MERCANTILE EXCHANGE,2022-12-06,230311,28539,56732,-28193,-12.241273755921341,2022-12-09
BRITISH POUND - CHICAGO MERCANTILE EXCHANGE,2022-12-13,240264,32008,57747,-25739,-10.712799254153763,2022-12-16
BRITISH POUND - CHICAGO MERCANTILE EXCHANGE,2022-12-20,187766,35284,40887,-5603,-2.9840333180661034,2022-12-23
BRITISH POUND - CHICAGO MERCANTILE EXCHANGE,2022-12-27,195440,40585,51472,-10887,-5.570507572656569,2022-12-30
BRITISH POUND - CHICAGO MERCANTILE EXCHANGE,2023-01-03,205722,43625,63926,-20301,-9.868171610231283,2023-01-06
BRITISH POUND - CHICAGO MERCANTILE EXCHANGE,2023-01-10,202713,36007,65463,-29456,-14.530888497530992,2023-01-13
BRITISH POUND - CHICAGO MERCANTILE EXCHANGE,2023-01-17,201956,41469,66166,-24697,-12.228901344847392,2023-01-20
BRITISH POUND - CHICAGO MERCANTILE EXCHANGE,2023-01-24,194051,34756,58690,-23934,-12.333870992677182,2023-01-27
BRITISH POUND - CHICAGO MERCANTILE EXCHANGE,2023-01-31,196113,36234,54551,-18317,-9.34002335388271,2023-02-03
BRITISH POUND - CHICAGO MERCANTILE EXCHANGE,2023-02-07,203720,47131,61252,-14121,-6.93157274690752,2023-02-10
BRITISH POUND - CHICAGO MERCANTILE EXCHANGE,2023-02-14,205316,42198,61993,-19795,-9.64123594848916,2023-02-17
BRITISH POUND - CHICAGO MERCANTILE EXCHANGE,2023-02-21,213502,45475,66891,-21416,-10.03081938342498,2023-02-24
BRITISH POUND - CHICAGO MERCANTILE EXCHANGE,2023-02-28,212064,41562,65286,-23724,-11.187188773200543,2023-03-03
BRITISH POUND - CHICAGO MERCANTILE EXCHANGE,2023-03-07,222558,49111,66513,-17402,-7.819085362017991,2023-03-10
BRITISH POUND - CHICAGO MERCANTILE EXCHANGE,2023-03-14,193377,32334,49648,-17314,-8.953494986477192,2023-03-17
BRITISH POUND - CHICAGO MERCANTILE EXCHANGE,2023-03-21,190796,28652,49150,-20498,-10.743411811568377,2023-03-24
BRITISH POUND - CHICAGO MERCANTILE EXCHANGE,2023-03-28,199868,28355,52439,-24084,-12.049952968959515,2023-03-31
BRITISH POUND - CHICAGO MERCANTILE EXCHANGE,2023-04-04,224690,46415,61208,-14793,-6.583737594018426,2023-04-07
BRITISH POUND - CHICAGO MERCANTILE EXCHANGE,2023-04-11,225292,54928,57326,-2398,-1.0643964277471016,2023-04-14
BRITISH POUND - CHICAGO MERCANTILE EXCHANGE,2023-04-18,224536,53834,52532,1302,0.5798624719421385,2023-04-21
BRITISH POUND - CHICAGO MERCANTILE EXCHANGE,2023-04-25,231666,59405,53566,5839,2.520438907737864,2023-04-28
BRITISH POUND - CHICAGO MERCANTILE EXCHANGE,2023-05-02,231602,58661,57596,1065,0.4598405885959534,2023-05-05
BRITISH POUND - CHICAGO MERCANTILE EXCHANGE,2023-05-09,242576,71561,67033,4528,1.8666314886880813,2023-05-12
BRITISH POUND - CHICAGO MERCANTILE EXCHANGE,2023-05-16,247165,77388,64795,12593,5.094977039629398,2023-05-19
BRITISH POUND - CHICAGO MERCANTILE EXCHANGE,2023-05-23,237614,69203,57614,11589,4.87723787318929,2023-05-26
BRITISH POUND - CHICAGO MERCANTILE EXCHANGE,2023-05-30,240301,70320,57085,13235,5.507675789946775,2023-06-02
BRITISH POUND - CHICAGO MERCANTILE EXCHANGE,2023-06-06,242117,65063,52579,12484,5.156184819735913,2023-06-09
BRITISH POUND - CHICAGO MERCANTILE EXCHANGE,2023-06-13,290350,76383,69648,6735,2.3196142586533495,2023-06-16
BRITISH POUND - CHICAGO MERCANTILE EXCHANGE,2023-06-20,226505,101567,54959,46608,20.577029204653318,2023-06-23
BRITISH POUND - CHICAGO MERCANTILE EXCHANGE,2023-06-27,229970,104382,52388,51994,22.60903596121233,2023-06-30
BRITISH POUND - CHICAGO MERCANTILE EXCHANGE,2023-07-03,221021,96461,46196,50265,22.742182869501086,2023-07-06
BRITISH POUND - CHICAGO MERCANTILE EXCHANGE,2023-07-11,239125,111667,53604,58063,24.28144276006273,2023-07-14
BRITISH POUND - CHICAGO MERCANTILE EXCHANGE,2023-07-18,265766,135269,71540,63729,23.979365306322105,2023-07-21
BRITISH POUND - CHICAGO MERCANTILE EXCHANGE,2023-07-25,237340,105498,46503,58995,24.856745597033793,2023-07-28
BRITISH POUND - CHICAGO MERCANTILE EXCHANGE,2023-08-01,220906,92175,42613,49562,22.435787167392466,2023-08-04
BRITISH POUND - CHICAGO MERCANTILE EXCHANGE,2023-08-08,206954,83239,36219,47020,22.72002473979725,2023-08-11
BRITISH POUND - CHICAGO MERCANTILE EXCHANGE,2023-08-15,215340,90541,39553,50988,23.677904708832546,2023-08-18
BRITISH POUND - CHICAGO MERCANTILE EXCHANGE,2023-08-22,228179,98061,38954,59107,25.903786062696394,2023-08-25
BRITISH POUND - CHICAGO MERCANTILE EXCHANGE,2023-08-29,228616,97143,48742,48401,21.171309094726528,2023-09-01
BRITISH POUND - CHICAGO MERCANTILE EXCHANGE,2023-09-05,225404,92645,46261,46384,20.578161878227537,2023-09-08
BRITISH POUND - CHICAGO MERCANTILE EXCHANGE,2023-09-12,227437,97365,51191,46174,20.301885796945967,2023-09-15
BRITISH POUND - CHICAGO MERCANTILE EXCHANGE,2023-09-19,191117,85095,51412,33683,17.624282507573895,2023-09-22
BRITISH POUND - CHICAGO MERCANTILE EXCHANGE,2023-09-26,227843,84750,69081,15669,6.877103970716678,2023-09-29
BRITISH POUND - CHICAGO MERCANTILE EXCHANGE,2023-10-03,241045,73911,80591,-6680,-2.7712667759132112,2023-10-06
BRITISH POUND - CHICAGO MERCANTILE EXCHANGE,2023-10-10,231510,66290,76338,-10048,-4.340201287201417,2023-10-13
BRITISH POUND - CHICAGO MERCANTILE EXCHANGE,2023-10-17,222945,65537,76746,-11209,-5.027697414160444,2023-10-20
BRITISH POUND - CHICAGO MERCANTILE EXCHANGE,2023-10-24,233259,67119,85755,-18636,-7.989402338173448,2023-10-27
BRITISH POUND - CHICAGO MERCANTILE EXCHANGE,2023-10-31,229991,63712,84083,-20371,-8.8573031118609,2023-11-03
BRITISH POUND - CHICAGO MERCANTILE EXCHANGE,2023-11-07,212730,57532,73784,-16252,-7.639731114558361,2023-11-10
BRITISH POUND - CHICAGO MERCANTILE EXCHANGE,2023-11-14,216411,52797,80527,-27730,-12.813581564707894,2023-11-17
BRITISH POUND - CHICAGO MERCANTILE EXCHANGE,2023-11-21,208657,43300,69398,-26098,-12.507608179931658,2023-11-24
BRITISH POUND - CHICAGO MERCANTILE EXCHANGE,2023-11-28,217372,61296,69191,-7895,-3.632022523600096,2023-12-01
BRITISH POUND - CHICAGO MERCANTILE EXCHANGE,2023-12-05,218873,66359,54694,11665,5.329574684862911,2023-12-08
BRITISH POUND - CHICAGO MERCANTILE EXCHANGE,2023-12-12,243677,72011,50430,21581,8.856395966792107,2023-12-15
BRITISH POUND - CHICAGO MERCANTILE EXCHANGE,2023-12-19,177998,68810,48884,19926,11.194507803458466,2023-12-22
BRITISH POUND - CHICAGO MERCANTILE EXCHANGE,2023-12-26,175138,58750,44658,14092,8.046226404321164,2023-12-29
BRITISH POUND - CHICAGO MERCANTILE EXCHANGE,2024-01-02,177770,61794,46589,15205,8.553186701918209,2024-01-05
BRITISH POUND - CHICAGO MERCANTILE EXCHANGE,2024-01-09,172631,60684,39950,20734,12.010589059902335,2024-01-12
BRITISH POUND - CHICAGO MERCANTILE EXCHANGE,2024-01-16,179758,66230,35299,30931,17.207022775064253,2024-01-19
BRITISH POUND - CHICAGO MERCANTILE EXCHANGE,2024-01-23,185680,72599,41162,31437,16.93074105988798,2024-01-26
BRITISH POUND - CHICAGO MERCANTILE EXCHANGE,2024-01-30,192229,77499,43346,34153,17.766830186912486,2024-02-02
BRITISH POUND - CHICAGO MERCANTILE EXCHANGE,2024-02-06,199246,83936,49461,34475,17.302731296989652,2024-02-09
BRITISH POUND - CHICAGO MERCANTILE EXCHANGE,2024-02-13,199070,90545,40073,50472,25.353895614607925,2024-02-16
BRITISH POUND - CHICAGO MERCANTILE EXCHANGE,2024-02-20,199275,87602,41290,46312,23.240245891356164,2024-02-23
BRITISH POUND - CHICAGO MERCANTILE EXCHANGE,2024-02-27,210828,91970,45612,46358,21.98854042157588,2024-03-01
BRITISH POUND - CHICAGO MERCANTILE EXCHANGE,2024-03-05,221726,102279,43894,58385,26.332049466458603,2024-03-08
BRITISH POUND - CHICAGO MERCANTILE EXCHANGE,2024-03-12,277702,123285,52834,70451,25.369280739785815,2024-03-15
BRITISH POUND - CHICAGO MERCANTILE EXCHANGE,2024-03-19,197398,102605,49405,53200,26.950627665933798,2024-03-22
BRITISH POUND - CHICAGO MERCANTILE EXCHANGE,2024-03-26,203109,91261,56091,35170,17.315825492715735,2024-03-29
BRITISH POUND - CHICAGO MERCANTILE EXCHANGE,2024-04-02,219176,98352,54938,43414,19.807825674343906,2024-04-05
BRITISH POUND - CHICAGO MERCANTILE EXCHANGE,2024-04-09,211286,80000,51748,28252,13.371449125829443,2024-04-12
BRITISH POUND - CHICAGO MERCANTILE EXCHANGE,2024-04-16,229420,71800,63181,8619,3.756865138174527,2024-04-19
BRITISH POUND - CHICAGO MERCANTILE EXCHANGE,2024-04-23,242821,48459,74692,-26233,-10.803431334192677,2024-04-26
BRITISH POUND - CHICAGO MERCANTILE EXCHANGE,2024-04-30,235610,43668,72658,-28990,-12.304231569118459,2024-05-03
BRITISH POUND - CHICAGO MERCANTILE EXCHANGE,2024-05-07,223730,51777,73590,-21813,-9.749698297054485,2024-05-10
BRITISH POUND - CHICAGO MERCANTILE EXCHANGE,2024-05-14,223242,48674,68749,-20075,-8.992483493249479,2024-05-17
BRITISH POUND - CHICAGO MERCANTILE EXCHANGE,2024-05-21,223976,68538,67485,1053,0.4701396578204808,2024-05-24
BRITISH POUND - CHICAGO MERCANTILE EXCHANGE,2024-05-28,268749,93041,67639,25402,9.451942146761477,2024-05-31
BRITISH POUND - CHICAGO MERCANTILE EXCHANGE,2024-06-04,267750,102118,58908,43210,16.138188608776844,2024-06-07
BRITISH POUND - CHICAGO MERCANTILE EXCHANGE,2024-06-11,275487,110300,58179,52121,18.91958604217259,2024-06-14
BRITISH POUND - CHICAGO MERCANTILE EXCHANGE,2024-06-18,207303,105920,58299,47621,22.9716887840504,2024-06-21
BRITISH POUND - CHICAGO MERCANTILE EXCHANGE,2024-06-25,207697,102547,58499,44048,21.207817156723497,2024-06-28
BRITISH POUND - CHICAGO MERCANTILE EXCHANGE,2024-07-02,198119,106753,44712,62041,31.315017741862217,2024-07-05
BRITISH POUND - CHICAGO MERCANTILE EXCHANGE,2024-07-09,224179,135316,50626,84690,37.77784716677298,2024-07-12
BRITISH POUND - CHICAGO MERCANTILE EXCHANGE,2024-07-16,280623,183287,50385,132902,47.3596248347427,2024-07-19
BRITISH POUND - CHICAGO MERCANTILE EXCHANGE,2024-07-23,289241,188489,46306,142183,49.157277149505084,2024-07-26
BRITISH POUND - CHICAGO MERCANTILE EXCHANGE,2024-07-30,268554,165635,54164,111471,41.50785316919502,2024-08-02
BRITISH POUND - CHICAGO MERCANTILE EXCHANGE,2024-08-06,224042,126080,51681,74399,33.20761285830336,2024-08-09
BRITISH POUND - CHICAGO MERCANTILE EXCHANGE,2024-08-13,205569,102603,54791,47812,23.258370668729235,2024-08-16
BRITISH POUND - CHICAGO MERCANTILE EXCHANGE,2024-08-20,231383,125634,58123,67511,29.177165133134242,2024-08-23
BRITISH POUND - CHICAGO MERCANTILE EXCHANGE,2024-08-27,274215,152163,62232,89931,32.79579891690826,2024-08-30
BRITISH POUND - CHICAGO MERCANTILE EXCHANGE,2024-09-03,285461,160773,52695,108078,37.860863655630716,2024-09-06
BRITISH POUND - CHICAGO MERCANTILE EXCHANGE,2024-09-10,272336,142072,51784,90288,33.153163738910756,2024-09-13
BRITISH POUND - CHICAGO MERCANTILE EXCHANGE,2024-09-17,212595,124822,61843,62979,29.623932830028927,2024-09-20
BRITISH POUND - CHICAGO MERCANTILE EXCHANGE,2024-09-24,251641,155325,68333,86992,34.56988328610998,2024-09-27
BRITISH POUND - CHICAGO MERCANTILE EXCHANGE,2024-10-01,257312,161469,67704,93765,36.44019711478671,2024-10-04
BRITISH POUND - CHICAGO MERCANTILE EXCHANGE,2024-10-08,255908,157666,64531,93135,36.39393844662926,2024-10-11
BRITISH POUND - CHICAGO MERCANTILE EXCHANGE,2024-10-15,250150,151923,66121,85802,34.300219868079154,2024-10-18
BRITISH POUND - CHICAGO MERCANTILE EXCHANGE,2024-10-22,230130,140603,66027,74576,32.40603137357146,2024-10-25
BRITISH POUND - CHICAGO MERCANTILE EXCHANGE,2024-10-29,221535,132636,66280,66356,29.952829124066177,2024-11-01
BRITISH POUND - CHICAGO MERCANTILE EXCHANGE,2024-11-05,219857,120737,75653,45084,20.506056209263292,2024-11-08
BRITISH POUND - CHICAGO MERCANTILE EXCHANGE,2024-11-12,212345,119992,63942,56050,26.395723939814925,2024-11-15
BRITISH POUND - CHICAGO MERCANTILE EXCHANGE,2024-11-19,220896,101713,61398,40315,18.250669998551356,2024-11-22
BRITISH POUND - CHICAGO MERCANTILE EXCHANGE,2024-11-26,239062,98459,76825,21634,9.049535267001865,2024-11-29
BRITISH POUND - CHICAGO MERCANTILE EXCHANGE,2024-12-03,243504,98056,78730,19326,7.936625271042776,2024-12-06
BRITISH POUND - CHICAGO MERCANTILE EXCHANGE,2024-12-10,311725,102763,75638,27125,8.70157991819713,2024-12-13
BRITISH POUND - CHICAGO MERCANTILE EXCHANGE,2024-12-17,187135,88265,66618,21647,11.567584898602613,2024-12-20
BRITISH POUND - CHICAGO MERCANTILE EXCHANGE,2024-12-24,188844,84558,65235,19323,10.232255194763933,2024-12-27
BRITISH POUND - CHICAGO MERCANTILE EXCHANGE,2024-12-31,188879,86202,65367,20835,11.030871616219908,2025-01-03
BRITISH POUND - CHICAGO MERCANTILE EXCHANGE,2025-01-07,188770,81343,66837,14506,7.6844837633098475,2025-01-10
BRITISH POUND - CHICAGO MERCANTILE EXCHANGE,2025-01-14,200826,80557,80119,438,0.21809925009709896,2025-01-17
BRITISH POUND - CHICAGO MERCANTILE EXCHANGE,2025-01-21,212688,75696,83953,-8257,-3.8822124426389832,2025-01-24
BRITISH POUND - CHICAGO MERCANTILE EXCHANGE,2025-01-28,206821,59331,81003,-21672,-10.478626445090198,2025-01-31
BRITISH POUND - CHICAGO MERCANTILE EXCHANGE,2025-02-04,204644,65442,76765,-11323,-5.533023201266589,2025-02-07
BRITISH POUND - CHICAGO MERCANTILE EXCHANGE,2025-02-11,208138,69087,72255,-3168,-1.5220670901036812,2025-02-14
BRITISH POUND - CHICAGO MERCANTILE EXCHANGE,2025-02-18,203370,73564,74143,-579,-0.2847027585189556,2025-02-21
BRITISH POUND - CHICAGO MERCANTILE EXCHANGE,2025-02-25,200468,74089,69626,4463,2.2262904802761536,2025-02-28
BRITISH POUND - CHICAGO MERCANTILE EXCHANGE,2025-03-04,200634,81866,63292,18574,9.257653239231637,2025-03-07
BRITISH POUND - CHICAGO MERCANTILE EXCHANGE,2025-03-11,248457,94786,65593,29193,11.749719267317886,2025-03-14
BRITISH POUND - CHICAGO MERCANTILE EXCHANGE,2025-03-18,180841,95941,66539,29402,16.25848120724836,2025-03-21
BRITISH POUND - CHICAGO MERCANTILE EXCHANGE,2025-03-25,191212,109016,64733,44283,23.159111352843965,2025-03-28
BRITISH POUND - CHICAGO MERCANTILE EXCHANGE,2025-04-01,187160,104986,70360,34626,18.500748023081854,2025-04-04
BRITISH POUND - CHICAGO MERCANTILE EXCHANGE,2025-04-08,176910,91733,74423,17310,9.78463625572325,2025-04-11
BRITISH POUND - CHICAGO MERCANTILE EXCHANGE,2025-04-15,177006,85708,79199,6509,3.6772764765036214,2025-04-18
BRITISH POUND - CHICAGO MERCANTILE EXCHANGE,2025-04-22,179555,94021,73531,20490,11.411545208988889,2025-04-25
BRITISH POUND - CHICAGO MERCANTILE EXCHANGE,2025-04-29,192312,91064,67105,23959,12.458400931819128,2025-05-02
BRITISH POUND - CHICAGO MERCANTILE EXCHANGE,2025-05-06,200214,94384,65149,29235,14.601875992687823,2025-05-09
BRITISH POUND - CHICAGO MERCANTILE EXCHANGE,2025-05-13,194861,89540,62324,27216,13.966878954742098,2025-05-16
BRITISH POUND - CHICAGO MERCANTILE EXCHANGE,2025-05-20,195326,88144,64151,23993,12.283566959851736,2025-05-23
BRITISH POUND - CHICAGO MERCANTILE EXCHANGE,2025-05-27,202990,102391,67012,35379,17.428937386078132,2025-05-30
BRITISH POUND - CHICAGO MERCANTILE EXCHANGE,2025-06-03,233601,103672,68457,35215,15.074849850813996,2025-06-06
BRITISH POUND - CHICAGO MERCANTILE EXCHANGE,2025-06-10,213940,111076,59442,51634,24.134804150696457,2025-06-13
BRITISH POUND - CHICAGO MERCANTILE EXCHANGE,2025-06-17,177026,106282,63425,42857,24.209438161625975,2025-06-20
BRITISH POUND - CHICAGO MERCANTILE EXCHANGE,2025-06-24,179898,99848,65453,34395,19.11916752826602,2025-06-27
BRITISH POUND - CHICAGO MERCANTILE EXCHANGE,2025-07-01,188689,107150,75751,31399,16.640609680479518,2025-07-04
BRITISH POUND - CHICAGO MERCANTILE EXCHANGE,2025-07-08,191557,108019,74825,33194,17.328523624821855,2025-07-11
BRITISH POUND - CHICAGO MERCANTILE EXCHANGE,2025-07-15,187275,100980,71789,29191,15.587238018956082,2025-07-18
BRITISH POUND - CHICAGO MERCANTILE EXCHANGE,2025-07-22,195467,93760,93190,570,0.2916093253592678,2025-07-25
BRITISH POUND - CHICAGO MERCANTILE EXCHANGE,2025-07-29,207879,87799,99827,-12028,-5.786058235800634,2025-08-01
BRITISH POUND - CHICAGO MERCANTILE EXCHANGE,2025-08-05,206254,65635,98938,-33303,-16.14659594480592,2025-08-08
BRITISH POUND - CHICAGO MERCANTILE EXCHANGE,2025-08-12,216082,73736,112829,-39093,-18.09174294943586,2025-08-15
BRITISH POUND - CHICAGO MERCANTILE EXCHANGE,2025-08-19,219831,81303,106488,-25185,-11.456527969212713,2025-08-22
BRITISH POUND - CHICAGO MERCANTILE EXCHANGE,2025-08-26,219906,76001,107354,-31353,-14.257455458241248,2025-08-29
BRITISH POUND - CHICAGO MERCANTILE EXCHANGE,2025-09-02,226437,76062,109202,-33140,-14.635417356704073,2025-09-05
BRITISH POUND - CHICAGO MERCANTILE EXCHANGE,2025-09-09,322879,74849,108454,-33605,-10.407923711359365,2025-09-12
BRITISH POUND - CHICAGO MERCANTILE EXCHANGE,2025-09-16,234531,80796,87376,-6580,-2.805599259799344,2025-09-19
BRITISH POUND - CHICAGO MERCANTILE EXCHANGE,2025-09-23,233166,84500,86464,-1964,-0.8423183483012103,2025-09-26
BRITISH POUND - CHICAGO MERCANTILE EXCHANGE,2025-09-30,226426,80540,89434,-8894,-3.9279941349491665,2025-10-03
BRITISH POUND - CHICAGO MERCANTILE EXCHANGE,2025-10-07,247550,94411,98887,-4476,-1.808119571803676,2025-10-10
BRITISH POUND - CHICAGO MERCANTILE EXCHANGE,2025-10-14,237520,79515,91144,-11629,-4.896008757157292,2025-10-17
BRITISH POUND - CHICAGO MERCANTILE EXCHANGE,2025-10-21,233484,75419,92194,-16775,-7.184646485412277,2025-10-24
BRITISH POUND - CHICAGO MERCANTILE EXCHANGE,2025-10-28,248118,82471,102733,-20262,-8.166275723647619,2025-10-31
BRITISH POUND - CHICAGO MERCANTILE EXCHANGE,2025-11-04,270917,63117,118136,-55019,-20.30843394840486,2025-11-07
BRITISH POUND - CHICAGO MERCANTILE EXCHANGE,2025-11-10,272612,52423,133427,-81004,-29.714025794902643,2025-11-13
BRITISH POUND - CHICAGO MERCANTILE EXCHANGE,2025-11-18,279341,53189,132446,-79257,-28.372848955219602,2025-11-21
BRITISH POUND - CHICAGO MERCANTILE EXCHANGE,2025-11-25,315550,45257,138478,-93221,-29.54238630961813,2025-11-28
BRITISH POUND - CHICAGO MERCANTILE EXCHANGE,2025-12-02,299768,52252,132432,-80180,-26.74735128499373,2025-12-05
BRITISH POUND - CHICAGO MERCANTILE EXCHANGE,2025-12-09,332405,60319,135834,-75515,-22.71776898662776,2025-12-12
BRITISH POUND - CHICAGO MERCANTILE EXCHANGE,2025-12-16,282031,61968,110466,-48498,-17.195982001978503,2025-12-19
BRITISH POUND - CHICAGO MERCANTILE EXCHANGE,2025-12-23,198132,63540,104739,-41199,-20.793713282054387,2025-12-26
BRITISH POUND - CHICAGO MERCANTILE EXCHANGE,2025-12-30,196003,69492,102699,-33207,-16.94208762110784,2026-01-02
BRITISH POUND - CHICAGO MERCANTILE EXCHANGE,2026-01-06,206314,76486,107024,-30538,-14.801710014831762,2026-01-09
BRITISH POUND - CHICAGO MERCANTILE EXCHANGE,2026-01-13,207867,79003,104273,-25270,-12.15681180755002,2026-01-16
BRITISH POUND - CHICAGO MERCANTILE EXCHANGE,2026-01-20,207612,81332,103312,-21980,-10.587056624857908,2026-01-23
BRITISH POUND - CHICAGO MERCANTILE EXCHANGE,2026-01-27,224459,87786,103948,-16162,-7.2004241309103225,2026-01-30
BRITISH POUND - CHICAGO MERCANTILE EXCHANGE,2026-02-03,227888,94893,108804,-13911,-6.104314400056167,2026-02-06
BRITISH POUND - CHICAGO MERCANTILE EXCHANGE,2026-02-10,227574,88373,114183,-25810,-11.341365885382338,2026-02-13
BRITISH POUND - CHICAGO MERCANTILE EXCHANGE,2026-02-17,238845,82015,124419,-42404,-17.75377336766522,2026-02-20
BRITISH POUND - CHICAGO MERCANTILE EXCHANGE,2026-02-24,245891,67213,124285,-57072,-23.21028423163109,2026-02-27
BRITISH POUND - CHICAGO MERCANTILE EXCHANGE,2026-03-03,269696,59499,132185,-72686,-26.95108566682487,2026-03-06
BRITISH POUND - CHICAGO MERCANTILE EXCHANGE,2026-03-10,392591,49270,133467,-84197,-21.446492660300414,2026-03-13
BRITISH POUND - CHICAGO MERCANTILE EXCHANGE,2026-03-17,243434,44293,109808,-65515,-26.912838798195814,2026-03-20
BRITISH POUND - CHICAGO MERCANTILE EXCHANGE,2026-03-24,238862,46459,104881,-58422,-24.458473930554046,2026-03-27
BRITISH POUND - CHICAGO MERCANTILE EXCHANGE,2026-03-31,243461,51304,103969,-52665,-21.63180139734906,2026-04-03
BRITISH POUND - CHICAGO MERCANTILE EXCHANGE,2026-04-07,244191,47344,103698,-56354,-23.077836611504928,2026-04-10
BRITISH POUND - CHICAGO MERCANTILE EXCHANGE,2026-04-14,250053,54947,109671,-54724,-21.88496038839766,2026-04-17
BRITISH POUND - CHICAGO MERCANTILE EXCHANGE,2026-04-21,263523,63086,115125,-52039,-19.747422426125993,2026-04-24
BRITISH POUND - CHICAGO MERCANTILE EXCHANGE,2026-04-28,263635,59577,120216,-60639,-23.001118971305022,2026-05-01
BRITISH POUND - CHICAGO MERCANTILE EXCHANGE,2026-05-05,276143,62573,126481,-63908,-23.14308166421021,2026-05-08
BRITISH POUND - CHICAGO MERCANTILE EXCHANGE,2026-05-12,283643,79605,122664,-43059,-15.180702502794006,2026-05-15
BRITISH POUND - CHICAGO MERCANTILE EXCHANGE,2026-05-19,285647,68075,132382,-64307,-22.51275175303784,2026-05-22
BRITISH POUND - CHICAGO MERCANTILE EXCHANGE,2026-05-26,282065,57978,119376,-61398,-21.767323134738447,2026-05-29
BRITISH POUND - CHICAGO MERCANTILE EXCHANGE,2026-06-02,271147,53687,105905,-52218,-19.25818836277001,2026-06-05
BRITISH POUND - CHICAGO MERCANTILE EXCHANGE,2026-06-09,291371,45743,109956,-64213,-22.038226178995167,2026-06-12
BRITISH POUND - CHICAGO MERCANTILE EXCHANGE,2026-06-16,323315,42043,113628,-71585,-22.14094613612112,2026-06-19
BRITISH POUND - CHICAGO MERCANTILE EXCHANGE,2026-06-23,297226,40772,146491,-105719,-35.56855725945913,2026-06-26
BRITISH POUND - CHICAGO MERCANTILE EXCHANGE,2026-06-30,295062,37149,139296,-102147,-34.618825873884134,2026-07-03
BRITISH POUND - CHICAGO MERCANTILE EXCHANGE,2026-07-07,282969,44564,132467,-87903,-31.06453357081518,2026-07-10
BRITISH POUND - CHICAGO MERCANTILE EXCHANGE,2026-07-14,265153,51085,122338,-71253,-26.872409514506717,2026-07-17
BRITISH POUND - CHICAGO MERCANTILE EXCHANGE,2026-07-21,262281,64282,119843,-55561,-21.183768553574218,2026-07-24
BRITISH POUND STERLING - CHICAGO MERCANTILE EXCHANGE,2020-01-07,197490,67403,50893,16510,8.35991695782065,2020-01-10
BRITISH POUND STERLING - CHICAGO MERCANTILE EXCHANGE,2020-01-14,196536,68816,37284,31532,16.0438800016282,2020-01-17
BRITISH POUND STERLING - CHICAGO MERCANTILE EXCHANGE,2020-01-21,194625,64256,39334,24922,12.805138086062943,2020-01-24
BRITISH POUND STERLING - CHICAGO MERCANTILE EXCHANGE,2020-01-28,203169,61887,44198,17689,8.706544797680749,2020-01-31
BRITISH POUND STERLING - CHICAGO MERCANTILE EXCHANGE,2020-02-04,208165,59659,46672,12987,6.238800951168544,2020-02-07
BRITISH POUND STERLING - CHICAGO MERCANTILE EXCHANGE,2020-02-11,212228,65006,43922,21084,9.934598639199352,2020-02-14
BRITISH POUND STERLING - CHICAGO MERCANTILE EXCHANGE,2020-02-18,216933,72784,43526,29258,13.487113532749742,2020-02-21
BRITISH POUND STERLING - CHICAGO MERCANTILE EXCHANGE,2020-02-25,211321,72667,43069,29598,14.006180171398016,2020-02-28
BRITISH POUND STERLING - CHICAGO MERCANTILE EXCHANGE,2020-03-03,214672,76063,40901,35162,16.37940672281434,2020-03-06
BRITISH POUND STERLING - CHICAGO MERCANTILE EXCHANGE,2020-03-10,214185,56077,29749,26328,12.29217732334197,2020-03-13
BRITISH POUND STERLING - CHICAGO MERCANTILE EXCHANGE,2020-03-17,182109,56575,37935,18640,10.235628112833522,2020-03-20
BRITISH POUND STERLING - CHICAGO MERCANTILE EXCHANGE,2020-03-24,179552,46534,35650,10884,6.061753698093032,2020-03-27
BRITISH POUND STERLING - CHICAGO MERCANTILE EXCHANGE,2020-03-31,165226,37149,32156,4993,3.021921489353976,2020-04-03
BRITISH POUND STERLING - CHICAGO MERCANTILE EXCHANGE,2020-04-07,150318,31254,27561,3693,2.456791601804175,2020-04-10
BRITISH POUND STERLING - CHICAGO MERCANTILE EXCHANGE,2020-04-14,153088,30287,27055,3232,2.111204013377926,2020-04-17
BRITISH POUND STERLING - CHICAGO MERCANTILE EXCHANGE,2020-04-21,158788,29527,30907,-1380,-0.8690833060432779,2020-04-24
BRITISH POUND STERLING - CHICAGO MERCANTILE EXCHANGE,2020-04-28,162868,31466,38147,-6681,-4.102094948056094,2020-05-01
BRITISH POUND STERLING - CHICAGO MERCANTILE EXCHANGE,2020-05-05,161083,28096,40101,-12005,-7.452679674453543,2020-05-08
BRITISH POUND STERLING - CHICAGO MERCANTILE EXCHANGE,2020-05-12,166568,31525,45213,-13688,-8.217664857595697,2020-05-15
BRITISH POUND STERLING - CHICAGO MERCANTILE EXCHANGE,2020-05-19,179734,35810,54799,-18989,-10.565057251271323,2020-05-22
BRITISH POUND STERLING - CHICAGO MERCANTILE EXCHANGE,2020-05-26,188650,39192,61449,-22257,-11.79803869599788,2020-05-29
BRITISH POUND STERLING - CHICAGO MERCANTILE EXCHANGE,2020-06-02,190138,26970,63014,-36044,-18.956757723337788,2020-06-05
BRITISH POUND STERLING - CHICAGO MERCANTILE EXCHANGE,2020-06-09,185606,28893,52941,-24048,-12.95647770007435,2020-06-12
BRITISH POUND STERLING - CHICAGO MERCANTILE EXCHANGE,2020-06-16,166808,29378,45376,-15998,-9.590667114287085,2020-06-19
BRITISH POUND STERLING - CHICAGO MERCANTILE EXCHANGE,2020-06-23,170455,29654,48170,-18516,-10.862691032823912,2020-06-26
BRITISH POUND STERLING - CHICAGO MERCANTILE EXCHANGE,2020-06-30,186144,34424,55414,-20990,-11.276216262678357,2020-07-03
BRITISH POUND STERLING - CHICAGO MERCANTILE EXCHANGE,2020-07-07,180696,39892,56300,-16408,-9.08044450347545,2020-07-10
BRITISH POUND STERLING - CHICAGO MERCANTILE EXCHANGE,2020-07-14,179340,43175,56761,-13586,-7.57555481208877,2020-07-17
BRITISH POUND STERLING - CHICAGO MERCANTILE EXCHANGE,2020-07-21,180337,46230,61310,-15080,-8.362122027093719,2020-07-24
BRITISH POUND STERLING - CHICAGO MERCANTILE EXCHANGE,2020-07-28,178912,39329,64738,-25409,-14.201954033267752,2020-07-31
BRITISH POUND STERLING - CHICAGO MERCANTILE EXCHANGE,2020-08-04,176728,45977,60704,-14727,-8.333144719569056,2020-08-07
BRITISH POUND STERLING - CHICAGO MERCANTILE EXCHANGE,2020-08-11,179071,48053,50874,-2821,-1.5753527930262297,2020-08-14
BRITISH POUND STERLING - CHICAGO MERCANTILE EXCHANGE,2020-08-18,187043,54310,47806,6504,3.4772752789465526,2020-08-21
BRITISH POUND STERLING - CHICAGO MERCANTILE EXCHANGE,2020-08-25,175363,45390,39790,5600,3.193376025729487,2020-08-28
BRITISH POUND STERLING - CHICAGO MERCANTILE EXCHANGE,2020-09-01,186588,49213,42901,6312,3.3828542028426263,2020-09-04
BRITISH POUND STERLING - CHICAGO MERCANTILE EXCHANGE,2020-09-08,197524,46590,33860,12730,6.444786456329357,2020-09-11
BRITISH POUND STERLING - CHICAGO MERCANTILE EXCHANGE,2020-09-15,149989,43801,41508,2293,1.5287787771103214,2020-09-18
BRITISH POUND STERLING - CHICAGO MERCANTILE EXCHANGE,2020-09-22,152613,43487,40523,2964,1.9421674431404925,2020-09-25
BRITISH POUND STERLING - CHICAGO MERCANTILE EXCHANGE,2020-09-29,159049,39216,51961,-12745,-8.013253777137862,2020-10-02
BRITISH POUND STERLING - CHICAGO MERCANTILE EXCHANGE,2020-10-06,156467,40698,51996,-11298,-7.220691903084996,2020-10-09
BRITISH POUND STERLING - CHICAGO MERCANTILE EXCHANGE,2020-10-13,148279,36195,45997,-9802,-6.610511265924372,2020-10-16
BRITISH POUND STERLING - CHICAGO MERCANTILE EXCHANGE,2020-10-20,146356,39836,41836,-2000,-1.3665309245948236,2020-10-23
BRITISH POUND STERLING - CHICAGO MERCANTILE EXCHANGE,2020-10-27,139984,31799,38459,-6660,-4.7576865927534575,2020-10-30
BRITISH POUND STERLING - CHICAGO MERCANTILE EXCHANGE,2020-11-03,140437,27701,38928,-11227,-7.994331978039976,2020-11-06
BRITISH POUND STERLING - CHICAGO MERCANTILE EXCHANGE,2020-11-10,141346,27872,45567,-17695,-12.518925190666874,2020-11-13
BRITISH POUND STERLING - CHICAGO MERCANTILE EXCHANGE,2020-11-17,139010,27454,47200,-19746,-14.204733472412057,2020-11-20
BRITISH POUND STERLING - CHICAGO MERCANTILE EXCHANGE,2020-11-24,142958,30838,47968,-17130,-11.98254032652947,2020-11-27
BRITISH POUND STERLING - CHICAGO MERCANTILE EXCHANGE,2020-12-01,146966,37087,44986,-7899,-5.3747125185417035,2020-12-04
BRITISH POUND STERLING - CHICAGO MERCANTILE EXCHANGE,2020-12-08,164184,39344,33634,5710,3.4778053890756713,2020-12-11
BRITISH POUND STERLING - CHICAGO MERCANTILE EXCHANGE,2020-12-15,142242,35128,31060,4068,2.8599147930990845,2020-12-18
BRITISH POUND STERLING - CHICAGO MERCANTILE EXCHANGE,2020-12-21,144606,37550,31518,6032,4.171334522772222,2020-12-24
BRITISH POUND STERLING - CHICAGO MERCANTILE EXCHANGE,2020-12-29,139870,35735,30903,4832,3.454636448130407,2021-01-01
BRITISH POUND STERLING - CHICAGO MERCANTILE EXCHANGE,2021-01-05,143209,35526,31861,3665,2.559196698531517,2021-01-08
BRITISH POUND STERLING - CHICAGO MERCANTILE EXCHANGE,2021-01-12,152924,47935,34993,12942,8.463027386152598,2021-01-15
BRITISH POUND STERLING - CHICAGO MERCANTILE EXCHANGE,2021-01-19,147096,45904,32199,13705,9.317044651112198,2021-01-22
BRITISH POUND STERLING - CHICAGO MERCANTILE EXCHANGE,2021-01-26,154558,47360,39395,7965,5.153405194166591,2021-01-29
BRITISH POUND STERLING - CHICAGO MERCANTILE EXCHANGE,2021-02-02,161100,53658,44042,9616,5.968963376784606,2021-02-05
BRITISH POUND STERLING - CHICAGO MERCANTILE EXCHANGE,2021-02-09,170161,60513,39395,21118,12.410599373534476,2021-02-12
BRITISH POUND STERLING - CHICAGO MERCANTILE EXCHANGE,2021-02-16,171218,60269,38102,22167,12.946652805195717,2021-02-19
BRITISH POUND STERLING - CHICAGO MERCANTILE EXCHANGE,2021-02-23,176721,68266,37288,30978,17.529325886566962,2021-02-26
BRITISH POUND STERLING - CHICAGO MERCANTILE EXCHANGE,2021-03-02,169363,65138,29056,36082,21.3045352290642,2021-03-05
BRITISH POUND STERLING - CHICAGO MERCANTILE EXCHANGE,2021-03-09,181373,61271,27360,33911,18.696829186262566,2021-03-12
BRITISH POUND STERLING - CHICAGO MERCANTILE EXCHANGE,2021-03-16,148035,55190,26590,28600,19.319755463235047,2021-03-19
BRITISH POUND STERLING - CHICAGO MERCANTILE EXCHANGE,2021-03-23,146112,51843,30024,21819,14.933065045992116,2021-03-26
BRITISH POUND STERLING - CHICAGO MERCANTILE EXCHANGE,2021-03-30,139779,47222,22263,24959,17.85604418403337,2021-04-02
BRITISH POUND STERLING - CHICAGO MERCANTILE EXCHANGE,2021-04-06,140556,45270,25319,19951,14.194342468482313,2021-04-09
BRITISH POUND STERLING - CHICAGO MERCANTILE EXCHANGE,2021-04-13,148785,52851,27261,25590,17.199314447020868,2021-04-16
BRITISH POUND STERLING - CHICAGO MERCANTILE EXCHANGE,2021-04-20,164246,61053,35875,25178,15.329444857104587,2021-04-23
BRITISH POUND STERLING - CHICAGO MERCANTILE EXCHANGE,2021-04-27,161251,59917,30699,29218,18.119577553007424,2021-04-30
BRITISH POUND STERLING - CHICAGO MERCANTILE EXCHANGE,2021-05-04,152741,52262,32414,19848,12.99454632351497,2021-05-07
BRITISH POUND STERLING - CHICAGO MERCANTILE EXCHANGE,2021-05-11,173960,64947,36771,28176,16.19682685674868,2021-05-14
BRITISH POUND STERLING - CHICAGO MERCANTILE EXCHANGE,2021-05-18,173146,63027,38127,24900,14.380927078881406,2021-05-21
BRITISH POUND STERLING - CHICAGO MERCANTILE EXCHANGE,2021-05-25,169372,64193,33534,30659,18.1015752308528,2021-05-28
BRITISH POUND STERLING - CHICAGO MERCANTILE EXCHANGE,2021-06-01,174502,64204,40079,24125,13.825056446344455,2021-06-04
BRITISH POUND STERLING - CHICAGO MERCANTILE EXCHANGE,2021-06-08,171602,59238,31524,27714,16.15016142003007,2021-06-11
BRITISH POUND STERLING - CHICAGO MERCANTILE EXCHANGE,2021-06-15,156059,55203,23033,32170,20.613998551829756,2021-06-18
BRITISH POUND STERLING - CHICAGO MERCANTILE EXCHANGE,2021-06-22,171280,51445,33518,17927,10.466487622606259,2021-06-25
BRITISH POUND STERLING - CHICAGO MERCANTILE EXCHANGE,2021-06-29,169230,51596,33873,17723,10.47272942149737,2021-07-02
BRITISH POUND STERLING - CHICAGO MERCANTILE EXCHANGE,2021-07-06,178783,57232,35329,21903,12.251164819921359,2021-07-09
BRITISH POUND STERLING - CHICAGO MERCANTILE EXCHANGE,2021-07-13,172345,44686,36717,7969,4.62386492210392,2021-07-16
BRITISH POUND STERLING - CHICAGO MERCANTILE EXCHANGE,2021-07-20,188787,44223,47720,-3497,-1.8523521217032952,2021-07-23
BRITISH POUND STERLING - CHICAGO MERCANTILE EXCHANGE,2021-07-27,185373,41194,46878,-5684,-3.0662502090379937,2021-07-30
BRITISH POUND STERLING - CHICAGO MERCANTILE EXCHANGE,2021-08-03,180873,43119,43205,-86,-0.047547173983955596,2021-08-06
BRITISH POUND STERLING - CHICAGO MERCANTILE EXCHANGE,2021-08-10,178875,44750,37680,7070,3.9524807826694617,2021-08-13
BRITISH POUND STERLING - CHICAGO MERCANTILE EXCHANGE,2021-08-17,178385,41898,37247,4651,2.6072820024105168,2021-08-20
BRITISH POUND STERLING - CHICAGO MERCANTILE EXCHANGE,2021-08-24,196366,39489,56234,-16745,-8.527443651141237,2021-08-27
BRITISH POUND STERLING - CHICAGO MERCANTILE EXCHANGE,2021-08-31,194010,36544,51444,-14900,-7.680016493995155,2021-09-03
BRITISH POUND STERLING - CHICAGO MERCANTILE EXCHANGE,2021-09-07,201389,29348,53872,-24524,-12.177427764177786,2021-09-10
BRITISH POUND STERLING - CHICAGO MERCANTILE EXCHANGE,2021-09-14,142607,44161,39371,4790,3.3588814013337354,2021-09-17
BRITISH POUND STERLING - CHICAGO MERCANTILE EXCHANGE,2021-09-21,159908,51910,52128,-218,-0.13632838882357354,2021-09-24
BRITISH POUND STERLING - CHICAGO MERCANTILE EXCHANGE,2021-09-28,171773,57923,55959,1964,1.1433694468862976,2021-10-01
BRITISH POUND STERLING - CHICAGO MERCANTILE EXCHANGE,2021-10-05,182338,48137,68155,-20018,-10.978512432954183,2021-10-08
BRITISH POUND STERLING - CHICAGO MERCANTILE EXCHANGE,2021-10-12,172829,46794,58773,-11979,-6.931128456451175,2021-10-15
BRITISH POUND STERLING - CHICAGO MERCANTILE EXCHANGE,2021-10-19,158961,49112,47497,1615,1.0159724712350828,2021-10-22
BRITISH POUND STERLING - CHICAGO MERCANTILE EXCHANGE,2021-10-26,156495,51912,36959,14953,9.554937857439535,2021-10-29
BRITISH POUND STERLING - CHICAGO MERCANTILE EXCHANGE,2021-11-02,166780,57255,42208,15047,9.022064995802854,2021-11-05
BRITISH POUND STERLING - CHICAGO MERCANTILE EXCHANGE,2021-11-09,186898,54004,66097,-12093,-6.470374214812358,2021-11-12
BRITISH POUND STERLING - CHICAGO MERCANTILE EXCHANGE,2021-11-16,207099,50443,82042,-31599,-15.257920125157534,2021-11-19
BRITISH POUND STERLING - CHICAGO MERCANTILE EXCHANGE,2021-11-23,213313,50122,84701,-34579,-16.210451308640355,2021-11-26
BRITISH POUND STERLING - CHICAGO MERCANTILE EXCHANGE,2021-11-30,230423,52099,90998,-38899,-16.881561302474147,2021-12-03
BRITISH POUND STERLING - CHICAGO MERCANTILE EXCHANGE,2021-12-07,238310,48950,87227,-38277,-16.061852209307204,2021-12-10
BRITISH POUND STERLING - CHICAGO MERCANTILE EXCHANGE,2021-12-14,213210,29497,80245,-50748,-23.801885465034474,2021-12-17
BRITISH POUND STERLING - CHICAGO MERCANTILE EXCHANGE,2021-12-21,207747,20824,78510,-57686,-27.767428651195925,2021-12-24
BRITISH POUND STERLING - CHICAGO MERCANTILE EXCHANGE,2021-12-28,205378,23093,73812,-50719,-24.695439628392524,2021-12-31
BRITISH POUND STERLING - CHICAGO MERCANTILE EXCHANGE,2022-01-04,200007,25980,65151,-39171,-19.5848145314914,2022-01-07
BRITISH POUND STERLING - CHICAGO MERCANTILE EXCHANGE,2022-01-11,200493,30506,59672,-29166,-14.547141296703625,2022-01-14
BRITISH POUND STERLING - CHICAGO MERCANTILE EXCHANGE,2022-01-18,183234,39760,40007,-247,-0.13480030998613796,2022-01-21
BRITISH POUND STERLING - CHICAGO MERCANTILE EXCHANGE,2022-01-25,182040,36666,44429,-7763,-4.264447374203472,2022-01-28
BRITISH POUND STERLING - CHICAGO MERCANTILE EXCHANGE,2022-02-01,184007,29597,53202,-23605,-12.82831631405327,2022-02-04
E-MINI S&P 500 - CHICAGO MERCANTILE EXCHANGE,2022-02-08,2229911,391655,214068,177587,7.963860441066931,2022-02-11
E-MINI S&P 500 - CHICAGO MERCANTILE EXCHANGE,2022-02-15,2270263,431462,236339,195123,8.59473109503172,2022-02-18
E-MINI S&P 500 - CHICAGO MERCANTILE EXCHANGE,2022-02-22,2374165,461265,224822,236443,9.958996110211379,2022-02-25
E-MINI S&P 500 - CHICAGO MERCANTILE EXCHANGE,2022-03-01,2387492,432163,271144,161019,6.744273907514664,2022-03-04
E-MINI S&P 500 - CHICAGO MERCANTILE EXCHANGE,2022-03-08,2435543,398681,271028,127653,5.24125420902033,2022-03-11
E-MINI S&P 500 - CHICAGO MERCANTILE EXCHANGE,2022-03-15,2582759,378499,276298,102201,3.957047482943627,2022-03-18
E-MINI S&P 500 - CHICAGO MERCANTILE EXCHANGE,2022-03-22,2111687,284150,338318,-54168,-2.565152884873563,2022-03-25
E-MINI S&P 500 - CHICAGO MERCANTILE EXCHANGE,2022-03-29,2120049,286935,337790,-50855,-2.398765311556478,2022-04-01
E-MINI S&P 500 - CHICAGO MERCANTILE EXCHANGE,2022-04-05,2122357,294186,325845,-31659,-1.4916906062457918,2022-04-08
E-MINI S&P 500 - CHICAGO MERCANTILE EXCHANGE,2022-04-12,2156967,314254,251290,62964,2.9190989013740127,2022-04-15
E-MINI S&P 500 - CHICAGO MERCANTILE EXCHANGE,2022-04-19,2158797,314918,246489,68429,3.169774647639403,2022-04-22
E-MINI S&P 500 - CHICAGO MERCANTILE EXCHANGE,2022-04-26,2191696,362599,239849,122750,5.600685496528715,2022-04-29
E-MINI S&P 500 - CHICAGO MERCANTILE EXCHANGE,2022-05-03,2208674,360949,308742,52207,2.3637259278644107,2022-05-06
E-MINI S&P 500 - CHICAGO MERCANTILE EXCHANGE,2022-05-10,2261956,383989,262214,121775,5.383614889060619,2022-05-13
E-MINI S&P 500 - CHICAGO MERCANTILE EXCHANGE,2022-05-17,2252109,351658,285012,66646,2.959270621448607,2022-05-20
E-MINI S&P 500 - CHICAGO MERCANTILE EXCHANGE,2022-05-24,2262171,351650,302762,48888,2.1611098365242944,2022-05-27
E-MINI S&P 500 - CHICAGO MERCANTILE EXCHANGE,2022-05-31,2260467,326979,305072,21907,0.9691360236623672,2022-06-03
E-MINI S&P 500 - CHICAGO MERCANTILE EXCHANGE,2022-06-07,2267420,320321,337345,-17024,-0.7508092898536662,2022-06-10
E-MINI S&P 500 - CHICAGO MERCANTILE EXCHANGE,2022-06-14,2654399,377967,343689,34278,1.2913657667893939,2022-06-17
E-MINI S&P 500 - CHICAGO MERCANTILE EXCHANGE,2022-06-21,2262004,273629,387948,-114319,-5.053881425497037,2022-06-24
E-MINI S&P 500 - CHICAGO MERCANTILE EXCHANGE,2022-06-28,2248771,248313,387539,-139226,-6.191203995426835,2022-07-01
E-MINI S&P 500 - CHICAGO MERCANTILE EXCHANGE,2022-07-05,2309241,237370,421052,-183682,-7.954215259472701,2022-07-08
E-MINI S&P 500 - CHICAGO MERCANTILE EXCHANGE,2022-07-12,2317580,224577,440105,-215528,-9.299700549711337,2022-07-15
E-MINI S&P 500 - CHICAGO MERCANTILE EXCHANGE,2022-07-19,2335319,250387,458535,-208148,-8.913043571349354,2022-07-22
E-MINI S&P 500 - CHICAGO MERCANTILE EXCHANGE,2022-07-26,2322824,240642,478277,-237635,-10.230435022197119,2022-07-29
E-MINI S&P 500 - CHICAGO MERCANTILE EXCHANGE,2022-08-02,2310665,237594,469479,-231885,-10.0354227029881,2022-08-05
E-MINI S&P 500 - CHICAGO MERCANTILE EXCHANGE,2022-08-09,2299388,227064,471325,-244261,-10.622870085431428,2022-08-12
E-MINI S&P 500 - CHICAGO MERCANTILE EXCHANGE,2022-08-16,2346224,227370,515354,-287984,-12.27436084534128,2022-08-19
E-MINI S&P 500 - CHICAGO MERCANTILE EXCHANGE,2022-08-23,2329538,226314,488590,-262276,-11.258713101052654,2022-08-26
E-MINI S&P 500 - CHICAGO MERCANTILE EXCHANGE,2022-08-30,2329953,240653,480285,-239632,-10.284842655624384,2022-09-02
E-MINI S&P 500 - CHICAGO MERCANTILE EXCHANGE,2022-09-06,2314290,226374,465094,-238720,-10.31504262646427,2022-09-09
E-MINI S&P 500 - CHICAGO MERCANTILE EXCHANGE,2022-09-13,2603046,234795,515799,-281004,-10.795199162826934,2022-09-16
E-MINI S&P 500 - CHICAGO MERCANTILE EXCHANGE,2022-09-20,2141022,221158,440609,-219451,-10.24982461646821,2022-09-23
E-MINI S&P 500 - CHICAGO MERCANTILE EXCHANGE,2022-09-27,2233878,262797,412998,-150201,-6.72377811142775,2022-09-30
E-MINI S&P 500 - CHICAGO MERCANTILE EXCHANGE,2022-10-04,2261285,225671,434968,-209297,-9.255666578958424,2022-10-07
E-MINI S&P 500 - CHICAGO MERCANTILE EXCHANGE,2022-10-11,2277794,251711,415768,-164057,-7.202451143518686,2022-10-14
E-MINI S&P 500 - CHICAGO MERCANTILE EXCHANGE,2022-10-18,2336566,240651,463849,-223198,-9.552394411285622,2022-10-21
E-MINI S&P 500 - CHICAGO MERCANTILE EXCHANGE,2022-10-25,2361824,240817,459919,-219102,-9.27681317490211,2022-10-28
E-MINI S&P 500 - CHICAGO MERCANTILE EXCHANGE,2022-11-01,2336711,278418,453481,-175063,-7.4918550047481265,2022-11-04
E-MINI S&P 500 - CHICAGO MERCANTILE EXCHANGE,2022-11-08,2318895,263541,440600,-177059,-7.635490179589848,2022-11-11
E-MINI S&P 500 - CHICAGO MERCANTILE EXCHANGE,2022-11-15,2343509,257965,460610,-202645,-8.647075816649306,2022-11-18
E-MINI S&P 500 - CHICAGO MERCANTILE EXCHANGE,2022-11-22,2304077,244703,436195,-191492,-8.311006967215071,2022-11-25
E-MINI S&P 500 - CHICAGO MERCANTILE EXCHANGE,2022-11-29,2314527,243451,447627,-204176,-8.821500030027734,2022-12-02
E-MINI S&P 500 - CHICAGO MERCANTILE EXCHANGE,2022-12-06,2287691,230914,434633,-203719,-8.905005090285357,2022-12-09
E-MINI S&P 500 - CHICAGO MERCANTILE EXCHANGE,2022-12-13,2477140,226507,456629,-230122,-9.289826170503082,2022-12-16
E-MINI S&P 500 - CHICAGO MERCANTILE EXCHANGE,2022-12-20,1986847,248641,408393,-159752,-8.04047820491462,2022-12-23
E-MINI S&P 500 - CHICAGO MERCANTILE EXCHANGE,2022-12-27,1961310,244976,419257,-174281,-8.885948677159654,2022-12-30
E-MINI S&P 500 - CHICAGO MERCANTILE EXCHANGE,2023-01-03,2010996,261260,428561,-167301,-8.319310431248992,2023-01-06
E-MINI S&P 500 - CHICAGO MERCANTILE EXCHANGE,2023-01-10,2032566,243503,456677,-213174,-10.487925115346808,2023-01-13
E-MINI S&P 500 - CHICAGO MERCANTILE EXCHANGE,2023-01-17,2056472,260337,487155,-226818,-11.029471833314531,2023-01-20
E-MINI S&P 500 - CHICAGO MERCANTILE EXCHANGE,2023-01-24,2024437,250474,459465,-208991,-10.323413373693526,2023-01-27
E-MINI S&P 500 - CHICAGO MERCANTILE EXCHANGE,2023-01-31,2061419,253439,475696,-222257,-10.781747912481645,2023-02-03
E-MINI S&P 500 - CHICAGO MERCANTILE EXCHANGE,2023-02-07,2053086,248117,465662,-217545,-10.596000362381313,2023-02-10
E-MINI S&P 500 - CHICAGO MERCANTILE EXCHANGE,2023-02-14,2076347,242274,488728,-246454,-11.869595977936251,2023-02-17
E-MINI S&P 500 - CHICAGO MERCANTILE EXCHANGE,2023-02-21,2074486,231808,466099,-234291,-11.29393015908519,2023-02-24
E-MINI S&P 500 - CHICAGO MERCANTILE EXCHANGE,2023-02-28,2113159,247954,431845,-183891,-8.702184738583325,2023-03-03
E-MINI S&P 500 - CHICAGO MERCANTILE EXCHANGE,2023-03-07,2133169,228302,437784,-209482,-9.820225214223534,2023-03-10
E-MINI S&P 500 - CHICAGO MERCANTILE EXCHANGE,2023-03-14,2550984,233300,353119,-119819,-4.6969718351820315,2023-03-17
E-MINI S&P 500 - CHICAGO MERCANTILE EXCHANGE,2023-03-21,2149005,203125,405605,-202480,-9.422034848685787,2023-03-24
E-MINI S&P 500 - CHICAGO MERCANTILE EXCHANGE,2023-03-28,2142232,199472,424128,-224656,-10.487006075905878,2023-03-31
E-MINI S&P 500 - CHICAGO MERCANTILE EXCHANGE,2023-04-04,2219512,163766,485225,-321459,-14.483318855676384,2023-04-07
E-MINI S&P 500 - CHICAGO MERCANTILE EXCHANGE,2023-04-11,2248469,207007,514619,-307612,-13.680953573298096,2023-04-14
E-MINI S&P 500 - CHICAGO MERCANTILE EXCHANGE,2023-04-18,2278321,204558,548815,-344257,-15.110118372257464,2023-04-21
E-MINI S&P 500 - CHICAGO MERCANTILE EXCHANGE,2023-04-25,2265794,207333,570600,-363267,-16.032657867396594,2023-04-28
E-MINI S&P 500 - CHICAGO MERCANTILE EXCHANGE,2023-05-02,2276183,208633,564044,-355411,-15.614342080579638,2023-05-05
E-MINI S&P 500 - CHICAGO MERCANTILE EXCHANGE,2023-05-09,2296259,204181,580204,-376023,-16.375461130473525,2023-05-12
E-MINI S&P 500 - CHICAGO MERCANTILE EXCHANGE,2023-05-16,2306298,201278,589999,-388721,-16.854760312847688,2023-05-19
E-MINI S&P 500 - CHICAGO MERCANTILE EXCHANGE,2023-05-23,2385936,195793,600085,-404292,-16.94479650753415,2023-05-26
E-MINI S&P 500 - CHICAGO MERCANTILE EXCHANGE,2023-05-30,2494943,187203,621373,-434170,-17.402000767151797,2023-06-02
E-MINI S&P 500 - CHICAGO MERCANTILE EXCHANGE,2023-06-06,2500232,258074,602605,-344531,-13.779961219598821,2023-06-09
E-MINI S&P 500 - CHICAGO MERCANTILE EXCHANGE,2023-06-13,2907468,258281,589694,-331413,-11.398680914114962,2023-06-16
E-MINI S&P 500 - CHICAGO MERCANTILE EXCHANGE,2023-06-20,2223815,210230,449561,-239331,-10.762181206620156,2023-06-23
E-MINI S&P 500 - CHICAGO MERCANTILE EXCHANGE,2023-06-27,2187114,222357,430607,-208250,-9.52168016847773,2023-06-30
E-MINI S&P 500 - CHICAGO MERCANTILE EXCHANGE,2023-07-03,2211004,223358,430597,-207239,-9.373072142791239,2023-07-06
E-MINI S&P 500 - CHICAGO MERCANTILE EXCHANGE,2023-07-11,2209607,224554,433533,-208979,-9.457745200843409,2023-07-14
E-MINI S&P 500 - CHICAGO MERCANTILE EXCHANGE,2023-07-18,2280677,235723,499408,-263685,-11.561698565820587,2023-07-21
E-MINI S&P 500 - CHICAGO MERCANTILE EXCHANGE,2023-07-25,2243361,238333,470948,-232615,-10.36904002521217,2023-07-28
E-MINI S&P 500 - CHICAGO MERCANTILE EXCHANGE,2023-08-01,2241749,236062,436110,-200048,-8.923746592504335,2023-08-04
E-MINI S&P 500 - CHICAGO MERCANTILE EXCHANGE,2023-08-08,2221709,240913,400483,-159570,-7.182308754206784,2023-08-11
E-MINI S&P 500 - CHICAGO MERCANTILE EXCHANGE,2023-08-15,2220084,258924,377332,-118408,-5.333491885892606,2023-08-18
E-MINI S&P 500 - CHICAGO MERCANTILE EXCHANGE,2023-08-22,2232226,235513,369004,-133491,-5.980174050476967,2023-08-25
E-MINI S&P 500 - CHICAGO MERCANTILE EXCHANGE,2023-08-29,2267572,262853,404959,-142106,-6.266879287625707,2023-09-01
E-MINI S&P 500 - CHICAGO MERCANTILE EXCHANGE,2023-09-05,2259160,245378,389589,-144211,-6.383390286655217,2023-09-08
E-MINI S&P 500 - CHICAGO MERCANTILE EXCHANGE,2023-09-12,2520164,279471,395804,-116333,-4.61608847678167,2023-09-15
E-MINI S&P 500 - CHICAGO MERCANTILE EXCHANGE,2023-09-19,2097946,202433,341424,-138991,-6.625099025427728,2023-09-22
E-MINI S&P 500 - CHICAGO MERCANTILE EXCHANGE,2023-09-26,2137648,266095,355376,-89281,-4.176599702102498,2023-09-29
E-MINI S&P 500 - CHICAGO MERCANTILE EXCHANGE,2023-10-03,2138034,239442,312677,-73235,-3.4253430955728486,2023-10-06
E-MINI S&P 500 - CHICAGO MERCANTILE EXCHANGE,2023-10-10,2073930,210930,305379,-94449,-4.554107419247515,2023-10-13
E-MINI S&P 500 - CHICAGO MERCANTILE EXCHANGE,2023-10-17,2112419,219942,283120,-63178,-2.9907892326285648,2023-10-20
E-MINI S&P 500 - CHICAGO MERCANTILE EXCHANGE,2023-10-24,2158452,282604,272419,10185,0.47186594837411255,2023-10-27
E-MINI S&P 500 - CHICAGO MERCANTILE EXCHANGE,2023-10-31,2174689,283793,279456,4337,0.19943081516483507,2023-11-03
E-MINI S&P 500 - CHICAGO MERCANTILE EXCHANGE,2023-11-07,2177947,272240,325661,-53421,-2.4528145083420303,2023-11-10
E-MINI S&P 500 - CHICAGO MERCANTILE EXCHANGE,2023-11-14,2192899,274348,327181,-52833,-2.4092764874260055,2023-11-17
E-MINI S&P 500 - CHICAGO MERCANTILE EXCHANGE,2023-11-21,2240214,246961,327041,-80080,-3.574658492447597,2023-11-24
E-MINI S&P 500 - CHICAGO MERCANTILE EXCHANGE,2023-11-28,2279894,281709,346736,-65027,-2.8521940055107824,2023-12-01
E-MINI S&P 500 - CHICAGO MERCANTILE EXCHANGE,2023-12-05,2314400,264209,311470,-47261,-2.042041133771172,2023-12-08
E-MINI S&P 500 - CHICAGO MERCANTILE EXCHANGE,2023-12-12,2670454,257533,322616,-65083,-2.4371511360989557,2023-12-15
E-MINI S&P 500 - CHICAGO MERCANTILE EXCHANGE,2023-12-19,2156203,248763,444158,-195395,-9.061994626665486,2023-12-22
E-MINI S&P 500 - CHICAGO MERCANTILE EXCHANGE,2023-12-26,2155313,251044,443506,-192462,-8.929654300790652,2023-12-29
E-MINI S&P 500 - CHICAGO MERCANTILE EXCHANGE,2024-01-02,2221215,257321,471409,-214088,-9.638328572425452,2024-01-05
E-MINI S&P 500 - CHICAGO MERCANTILE EXCHANGE,2024-01-09,2209328,272247,389296,-117049,-5.297945800714063,2024-01-12
E-MINI S&P 500 - CHICAGO MERCANTILE EXCHANGE,2024-01-16,2217057,260119,429365,-169246,-7.633813654768461,2024-01-19
E-MINI S&P 500 - CHICAGO MERCANTILE EXCHANGE,2024-01-23,2271312,280085,469558,-189473,-8.342006734433667,2024-01-26
E-MINI S&P 500 - CHICAGO MERCANTILE EXCHANGE,2024-01-30,2308955,284559,510521,-225962,-9.786331912055454,2024-02-02
E-MINI S&P 500 - CHICAGO MERCANTILE EXCHANGE,2024-02-06,2297385,278713,511675,-232962,-10.140311702217957,2024-02-09
E-MINI S&P 500 - CHICAGO MERCANTILE EXCHANGE,2024-02-13,2338964,292466,508244,-215778,-9.22536644428901,2024-02-16
E-MINI S&P 500 - CHICAGO MERCANTILE EXCHANGE,2024-02-20,2322953,271870,490400,-218530,-9.407422362828692,2024-02-23
E-MINI S&P 500 - CHICAGO MERCANTILE EXCHANGE,2024-02-27,2344340,298538,522761,-224223,-9.564440311558904,2024-03-01
E-MINI S&P 500 - CHICAGO MERCANTILE EXCHANGE,2024-03-05,2377697,285210,489650,-204440,-8.598236024186429,2024-03-08
E-MINI S&P 500 - CHICAGO MERCANTILE EXCHANGE,2024-03-12,2678339,280718,520545,-239827,-8.954318329382502,2024-03-15
E-MINI S&P 500 - CHICAGO MERCANTILE EXCHANGE,2024-03-19,2094749,258169,452338,-194169,-9.269320572536376,2024-03-22
E-MINI S&P 500 - CHICAGO MERCANTILE EXCHANGE,2024-03-26,2110848,296031,465470,-169439,-8.027058319689527,2024-03-29
E-MINI S&P 500 - CHICAGO MERCANTILE EXCHANGE,2024-04-02,2089222,290089,368211,-78122,-3.739286681836588,2024-04-05
E-MINI S&P 500 - CHICAGO MERCANTILE EXCHANGE,2024-04-09,2091937,285690,348604,-62914,-3.0074519452545654,2024-04-12
E-MINI S&P 500 - CHICAGO MERCANTILE EXCHANGE,2024-04-16,2100522,348567,274453,74114,3.5283610454925016,2024-04-19
E-MINI S&P 500 - CHICAGO MERCANTILE EXCHANGE,2024-04-23,2067890,320552,252874,67678,3.2728046462819593,2024-04-26
E-MINI S&P 500 - CHICAGO MERCANTILE EXCHANGE,2024-04-30,2006204,272813,229680,43133,2.149980759683462,2024-05-03
E-MINI S&P 500 - CHICAGO MERCANTILE EXCHANGE,2024-05-07,2030975,262778,272473,-9695,-0.4773569344772831,2024-05-10
E-MINI S&P 500 - CHICAGO MERCANTILE EXCHANGE,2024-05-14,2081097,273398,298682,-25284,-1.2149361610727418,2024-05-17
E-MINI S&P 500 - CHICAGO MERCANTILE EXCHANGE,2024-05-21,2148201,304226,327000,-22774,-1.0601428823466705,2024-05-24
E-MINI S&P 500 - CHICAGO MERCANTILE EXCHANGE,2024-05-28,2179731,330937,333145,-2208,-0.10129690314997583,2024-05-31
E-MINI S&P 500 - CHICAGO MERCANTILE EXCHANGE,2024-06-04,2160026,265433,330433,-65000,-3.0092230371301083,2024-06-07
E-MINI S&P 500 - CHICAGO MERCANTILE EXCHANGE,2024-06-11,2266096,270380,381794,-111414,-4.916561346033001,2024-06-14
E-MINI S&P 500 - CHICAGO MERCANTILE EXCHANGE,2024-06-18,2595590,314990,429100,-114110,-4.39630296002065,2024-06-21
E-MINI S&P 500 - CHICAGO MERCANTILE EXCHANGE,2024-06-25,1976080,271908,337155,-65247,-3.3018400064774704,2024-06-28
E-MINI S&P 500 - CHICAGO MERCANTILE EXCHANGE,2024-07-02,2037086,317417,329225,-11808,-0.5796515218306935,2024-07-05
E-MINI S&P 500 - CHICAGO MERCANTILE EXCHANGE,2024-07-09,2048220,309758,364769,-55011,-2.6857954711896186,2024-07-12
E-MINI S&P 500 - CHICAGO MERCANTILE EXCHANGE,2024-07-16,2090007,333866,399310,-65444,-3.1312813784834215,2024-07-19
E-MINI S&P 500 - CHICAGO MERCANTILE EXCHANGE,2024-07-23,2047183,336386,349607,-13221,-0.6458142725882347,2024-07-26
E-MINI S&P 500 - CHICAGO MERCANTILE EXCHANGE,2024-07-30,2046205,335181,323225,11956,0.5843011819441356,2024-08-02
E-MINI S&P 500 - CHICAGO MERCANTILE EXCHANGE,2024-08-06,2025834,326376,292386,33990,1.677827502154668,2024-08-09
E-MINI S&P 500 - CHICAGO MERCANTILE EXCHANGE,2024-08-13,2033008,285987,309438,-23451,-1.1535124308413935,2024-08-16
E-MINI S&P 500 - CHICAGO MERCANTILE EXCHANGE,2024-08-20,2050976,277634,362437,-84803,-4.134763156662974,2024-08-23
E-MINI S&P 500 - CHICAGO MERCANTILE EXCHANGE,2024-08-27,2098974,302165,384073,-81908,-3.9022874985588194,2024-08-30
E-MINI S&P 500 - CHICAGO MERCANTILE EXCHANGE,2024-09-03,2106791,322215,371034,-48819,-2.3172208349095853,2024-09-06
E-MINI S&P 500 - CHICAGO MERCANTILE EXCHANGE,2024-09-10,2156591,337420,396808,-59388,-2.7537905889433834,2024-09-13
E-MINI S&P 500 - CHICAGO MERCANTILE EXCHANGE,2024-09-17,2579860,298516,421464,-122948,-4.765684959648973,2024-09-20
E-MINI S&P 500 - CHICAGO MERCANTILE EXCHANGE,2024-09-24,2046032,289938,325691,-35753,-1.7474311252218928,2024-09-27
E-MINI S&P 500 - CHICAGO MERCANTILE EXCHANGE,2024-10-01,2081475,310708,303163,7545,0.36248333513494035,2024-10-04
E-MINI S&P 500 - CHICAGO MERCANTILE EXCHANGE,2024-10-08,2132773,322686,328330,-5644,-0.26463200725065444,2024-10-11
E-MINI S&P 500 - CHICAGO MERCANTILE EXCHANGE,2024-10-15,2185413,350227,322092,28135,1.287399681433212,2024-10-18
E-MINI S&P 500 - CHICAGO MERCANTILE EXCHANGE,2024-10-22,2186686,360779,337798,22981,1.050951073908188,2024-10-25
E-MINI S&P 500 - CHICAGO MERCANTILE EXCHANGE,2024-10-29,2168363,366915,304217,62698,2.8914900318811934,2024-11-01
E-MINI S&P 500 - CHICAGO MERCANTILE EXCHANGE,2024-11-05,2140451,374881,261441,113440,5.29981765525116,2024-11-08
E-MINI S&P 500 - CHICAGO MERCANTILE EXCHANGE,2024-11-12,2235256,360987,335986,25001,1.1184848625839725,2024-11-15
E-MINI S&P 500 - CHICAGO MERCANTILE EXCHANGE,2024-11-19,2259351,348339,313428,34911,1.545178239237728,2024-11-22
E-MINI S&P 500 - CHICAGO MERCANTILE EXCHANGE,2024-11-26,2272398,266965,345859,-78894,-3.4718390000343247,2024-11-29
E-MINI S&P 500 - CHICAGO MERCANTILE EXCHANGE,2024-12-03,2279466,257606,366216,-108610,-4.7647124370356915,2024-12-06
E-MINI S&P 500 - CHICAGO MERCANTILE EXCHANGE,2024-12-10,2324611,288876,372209,-83333,-3.584814835686487,2024-12-13
E-MINI S&P 500 - CHICAGO MERCANTILE EXCHANGE,2024-12-17,2596020,313420,353282,-39862,-1.535504348964954,2024-12-20
E-MINI S&P 500 - CHICAGO MERCANTILE EXCHANGE,2024-12-24,2083230,274748,338539,-63791,-3.062119881146105,2024-12-27
E-MINI S&P 500 - CHICAGO MERCANTILE EXCHANGE,2024-12-31,2058648,259743,316545,-56802,-2.759189526329902,2025-01-03
E-MINI S&P 500 - CHICAGO MERCANTILE EXCHANGE,2025-01-07,2069259,264667,326870,-62203,-3.006051924867791,2025-01-10
E-MINI S&P 500 - CHICAGO MERCANTILE EXCHANGE,2025-01-14,2044090,256358,286900,-30542,-1.494161215993425,2025-01-17
E-MINI S&P 500 - CHICAGO MERCANTILE EXCHANGE,2025-01-21,2036469,263815,339530,-75715,-3.7179549504559115,2025-01-24
E-MINI S&P 500 - CHICAGO MERCANTILE EXCHANGE,2025-01-28,2033094,252595,308749,-56154,-2.761997231805317,2025-01-31
E-MINI S&P 500 - CHICAGO MERCANTILE EXCHANGE,2025-02-04,2071863,306741,311558,-4817,-0.23249606754886784,2025-02-07
E-MINI S&P 500 - CHICAGO MERCANTILE EXCHANGE,2025-02-11,2096517,333661,350770,-17109,-0.8160677924386017,2025-02-14
E-MINI S&P 500 - CHICAGO MERCANTILE EXCHANGE,2025-02-18,2120653,313105,353071,-39966,-1.8846081843658533,2025-02-21
E-MINI S&P 500 - CHICAGO MERCANTILE EXCHANGE,2025-02-25,2126872,300949,333728,-32779,-1.5411834844786148,2025-02-28
E-MINI S&P 500 - CHICAGO MERCANTILE EXCHANGE,2025-03-04,2180944,366510,334407,32103,1.4719772722270723,2025-03-07
E-MINI S&P 500 - CHICAGO MERCANTILE EXCHANGE,2025-03-11,2282648,378925,298312,80613,3.5315563328204784,2025-03-14
E-MINI S&P 500 - CHICAGO MERCANTILE EXCHANGE,2025-03-18,2560662,342952,274641,68311,2.6677085847331665,2025-03-21
E-MINI S&P 500 - CHICAGO MERCANTILE EXCHANGE,2025-03-25,2074351,263754,317116,-53362,-2.572467243971729,2025-03-28
E-MINI S&P 500 - CHICAGO MERCANTILE EXCHANGE,2025-04-01,2111750,300366,319388,-19022,-0.9007695039659049,2025-04-04
E-MINI S&P 500 - CHICAGO MERCANTILE EXCHANGE,2025-04-08,2332802,321451,350138,-28687,-1.2297228826106974,2025-04-11
E-MINI S&P 500 - CHICAGO MERCANTILE EXCHANGE,2025-04-15,2181908,254206,317303,-63097,-2.891826786463957,2025-04-18
E-MINI S&P 500 - CHICAGO MERCANTILE EXCHANGE,2025-04-22,2209656,260930,336865,-75935,-3.436507764104458,2025-04-25
E-MINI S&P 500 - CHICAGO MERCANTILE EXCHANGE,2025-04-29,2134084,240096,318762,-78666,-3.6861716783406844,2025-05-02
E-MINI S&P 500 - CHICAGO MERCANTILE EXCHANGE,2025-05-06,2133652,251351,327756,-76405,-3.580949470672818,2025-05-09
E-MINI S&P 500 - CHICAGO MERCANTILE EXCHANGE,2025-05-13,2125890,243291,365485,-122194,-5.747898527205077,2025-05-16
E-MINI S&P 500 - CHICAGO MERCANTILE EXCHANGE,2025-05-20,2113668,246588,343157,-96569,-4.568787529545794,2025-05-23
E-MINI S&P 500 - CHICAGO MERCANTILE EXCHANGE,2025-05-27,2112166,259592,312562,-52970,-2.5078521290466753,2025-05-30
E-MINI S&P 500 - CHICAGO MERCANTILE EXCHANGE,2025-06-03,2123862,253198,322613,-69415,-3.2683385267027707,2025-06-06
E-MINI S&P 500 - CHICAGO MERCANTILE EXCHANGE,2025-06-10,2223909,216963,344631,-127668,-5.740702519752381,2025-06-13
E-MINI S&P 500 - CHICAGO MERCANTILE EXCHANGE,2025-06-17,2450146,220066,394213,-174147,-7.107617260359178,2025-06-20
E-MINI S&P 500 - CHICAGO MERCANTILE EXCHANGE,2025-06-24,1886352,211448,356223,-144775,-7.674866620863975,2025-06-27
E-MINI S&P 500 - CHICAGO MERCANTILE EXCHANGE,2025-07-01,1887354,243463,330272,-86809,-4.599508094400944,2025-07-04
E-MINI S&P 500 - CHICAGO MERCANTILE EXCHANGE,2025-07-08,1899046,231861,371879,-140018,-7.373070478545543,2025-07-11
E-MINI S&P 500 - CHICAGO MERCANTILE EXCHANGE,2025-07-15,1935859,231049,398827,-167778,-8.666850219979864,2025-07-18
E-MINI S&P 500 - CHICAGO MERCANTILE EXCHANGE,2025-07-22,1917043,219848,388329,-168481,-8.788587423443293,2025-07-25
E-MINI S&P 500 - CHICAGO MERCANTILE EXCHANGE,2025-07-29,1941931,232741,395922,-163181,-8.403027707987565,2025-08-01
E-MINI S&P 500 - CHICAGO MERCANTILE EXCHANGE,2025-08-05,1909338,231427,371073,-139646,-7.313843855828564,2025-08-08
E-MINI S&P 500 - CHICAGO MERCANTILE EXCHANGE,2025-08-12,1967857,222421,414478,-192057,-9.759703067855034,2025-08-15
E-MINI S&P 500 - CHICAGO MERCANTILE EXCHANGE,2025-08-19,1974585,221430,392928,-171498,-8.685268043664871,2025-08-22
E-MINI S&P 500 - CHICAGO MERCANTILE EXCHANGE,2025-08-26,2018365,223665,411417,-187752,-9.302182707290306,2025-08-29
E-MINI S&P 500 - CHICAGO MERCANTILE EXCHANGE,2025-09-02,1997661,223530,384590,-161060,-8.062429010728046,2025-09-05
E-MINI S&P 500 - CHICAGO MERCANTILE EXCHANGE,2025-09-09,2035158,235086,408751,-173665,-8.533244101932134,2025-09-12
E-MINI S&P 500 - CHICAGO MERCANTILE EXCHANGE,2025-09-16,2435899,220582,445656,-225074,-9.23987406702823,2025-09-19
E-MINI S&P 500 - CHICAGO MERCANTILE EXCHANGE,2025-09-23,1950977,228168,400717,-172549,-8.844235477916962,2025-09-26
E-MINI S&P 500 - CHICAGO MERCANTILE EXCHANGE,2025-09-30,1942253,224202,360891,-136689,-7.037651634467807,2025-10-03
E-MINI S&P 500 - CHICAGO MERCANTILE EXCHANGE,2025-10-07,1951558,229017,373108,-144091,-7.383382917648361,2025-10-10
E-MINI S&P 500 - CHICAGO MERCANTILE EXCHANGE,2025-10-14,1929048,213826,379509,-165683,-8.58884797060519,2025-10-17
E-MINI S&P 500 - CHICAGO MERCANTILE EXCHANGE,2025-10-21,1882544,222837,368187,-145350,-7.720935075089878,2025-10-24
E-MINI S&P 500 - CHICAGO MERCANTILE EXCHANGE,2025-10-28,1929734,220321,370456,-150135,-7.78008782557596,2025-10-31
E-MINI S&P 500 - CHICAGO MERCANTILE EXCHANGE,2025-11-04,1956133,221734,385679,-163945,-8.381076337856372,2025-11-07
E-MINI S&P 500 - CHICAGO MERCANTILE EXCHANGE,2025-11-10,1981117,228657,386587,-157930,-7.971765423243554,2025-11-13
E-MINI S&P 500 - CHICAGO MERCANTILE EXCHANGE,2025-11-18,2037320,226755,374160,-147405,-7.2352404138770545,2025-11-21
E-MINI S&P 500 - CHICAGO MERCANTILE EXCHANGE,2025-11-25,2070962,243930,399208,-155278,-7.497868140506682,2025-11-28
E-MINI S&P 500 - CHICAGO MERCANTILE EXCHANGE,2025-12-02,2074887,226401,422068,-195667,-9.430248490640695,2025-12-05
E-MINI S&P 500 - CHICAGO MERCANTILE EXCHANGE,2025-12-09,2141031,227422,417867,-190445,-8.895013663977776,2025-12-12
E-MINI S&P 500 - CHICAGO MERCANTILE EXCHANGE,2025-12-16,2466313,247967,413986,-166019,-6.731465146556824,2025-12-19
E-MINI S&P 500 - CHICAGO MERCANTILE EXCHANGE,2025-12-23,1911017,240524,322344,-81820,-4.28148990825304,2025-12-26
E-MINI S&P 500 - CHICAGO MERCANTILE EXCHANGE,2025-12-30,1936495,224927,319342,-94415,-4.875561258872344,2026-01-02
E-MINI S&P 500 - CHICAGO MERCANTILE EXCHANGE,2026-01-06,1945513,227064,333152,-106088,-5.452957651786444,2026-01-09
E-MINI S&P 500 - CHICAGO MERCANTILE EXCHANGE,2026-01-13,1909351,247686,369813,-122127,-6.396257157536775,2026-01-16
E-MINI S&P 500 - CHICAGO MERCANTILE EXCHANGE,2026-01-20,1926910,246594,328370,-81776,-4.243893072328235,2026-01-23
E-MINI S&P 500 - CHICAGO MERCANTILE EXCHANGE,2026-01-27,1897461,245442,345229,-99787,-5.258975019776427,2026-01-30
E-MINI S&P 500 - CHICAGO MERCANTILE EXCHANGE,2026-02-03,1928476,248468,381409,-132941,-6.893578141496187,2026-02-06
E-MINI S&P 500 - CHICAGO MERCANTILE EXCHANGE,2026-02-10,1934958,242378,347507,-105129,-5.433141184459818,2026-02-13
E-MINI S&P 500 - CHICAGO MERCANTILE EXCHANGE,2026-02-17,1966090,196426,374257,-177831,-9.044906387805238,2026-02-20
E-MINI S&P 500 - CHICAGO MERCANTILE EXCHANGE,2026-02-24,2017196,201411,394894,-193483,-9.591680729091273,2026-02-27
E-MINI S&P 500 - CHICAGO MERCANTILE EXCHANGE,2026-03-03,2060733,208740,376956,-168216,-8.162920669489933,2026-03-06
E-MINI S&P 500 - CHICAGO MERCANTILE EXCHANGE,2026-03-10,1996720,198229,332734,-134505,-6.736297527945831,2026-03-13
E-MINI S&P 500 - CHICAGO MERCANTILE EXCHANGE,2026-03-17,2330659,208531,321588,-113057,-4.850859778285884,2026-03-20
E-MINI S&P 500 - CHICAGO MERCANTILE EXCHANGE,2026-03-24,1879423,214137,295028,-80891,-4.304033738014273,2026-03-27
E-MINI S&P 500 - CHICAGO MERCANTILE EXCHANGE,2026-03-31,1947769,241389,283868,-42479,-2.1809054359115483,2026-04-03
E-MINI S&P 500 - CHICAGO MERCANTILE EXCHANGE,2026-04-07,1929090,233095,278761,-45666,-2.3672301447832917,2026-04-10
E-MINI S&P 500 - CHICAGO MERCANTILE EXCHANGE,2026-04-14,1959076,236683,352445,-115762,-5.90901016601704,2026-04-17
E-MINI S&P 500 - CHICAGO MERCANTILE EXCHANGE,2026-04-21,1963317,235119,345225,-110106,-5.608162105253507,2026-04-24
E-MINI S&P 500 - CHICAGO MERCANTILE EXCHANGE,2026-04-28,1959933,244296,345736,-101440,-5.175687128080399,2026-05-01
E-MINI S&P 500 - CHICAGO MERCANTILE EXCHANGE,2026-05-05,1987685,256838,360723,-103885,-5.226431753522314,2026-05-08
E-MINI S&P 500 - CHICAGO MERCANTILE EXCHANGE,2026-05-12,2056229,265505,409340,-143835,-6.995086636751062,2026-05-15
E-MINI S&P 500 - CHICAGO MERCANTILE EXCHANGE,2026-05-19,2068443,270382,410987,-140605,-6.797625073545658,2026-05-22
E-MINI S&P 500 - CHICAGO MERCANTILE EXCHANGE,2026-05-26,2093621,254188,420019,-165831,-7.920774581454809,2026-05-29
E-MINI S&P 500 - CHICAGO MERCANTILE EXCHANGE,2026-06-02,2149231,269402,490170,-220768,-10.271953084614916,2026-06-05
E-MINI S&P 500 - CHICAGO MERCANTILE EXCHANGE,2026-06-09,2203164,267483,473127,-205644,-9.33403051248114,2026-06-12
E-MINI S&P 500 - CHICAGO MERCANTILE EXCHANGE,2026-06-16,2579920,262370,456348,-193978,-7.51876027163633,2026-06-19
E-MINI S&P 500 - CHICAGO MERCANTILE EXCHANGE,2026-06-23,1980254,251385,286833,-35448,-1.790073394625134,2026-06-26
E-MINI S&P 500 - CHICAGO MERCANTILE EXCHANGE,2026-06-30,1967167,249934,287526,-37592,-1.9109714630227124,2026-07-03
E-MINI S&P 500 - CHICAGO MERCANTILE EXCHANGE,2026-07-07,1969636,244103,286994,-42891,-2.1776104823429305,2026-07-10
E-MINI S&P 500 - CHICAGO MERCANTILE EXCHANGE,2026-07-14,1941500,256435,295373,-38938,-2.005562709245429,2026-07-17
E-MINI S&P 500 - CHICAGO MERCANTILE EXCHANGE,2026-07-21,1939493,256150,272934,-16784,-0.8653807979714286,2026-07-24
E-MINI S&P 500 STOCK INDEX - CHICAGO MERCANTILE EXCHANGE,2020-01-07,2709583,419123,378302,40821,1.5065417815213633,2020-01-10
E-MINI S&P 500 STOCK INDEX - CHICAGO MERCANTILE EXCHANGE,2020-01-14,2703002,402361,369343,33018,1.2215307276872158,2020-01-17
E-MINI S&P 500 STOCK INDEX - CHICAGO MERCANTILE EXCHANGE,2020-01-21,2772927,428833,424242,4591,0.16556512306310264,2020-01-24
E-MINI S&P 500 STOCK INDEX - CHICAGO MERCANTILE EXCHANGE,2020-01-28,2741743,426210,409449,16761,0.6113264445281705,2020-01-31
E-MINI S&P 500 STOCK INDEX - CHICAGO MERCANTILE EXCHANGE,2020-02-04,2697443,439867,393731,46136,1.7103605154956008,2020-02-07
E-MINI S&P 500 STOCK INDEX - CHICAGO MERCANTILE EXCHANGE,2020-02-11,2779131,451855,417061,34794,1.2519740883031423,2020-02-14
E-MINI S&P 500 STOCK INDEX - CHICAGO MERCANTILE EXCHANGE,2020-02-18,2839347,470753,440981,29772,1.0485509520322807,2020-02-21
E-MINI S&P 500 STOCK INDEX - CHICAGO MERCANTILE EXCHANGE,2020-02-25,2843780,440884,385268,55616,1.9557068408948652,2020-02-28
E-MINI S&P 500 STOCK INDEX - CHICAGO MERCANTILE EXCHANGE,2020-03-03,3065867,418869,413663,5206,0.16980514810329345,2020-03-06
E-MINI S&P 500 STOCK INDEX - CHICAGO MERCANTILE EXCHANGE,2020-03-10,3438566,431984,433626,-1642,-0.04775246425399425,2020-03-13
E-MINI S&P 500 STOCK INDEX - CHICAGO MERCANTILE EXCHANGE,2020-03-17,4554164,470504,453547,16957,0.3723405656888948,2020-03-20
E-MINI S&P 500 STOCK INDEX - CHICAGO MERCANTILE EXCHANGE,2020-03-24,3320161,390913,378225,12688,0.3821501427189826,2020-03-27
E-MINI S&P 500 STOCK INDEX - CHICAGO MERCANTILE EXCHANGE,2020-03-31,3439568,428621,457441,-28820,-0.837895921813437,2020-04-03
E-MINI S&P 500 STOCK INDEX - CHICAGO MERCANTILE EXCHANGE,2020-04-07,3447518,369416,509441,-140025,-4.0616176623298275,2020-04-10
E-MINI S&P 500 STOCK INDEX - CHICAGO MERCANTILE EXCHANGE,2020-04-14,3434258,368759,586540,-217781,-6.341428046465933,2020-04-17
E-MINI S&P 500 STOCK INDEX - CHICAGO MERCANTILE EXCHANGE,2020-04-21,3389559,366146,558802,-192656,-5.683807244541252,2020-04-24
E-MINI S&P 500 STOCK INDEX - CHICAGO MERCANTILE EXCHANGE,2020-04-28,3327759,347843,613451,-265608,-7.981587608958461,2020-05-01
E-MINI S&P 500 STOCK INDEX - CHICAGO MERCANTILE EXCHANGE,2020-05-05,3245239,325128,547542,-222414,-6.853547612363835,2020-05-08
E-MINI S&P 500 STOCK INDEX - CHICAGO MERCANTILE EXCHANGE,2020-05-12,3249482,305828,542093,-236265,-7.270851169509479,2020-05-15
E-MINI S&P 500 STOCK INDEX - CHICAGO MERCANTILE EXCHANGE,2020-05-19,3213651,316699,569562,-252863,-7.868402636129436,2020-05-22
E-MINI S&P 500 STOCK INDEX - CHICAGO MERCANTILE EXCHANGE,2020-05-26,3202921,326600,603308,-276708,-8.63923899465519,2020-05-29
E-MINI S&P 500 STOCK INDEX - CHICAGO MERCANTILE EXCHANGE,2020-06-02,3215453,371808,597604,-225796,-7.022214288313341,2020-06-05
E-MINI S&P 500 STOCK INDEX - CHICAGO MERCANTILE EXCHANGE,2020-06-09,3277813,374110,602239,-228129,-6.959793008325978,2020-06-12
E-MINI S&P 500 STOCK INDEX - CHICAGO MERCANTILE EXCHANGE,2020-06-16,3493739,345594,648899,-303305,-8.681386903829965,2020-06-19
E-MINI S&P 500 STOCK INDEX - CHICAGO MERCANTILE EXCHANGE,2020-06-23,2603271,333015,430093,-97078,-3.72907776408987,2020-06-26
E-MINI S&P 500 STOCK INDEX - CHICAGO MERCANTILE EXCHANGE,2020-06-30,2647722,366138,415732,-49594,-1.8730818416737103,2020-07-03
E-MINI S&P 500 STOCK INDEX - CHICAGO MERCANTILE EXCHANGE,2020-07-07,2618026,363878,400052,-36174,-1.381728065343889,2020-07-10
E-MINI S&P 500 STOCK INDEX - CHICAGO MERCANTILE EXCHANGE,2020-07-14,2625841,378655,407268,-28613,-1.0896699381264898,2020-07-17
E-MINI S&P 500 STOCK INDEX - CHICAGO MERCANTILE EXCHANGE,2020-07-21,2633214,374266,417256,-42990,-1.6326056294702975,2020-07-24
E-MINI S&P 500 STOCK INDEX - CHICAGO MERCANTILE EXCHANGE,2020-07-28,2647149,374943,414156,-39213,-1.4813295360404721,2020-07-31
E-MINI S&P 500 STOCK INDEX - CHICAGO MERCANTILE EXCHANGE,2020-08-04,2676398,393492,438254,-44762,-1.6724717325300649,2020-08-07
E-MINI S&P 500 STOCK INDEX - CHICAGO MERCANTILE EXCHANGE,2020-08-11,2694088,391788,457685,-65897,-2.445985431804752,2020-08-14
E-MINI S&P 500 STOCK INDEX - CHICAGO MERCANTILE EXCHANGE,2020-08-18,2729290,414783,479629,-64846,-2.3759292709825632,2020-08-21
E-MINI S&P 500 STOCK INDEX - CHICAGO MERCANTILE EXCHANGE,2020-08-25,2746170,406903,493532,-86629,-3.1545388668582057,2020-08-28
E-MINI S&P 500 STOCK INDEX - CHICAGO MERCANTILE EXCHANGE,2020-09-01,2789621,443299,468915,-25616,-0.9182609393892576,2020-09-04
E-MINI S&P 500 STOCK INDEX - CHICAGO MERCANTILE EXCHANGE,2020-09-08,2706399,417041,398737,18304,0.6763230403203667,2020-09-11
E-MINI S&P 500 STOCK INDEX - CHICAGO MERCANTILE EXCHANGE,2020-09-15,2908148,398629,377138,21491,0.7389926509930032,2020-09-18
E-MINI S&P 500 STOCK INDEX - CHICAGO MERCANTILE EXCHANGE,2020-09-22,2472951,355632,295923,59709,2.414483748363797,2020-09-25
E-MINI S&P 500 STOCK INDEX - CHICAGO MERCANTILE EXCHANGE,2020-09-29,2473492,368159,295965,72194,2.9187076408575408,2020-10-02
E-MINI S&P 500 STOCK INDEX - CHICAGO MERCANTILE EXCHANGE,2020-10-06,2476190,402626,328663,73963,2.986967882109208,2020-10-09
E-MINI S&P 500 STOCK INDEX - CHICAGO MERCANTILE EXCHANGE,2020-10-13,2471530,379772,339563,40209,1.6268869890310862,2020-10-16
E-MINI S&P 500 STOCK INDEX - CHICAGO MERCANTILE EXCHANGE,2020-10-20,2435244,396452,338622,57830,2.3747107066068125,2020-10-23
E-MINI S&P 500 STOCK INDEX - CHICAGO MERCANTILE EXCHANGE,2020-10-27,2436946,427706,312267,115439,4.737035617531124,2020-10-30
E-MINI S&P 500 STOCK INDEX - CHICAGO MERCANTILE EXCHANGE,2020-11-03,2410740,373270,294493,78777,3.2677518106473533,2020-11-06
E-MINI S&P 500 STOCK INDEX - CHICAGO MERCANTILE EXCHANGE,2020-11-10,2460742,366600,328841,37759,1.534455867376588,2020-11-13
E-MINI S&P 500 STOCK INDEX - CHICAGO MERCANTILE EXCHANGE,2020-11-17,2534850,383760,344923,38837,1.5321222163047123,2020-11-20
E-MINI S&P 500 STOCK INDEX - CHICAGO MERCANTILE EXCHANGE,2020-11-24,2549321,363836,377189,-13353,-0.5237865298250005,2020-11-27
E-MINI S&P 500 STOCK INDEX - CHICAGO MERCANTILE EXCHANGE,2020-12-01,2617521,360356,384722,-24366,-0.9308807837644855,2020-12-04
E-MINI S&P 500 STOCK INDEX - CHICAGO MERCANTILE EXCHANGE,2020-12-08,2715113,375872,418586,-42714,-1.5731941911809932,2020-12-11
E-MINI S&P 500 STOCK INDEX - CHICAGO MERCANTILE EXCHANGE,2020-12-15,2999769,367560,402247,-34687,-1.1563223701558354,2020-12-18
E-MINI S&P 500 STOCK INDEX - CHICAGO MERCANTILE EXCHANGE,2020-12-21,2475909,333189,357745,-24556,-0.9917973560417608,2020-12-24
E-MINI S&P 500 STOCK INDEX - CHICAGO MERCANTILE EXCHANGE,2020-12-29,2498905,352821,383653,-30832,-1.2338204133410433,2021-01-01
E-MINI S&P 500 STOCK INDEX - CHICAGO MERCANTILE EXCHANGE,2021-01-05,2553480,347249,382054,-34805,-1.3630418096088475,2021-01-08
E-MINI S&P 500 STOCK INDEX - CHICAGO MERCANTILE EXCHANGE,2021-01-12,2578114,360011,377622,-17611,-0.6830962478773243,2021-01-15
E-MINI S&P 500 STOCK INDEX - CHICAGO MERCANTILE EXCHANGE,2021-01-19,2599308,376360,378300,-1940,-0.0746352490739843,2021-01-22
E-MINI S&P 500 STOCK INDEX - CHICAGO MERCANTILE EXCHANGE,2021-01-26,2617305,371870,400245,-28375,-1.084130431875536,2021-01-29
E-MINI S&P 500 STOCK INDEX - CHICAGO MERCANTILE EXCHANGE,2021-02-02,2640747,364571,399433,-34862,-1.3201567586747236,2021-02-05
E-MINI S&P 500 STOCK INDEX - CHICAGO MERCANTILE EXCHANGE,2021-02-09,2619444,342806,414309,-71503,-2.7297014175527328,2021-02-12
E-MINI S&P 500 STOCK INDEX - CHICAGO MERCANTILE EXCHANGE,2021-02-16,2636295,347018,426879,-79861,-3.0292892108053158,2021-02-19
E-MINI S&P 500 STOCK INDEX - CHICAGO MERCANTILE EXCHANGE,2021-02-23,2652739,355414,386701,-31287,-1.1794224761652012,2021-02-26
E-MINI S&P 500 STOCK INDEX - CHICAGO MERCANTILE EXCHANGE,2021-03-02,2767213,395610,372421,23189,0.8379911484948935,2021-03-05
E-MINI S&P 500 STOCK INDEX - CHICAGO MERCANTILE EXCHANGE,2021-03-09,2779898,399052,381261,17791,0.639987510333113,2021-03-12
E-MINI S&P 500 STOCK INDEX - CHICAGO MERCANTILE EXCHANGE,2021-03-16,3063652,386620,390794,-4174,-0.13624262807916826,2021-03-19
E-MINI S&P 500 STOCK INDEX - CHICAGO MERCANTILE EXCHANGE,2021-03-23,2540184,304988,333294,-28306,-1.114328725793092,2021-03-26
E-MINI S&P 500 STOCK INDEX - CHICAGO MERCANTILE EXCHANGE,2021-03-30,2564664,306648,356979,-50331,-1.96247929553345,2021-04-02
E-MINI S&P 500 STOCK INDEX - CHICAGO MERCANTILE EXCHANGE,2021-04-06,2611712,341622,386965,-45343,-1.7361408914918643,2021-04-09
E-MINI S&P 500 STOCK INDEX - CHICAGO MERCANTILE EXCHANGE,2021-04-13,2643642,349328,389424,-40096,-1.5166955283657924,2021-04-16
E-MINI S&P 500 STOCK INDEX - CHICAGO MERCANTILE EXCHANGE,2021-04-20,2687111,364997,417158,-52161,-1.9411553895615032,2021-04-23
E-MINI S&P 500 STOCK INDEX - CHICAGO MERCANTILE EXCHANGE,2021-04-27,2713231,406989,404705,2284,0.08418007902755055,2021-04-30
E-MINI S&P 500 STOCK INDEX - CHICAGO MERCANTILE EXCHANGE,2021-05-04,2705647,373636,407451,-33815,-1.2497934874726822,2021-05-07
E-MINI S&P 500 STOCK INDEX - CHICAGO MERCANTILE EXCHANGE,2021-05-11,2655280,356832,393649,-36817,-1.3865581031002379,2021-05-14
E-MINI S&P 500 STOCK INDEX - CHICAGO MERCANTILE EXCHANGE,2021-05-18,2619960,356399,379590,-23191,-0.8851661857432938,2021-05-21
E-MINI S&P 500 STOCK INDEX - CHICAGO MERCANTILE EXCHANGE,2021-05-25,2735735,393620,412108,-18488,-0.6757964495830189,2021-05-28
E-MINI S&P 500 STOCK INDEX - CHICAGO MERCANTILE EXCHANGE,2021-06-01,2767524,390376,422451,-32075,-1.158978205789724,2021-06-04
E-MINI S&P 500 STOCK INDEX - CHICAGO MERCANTILE EXCHANGE,2021-06-08,2816156,387442,402122,-14680,-0.5212779405686332,2021-06-11
E-MINI S&P 500 STOCK INDEX - CHICAGO MERCANTILE EXCHANGE,2021-06-15,3117658,395561,412224,-16663,-0.5344717092124922,2021-06-18
E-MINI S&P 500 STOCK INDEX - CHICAGO MERCANTILE EXCHANGE,2021-06-22,2563884,364240,304905,59335,2.3142622677157,2021-06-25
E-MINI S&P 500 STOCK INDEX - CHICAGO MERCANTILE EXCHANGE,2021-06-29,2571895,378762,323595,55167,2.144994255208708,2021-07-02
E-MINI S&P 500 STOCK INDEX - CHICAGO MERCANTILE EXCHANGE,2021-07-06,2610712,403183,327626,75557,2.8941147089376384,2021-07-09
E-MINI S&P 500 STOCK INDEX - CHICAGO MERCANTILE EXCHANGE,2021-07-13,2632508,408065,332626,75439,2.865670303755962,2021-07-16
E-MINI S&P 500 STOCK INDEX - CHICAGO MERCANTILE EXCHANGE,2021-07-20,2667977,401083,366905,34178,1.2810455262545368,2021-07-23
E-MINI S&P 500 STOCK INDEX - CHICAGO MERCANTILE EXCHANGE,2021-07-27,2666461,421612,382237,39375,1.476676388666476,2021-07-30
E-MINI S&P 500 STOCK INDEX - CHICAGO MERCANTILE EXCHANGE,2021-08-03,2697035,439711,398445,41266,1.5300505925952017,2021-08-06
E-MINI S&P 500 STOCK INDEX - CHICAGO MERCANTILE EXCHANGE,2021-08-10,2696698,438866,415755,23111,0.8570110557429865,2021-08-13
E-MINI S&P 500 STOCK INDEX - CHICAGO MERCANTILE EXCHANGE,2021-08-17,2716225,429395,402060,27335,1.0063599296818195,2021-08-20
E-MINI S&P 500 STOCK INDEX - CHICAGO MERCANTILE EXCHANGE,2021-08-24,2744903,443206,428313,14893,0.5425692638319096,2021-08-27
E-MINI S&P 500 STOCK INDEX - CHICAGO MERCANTILE EXCHANGE,2021-08-31,2776075,389721,418445,-28724,-1.0346982700395342,2021-09-03
E-MINI S&P 500 STOCK INDEX - CHICAGO MERCANTILE EXCHANGE,2021-09-07,2827555,417586,445951,-28365,-1.0031635105241101,2021-09-10
E-MINI S&P 500 STOCK INDEX - CHICAGO MERCANTILE EXCHANGE,2021-09-14,3051765,401492,437334,-35842,-1.1744678898932257,2021-09-17
E-MINI S&P 500 STOCK INDEX - CHICAGO MERCANTILE EXCHANGE,2021-09-21,2453181,375136,325321,49815,2.030628803989596,2021-09-24
E-MINI S&P 500 STOCK INDEX - CHICAGO MERCANTILE EXCHANGE,2021-09-28,2457374,382495,309338,73157,2.9770397180079224,2021-10-01
E-MINI S&P 500 STOCK INDEX - CHICAGO MERCANTILE EXCHANGE,2021-10-05,2437353,369731,296947,72784,2.9861903466588546,2021-10-08
E-MINI S&P 500 STOCK INDEX - CHICAGO MERCANTILE EXCHANGE,2021-10-12,2403163,379901,281118,98783,4.110540982863002,2021-10-15
E-MINI S&P 500 STOCK INDEX - CHICAGO MERCANTILE EXCHANGE,2021-10-19,2386587,350155,282536,67619,2.8332928990227466,2021-10-22
E-MINI S&P 500 STOCK INDEX - CHICAGO MERCANTILE EXCHANGE,2021-10-26,2404805,352672,256184,96488,4.012300373626967,2021-10-29
E-MINI S&P 500 STOCK INDEX - CHICAGO MERCANTILE EXCHANGE,2021-11-02,2431931,370716,245214,125502,5.1605904937270015,2021-11-05
E-MINI S&P 500 STOCK INDEX - CHICAGO MERCANTILE EXCHANGE,2021-11-09,2437804,387391,289831,97560,4.001962421917431,2021-11-12
E-MINI S&P 500 STOCK INDEX - CHICAGO MERCANTILE EXCHANGE,2021-11-16,2454894,388285,277133,111152,4.5277718712091035,2021-11-19
E-MINI S&P 500 STOCK INDEX - CHICAGO MERCANTILE EXCHANGE,2021-11-23,2455317,377514,253700,123814,5.04268898883525,2021-11-26
E-MINI S&P 500 STOCK INDEX - CHICAGO MERCANTILE EXCHANGE,2021-11-30,2510714,425700,245975,179725,7.158322293976932,2021-12-03
E-MINI S&P 500 STOCK INDEX - CHICAGO MERCANTILE EXCHANGE,2021-12-07,2514383,437939,272543,165396,6.5779954764250315,2021-12-10
E-MINI S&P 500 STOCK INDEX - CHICAGO MERCANTILE EXCHANGE,2021-12-14,2754633,441419,273645,167774,6.0906117076213055,2021-12-17
E-MINI S&P 500 STOCK INDEX - CHICAGO MERCANTILE EXCHANGE,2021-12-21,2262123,414346,277965,136381,6.0288940963864475,2021-12-24
E-MINI S&P 500 STOCK INDEX - CHICAGO MERCANTILE EXCHANGE,2021-12-28,2287852,403614,300320,103294,4.514889949175034,2021-12-31
E-MINI S&P 500 STOCK INDEX - CHICAGO MERCANTILE EXCHANGE,2022-01-04,2297290,407706,298674,109032,4.746113899420622,2022-01-07
E-MINI S&P 500 STOCK INDEX - CHICAGO MERCANTILE EXCHANGE,2022-01-11,2283672,389727,312321,77406,3.3895410549325824,2022-01-14
E-MINI S&P 500 STOCK INDEX - CHICAGO MERCANTILE EXCHANGE,2022-01-18,2309982,408370,283141,125229,5.421211074372008,2022-01-21
E-MINI S&P 500 STOCK INDEX - CHICAGO MERCANTILE EXCHANGE,2022-01-25,2378857,462479,235632,226847,9.535966222433714,2022-01-28
E-MINI S&P 500 STOCK INDEX - CHICAGO MERCANTILE EXCHANGE,2022-02-01,2283969,403492,244740,158752,6.950707299442331,2022-02-04
EURO FX - CHICAGO MERCANTILE EXCHANGE,2020-01-07,555940,164813,226477,-61664,-11.091844443644998,2020-01-10
EURO FX - CHICAGO MERCANTILE EXCHANGE,2020-01-14,571239,163881,212063,-48182,-8.434648194538537,2020-01-17
EURO FX - CHICAGO MERCANTILE EXCHANGE,2020-01-21,582164,168216,215235,-47019,-8.076590101758267,2020-01-24
EURO FX - CHICAGO MERCANTILE EXCHANGE,2020-01-28,598793,180653,239515,-58862,-9.830108234398198,2020-01-31
EURO FX - CHICAGO MERCANTILE EXCHANGE,2020-02-04,594698,166925,242005,-75080,-12.624895325022113,2020-02-07
EURO FX - CHICAGO MERCANTILE EXCHANGE,2020-02-11,612444,169475,255144,-85669,-13.988054418036588,2020-02-14
EURO FX - CHICAGO MERCANTILE EXCHANGE,2020-02-18,617487,170586,262093,-91507,-14.819259352828482,2020-02-21
EURO FX - CHICAGO MERCANTILE EXCHANGE,2020-02-25,625563,157587,271608,-114021,-18.22694117139281,2020-02-28
EURO FX - CHICAGO MERCANTILE EXCHANGE,2020-03-03,640357,151904,238607,-86703,-13.539791085285238,2020-03-06
EURO FX - CHICAGO MERCANTILE EXCHANGE,2020-03-10,659151,153820,166487,-12667,-1.921714447827584,2020-03-13
EURO FX - CHICAGO MERCANTILE EXCHANGE,2020-03-17,588116,147133,114638,32495,5.525270524862442,2020-03-20
EURO FX - CHICAGO MERCANTILE EXCHANGE,2020-03-24,571086,152360,91070,61290,10.732183944274592,2020-03-27
EURO FX - CHICAGO MERCANTILE EXCHANGE,2020-03-31,551752,155047,80800,74247,13.45658919224579,2020-04-03
EURO FX - CHICAGO MERCANTILE EXCHANGE,2020-04-07,554697,161185,81561,79624,14.354503449631059,2020-04-10
EURO FX - CHICAGO MERCANTILE EXCHANGE,2020-04-14,543361,165078,78461,86617,15.940967423131214,2020-04-17
EURO FX - CHICAGO MERCANTILE EXCHANGE,2020-04-21,546661,170378,83160,87218,15.954677578974904,2020-04-24
EURO FX - CHICAGO MERCANTILE EXCHANGE,2020-04-28,545082,167264,87583,79681,14.61816754176436,2020-05-01
EURO FX - CHICAGO MERCANTILE EXCHANGE,2020-05-05,541624,169272,92973,76299,14.087078859134749,2020-05-08
EURO FX - CHICAGO MERCANTILE EXCHANGE,2020-05-12,547329,171980,93840,78140,14.27660511319517,2020-05-15
EURO FX - CHICAGO MERCANTILE EXCHANGE,2020-05-19,547206,167756,95194,72562,13.260454015489595,2020-05-22
EURO FX - CHICAGO MERCANTILE EXCHANGE,2020-05-26,556749,175034,99812,75222,13.510935807697905,2020-05-29
EURO FX - CHICAGO MERCANTILE EXCHANGE,2020-06-02,583384,174412,93172,81240,13.925647600894095,2020-06-05
EURO FX - CHICAGO MERCANTILE EXCHANGE,2020-06-09,592915,184669,89020,95649,16.13199193813616,2020-06-12
EURO FX - CHICAGO MERCANTILE EXCHANGE,2020-06-16,574939,187120,69988,117132,20.3729439123107,2020-06-19
EURO FX - CHICAGO MERCANTILE EXCHANGE,2020-06-23,585421,190816,72368,118448,20.232960553174554,2020-06-26
EURO FX - CHICAGO MERCANTILE EXCHANGE,2020-06-30,579738,180387,81432,98955,17.06891733852188,2020-07-03
EURO FX - CHICAGO MERCANTILE EXCHANGE,2020-07-07,593341,185159,81562,103597,17.45994293332165,2020-07-10
EURO FX - CHICAGO MERCANTILE EXCHANGE,2020-07-14,604982,194252,83340,110912,18.333107431295474,2020-07-17
EURO FX - CHICAGO MERCANTILE EXCHANGE,2020-07-21,636212,204185,79138,125047,19.654926345306283,2020-07-24
EURO FX - CHICAGO MERCANTILE EXCHANGE,2020-07-28,678965,242127,84568,157559,23.205761710839294,2020-07-31
EURO FX - CHICAGO MERCANTILE EXCHANGE,2020-08-04,704875,262109,81461,180648,25.6283738251463,2020-08-07
EURO FX - CHICAGO MERCANTILE EXCHANGE,2020-08-11,706458,266078,66327,199751,28.27500007077561,2020-08-14
EURO FX - CHICAGO MERCANTILE EXCHANGE,2020-08-18,704050,259244,62301,196943,27.972871244939988,2020-08-21
EURO FX - CHICAGO MERCANTILE EXCHANGE,2020-08-25,704077,262061,50309,211752,30.075119624700143,2020-08-28
EURO FX - CHICAGO MERCANTILE EXCHANGE,2020-09-01,698211,250867,54120,196747,28.178731071266423,2020-09-04
EURO FX - CHICAGO MERCANTILE EXCHANGE,2020-09-08,690782,248683,51869,196814,28.4914777744643,2020-09-11
EURO FX - CHICAGO MERCANTILE EXCHANGE,2020-09-15,658174,230695,52119,178576,27.132034993785837,2020-09-18
EURO FX - CHICAGO MERCANTILE EXCHANGE,2020-09-22,666412,247049,56227,190822,28.63423827902259,2020-09-25
EURO FX - CHICAGO MERCANTILE EXCHANGE,2020-09-29,655912,241967,53851,188116,28.680066838234396,2020-10-02
EURO FX - CHICAGO MERCANTILE EXCHANGE,2020-10-06,652135,231369,57061,174308,26.728821486348686,2020-10-09
EURO FX - CHICAGO MERCANTILE EXCHANGE,2020-10-13,646165,228295,59658,168637,26.098132829849963,2020-10-16
EURO FX - CHICAGO MERCANTILE EXCHANGE,2020-10-20,644667,229878,63935,165943,25.740886380100115,2020-10-23
EURO FX - CHICAGO MERCANTILE EXCHANGE,2020-10-27,636778,217443,61888,155555,24.428450731652163,2020-10-30
EURO FX - CHICAGO MERCANTILE EXCHANGE,2020-11-03,627754,208237,67888,140349,22.357324684510175,2020-11-06
EURO FX - CHICAGO MERCANTILE EXCHANGE,2020-11-10,638993,202374,67087,135287,21.171906421510094,2020-11-13
EURO FX - CHICAGO MERCANTILE EXCHANGE,2020-11-17,637946,203551,69591,133960,20.99864251833227,2020-11-20
EURO FX - CHICAGO MERCANTILE EXCHANGE,2020-11-24,644566,206354,68104,138250,21.448540568382445,2020-11-27
EURO FX - CHICAGO MERCANTILE EXCHANGE,2020-12-01,654257,207302,67408,139894,21.382117424804015,2020-12-04
EURO FX - CHICAGO MERCANTILE EXCHANGE,2020-12-08,683351,222521,66092,156429,22.89145695257635,2020-12-11
EURO FX - CHICAGO MERCANTILE EXCHANGE,2020-12-15,657046,218710,76877,141833,21.586464265820048,2020-12-18
EURO FX - CHICAGO MERCANTILE EXCHANGE,2020-12-21,659499,222443,78541,143902,21.819896618493736,2020-12-24
EURO FX - CHICAGO MERCANTILE EXCHANGE,2020-12-29,671643,222848,79772,143076,21.302388322367687,2021-01-01
EURO FX - CHICAGO MERCANTILE EXCHANGE,2021-01-05,673532,224832,81841,142991,21.230023220871466,2021-01-08
EURO FX - CHICAGO MERCANTILE EXCHANGE,2021-01-12,677952,228757,72867,155890,22.994253280468232,2021-01-15
EURO FX - CHICAGO MERCANTILE EXCHANGE,2021-01-19,676515,236533,73067,163466,24.162952780056614,2021-01-22
EURO FX - CHICAGO MERCANTILE EXCHANGE,2021-01-26,677432,238099,72755,165344,24.407468203450676,2021-01-29
EURO FX - CHICAGO MERCANTILE EXCHANGE,2021-02-02,675520,216887,79884,137003,20.281116769303647,2021-02-05
EURO FX - CHICAGO MERCANTILE EXCHANGE,2021-02-09,673116,220943,80721,140222,20.831773423897218,2021-02-12
EURO FX - CHICAGO MERCANTILE EXCHANGE,2021-02-16,675761,222895,82889,140006,20.71827169665015,2021-02-19
EURO FX - CHICAGO MERCANTILE EXCHANGE,2021-02-23,696916,228501,90136,138365,19.853899178667156,2021-02-26
EURO FX - CHICAGO MERCANTILE EXCHANGE,2021-03-02,698229,222655,96667,125988,18.0439368745784,2021-03-05
EURO FX - CHICAGO MERCANTILE EXCHANGE,2021-03-09,722123,207588,105624,101964,14.120032182882971,2021-03-12
EURO FX - CHICAGO MERCANTILE EXCHANGE,2021-03-16,638977,195857,105881,89976,14.081258010851721,2021-03-19
EURO FX - CHICAGO MERCANTILE EXCHANGE,2021-03-23,641428,195500,102178,93322,14.549099821024338,2021-03-26
EURO FX - CHICAGO MERCANTILE EXCHANGE,2021-03-30,645121,194763,121024,73739,11.430258819663287,2021-04-02
EURO FX - CHICAGO MERCANTILE EXCHANGE,2021-04-06,642671,192230,124708,67522,10.506464427366414,2021-04-09
EURO FX - CHICAGO MERCANTILE EXCHANGE,2021-04-13,648681,190640,123789,66851,10.30568183745169,2021-04-16
EURO FX - CHICAGO MERCANTILE EXCHANGE,2021-04-20,661640,197137,116329,80808,12.213288192975032,2021-04-23
EURO FX - CHICAGO MERCANTILE EXCHANGE,2021-04-27,672072,200415,119448,80967,12.04736992465093,2021-04-30
EURO FX - CHICAGO MERCANTILE EXCHANGE,2021-05-04,677397,206472,121643,84829,12.522789442527793,2021-05-07
EURO FX - CHICAGO MERCANTILE EXCHANGE,2021-05-11,697211,223387,129480,93907,13.46894985879454,2021-05-14
EURO FX - CHICAGO MERCANTILE EXCHANGE,2021-05-18,727631,232330,132472,99858,13.723714355215764,2021-05-21
EURO FX - CHICAGO MERCANTILE EXCHANGE,2021-05-25,738138,236103,132103,104000,14.089506298280266,2021-05-28
EURO FX - CHICAGO MERCANTILE EXCHANGE,2021-06-01,742079,237360,128038,109322,14.731854694715793,2021-06-04
EURO FX - CHICAGO MERCANTILE EXCHANGE,2021-06-08,743159,232103,124890,107213,14.426657014178662,2021-06-11
EURO FX - CHICAGO MERCANTILE EXCHANGE,2021-06-15,694722,210816,92630,118186,17.011984649975098,2021-06-18
EURO FX - CHICAGO MERCANTILE EXCHANGE,2021-06-22,694804,207863,118806,89057,12.817571574141773,2021-06-25
EURO FX - CHICAGO MERCANTILE EXCHANGE,2021-06-29,697425,209058,121912,87146,12.495393769939419,2021-07-02
EURO FX - CHICAGO MERCANTILE EXCHANGE,2021-07-06,699383,212998,135808,77190,11.036871070643697,2021-07-09
EURO FX - CHICAGO MERCANTILE EXCHANGE,2021-07-13,688952,212851,153138,59713,8.667222099652806,2021-07-16
EURO FX - CHICAGO MERCANTILE EXCHANGE,2021-07-20,683075,208669,162847,45822,6.708194561358563,2021-07-23
EURO FX - CHICAGO MERCANTILE EXCHANGE,2021-07-27,678008,202245,164119,38126,5.623237483923493,2021-07-30
EURO FX - CHICAGO MERCANTILE EXCHANGE,2021-08-03,674491,199067,161060,38007,5.634915810589022,2021-08-06
EURO FX - CHICAGO MERCANTILE EXCHANGE,2021-08-10,702098,212809,178952,33857,4.822261279764364,2021-08-13
EURO FX - CHICAGO MERCANTILE EXCHANGE,2021-08-17,694792,233529,175889,57640,8.2960080139092,2021-08-20
EURO FX - CHICAGO MERCANTILE EXCHANGE,2021-08-24,698547,194169,169539,24630,3.525890169165425,2021-08-27
EURO FX - CHICAGO MERCANTILE EXCHANGE,2021-08-31,705110,190593,180117,10476,1.4857256314617577,2021-09-03
EURO FX - CHICAGO MERCANTILE EXCHANGE,2021-09-07,696734,189904,163596,26308,3.775902998848915,2021-09-10
EURO FX - CHICAGO MERCANTILE EXCHANGE,2021-09-14,653102,186554,158749,27805,4.257374805160603,2021-09-17
EURO FX - CHICAGO MERCANTILE EXCHANGE,2021-09-21,663519,189406,177311,12095,1.8228566175196188,2021-09-24
EURO FX - CHICAGO MERCANTILE EXCHANGE,2021-09-28,668067,195043,194171,872,0.13052583049304936,2021-10-01
EURO FX - CHICAGO MERCANTILE EXCHANGE,2021-10-05,693591,196819,219153,-22334,-3.220053316724121,2021-10-08
EURO FX - CHICAGO MERCANTILE EXCHANGE,2021-10-12,695329,202512,220910,-18398,-2.6459417052934655,2021-10-15
EURO FX - CHICAGO MERCANTILE EXCHANGE,2021-10-19,679418,193320,205427,-12107,-1.7819663300059758,2021-10-22
EURO FX - CHICAGO MERCANTILE EXCHANGE,2021-10-26,680374,196880,208136,-11256,-1.6543842063335752,2021-10-29
EURO FX - CHICAGO MERCANTILE EXCHANGE,2021-11-02,678024,191496,197634,-6138,-0.905277689285335,2021-11-05
EURO FX - CHICAGO MERCANTILE EXCHANGE,2021-11-09,678368,192544,188771,3773,0.5561877918769753,2021-11-12
EURO FX - CHICAGO MERCANTILE EXCHANGE,2021-11-16,705698,198181,202007,-3826,-0.5421582603323235,2021-11-19
EURO FX - CHICAGO MERCANTILE EXCHANGE,2021-11-23,711685,204214,220666,-16452,-2.311696888370557,2021-11-26
EURO FX - CHICAGO MERCANTILE EXCHANGE,2021-11-30,705409,191048,214288,-23240,-3.294542598690972,2021-12-03
EURO FX - CHICAGO MERCANTILE EXCHANGE,2021-12-07,716213,194869,203168,-8299,-1.158733505256118,2021-12-10
EURO FX - CHICAGO MERCANTILE EXCHANGE,2021-12-14,661711,189530,201409,-11879,-1.79519457890227,2021-12-17
EURO FX - CHICAGO MERCANTILE EXCHANGE,2021-12-21,672239,196595,206757,-10162,-1.511664750185574,2021-12-24
EURO FX - CHICAGO MERCANTILE EXCHANGE,2021-12-28,673273,198617,205251,-6634,-0.9853358147437964,2021-12-31
EURO FX - CHICAGO MERCANTILE EXCHANGE,2022-01-04,678218,199073,200627,-1554,-0.22912986679799122,2022-01-07
EURO FX - CHICAGO MERCANTILE EXCHANGE,2022-01-11,682293,204361,198356,6005,0.880120417474604,2022-01-14
EURO FX - CHICAGO MERCANTILE EXCHANGE,2022-01-18,691882,211901,187317,24584,3.5532070497570394,2022-01-21
EURO FX - CHICAGO MERCANTILE EXCHANGE,2022-01-25,682952,213408,181848,31560,4.621115393175509,2022-01-28
EURO FX - CHICAGO MERCANTILE EXCHANGE,2022-02-01,685431,213563,183847,29716,4.3353743848760855,2022-02-04
EURO FX - CHICAGO MERCANTILE EXCHANGE,2022-02-08,700098,218973,180131,38842,5.548080411599519,2022-02-11
EURO FX - CHICAGO MERCANTILE EXCHANGE,2022-02-15,702047,217899,170318,47581,6.777466465920373,2022-02-18
EURO FX - CHICAGO MERCANTILE EXCHANGE,2022-02-22,696682,214195,154889,59306,8.512635607063194,2022-02-25
EURO FX - CHICAGO MERCANTILE EXCHANGE,2022-03-01,719975,228385,163446,64939,9.019618736761693,2022-03-04
EURO FX - CHICAGO MERCANTILE EXCHANGE,2022-03-08,738990,242683,183839,58844,7.962759983220341,2022-03-11
EURO FX - CHICAGO MERCANTILE EXCHANGE,2022-03-15,666010,202040,183246,18794,2.8218795513580877,2022-03-18
EURO FX - CHICAGO MERCANTILE EXCHANGE,2022-03-22,658817,207051,183208,23843,3.619062653210224,2022-03-25
EURO FX - CHICAGO MERCANTILE EXCHANGE,2022-03-29,662415,200043,178669,21374,3.226678139836809,2022-04-01
EURO FX - CHICAGO MERCANTILE EXCHANGE,2022-04-05,663589,210914,183544,27370,4.124540943264581,2022-04-08
EURO FX - CHICAGO MERCANTILE EXCHANGE,2022-04-12,678607,221645,182585,39060,5.755908795517877,2022-04-15
EURO FX - CHICAGO MERCANTILE EXCHANGE,2022-04-19,675939,221003,189702,31301,4.6307433067185055,2022-04-22
EURO FX - CHICAGO MERCANTILE EXCHANGE,2022-04-26,688449,222993,200792,22201,3.2247849877042456,2022-04-29
EURO FX - CHICAGO MERCANTILE EXCHANGE,2022-05-03,694926,208449,214827,-6378,-0.9177955638442079,2022-05-06
EURO FX - CHICAGO MERCANTILE EXCHANGE,2022-05-10,705046,228230,211701,16529,2.3443860400597973,2022-05-13
EURO FX - CHICAGO MERCANTILE EXCHANGE,2022-05-17,706712,230770,210431,20339,2.8779757524988963,2022-05-20
EURO FX - CHICAGO MERCANTILE EXCHANGE,2022-05-24,708938,237072,198142,38930,5.491312357357061,2022-05-27
EURO FX - CHICAGO MERCANTILE EXCHANGE,2022-05-31,706317,236553,184281,52272,7.400643054039476,2022-06-03
EURO FX - CHICAGO MERCANTILE EXCHANGE,2022-06-07,730667,230248,179705,50543,6.917378231123069,2022-06-10
EURO FX - CHICAGO MERCANTILE EXCHANGE,2022-06-14,668164,206986,213004,-6018,-0.9006770792799372,2022-06-17
EURO FX - CHICAGO MERCANTILE EXCHANGE,2022-06-21,671718,195554,211159,-15605,-2.323147511306828,2022-06-24
EURO FX - CHICAGO MERCANTILE EXCHANGE,2022-06-28,671472,189414,200010,-10596,-1.5780255915362071,2022-07-01
EURO FX - CHICAGO MERCANTILE EXCHANGE,2022-07-05,673772,197138,213990,-16852,-2.5011428198262915,2022-07-08
EURO FX - CHICAGO MERCANTILE EXCHANGE,2022-07-12,682031,197240,222484,-25244,-3.701298034840059,2022-07-15
EURO FX - CHICAGO MERCANTILE EXCHANGE,2022-07-19,694106,195875,238620,-42745,-6.158281299974355,2022-07-22
EURO FX - CHICAGO MERCANTILE EXCHANGE,2022-07-26,694099,198041,239625,-41584,-5.991076200945399,2022-07-29
EURO FX - CHICAGO MERCANTILE EXCHANGE,2022-08-02,683883,191692,230503,-38811,-5.675093546703164,2022-08-05
EURO FX - CHICAGO MERCANTILE EXCHANGE,2022-08-09,692398,200088,234624,-34536,-4.9878826917466546,2022-08-12
EURO FX - CHICAGO MERCANTILE EXCHANGE,2022-08-16,698570,199226,242010,-42784,-6.124511502068511,2022-08-19
EURO FX - CHICAGO MERCANTILE EXCHANGE,2022-08-23,717921,210825,254934,-44109,-6.143990773358071,2022-08-26
EURO FX - CHICAGO MERCANTILE EXCHANGE,2022-08-30,720081,202258,249934,-47676,-6.620921812962709,2022-09-02
EURO FX - CHICAGO MERCANTILE EXCHANGE,2022-09-06,721678,205277,241626,-36349,-5.036733834203066,2022-09-09
EURO FX - CHICAGO MERCANTILE EXCHANGE,2022-09-13,742244,207778,219615,-11837,-1.5947585969034443,2022-09-16
EURO FX - CHICAGO MERCANTILE EXCHANGE,2022-09-20,657952,206564,173115,33449,5.083805505568796,2022-09-23
EURO FX - CHICAGO MERCANTILE EXCHANGE,2022-09-27,654142,208736,174939,33797,5.16661519975785,2022-09-30
EURO FX - CHICAGO MERCANTILE EXCHANGE,2022-10-04,640458,199391,155709,43682,6.820431628615772,2022-10-07
EURO FX - CHICAGO MERCANTILE EXCHANGE,2022-10-11,639348,196136,158637,37499,5.865193916302233,2022-10-14
EURO FX - CHICAGO MERCANTILE EXCHANGE,2022-10-18,640469,202703,154553,48150,7.517928268190967,2022-10-21
EURO FX - CHICAGO MERCANTILE EXCHANGE,2022-10-25,666719,226734,151825,74909,11.235468015760762,2022-10-28
EURO FX - CHICAGO MERCANTILE EXCHANGE,2022-11-01,671729,239770,133980,105790,15.74891064700199,2022-11-04
EURO FX - CHICAGO MERCANTILE EXCHANGE,2022-11-08,667902,232317,124718,107599,16.109998173384717,2022-11-11
EURO FX - CHICAGO MERCANTILE EXCHANGE,2022-11-15,682575,239369,126703,112666,16.506024978940044,2022-11-18
EURO FX - CHICAGO MERCANTILE EXCHANGE,2022-11-22,680873,239598,116486,123112,18.081492436915546,2022-11-25
EURO FX - CHICAGO MERCANTILE EXCHANGE,2022-11-29,695776,241122,118875,122247,17.56987881157154,2022-12-02
EURO FX - CHICAGO MERCANTILE EXCHANGE,2022-12-06,711537,245063,120180,124883,17.55116037535645,2022-12-09
EURO FX - CHICAGO MERCANTILE EXCHANGE,2022-12-13,772800,236415,111700,124715,16.138069358178054,2022-12-16
EURO FX - CHICAGO MERCANTILE EXCHANGE,2022-12-20,725968,249149,106877,142272,19.597558019086243,2022-12-23
EURO FX - CHICAGO MERCANTILE EXCHANGE,2022-12-27,728387,251887,105725,146162,20.066530566855256,2022-12-30
EURO FX - CHICAGO MERCANTILE EXCHANGE,2023-01-03,712030,222543,92628,129915,18.245719983708554,2023-01-06
EURO FX - CHICAGO MERCANTILE EXCHANGE,2023-01-10,746163,238623,103641,134982,18.090149203324206,2023-01-13
EURO FX - CHICAGO MERCANTILE EXCHANGE,2023-01-17,753915,228279,101295,126984,16.843278088378664,2023-01-20
EURO FX - CHICAGO MERCANTILE EXCHANGE,2023-01-24,777569,237743,103394,134349,17.278080787685724,2023-01-27
EURO FX - CHICAGO MERCANTILE EXCHANGE,2023-01-31,796738,246755,96246,150509,18.890651632029602,2023-02-03
EURO FX - CHICAGO MERCANTILE EXCHANGE,2023-02-07,781287,238338,73300,165038,21.123863573821144,2023-02-10
EURO FX - CHICAGO MERCANTILE EXCHANGE,2023-02-14,788633,236574,72668,163906,20.78355838520579,2023-02-17
EURO FX - CHICAGO MERCANTILE EXCHANGE,2023-02-21,789898,236414,71346,165068,20.897381687255823,2023-02-24
EURO FX - CHICAGO MERCANTILE EXCHANGE,2023-02-28,803963,240766,78567,162199,20.174933423553075,2023-03-03
EURO FX - CHICAGO MERCANTILE EXCHANGE,2023-03-07,821057,233880,85432,148448,18.080108932753756,2023-03-10
EURO FX - CHICAGO MERCANTILE EXCHANGE,2023-03-14,745403,222313,82357,139956,18.775883649515766,2023-03-17
EURO FX - CHICAGO MERCANTILE EXCHANGE,2023-03-21,737437,215825,70983,144842,19.64127105095079,2023-03-24
EURO FX - CHICAGO MERCANTILE EXCHANGE,2023-03-28,732506,222918,77893,145025,19.798472640497142,2023-03-31
EURO FX - CHICAGO MERCANTILE EXCHANGE,2023-04-04,747095,225416,82023,143393,19.193409138061423,2023-04-07
EURO FX - CHICAGO MERCANTILE EXCHANGE,2023-04-11,759439,244180,80842,163338,21.50771819724823,2023-04-14
EURO FX - CHICAGO MERCANTILE EXCHANGE,2023-04-18,766374,242369,78008,164361,21.446578302499823,2023-04-21
EURO FX - CHICAGO MERCANTILE EXCHANGE,2023-04-25,772882,243516,74116,169400,21.917964191170192,2023-04-28
EURO FX - CHICAGO MERCANTILE EXCHANGE,2023-05-02,779458,246832,73343,173489,22.257645697394857,2023-05-05
EURO FX - CHICAGO MERCANTILE EXCHANGE,2023-05-09,794721,260335,80913,179422,22.576728185111506,2023-05-12
EURO FX - CHICAGO MERCANTILE EXCHANGE,2023-05-16,789930,258736,71647,187089,23.684250503209146,2023-05-19
EURO FX - CHICAGO MERCANTILE EXCHANGE,2023-05-23,781123,250070,76334,173736,22.24182363084943,2023-05-26
EURO FX - CHICAGO MERCANTILE EXCHANGE,2023-05-30,775142,241817,76092,165725,21.37995360850012,2023-06-02
EURO FX - CHICAGO MERCANTILE EXCHANGE,2023-06-06,781967,236060,77639,158421,20.259294829577208,2023-06-09
EURO FX - CHICAGO MERCANTILE EXCHANGE,2023-06-13,818294,226138,74316,151822,18.553478334192842,2023-06-16
EURO FX - CHICAGO MERCANTILE EXCHANGE,2023-06-20,732979,229399,84750,144649,19.734398939123768,2023-06-23
EURO FX - CHICAGO MERCANTILE EXCHANGE,2023-06-27,732123,223977,78949,145028,19.809239704257344,2023-06-30
EURO FX - CHICAGO MERCANTILE EXCHANGE,2023-07-03,725927,221272,78435,142837,19.67649639702064,2023-07-06
EURO FX - CHICAGO MERCANTILE EXCHANGE,2023-07-11,736056,224351,84189,140162,19.042301129261904,2023-07-14
EURO FX - CHICAGO MERCANTILE EXCHANGE,2023-07-18,783132,264514,85682,178832,22.83548622709837,2023-07-21
EURO FX - CHICAGO MERCANTILE EXCHANGE,2023-07-25,772408,250647,73417,177230,22.945127445598697,2023-07-28
EURO FX - CHICAGO MERCANTILE EXCHANGE,2023-08-01,755156,240074,68012,172062,22.784960988193166,2023-08-04
EURO FX - CHICAGO MERCANTILE EXCHANGE,2023-08-08,760968,228048,78237,149811,19.686898792064845,2023-08-11
EURO FX - CHICAGO MERCANTILE EXCHANGE,2023-08-15,760233,232466,72603,159863,21.02815847246831,2023-08-18
EURO FX - CHICAGO MERCANTILE EXCHANGE,2023-08-22,750486,239391,80631,158760,21.154292018771837,2023-08-25
EURO FX - CHICAGO MERCANTILE EXCHANGE,2023-08-29,748127,230542,83863,146679,19.60616312471011,2023-09-01
EURO FX - CHICAGO MERCANTILE EXCHANGE,2023-09-05,754263,235732,99501,136231,18.06147192690083,2023-09-08
EURO FX - CHICAGO MERCANTILE EXCHANGE,2023-09-12,743759,212376,99296,113080,15.203849634088462,2023-09-15
EURO FX - CHICAGO MERCANTILE EXCHANGE,2023-09-19,695343,207424,105443,101981,14.66628699792764,2023-09-22
EURO FX - CHICAGO MERCANTILE EXCHANGE,2023-09-26,699271,211516,113117,98399,14.071654623171845,2023-09-29
EURO FX - CHICAGO MERCANTILE EXCHANGE,2023-10-03,702433,211783,132840,78943,11.238509580273135,2023-10-06
EURO FX - CHICAGO MERCANTILE EXCHANGE,2023-10-10,687382,207522,131990,75532,10.98835872920734,2023-10-13
EURO FX - CHICAGO MERCANTILE EXCHANGE,2023-10-17,695676,214313,131903,82410,11.846031773411761,2023-10-20
EURO FX - CHICAGO MERCANTILE EXCHANGE,2023-10-24,702668,215569,130316,85253,12.132756863838969,2023-10-27
EURO FX - CHICAGO MERCANTILE EXCHANGE,2023-10-31,694962,210834,125445,85389,12.286858849836394,2023-11-03
EURO FX - CHICAGO MERCANTILE EXCHANGE,2023-11-07,697624,212483,123427,89056,12.765615861839615,2023-11-10
EURO FX - CHICAGO MERCANTILE EXCHANGE,2023-11-14,702463,221190,112283,108907,15.503592360024657,2023-11-17
EURO FX - CHICAGO MERCANTILE EXCHANGE,2023-11-21,712364,231095,101441,129654,18.20052669702568,2023-11-24
EURO FX - CHICAGO MERCANTILE EXCHANGE,2023-11-28,727138,233454,90289,143165,19.688834856657195,2023-12-01
EURO FX - CHICAGO MERCANTILE EXCHANGE,2023-12-05,756615,235684,83324,152360,20.13705781672317,2023-12-08
EURO FX - CHICAGO MERCANTILE EXCHANGE,2023-12-12,792149,231837,84510,147327,18.598394998920657,2023-12-15
EURO FX - CHICAGO MERCANTILE EXCHANGE,2023-12-19,700244,208078,93486,114592,16.36458148873821,2023-12-22
EURO FX - CHICAGO MERCANTILE EXCHANGE,2023-12-26,705627,211195,93804,117391,16.63640988794363,2023-12-29
EURO FX - CHICAGO MERCANTILE EXCHANGE,2024-01-02,718885,211912,92436,119476,16.619626226726112,2024-01-05
EURO FX - CHICAGO MERCANTILE EXCHANGE,2024-01-09,714079,208473,89596,118877,16.647597814807604,2024-01-12
EURO FX - CHICAGO MERCANTILE EXCHANGE,2024-01-16,733091,204294,100202,104092,14.199055778886931,2024-01-19
EURO FX - CHICAGO MERCANTILE EXCHANGE,2024-01-23,725423,195190,106866,88324,12.17551690530904,2024-01-26
EURO FX - CHICAGO MERCANTILE EXCHANGE,2024-01-30,727210,200360,111589,88771,12.207065359387247,2024-02-02
EURO FX - CHICAGO MERCANTILE EXCHANGE,2024-02-06,731991,202450,140297,62153,8.490951391478857,2024-02-09
EURO FX - CHICAGO MERCANTILE EXCHANGE,2024-02-13,740105,210848,158010,52838,7.139257267549874,2024-02-16
EURO FX - CHICAGO MERCANTILE EXCHANGE,2024-02-20,722299,213194,145178,68016,9.416598943096972,2024-02-23
EURO FX - CHICAGO MERCANTILE EXCHANGE,2024-02-27,715545,205234,142380,62854,8.7840736781055,2024-03-01
EURO FX - CHICAGO MERCANTILE EXCHANGE,2024-03-05,707108,200025,133714,66311,9.377775389332323,2024-03-08
EURO FX - CHICAGO MERCANTILE EXCHANGE,2024-03-12,717720,193998,119591,74407,10.367134815805606,2024-03-15
EURO FX - CHICAGO MERCANTILE EXCHANGE,2024-03-19,656182,182382,134040,48342,7.367163378452929,2024-03-22
EURO FX - CHICAGO MERCANTILE EXCHANGE,2024-03-26,657300,180193,148999,31194,4.745778183477864,2024-03-29
EURO FX - CHICAGO MERCANTILE EXCHANGE,2024-04-02,682768,188258,171464,16794,2.4596934829986172,2024-04-05
EURO FX - CHICAGO MERCANTILE EXCHANGE,2024-04-09,643496,175419,142696,32723,5.085190894737496,2024-04-12
EURO FX - CHICAGO MERCANTILE EXCHANGE,2024-04-16,658865,178912,166688,12224,1.8553117861777448,2024-04-19
EURO FX - CHICAGO MERCANTILE EXCHANGE,2024-04-23,665771,167296,177285,-9989,-1.5003657413735354,2024-04-26
EURO FX - CHICAGO MERCANTILE EXCHANGE,2024-04-30,652297,167185,173962,-6777,-1.038943916651464,2024-05-03
EURO FX - CHICAGO MERCANTILE EXCHANGE,2024-05-07,654804,170594,166004,4590,0.7009731156193304,2024-05-10
EURO FX - CHICAGO MERCANTILE EXCHANGE,2024-05-14,656802,178398,161243,17155,2.6118982585314905,2024-05-17
EURO FX - CHICAGO MERCANTILE EXCHANGE,2024-05-21,653081,182574,141099,41475,6.350667068862821,2024-05-24
EURO FX - CHICAGO MERCANTILE EXCHANGE,2024-05-28,664864,184656,127084,57572,8.659214516051403,2024-05-31
EURO FX - CHICAGO MERCANTILE EXCHANGE,2024-06-04,671736,188957,121087,67870,10.103671680541165,2024-06-07
EURO FX - CHICAGO MERCANTILE EXCHANGE,2024-06-11,712894,187697,144053,43644,6.1220882767985145,2024-06-14
EURO FX - CHICAGO MERCANTILE EXCHANGE,2024-06-18,650388,171464,163513,7951,1.2225010301543078,2024-06-21
EURO FX - CHICAGO MERCANTILE EXCHANGE,2024-06-25,650087,167370,175801,-8431,-1.2969033375532812,2024-06-28
EURO FX - CHICAGO MERCANTILE EXCHANGE,2024-07-02,636895,164369,173888,-9519,-1.4945948704260514,2024-07-05
EURO FX - CHICAGO MERCANTILE EXCHANGE,2024-07-09,637266,165829,162206,3623,0.5685224066559333,2024-07-12
EURO FX - CHICAGO MERCANTILE EXCHANGE,2024-07-16,649251,179937,155188,24749,3.8119309789280265,2024-07-19
EURO FX - CHICAGO MERCANTILE EXCHANGE,2024-07-23,672022,188929,153023,35906,5.342979842921809,2024-07-26
EURO FX - CHICAGO MERCANTILE EXCHANGE,2024-07-30,667299,183006,165207,17799,2.667320046935482,2024-08-02
EURO FX - CHICAGO MERCANTILE EXCHANGE,2024-08-06,671104,185799,152219,33580,5.003695403395003,2024-08-09
EURO FX - CHICAGO MERCANTILE EXCHANGE,2024-08-13,667350,182212,155229,26983,4.043305611747958,2024-08-16
EURO FX - CHICAGO MERCANTILE EXCHANGE,2024-08-20,692017,194350,138333,56017,8.094743337230154,2024-08-23
EURO FX - CHICAGO MERCANTILE EXCHANGE,2024-08-27,726519,218381,125543,92838,12.77846828506894,2024-08-30
EURO FX - CHICAGO MERCANTILE EXCHANGE,2024-09-03,740311,215969,115951,100018,13.51026798196974,2024-09-06
EURO FX - CHICAGO MERCANTILE EXCHANGE,2024-09-10,741888,192821,111388,81433,10.976454667011733,2024-09-13
EURO FX - CHICAGO MERCANTILE EXCHANGE,2024-09-17,678001,182281,112635,69646,10.272256235610271,2024-09-20
EURO FX - CHICAGO MERCANTILE EXCHANGE,2024-09-24,679514,187795,116097,71698,10.551364651795254,2024-09-27
EURO FX - CHICAGO MERCANTILE EXCHANGE,2024-10-01,674734,178273,122946,55327,8.19982393061562,2024-10-04
EURO FX - CHICAGO MERCANTILE EXCHANGE,2024-10-08,669131,173866,134768,39098,5.843100977237641,2024-10-11
EURO FX - CHICAGO MERCANTILE EXCHANGE,2024-10-15,658481,169319,152169,17150,2.604479096587449,2024-10-18
EURO FX - CHICAGO MERCANTILE EXCHANGE,2024-10-22,650759,153159,181683,-28524,-4.383189475673791,2024-10-25
EURO FX - CHICAGO MERCANTILE EXCHANGE,2024-10-29,661675,159313,209617,-50304,-7.602523897683907,2024-11-01
EURO FX - CHICAGO MERCANTILE EXCHANGE,2024-11-05,645597,159900,181553,-21653,-3.3539499099283296,2024-11-08
EURO FX - CHICAGO MERCANTILE EXCHANGE,2024-11-12,637105,160003,167440,-7437,-1.167311510661508,2024-11-15
EURO FX - CHICAGO MERCANTILE EXCHANGE,2024-11-19,658774,154305,196862,-42557,-6.460030298706385,2024-11-22
EURO FX - CHICAGO MERCANTILE EXCHANGE,2024-11-26,665553,156334,212343,-56009,-8.415407938962035,2024-11-29
EURO FX - CHICAGO MERCANTILE EXCHANGE,2024-12-03,675059,167693,225182,-57489,-8.516144514775746,2024-12-06
EURO FX - CHICAGO MERCANTILE EXCHANGE,2024-12-10,727276,157375,232948,-75573,-10.391240739416672,2024-12-13
EURO FX - CHICAGO MERCANTILE EXCHANGE,2024-12-17,584000,152671,218566,-65895,-11.283390410958905,2024-12-20
EURO FX - CHICAGO MERCANTILE EXCHANGE,2024-12-24,597583,159471,227978,-68507,-11.464014203884648,2024-12-27
EURO FX - CHICAGO MERCANTILE EXCHANGE,2024-12-31,609159,168806,238370,-69564,-11.419678606078216,2025-01-03
EURO FX - CHICAGO MERCANTILE EXCHANGE,2025-01-07,603187,166503,230627,-64124,-10.630865718259844,2025-01-10
EURO FX - CHICAGO MERCANTILE EXCHANGE,2025-01-14,604225,162760,223157,-60397,-9.995779717820348,2025-01-17
EURO FX - CHICAGO MERCANTILE EXCHANGE,2025-01-21,609492,167665,230151,-62486,-10.252144408786332,2025-01-24
EURO FX - CHICAGO MERCANTILE EXCHANGE,2025-01-28,618908,153660,220264,-66604,-10.761534832317565,2025-01-31
EURO FX - CHICAGO MERCANTILE EXCHANGE,2025-02-04,616623,162554,221168,-58614,-9.50564607547886,2025-02-07
EURO FX - CHICAGO MERCANTILE EXCHANGE,2025-02-11,622873,165594,230019,-64425,-10.343199978165693,2025-02-14
EURO FX - CHICAGO MERCANTILE EXCHANGE,2025-02-18,638024,170320,221740,-51420,-8.059257958948253,2025-02-21
EURO FX - CHICAGO MERCANTILE EXCHANGE,2025-02-25,658684,182699,208124,-25425,-3.859969272063691,2025-02-28
EURO FX - CHICAGO MERCANTILE EXCHANGE,2025-03-04,683819,185223,195329,-10106,-1.477876455611792,2025-03-07
EURO FX - CHICAGO MERCANTILE EXCHANGE,2025-03-11,729760,188647,175557,13090,1.7937404078053059,2025-03-14
EURO FX - CHICAGO MERCANTILE EXCHANGE,2025-03-18,652620,188952,129527,59425,9.105605099445313,2025-03-21
EURO FX - CHICAGO MERCANTILE EXCHANGE,2025-03-25,672875,189796,124271,65525,9.738064276425785,2025-03-28
EURO FX - CHICAGO MERCANTILE EXCHANGE,2025-04-01,670827,183247,131412,51835,7.727029472576387,2025-04-04
EURO FX - CHICAGO MERCANTILE EXCHANGE,2025-04-08,697776,190296,130316,59980,8.595881772947193,2025-04-11
EURO FX - CHICAGO MERCANTILE EXCHANGE,2025-04-15,708122,197103,127823,69280,9.783624855603978,2025-04-18
EURO FX - CHICAGO MERCANTILE EXCHANGE,2025-04-22,719232,196205,131177,65028,9.041310731446876,2025-04-25
EURO FX - CHICAGO MERCANTILE EXCHANGE,2025-04-29,730212,196388,120591,75797,10.380136179630025,2025-05-02
EURO FX - CHICAGO MERCANTILE EXCHANGE,2025-05-06,737013,194192,118473,75719,10.273767219845512,2025-05-09
EURO FX - CHICAGO MERCANTILE EXCHANGE,2025-05-13,750906,209549,124775,84774,11.289562208851708,2025-05-16
EURO FX - CHICAGO MERCANTILE EXCHANGE,2025-05-20,759249,206042,131589,74453,9.806137380490458,2025-05-23
EURO FX - CHICAGO MERCANTILE EXCHANGE,2025-05-27,760471,204326,124852,79474,10.450628623576705,2025-05-30
EURO FX - CHICAGO MERCANTILE EXCHANGE,2025-06-03,781284,202786,120022,82764,10.593330978235828,2025-06-06
EURO FX - CHICAGO MERCANTILE EXCHANGE,2025-06-10,810517,208754,115729,93025,11.477242303369332,2025-06-13
EURO FX - CHICAGO MERCANTILE EXCHANGE,2025-06-17,755861,220811,119258,101553,13.435406774526005,2025-06-20
EURO FX - CHICAGO MERCANTILE EXCHANGE,2025-06-24,762607,223791,112656,111135,14.57303696399325,2025-06-27
EURO FX - CHICAGO MERCANTILE EXCHANGE,2025-07-01,779031,224979,117442,107537,13.803943617134621,2025-07-04
EURO FX - CHICAGO MERCANTILE EXCHANGE,2025-07-08,805847,241125,120529,120596,14.965123652504756,2025-07-11
EURO FX - CHICAGO MERCANTILE EXCHANGE,2025-07-15,820440,242096,113875,128221,15.628321388523231,2025-07-18
EURO FX - CHICAGO MERCANTILE EXCHANGE,2025-07-22,843447,248380,122865,125515,14.881195854629869,2025-07-25
EURO FX - CHICAGO MERCANTILE EXCHANGE,2025-07-29,828577,248841,125482,123359,14.888055063078024,2025-08-01
EURO FX - CHICAGO MERCANTILE EXCHANGE,2025-08-05,818360,247357,131398,115959,14.169680825064765,2025-08-08
EURO FX - CHICAGO MERCANTILE EXCHANGE,2025-08-12,824972,246299,130868,115431,13.992111247412033,2025-08-15
EURO FX - CHICAGO MERCANTILE EXCHANGE,2025-08-19,825219,252719,133974,118745,14.389513571548887,2025-08-22
EURO FX - CHICAGO MERCANTILE EXCHANGE,2025-08-26,842215,258386,135347,123039,14.608977517617236,2025-08-29
EURO FX - CHICAGO MERCANTILE EXCHANGE,2025-09-02,845820,255660,136068,119592,14.139178548627369,2025-09-05
EURO FX - CHICAGO MERCANTILE EXCHANGE,2025-09-09,878104,258049,132372,125677,14.312313803376364,2025-09-12
EURO FX - CHICAGO MERCANTILE EXCHANGE,2025-09-16,855448,253261,135502,117759,13.765769514920837,2025-09-19
EURO FX - CHICAGO MERCANTILE EXCHANGE,2025-09-23,859215,252472,138127,114345,13.308077722106807,2025-09-26
EURO FX - CHICAGO MERCANTILE EXCHANGE,2025-09-30,845775,252530,135161,117369,13.877094972067038,2025-10-03
EURO FX - CHICAGO MERCANTILE EXCHANGE,2025-10-07,855286,255907,137542,118365,13.839230386093075,2025-10-10
EURO FX - CHICAGO MERCANTILE EXCHANGE,2025-10-14,841079,243010,134685,108325,12.879289579219074,2025-10-17
EURO FX - CHICAGO MERCANTILE EXCHANGE,2025-10-21,835887,244507,132755,111752,13.369271205318423,2025-10-24
EURO FX - CHICAGO MERCANTILE EXCHANGE,2025-10-28,843717,250400,143067,107333,12.721445698024336,2025-10-31
EURO FX - CHICAGO MERCANTILE EXCHANGE,2025-11-04,835176,252542,160747,91795,10.991096487446956,2025-11-07
EURO FX - CHICAGO MERCANTILE EXCHANGE,2025-11-10,831275,235920,162331,73589,8.852545788096599,2025-11-13
EURO FX - CHICAGO MERCANTILE EXCHANGE,2025-11-18,827015,243961,144954,99007,11.971608737447326,2025-11-21
EURO FX - CHICAGO MERCANTILE EXCHANGE,2025-11-25,830589,244392,150321,94071,11.325818184445016,2025-11-28
EURO FX - CHICAGO MERCANTILE EXCHANGE,2025-12-02,851184,249672,141219,108453,12.741428410308464,2025-12-05
EURO FX - CHICAGO MERCANTILE EXCHANGE,2025-12-09,942794,268118,129330,138788,14.72092524984249,2025-12-12
EURO FX - CHICAGO MERCANTILE EXCHANGE,2025-12-16,986986,277002,132099,144903,14.681363261484965,2025-12-19
EURO FX - CHICAGO MERCANTILE EXCHANGE,2025-12-23,866951,293179,133288,159891,18.442910845018922,2025-12-26
EURO FX - CHICAGO MERCANTILE EXCHANGE,2025-12-30,869169,294738,137273,157465,18.116729887973452,2026-01-02
EURO FX - CHICAGO MERCANTILE EXCHANGE,2026-01-06,881815,298253,135441,162812,18.463283114939074,2026-01-09
EURO FX - CHICAGO MERCANTILE EXCHANGE,2026-01-13,883672,283592,150936,132656,15.011904869680153,2026-01-16
EURO FX - CHICAGO MERCANTILE EXCHANGE,2026-01-20,880948,275235,163540,111695,12.678954943992155,2026-01-23
EURO FX - CHICAGO MERCANTILE EXCHANGE,2026-01-27,919284,290336,158202,132134,14.373577697425388,2026-01-30
EURO FX - CHICAGO MERCANTILE EXCHANGE,2026-02-03,910464,302301,138940,163361,17.942609482637426,2026-02-06
EURO FX - CHICAGO MERCANTILE EXCHANGE,2026-02-10,926273,318704,138399,180305,19.465643498191138,2026-02-13
EURO FX - CHICAGO MERCANTILE EXCHANGE,2026-02-17,916813,311549,137069,174480,19.031143755596833,2026-02-20
EURO FX - CHICAGO MERCANTILE EXCHANGE,2026-02-24,911287,294873,138017,156856,17.21257957152906,2026-02-27
EURO FX - CHICAGO MERCANTILE EXCHANGE,2026-03-03,913289,294586,158088,136498,14.94576196581805,2026-03-06
EURO FX - CHICAGO MERCANTILE EXCHANGE,2026-03-10,969374,265686,160542,105144,10.84658759157972,2026-03-13
EURO FX - CHICAGO MERCANTILE EXCHANGE,2026-03-17,755789,212886,191754,21132,2.796018465471183,2026-03-20
EURO FX - CHICAGO MERCANTILE EXCHANGE,2026-03-24,764691,200025,190746,9279,1.2134313075477545,2026-03-27
EURO FX - CHICAGO MERCANTILE EXCHANGE,2026-03-31,774237,200168,199661,507,0.06548382472033758,2026-04-03
EURO FX - CHICAGO MERCANTILE EXCHANGE,2026-04-07,775043,200946,208487,-7541,-0.9729782734635369,2026-04-10
EURO FX - CHICAGO MERCANTILE EXCHANGE,2026-04-14,788828,214639,188621,26018,3.2983109118844665,2026-04-17
EURO FX - CHICAGO MERCANTILE EXCHANGE,2026-04-21,790622,217407,176083,41324,5.22677082094857,2026-04-24
EURO FX - CHICAGO MERCANTILE EXCHANGE,2026-04-28,801430,217091,181379,35712,4.456034837727562,2026-05-01
EURO FX - CHICAGO MERCANTILE EXCHANGE,2026-05-05,815942,217474,185272,32202,3.9466040478367335,2026-05-08
EURO FX - CHICAGO MERCANTILE EXCHANGE,2026-05-12,829377,224002,183802,40200,4.847011672616916,2026-05-15
EURO FX - CHICAGO MERCANTILE EXCHANGE,2026-05-19,826019,233251,199738,33513,4.057170597770753,2026-05-22
EURO FX - CHICAGO MERCANTILE EXCHANGE,2026-05-26,824224,223055,193629,29426,3.5701459797336645,2026-05-29
EURO FX - CHICAGO MERCANTILE EXCHANGE,2026-06-02,842424,235442,186576,48866,5.800641957019268,2026-06-05
EURO FX - CHICAGO MERCANTILE EXCHANGE,2026-06-09,871507,219564,205632,13932,1.5986102234405462,2026-06-12
EURO FX - CHICAGO MERCANTILE EXCHANGE,2026-06-16,894671,228005,193652,34353,3.8397355005359515,2026-06-19
EURO FX - CHICAGO MERCANTILE EXCHANGE,2026-06-23,785477,247332,217174,30158,3.8394504231186914,2026-06-26
EURO FX - CHICAGO MERCANTILE EXCHANGE,2026-06-30,790076,235658,234559,1099,0.13910054222631746,2026-07-03
EURO FX - CHICAGO MERCANTILE EXCHANGE,2026-07-07,794833,223430,239657,-16227,-2.041560931667407,2026-07-10
EURO FX - CHICAGO MERCANTILE EXCHANGE,2026-07-14,799495,230307,242912,-12605,-1.5766202415274642,2026-07-17
EURO FX - CHICAGO MERCANTILE EXCHANGE,2026-07-21,800061,220465,261803,-41338,-5.166856027227924,2026-07-24
EURO FX/BRITISH POUND XRATE - CHICAGO MERCANTILE EXCHANGE,2020-01-07,22493,3495,2523,972,4.32134441826346,2020-01-10
EURO FX/BRITISH POUND XRATE - CHICAGO MERCANTILE EXCHANGE,2020-01-14,22585,3537,2683,854,3.7812707549258353,2020-01-17
EURO FX/BRITISH POUND XRATE - CHICAGO MERCANTILE EXCHANGE,2020-01-21,23148,3613,4005,-392,-1.6934508380853637,2020-01-24
EURO FX/BRITISH POUND XRATE - CHICAGO MERCANTILE EXCHANGE,2020-01-28,23569,3675,4100,-425,-1.8032160889303748,2020-01-31
EURO FX/BRITISH POUND XRATE - CHICAGO MERCANTILE EXCHANGE,2020-02-04,23841,3642,4117,-475,-1.9923660920263413,2020-02-07
EURO FX/BRITISH POUND XRATE - CHICAGO MERCANTILE EXCHANGE,2020-02-11,23488,3350,4031,-681,-2.8993528610354224,2020-02-14
EURO FX/BRITISH POUND XRATE - CHICAGO MERCANTILE EXCHANGE,2020-02-18,23860,3358,3812,-454,-1.9027661357921208,2020-02-21
EURO FX/BRITISH POUND XRATE - CHICAGO MERCANTILE EXCHANGE,2020-02-25,23419,3343,3653,-310,-1.3237115162901916,2020-02-28
EURO FX/BRITISH POUND XRATE - CHICAGO MERCANTILE EXCHANGE,2020-03-10,23628,3549,5488,-1939,-8.206365329270357,2020-03-13
EURO FX/BRITISH POUND XRATE - CHICAGO MERCANTILE EXCHANGE,2020-04-07,21364,3373,2480,893,4.179928852274855,2020-04-10
EURO FX/BRITISH POUND XRATE - CHICAGO MERCANTILE EXCHANGE,2020-04-14,21205,3452,2108,1344,6.338127800047158,2020-04-17
EURO FX/BRITISH POUND XRATE - CHICAGO MERCANTILE EXCHANGE,2020-04-21,22171,3341,2903,438,1.9755536511659375,2020-04-24
EURO FX/BRITISH POUND XRATE - CHICAGO MERCANTILE EXCHANGE,2020-04-28,22091,3274,2571,703,3.1822914308994616,2020-05-01
EURO FX/BRITISH POUND XRATE - CHICAGO MERCANTILE EXCHANGE,2020-05-26,22871,2922,3653,-731,-3.196187311442438,2020-05-29
EURO FX/BRITISH POUND XRATE - CHICAGO MERCANTILE EXCHANGE,2020-06-02,23212,3257,3739,-482,-2.0765121488885057,2020-06-05
EURO FX/BRITISH POUND XRATE - CHICAGO MERCANTILE EXCHANGE,2020-06-09,25066,2952,4348,-1396,-5.56929705577276,2020-06-12
EURO FX/BRITISH POUND XRATE - CHICAGO MERCANTILE EXCHANGE,2020-06-16,23236,3446,4679,-1233,-5.306421070752281,2020-06-19
EURO FX/BRITISH POUND XRATE - CHICAGO MERCANTILE EXCHANGE,2020-06-23,23511,3523,5125,-1602,-6.813831823401811,2020-06-26
EURO FX/BRITISH POUND XRATE - CHICAGO MERCANTILE EXCHANGE,2020-06-30,24041,4276,5024,-748,-3.1113514412878,2020-07-03
EURO FX/BRITISH POUND XRATE - CHICAGO MERCANTILE EXCHANGE,2020-07-07,23701,3357,3518,-161,-0.6792962322264884,2020-07-10
EURO FX/BRITISH POUND XRATE - CHICAGO MERCANTILE EXCHANGE,2020-07-14,23432,3274,3242,32,0.13656538067599863,2020-07-17
EURO FX/BRITISH POUND XRATE - CHICAGO MERCANTILE EXCHANGE,2020-07-21,23392,3396,3791,-395,-1.6886114911080712,2020-07-24
EURO FX/BRITISH POUND XRATE - CHICAGO MERCANTILE EXCHANGE,2020-07-28,23236,4218,3625,593,2.5520743673609916,2020-07-31
EURO FX/BRITISH POUND XRATE - CHICAGO MERCANTILE EXCHANGE,2020-08-04,23970,4305,4681,-376,-1.5686274509803921,2020-08-07
EURO FX/BRITISH POUND XRATE - CHICAGO MERCANTILE EXCHANGE,2020-08-11,24287,4541,4566,-25,-0.10293572693210361,2020-08-14
EURO FX/BRITISH POUND XRATE - CHICAGO MERCANTILE EXCHANGE,2020-08-18,24606,4677,4893,-216,-0.8778346744696415,2020-08-21
EURO FX/BRITISH POUND XRATE - CHICAGO MERCANTILE EXCHANGE,2020-08-25,24750,4364,5128,-764,-3.0868686868686868,2020-08-28
EURO FX/BRITISH POUND XRATE - CHICAGO MERCANTILE EXCHANGE,2020-09-01,24496,4155,4848,-693,-2.829033311561071,2020-09-04
EURO FX/BRITISH POUND XRATE - CHICAGO MERCANTILE EXCHANGE,2020-09-08,24671,3107,4080,-973,-3.9439017469903934,2020-09-11
EURO FX/BRITISH POUND XRATE - CHICAGO MERCANTILE EXCHANGE,2020-09-15,24623,3950,4601,-651,-2.643869552857085,2020-09-18
EURO FX/BRITISH POUND XRATE - CHICAGO MERCANTILE EXCHANGE,2020-09-22,24504,3608,4761,-1153,-4.705354227881163,2020-09-25
EURO FX/BRITISH POUND XRATE - CHICAGO MERCANTILE EXCHANGE,2020-10-06,24817,4341,4508,-167,-0.6729258169802957,2020-10-09
EURO FX/BRITISH POUND XRATE - CHICAGO MERCANTILE EXCHANGE,2020-10-13,24699,4371,4547,-176,-0.7125794566581644,2020-10-16
EURO FX/BRITISH POUND XRATE - CHICAGO MERCANTILE EXCHANGE,2020-10-20,24708,4378,4337,41,0.16593815768172251,2020-10-23
EURO FX/BRITISH POUND XRATE - CHICAGO MERCANTILE EXCHANGE,2020-10-27,24718,4768,4202,566,2.289829274213124,2020-10-30
EURO FX/BRITISH POUND XRATE - CHICAGO MERCANTILE EXCHANGE,2020-11-03,24490,4780,4125,655,2.674561045324622,2020-11-06
EURO FX/BRITISH POUND XRATE - CHICAGO MERCANTILE EXCHANGE,2020-11-10,24547,4746,4096,650,2.6479814233918604,2020-11-13
EURO FX/BRITISH POUND XRATE - CHICAGO MERCANTILE EXCHANGE,2020-11-17,24424,5295,3524,1771,7.251064526695054,2020-11-20
EURO FX/BRITISH POUND XRATE - CHICAGO MERCANTILE EXCHANGE,2020-11-24,24758,6113,2648,3465,13.995476209709992,2020-11-27
EURO FX/BRITISH POUND XRATE - CHICAGO MERCANTILE EXCHANGE,2020-12-01,25476,6854,2837,4017,15.76778144135657,2020-12-04
EURO FX/BRITISH POUND XRATE - CHICAGO MERCANTILE EXCHANGE,2020-12-15,25123,6844,3825,3019,12.016876965330574,2020-12-18
EURO FX/BRITISH POUND XRATE - CHICAGO MERCANTILE EXCHANGE,2020-12-21,26128,7213,4238,2975,11.386252296387017,2020-12-24
EURO FX/BRITISH POUND XRATE - CHICAGO MERCANTILE EXCHANGE,2020-12-29,25795,7199,3862,3337,12.936615623182787,2021-01-01
EURO FX/BRITISH POUND XRATE - CHICAGO MERCANTILE EXCHANGE,2021-01-05,27113,8445,4439,4006,14.775200088518423,2021-01-08
EURO FX/BRITISH POUND XRATE - CHICAGO MERCANTILE EXCHANGE,2021-01-12,26649,7899,3863,4036,15.145033584749898,2021-01-15
EURO FX/BRITISH POUND XRATE - CHICAGO MERCANTILE EXCHANGE,2021-01-19,26400,7972,3589,4383,16.602272727272727,2021-01-22
EURO FX/BRITISH POUND XRATE - CHICAGO MERCANTILE EXCHANGE,2021-01-26,24433,5802,1641,4161,17.030245978799165,2021-01-29
EURO FX/BRITISH POUND XRATE - CHICAGO MERCANTILE EXCHANGE,2021-02-02,25395,6491,1070,5421,21.346721795629062,2021-02-05
EURO FX/BRITISH POUND XRATE - CHICAGO MERCANTILE EXCHANGE,2021-02-09,26876,7337,888,6449,23.99538621818723,2021-02-12
EURO FX/BRITISH POUND XRATE - CHICAGO MERCANTILE EXCHANGE,2021-02-16,27770,8197,1214,6983,25.14584083543392,2021-02-19
EURO FX/BRITISH POUND XRATE - CHICAGO MERCANTILE EXCHANGE,2021-02-23,28684,8786,1984,6802,23.713568539952586,2021-02-26
EURO FX/BRITISH POUND XRATE - CHICAGO MERCANTILE EXCHANGE,2021-03-02,27121,7483,799,6684,24.645108956159433,2021-03-05
EURO FX/BRITISH POUND XRATE - CHICAGO MERCANTILE EXCHANGE,2021-03-09,29590,7207,1429,5778,19.52686718485975,2021-03-12
EURO FX/BRITISH POUND XRATE - CHICAGO MERCANTILE EXCHANGE,2021-03-16,25679,5513,1329,4184,16.293469371860276,2021-03-19
EURO FX/BRITISH POUND XRATE - CHICAGO MERCANTILE EXCHANGE,2021-03-23,25824,5572,2145,3427,13.270600991325898,2021-03-26
EURO FX/BRITISH POUND XRATE - CHICAGO MERCANTILE EXCHANGE,2021-03-30,26092,5548,2212,3336,12.785528131227963,2021-04-02
EURO FX/BRITISH POUND XRATE - CHICAGO MERCANTILE EXCHANGE,2021-04-06,26032,5721,2487,3234,12.423171481253842,2021-04-09
EURO FX/BRITISH POUND XRATE - CHICAGO MERCANTILE EXCHANGE,2021-04-13,26041,5698,1996,3702,14.216043930724625,2021-04-16
EURO FX/BRITISH POUND XRATE - CHICAGO MERCANTILE EXCHANGE,2021-04-20,26208,5680,3127,2553,9.741300366300367,2021-04-23
EURO FX/BRITISH POUND XRATE - CHICAGO MERCANTILE EXCHANGE,2021-04-27,26392,5672,3480,2192,8.305547135495605,2021-04-30
EURO FX/BRITISH POUND XRATE - CHICAGO MERCANTILE EXCHANGE,2021-05-04,26170,5666,3725,1941,7.416889568207871,2021-05-07
EURO FX/BRITISH POUND XRATE - CHICAGO MERCANTILE EXCHANGE,2021-05-11,26177,5698,4791,907,3.464873744126523,2021-05-14
EURO FX/BRITISH POUND XRATE - CHICAGO MERCANTILE EXCHANGE,2021-05-18,26345,5799,5451,348,1.32093376352249,2021-05-21
EURO FX/BRITISH POUND XRATE - CHICAGO MERCANTILE EXCHANGE,2021-05-25,26583,5806,5823,-17,-0.06395064514915547,2021-05-28
EURO FX/BRITISH POUND XRATE - CHICAGO MERCANTILE EXCHANGE,2021-06-01,26021,4780,5334,-554,-2.1290496137734904,2021-06-04
EURO FX/BRITISH POUND XRATE - CHICAGO MERCANTILE EXCHANGE,2021-06-08,28618,5041,5773,-732,-2.557830735900482,2021-06-11
EURO FX/BRITISH POUND XRATE - CHICAGO MERCANTILE EXCHANGE,2021-06-15,28298,4821,2839,1982,7.004028553254647,2021-06-18
EURO FX/BRITISH POUND XRATE - CHICAGO MERCANTILE EXCHANGE,2021-06-22,28494,4844,2303,2541,8.917666877237313,2021-06-25
EURO FX/BRITISH POUND XRATE - CHICAGO MERCANTILE EXCHANGE,2021-06-29,28766,4827,3010,1817,6.316484738927901,2021-07-02
EURO FX/BRITISH POUND XRATE - CHICAGO MERCANTILE EXCHANGE,2021-07-06,28787,4940,2948,1992,6.919790183068747,2021-07-09
EURO FX/BRITISH POUND XRATE - CHICAGO MERCANTILE EXCHANGE,2021-07-13,29169,5014,2856,2158,7.398265281634613,2021-07-16
EURO FX/BRITISH POUND XRATE - CHICAGO MERCANTILE EXCHANGE,2021-07-20,30235,4916,3360,1556,5.14635356375062,2021-07-23
EURO FX/BRITISH POUND XRATE - CHICAGO MERCANTILE EXCHANGE,2021-07-27,29780,4973,3228,1745,5.859637340496978,2021-07-30
EURO FX/BRITISH POUND XRATE - CHICAGO MERCANTILE EXCHANGE,2021-08-03,30147,4957,3707,1250,4.1463495538527875,2021-08-06
EURO FX/BRITISH POUND XRATE - CHICAGO MERCANTILE EXCHANGE,2021-08-10,29911,4905,3424,1481,4.951355688542677,2021-08-13
EURO FX/BRITISH POUND XRATE - CHICAGO MERCANTILE EXCHANGE,2021-08-17,30114,4918,3554,1364,4.5294547386597594,2021-08-20
EURO FX/BRITISH POUND XRATE - CHICAGO MERCANTILE EXCHANGE,2021-08-24,30662,3946,4227,-281,-0.9164438066662318,2021-08-27
EURO FX/BRITISH POUND XRATE - CHICAGO MERCANTILE EXCHANGE,2021-08-31,30625,3944,4388,-444,-1.449795918367347,2021-09-03
EURO FX/BRITISH POUND XRATE - CHICAGO MERCANTILE EXCHANGE,2021-09-07,32796,3930,5767,-1837,-5.601292840590316,2021-09-10
EURO FX/BRITISH POUND XRATE - CHICAGO MERCANTILE EXCHANGE,2021-09-14,28553,3943,3017,926,3.2430917942072637,2021-09-17
EURO FX/BRITISH POUND XRATE - CHICAGO MERCANTILE EXCHANGE,2021-09-21,29470,3948,3411,537,1.8221920597217511,2021-09-24
EURO FX/BRITISH POUND XRATE - CHICAGO MERCANTILE EXCHANGE,2021-09-28,30150,4060,4042,18,0.05970149253731343,2021-10-01
EURO FX/BRITISH POUND XRATE - CHICAGO MERCANTILE EXCHANGE,2021-10-05,30047,4057,3966,91,0.3028588544613439,2021-10-08
EURO FX/BRITISH POUND XRATE - CHICAGO MERCANTILE EXCHANGE,2021-10-12,30992,4066,4424,-358,-1.1551368094992256,2021-10-15
EURO FX/BRITISH POUND XRATE - CHICAGO MERCANTILE EXCHANGE,2021-10-19,31327,4524,4406,118,0.3766718804864813,2021-10-22
EURO FX/BRITISH POUND XRATE - CHICAGO MERCANTILE EXCHANGE,2021-10-26,32742,5272,6305,-1033,-3.1549691527701422,2021-10-29
EURO FX/BRITISH POUND XRATE - CHICAGO MERCANTILE EXCHANGE,2021-11-02,33385,5481,7202,-1721,-5.155009734910888,2021-11-05
EURO FX/BRITISH POUND XRATE - CHICAGO MERCANTILE EXCHANGE,2021-11-09,33590,5346,7126,-1780,-5.299196189342066,2021-11-12
EURO FX/BRITISH POUND XRATE - CHICAGO MERCANTILE EXCHANGE,2021-11-16,32357,4308,6929,-2621,-8.10025651327379,2021-11-19
EURO FX/BRITISH POUND XRATE - CHICAGO MERCANTILE EXCHANGE,2021-11-23,32794,3813,6331,-2518,-7.678233823260353,2021-11-26
EURO FX/BRITISH POUND XRATE - CHICAGO MERCANTILE EXCHANGE,2021-11-30,32927,3804,6971,-3167,-9.618246423907431,2021-12-03
EURO FX/BRITISH POUND XRATE - CHICAGO MERCANTILE EXCHANGE,2021-12-07,37208,4404,7149,-2745,-7.377445710599871,2021-12-10
EURO FX/BRITISH POUND XRATE - CHICAGO MERCANTILE EXCHANGE,2021-12-14,32612,4314,6604,-2290,-7.021955108549001,2021-12-17
EURO FX/BRITISH POUND XRATE - CHICAGO MERCANTILE EXCHANGE,2021-12-21,31952,4303,4764,-461,-1.4427891837756635,2021-12-24
EURO FX/BRITISH POUND XRATE - CHICAGO MERCANTILE EXCHANGE,2021-12-28,32372,4308,4470,-162,-0.500432472507105,2021-12-31
EURO FX/BRITISH POUND XRATE - CHICAGO MERCANTILE EXCHANGE,2022-01-04,33462,4828,5757,-929,-2.776283545514315,2022-01-07
EURO FX/BRITISH POUND XRATE - CHICAGO MERCANTILE EXCHANGE,2022-01-11,33633,4830,5730,-900,-2.675943270002676,2022-01-14
EURO FX/BRITISH POUND XRATE - CHICAGO MERCANTILE EXCHANGE,2022-01-18,33164,4879,5485,-606,-1.827282595585575,2022-01-21
EURO FX/BRITISH POUND XRATE - CHICAGO MERCANTILE EXCHANGE,2022-01-25,32674,4460,3880,580,1.7751117096162086,2022-01-28
EURO FX/BRITISH POUND XRATE - CHICAGO MERCANTILE EXCHANGE,2022-02-01,32962,4963,4166,797,2.4179358048662096,2022-02-04
EURO FX/BRITISH POUND XRATE - CHICAGO MERCANTILE EXCHANGE,2022-02-08,32594,4467,5450,-983,-3.0158924955513284,2022-02-11
EURO FX/BRITISH POUND XRATE - CHICAGO MERCANTILE EXCHANGE,2022-02-15,32299,4452,4398,54,0.167187838632775,2022-02-18
EURO FX/BRITISH POUND XRATE - CHICAGO MERCANTILE EXCHANGE,2022-02-22,31941,4454,4366,88,0.2755079678156601,2022-02-25
EURO FX/BRITISH POUND XRATE - CHICAGO MERCANTILE EXCHANGE,2022-03-01,32732,4913,5014,-101,-0.30856654038861053,2022-03-04
EURO FX/BRITISH POUND XRATE - CHICAGO MERCANTILE EXCHANGE,2022-03-08,34469,4383,5517,-1134,-3.289912675157388,2022-03-11
EURO FX/BRITISH POUND XRATE - CHICAGO MERCANTILE EXCHANGE,2022-03-15,31631,5234,8790,-3556,-11.242135879358857,2022-03-18
EURO FX/BRITISH POUND XRATE - CHICAGO MERCANTILE EXCHANGE,2022-03-22,31192,5625,8119,-2494,-7.995639907668633,2022-03-25
EURO FX/BRITISH POUND XRATE - CHICAGO MERCANTILE EXCHANGE,2022-03-29,31483,5395,7709,-2314,-7.3499984118413115,2022-04-01
EURO FX/BRITISH POUND XRATE - CHICAGO MERCANTILE EXCHANGE,2022-04-05,31000,5471,6854,-1383,-4.461290322580645,2022-04-08
EURO FX/BRITISH POUND XRATE - CHICAGO MERCANTILE EXCHANGE,2022-04-12,31410,5492,7373,-1881,-5.988538681948424,2022-04-15
EURO FX/BRITISH POUND XRATE - CHICAGO MERCANTILE EXCHANGE,2022-04-19,31685,5558,7353,-1795,-5.665141234022409,2022-04-22
EURO FX/BRITISH POUND XRATE - CHICAGO MERCANTILE EXCHANGE,2022-04-26,30857,5442,7369,-1927,-6.244936319149626,2022-04-29
EURO FX/BRITISH POUND XRATE - CHICAGO MERCANTILE EXCHANGE,2022-05-03,30369,5389,6354,-965,-3.177582403108433,2022-05-06
EURO FX/BRITISH POUND XRATE - CHICAGO MERCANTILE EXCHANGE,2022-05-10,29857,5027,5973,-946,-3.1684362126134578,2022-05-13
EURO FX/BRITISH POUND XRATE - CHICAGO MERCANTILE EXCHANGE,2022-05-17,30951,5011,6954,-1943,-6.277664695809506,2022-05-20
EURO FX/BRITISH POUND XRATE - CHICAGO MERCANTILE EXCHANGE,2022-05-24,30902,4516,5619,-1103,-3.569348262248398,2022-05-27
EURO FX/BRITISH POUND XRATE - CHICAGO MERCANTILE EXCHANGE,2022-05-31,31573,6168,6361,-193,-0.6112817914040477,2022-06-03
EURO FX/BRITISH POUND XRATE - CHICAGO MERCANTILE EXCHANGE,2022-06-07,32975,6086,6886,-800,-2.4260803639120545,2022-06-10
EURO FX/BRITISH POUND XRATE - CHICAGO MERCANTILE EXCHANGE,2022-06-14,33333,7114,5215,1899,5.697056970569705,2022-06-17
EURO FX/BRITISH POUND XRATE - CHICAGO MERCANTILE EXCHANGE,2022-06-21,34424,7796,6264,1532,4.450383453404601,2022-06-24
EURO FX/BRITISH POUND XRATE - CHICAGO MERCANTILE EXCHANGE,2022-06-28,34107,7993,5183,2810,8.238777963467909,2022-07-01
EURO FX/BRITISH POUND XRATE - CHICAGO MERCANTILE EXCHANGE,2022-07-05,35143,8917,6486,2431,6.9174515550749796,2022-07-08
EURO FX/BRITISH POUND XRATE - CHICAGO MERCANTILE EXCHANGE,2022-07-12,32475,7068,3885,3183,9.801385681293302,2022-07-15
EURO FX/BRITISH POUND XRATE - CHICAGO MERCANTILE EXCHANGE,2022-07-19,31138,5891,2220,3671,11.789453400989144,2022-07-22
EURO FX/BRITISH POUND XRATE - CHICAGO MERCANTILE EXCHANGE,2022-07-26,31488,6094,2127,3967,12.598450203252032,2022-07-29
EURO FX/BRITISH POUND XRATE - CHICAGO MERCANTILE EXCHANGE,2022-08-02,32599,7478,3033,4445,13.635387588576336,2022-08-05
EURO FX/BRITISH POUND XRATE - CHICAGO MERCANTILE EXCHANGE,2022-08-09,32907,8184,3370,4814,14.629106269182849,2022-08-12
EURO FX/BRITISH POUND XRATE - CHICAGO MERCANTILE EXCHANGE,2022-08-16,32531,7715,2752,4963,15.256217146721587,2022-08-19
EURO FX/BRITISH POUND XRATE - CHICAGO MERCANTILE EXCHANGE,2022-08-23,32424,7392,2686,4706,14.513940291142363,2022-08-26
EURO FX/BRITISH POUND XRATE - CHICAGO MERCANTILE EXCHANGE,2022-08-30,31757,6037,3100,2937,9.248354693453411,2022-09-02
EURO FX/BRITISH POUND XRATE - CHICAGO MERCANTILE EXCHANGE,2022-09-06,34316,7901,5548,2353,6.856859773866418,2022-09-09
EURO FX/BRITISH POUND XRATE - CHICAGO MERCANTILE EXCHANGE,2022-09-13,34966,8215,4978,3237,9.257564491220043,2022-09-16
EURO FX/BRITISH POUND XRATE - CHICAGO MERCANTILE EXCHANGE,2022-09-20,32470,7264,3161,4103,12.63627964274715,2022-09-23
EURO FX/BRITISH POUND XRATE - CHICAGO MERCANTILE EXCHANGE,2022-09-27,34901,10020,5813,4207,12.054095871178475,2022-09-30
EURO FX/BRITISH POUND XRATE - CHICAGO MERCANTILE EXCHANGE,2022-10-04,33390,9122,4139,4983,14.923629829290205,2022-10-07
EURO FX/BRITISH POUND XRATE - CHICAGO MERCANTILE EXCHANGE,2022-10-11,32435,7933,3805,4128,12.726992446431323,2022-10-14
EURO FX/BRITISH POUND XRATE - CHICAGO MERCANTILE EXCHANGE,2022-10-18,30810,6121,1865,4256,13.813696851671537,2022-10-21
EURO FX/BRITISH POUND XRATE - CHICAGO MERCANTILE EXCHANGE,2022-10-25,30842,6091,1347,4744,15.381622462875299,2022-10-28
EURO FX/BRITISH POUND XRATE - CHICAGO MERCANTILE EXCHANGE,2022-11-01,30443,5721,1199,4522,14.853989422855829,2022-11-04
EURO FX/BRITISH POUND XRATE - CHICAGO MERCANTILE EXCHANGE,2022-11-08,30603,5417,809,4608,15.057347318890304,2022-11-11
EURO FX/BRITISH POUND XRATE - CHICAGO MERCANTILE EXCHANGE,2022-11-15,31419,5848,1360,4488,14.28435023393488,2022-11-18
EURO FX/BRITISH POUND XRATE - CHICAGO MERCANTILE EXCHANGE,2022-11-22,31188,6118,1322,4796,15.377709375400794,2022-11-25
EURO FX/BRITISH POUND XRATE - CHICAGO MERCANTILE EXCHANGE,2022-11-29,29920,4379,108,4271,14.274732620320856,2022-12-02
EURO FX/BRITISH POUND XRATE - CHICAGO MERCANTILE EXCHANGE,2022-12-06,30342,5766,176,5590,18.42330762639246,2022-12-09
EURO FX/BRITISH POUND XRATE - CHICAGO MERCANTILE EXCHANGE,2022-12-13,32152,5833,762,5071,15.771958198556854,2022-12-16
EURO FX/BRITISH POUND XRATE - CHICAGO MERCANTILE EXCHANGE,2022-12-20,28874,4765,8208,-3443,-11.924222483895546,2022-12-23
EURO FX/BRITISH POUND XRATE - CHICAGO MERCANTILE EXCHANGE,2022-12-27,29699,4822,8579,-3757,-12.650257584430452,2022-12-30
EURO FX/BRITISH POUND XRATE - CHICAGO MERCANTILE EXCHANGE,2023-01-03,31567,6848,10012,-3164,-10.023125415782303,2023-01-06
EURO FX/BRITISH POUND XRATE - CHICAGO MERCANTILE EXCHANGE,2023-01-10,31657,6915,10013,-3098,-9.786145244337744,2023-01-13
EURO FX/BRITISH POUND XRATE - CHICAGO MERCANTILE EXCHANGE,2023-01-17,31848,6898,10327,-3429,-10.766767143933684,2023-01-20
EURO FX/BRITISH POUND XRATE - CHICAGO MERCANTILE EXCHANGE,2023-01-24,31933,6558,10670,-4112,-12.876961137381393,2023-01-27
EURO FX/BRITISH POUND XRATE - CHICAGO MERCANTILE EXCHANGE,2023-01-31,31806,6468,10387,-3919,-12.321574545683205,2023-02-03
EURO FX/BRITISH POUND XRATE - CHICAGO MERCANTILE EXCHANGE,2023-02-07,32891,6612,10878,-4266,-12.970113404882794,2023-02-10
EURO FX/BRITISH POUND XRATE - CHICAGO MERCANTILE EXCHANGE,2023-02-14,32802,6485,11069,-4584,-13.974757636729468,2023-02-17
EURO FX/BRITISH POUND XRATE - CHICAGO MERCANTILE EXCHANGE,2023-02-21,34071,7490,11536,-4046,-11.87520178450882,2023-02-24
EURO FX/BRITISH POUND XRATE - CHICAGO MERCANTILE EXCHANGE,2023-02-28,33028,6646,10812,-4166,-12.61354002664406,2023-03-03
EURO FX/BRITISH POUND XRATE - CHICAGO MERCANTILE EXCHANGE,2023-03-07,34283,6609,10744,-4135,-12.061371525245749,2023-03-10
EURO FX/BRITISH POUND XRATE - CHICAGO MERCANTILE EXCHANGE,2023-03-14,33081,7467,3239,4228,12.780750279616699,2023-03-17
EURO FX/BRITISH POUND XRATE - CHICAGO MERCANTILE EXCHANGE,2023-03-21,29913,5442,109,5333,17.828368936582756,2023-03-24
EURO FX/BRITISH POUND XRATE - CHICAGO MERCANTILE EXCHANGE,2023-03-28,29676,5437,86,5351,18.03140584984499,2023-03-31
EURO FX/BRITISH POUND XRATE - CHICAGO MERCANTILE EXCHANGE,2023-04-04,29744,4984,533,4451,14.964362560516406,2023-04-07
EURO FX/BRITISH POUND XRATE - CHICAGO MERCANTILE EXCHANGE,2023-04-11,29754,5407,532,4875,16.384351683807218,2023-04-14
EURO FX/BRITISH POUND XRATE - CHICAGO MERCANTILE EXCHANGE,2023-04-18,29854,5165,86,5079,17.012795605279024,2023-04-21
EURO FX/BRITISH POUND XRATE - CHICAGO MERCANTILE EXCHANGE,2023-04-25,29969,4542,86,4456,14.868697654242718,2023-04-28
EURO FX/BRITISH POUND XRATE - CHICAGO MERCANTILE EXCHANGE,2023-05-02,29694,5353,86,5267,17.737590085539164,2023-05-05
EURO FX/BRITISH POUND XRATE - CHICAGO MERCANTILE EXCHANGE,2023-05-09,30435,6520,118,6402,21.03499260719566,2023-05-12
EURO FX/BRITISH POUND XRATE - CHICAGO MERCANTILE EXCHANGE,2023-05-16,31584,7406,550,6856,21.707193515704155,2023-05-19
EURO FX/BRITISH POUND XRATE - CHICAGO MERCANTILE EXCHANGE,2023-05-23,31944,7581,988,6593,20.639243676433757,2023-05-26
EURO FX/BRITISH POUND XRATE - CHICAGO MERCANTILE EXCHANGE,2023-05-30,32875,9413,2162,7251,22.056273764258556,2023-06-02
EURO FX/BRITISH POUND XRATE - CHICAGO MERCANTILE EXCHANGE,2023-06-06,35689,10466,3040,7426,20.807531732466586,2023-06-09
EURO FX/BRITISH POUND XRATE - CHICAGO MERCANTILE EXCHANGE,2023-06-13,37595,10954,4549,6405,17.036840005319856,2023-06-16
EURO FX/BRITISH POUND XRATE - CHICAGO MERCANTILE EXCHANGE,2023-06-20,27718,4545,4316,229,0.826177934915939,2023-06-23
EURO FX/BRITISH POUND XRATE - CHICAGO MERCANTILE EXCHANGE,2023-06-27,28324,4840,5752,-912,-3.219884197147296,2023-06-30
EURO FX/BRITISH POUND XRATE - CHICAGO MERCANTILE EXCHANGE,2023-07-03,28286,5053,5431,-378,-1.3363501378773952,2023-07-06
EURO FX/BRITISH POUND XRATE - CHICAGO MERCANTILE EXCHANGE,2023-07-11,28560,5060,5419,-359,-1.2570028011204482,2023-07-14
EURO FX/BRITISH POUND XRATE - CHICAGO MERCANTILE EXCHANGE,2023-07-18,28740,5062,4302,760,2.6443980514961725,2023-07-21
EURO FX/BRITISH POUND XRATE - CHICAGO MERCANTILE EXCHANGE,2023-07-25,28185,5134,5097,37,0.1312755011530956,2023-07-28
EURO FX/BRITISH POUND XRATE - CHICAGO MERCANTILE EXCHANGE,2023-08-01,28612,5107,5569,-462,-1.6147071158954287,2023-08-04
EURO FX/BRITISH POUND XRATE - CHICAGO MERCANTILE EXCHANGE,2023-08-08,28864,5563,5861,-298,-1.0324279379157428,2023-08-11
EURO FX/BRITISH POUND XRATE - CHICAGO MERCANTILE EXCHANGE,2023-08-15,29074,5566,5043,523,1.7988580862626402,2023-08-18
EURO FX/BRITISH POUND XRATE - CHICAGO MERCANTILE EXCHANGE,2023-08-22,29302,5560,5377,183,0.6245307487543513,2023-08-25
EURO FX/BRITISH POUND XRATE - CHICAGO MERCANTILE EXCHANGE,2023-08-29,29483,5557,4735,822,2.788047349319947,2023-09-01
EURO FX/BRITISH POUND XRATE - CHICAGO MERCANTILE EXCHANGE,2023-09-05,29558,5157,4752,405,1.3701874281074498,2023-09-08
EURO FX/BRITISH POUND XRATE - CHICAGO MERCANTILE EXCHANGE,2023-09-12,31040,5615,6248,-633,-2.0393041237113403,2023-09-15
EURO FX/BRITISH POUND XRATE - CHICAGO MERCANTILE EXCHANGE,2023-09-19,29395,5395,8545,-3150,-10.716108181663548,2023-09-22
EURO FX/BRITISH POUND XRATE - CHICAGO MERCANTILE EXCHANGE,2023-09-26,29015,4894,8783,-3889,-13.403412028261243,2023-09-29
EURO FX/BRITISH POUND XRATE - CHICAGO MERCANTILE EXCHANGE,2023-10-03,28904,4936,9559,-4623,-15.994326044838084,2023-10-06
EURO FX/BRITISH POUND XRATE - CHICAGO MERCANTILE EXCHANGE,2023-10-10,29070,4781,9256,-4475,-15.393876848985208,2023-10-13
EURO FX/BRITISH POUND XRATE - CHICAGO MERCANTILE EXCHANGE,2023-10-17,28810,4788,8663,-3875,-13.450190905935438,2023-10-20
EURO FX/BRITISH POUND XRATE - CHICAGO MERCANTILE EXCHANGE,2023-10-24,29625,4673,9737,-5064,-17.093670886075948,2023-10-27
EURO FX/BRITISH POUND XRATE - CHICAGO MERCANTILE EXCHANGE,2023-10-31,30755,4811,10579,-5768,-18.754674036741996,2023-11-03
EURO FX/BRITISH POUND XRATE - CHICAGO MERCANTILE EXCHANGE,2023-11-07,29850,4803,9350,-4547,-15.232830820770518,2023-11-10
EURO FX/BRITISH POUND XRATE - CHICAGO MERCANTILE EXCHANGE,2023-11-14,29778,4686,8636,-3950,-13.264826381892671,2023-11-17
EURO FX/BRITISH POUND XRATE - CHICAGO MERCANTILE EXCHANGE,2023-11-21,29953,4305,8506,-4201,-14.02530631322405,2023-11-24
EURO FX/BRITISH POUND XRATE - CHICAGO MERCANTILE EXCHANGE,2023-11-28,29471,4738,8023,-3285,-11.146550846594957,2023-12-01
EURO FX/BRITISH POUND XRATE - CHICAGO MERCANTILE EXCHANGE,2023-12-05,29509,4800,7225,-2425,-8.217831847910807,2023-12-08
EURO FX/BRITISH POUND XRATE - CHICAGO MERCANTILE EXCHANGE,2023-12-12,33255,4434,6158,-1724,-5.184182829649677,2023-12-15
EURO FX/BRITISH POUND XRATE - CHICAGO MERCANTILE EXCHANGE,2023-12-19,29068,6005,7938,-1933,-6.649924315398375,2023-12-22
EURO FX/BRITISH POUND XRATE - CHICAGO MERCANTILE EXCHANGE,2023-12-26,28804,5952,8369,-2417,-8.391195667268434,2023-12-29
EURO FX/BRITISH POUND XRATE - CHICAGO MERCANTILE EXCHANGE,2024-01-02,28908,5541,8790,-3249,-11.239103362391035,2024-01-05
EURO FX/BRITISH POUND XRATE - CHICAGO MERCANTILE EXCHANGE,2024-01-09,28845,5550,9614,-4064,-14.089096897209222,2024-01-12
EURO FX/BRITISH POUND XRATE - CHICAGO MERCANTILE EXCHANGE,2024-01-16,28848,5569,9183,-3614,-12.527731558513588,2024-01-19
EURO FX/BRITISH POUND XRATE - CHICAGO MERCANTILE EXCHANGE,2024-01-23,28830,5241,8899,-3658,-12.688172043010754,2024-01-26
EURO FX/BRITISH POUND XRATE - CHICAGO MERCANTILE EXCHANGE,2024-01-30,29186,5600,9572,-3972,-13.609264715959707,2024-02-02
EURO FX/BRITISH POUND XRATE - CHICAGO MERCANTILE EXCHANGE,2024-02-06,29386,5617,9888,-4271,-14.534131899544,2024-02-09
EURO FX/BRITISH POUND XRATE - CHICAGO MERCANTILE EXCHANGE,2024-02-13,29808,6280,9456,-3176,-10.654857756307031,2024-02-16
EURO FX/BRITISH POUND XRATE - CHICAGO MERCANTILE EXCHANGE,2024-02-20,30417,6524,10576,-4052,-13.321497846598943,2024-02-23
EURO FX/BRITISH POUND XRATE - CHICAGO MERCANTILE EXCHANGE,2024-02-27,30238,5980,10592,-4612,-15.25233150340631,2024-03-01
EURO FX/BRITISH POUND XRATE - CHICAGO MERCANTILE EXCHANGE,2024-03-05,30289,6188,10442,-4254,-14.044702697348873,2024-03-08
EURO FX/BRITISH POUND XRATE - CHICAGO MERCANTILE EXCHANGE,2024-03-12,38223,5888,10141,-4253,-11.126808466106795,2024-03-15
EURO FX/BRITISH POUND XRATE - CHICAGO MERCANTILE EXCHANGE,2024-03-19,30947,4588,11432,-6844,-22.115229262933404,2024-03-22
EURO FX/BRITISH POUND XRATE - CHICAGO MERCANTILE EXCHANGE,2024-03-26,31212,4605,10774,-6169,-19.76483403819044,2024-03-29
EURO FX/BRITISH POUND XRATE - CHICAGO MERCANTILE EXCHANGE,2024-04-02,31180,4606,11036,-6430,-20.62219371391918,2024-04-05
EURO FX/BRITISH POUND XRATE - CHICAGO MERCANTILE EXCHANGE,2024-04-09,31233,4269,10983,-6714,-21.496494092786474,2024-04-12
EURO FX/BRITISH POUND XRATE - CHICAGO MERCANTILE EXCHANGE,2024-04-16,30873,4315,10423,-6108,-19.784277524050143,2024-04-19
EURO FX/BRITISH POUND XRATE - CHICAGO MERCANTILE EXCHANGE,2024-04-23,31424,4307,11630,-7323,-23.30384419551935,2024-04-26
EURO FX/BRITISH POUND XRATE - CHICAGO MERCANTILE EXCHANGE,2024-04-30,30880,4230,11423,-7193,-23.29339378238342,2024-05-03
EURO FX/BRITISH POUND XRATE - CHICAGO MERCANTILE EXCHANGE,2024-05-07,31552,4247,12567,-8320,-26.369168356997974,2024-05-10
EURO FX/BRITISH POUND XRATE - CHICAGO MERCANTILE EXCHANGE,2024-05-14,31850,4271,12875,-8604,-27.014128728414445,2024-05-17
EURO FX/BRITISH POUND XRATE - CHICAGO MERCANTILE EXCHANGE,2024-05-21,31649,4297,11649,-7352,-23.22980188947518,2024-05-24
EURO FX/BRITISH POUND XRATE - CHICAGO MERCANTILE EXCHANGE,2024-05-28,31698,4304,10821,-6517,-20.55965676067891,2024-05-31
EURO FX/BRITISH POUND XRATE - CHICAGO MERCANTILE EXCHANGE,2024-06-04,32014,4318,11727,-7409,-23.142999937527332,2024-06-07
EURO FX/BRITISH POUND XRATE - CHICAGO MERCANTILE EXCHANGE,2024-06-11,34398,3007,11474,-8467,-24.614803186231757,2024-06-14
EURO FX/BRITISH POUND XRATE - CHICAGO MERCANTILE EXCHANGE,2024-06-18,25939,3448,13188,-9740,-37.549635683719494,2024-06-21
EURO FX/BRITISH POUND XRATE - CHICAGO MERCANTILE EXCHANGE,2024-06-25,26506,3468,14005,-10537,-39.75326341205765,2024-06-28
EURO FX/BRITISH POUND XRATE - CHICAGO MERCANTILE EXCHANGE,2024-07-02,27465,3473,14950,-11477,-41.787729837975604,2024-07-05
EURO FX/BRITISH POUND XRATE - CHICAGO MERCANTILE EXCHANGE,2024-07-09,26962,3507,13698,-10191,-37.797641124545656,2024-07-12
EURO FX/BRITISH POUND XRATE - CHICAGO MERCANTILE EXCHANGE,2024-07-16,27289,3519,13664,-10145,-37.1761515629008,2024-07-19
EURO FX/BRITISH POUND XRATE - CHICAGO MERCANTILE EXCHANGE,2024-07-23,27278,3513,14180,-10667,-39.104773077205074,2024-07-26
EURO FX/BRITISH POUND XRATE - CHICAGO MERCANTILE EXCHANGE,2024-07-30,27520,3516,14386,-10870,-39.49854651162791,2024-08-02
EURO FX/BRITISH POUND XRATE - CHICAGO MERCANTILE EXCHANGE,2024-08-06,28148,3942,17007,-13065,-46.415375870399316,2024-08-09
EURO FX/BRITISH POUND XRATE - CHICAGO MERCANTILE EXCHANGE,2024-08-13,26628,3471,14708,-11237,-42.19993991287367,2024-08-16
EURO FX/BRITISH POUND XRATE - CHICAGO MERCANTILE EXCHANGE,2024-08-20,27382,3471,15158,-11687,-42.68132349718793,2024-08-23
EURO FX/BRITISH POUND XRATE - CHICAGO MERCANTILE EXCHANGE,2024-08-27,27227,3513,13888,-10375,-38.1055569838763,2024-08-30
EURO FX/BRITISH POUND XRATE - CHICAGO MERCANTILE EXCHANGE,2024-09-03,31392,6226,16403,-10177,-32.419087665647304,2024-09-06
EURO FX/BRITISH POUND XRATE - CHICAGO MERCANTILE EXCHANGE,2024-09-10,30955,3942,14105,-10163,-32.83152963979971,2024-09-13
EURO FX/BRITISH POUND XRATE - CHICAGO MERCANTILE EXCHANGE,2024-09-17,29654,4489,13482,-8993,-30.32643151008296,2024-09-20
EURO FX/BRITISH POUND XRATE - CHICAGO MERCANTILE EXCHANGE,2024-09-24,30452,4533,14172,-9639,-31.6530933928806,2024-09-27
EURO FX/BRITISH POUND XRATE - CHICAGO MERCANTILE EXCHANGE,2024-10-01,31219,4068,14566,-10498,-33.62695794227874,2024-10-04
EURO FX/BRITISH POUND XRATE - CHICAGO MERCANTILE EXCHANGE,2024-10-08,31033,4118,15059,-10941,-35.25601778751651,2024-10-11
EURO FX/BRITISH POUND XRATE - CHICAGO MERCANTILE EXCHANGE,2024-10-15,31440,4215,14704,-10489,-33.3619592875318,2024-10-18
EURO FX/BRITISH POUND XRATE - CHICAGO MERCANTILE EXCHANGE,2024-10-22,31575,4172,13969,-9797,-31.027711797307994,2024-10-25
EURO FX/BRITISH POUND XRATE - CHICAGO MERCANTILE EXCHANGE,2024-10-29,32487,4725,14956,-10231,-31.49259703881553,2024-11-01
EURO FX/BRITISH POUND XRATE - CHICAGO MERCANTILE EXCHANGE,2024-11-05,32098,4632,15289,-10657,-33.20144557293289,2024-11-08
EURO FX/BRITISH POUND XRATE - CHICAGO MERCANTILE EXCHANGE,2024-11-12,32882,4990,15502,-10512,-31.968858341950003,2024-11-15
EURO FX/BRITISH POUND XRATE - CHICAGO MERCANTILE EXCHANGE,2024-11-19,32095,4826,14761,-9935,-30.95497741081165,2024-11-22
EURO FX/BRITISH POUND XRATE - CHICAGO MERCANTILE EXCHANGE,2024-11-26,32458,4597,15589,-10992,-33.865302852917615,2024-11-29
EURO FX/BRITISH POUND XRATE - CHICAGO MERCANTILE EXCHANGE,2024-12-03,33120,4837,15285,-10448,-31.545893719806763,2024-12-06
EURO FX/BRITISH POUND XRATE - CHICAGO MERCANTILE EXCHANGE,2024-12-10,34463,5100,14735,-9635,-27.957519658764475,2024-12-13
EURO FX/BRITISH POUND XRATE - CHICAGO MERCANTILE EXCHANGE,2024-12-17,30631,4739,9371,-4632,-15.121935294309685,2024-12-20
EURO FX/BRITISH POUND XRATE - CHICAGO MERCANTILE EXCHANGE,2024-12-24,30760,4726,8984,-4258,-13.842652795838752,2024-12-27
EURO FX/BRITISH POUND XRATE - CHICAGO MERCANTILE EXCHANGE,2024-12-31,30733,4730,8855,-4125,-13.422054469137409,2025-01-03
EURO FX/BRITISH POUND XRATE - CHICAGO MERCANTILE EXCHANGE,2025-01-07,31134,5095,8809,-3714,-11.929080747735595,2025-01-10
EURO FX/BRITISH POUND XRATE - CHICAGO MERCANTILE EXCHANGE,2025-01-14,31204,4046,8145,-4099,-13.136136392770156,2025-01-17
EURO FX/BRITISH POUND XRATE - CHICAGO MERCANTILE EXCHANGE,2025-01-21,31512,4829,9195,-4366,-13.855039350088855,2025-01-24
EURO FX/BRITISH POUND XRATE - CHICAGO MERCANTILE EXCHANGE,2025-01-28,31282,4545,8335,-3790,-12.115593632120708,2025-01-31
EURO FX/BRITISH POUND XRATE - CHICAGO MERCANTILE EXCHANGE,2025-02-04,32173,4611,8688,-4077,-12.672116370869984,2025-02-07
EURO FX/BRITISH POUND XRATE - CHICAGO MERCANTILE EXCHANGE,2025-02-11,33026,4734,9602,-4868,-14.73990189547629,2025-02-14
EURO FX/BRITISH POUND XRATE - CHICAGO MERCANTILE EXCHANGE,2025-02-18,32759,4099,8881,-4782,-14.59751518666626,2025-02-21
EURO FX/BRITISH POUND XRATE - CHICAGO MERCANTILE EXCHANGE,2025-02-25,33798,5115,9443,-4328,-12.805491449198177,2025-02-28
EURO FX/BRITISH POUND XRATE - CHICAGO MERCANTILE EXCHANGE,2025-03-04,33496,5413,9681,-4268,-12.741819918796274,2025-03-07
EURO FX/BRITISH POUND XRATE - CHICAGO MERCANTILE EXCHANGE,2025-03-11,37311,5670,10558,-4888,-13.100694165259574,2025-03-14
EURO FX/BRITISH POUND XRATE - CHICAGO MERCANTILE EXCHANGE,2025-03-18,31900,5664,8363,-2699,-8.460815047021944,2025-03-21
EURO FX/BRITISH POUND XRATE - CHICAGO MERCANTILE EXCHANGE,2025-03-25,32494,5953,7434,-1481,-4.557764510371146,2025-03-28
EURO FX/BRITISH POUND XRATE - CHICAGO MERCANTILE EXCHANGE,2025-04-01,32393,6029,8172,-2143,-6.615626832957738,2025-04-04
EURO FX/BRITISH POUND XRATE - CHICAGO MERCANTILE EXCHANGE,2025-04-08,33579,6351,9564,-3213,-9.568480300187618,2025-04-11
EURO FX/BRITISH POUND XRATE - CHICAGO MERCANTILE EXCHANGE,2025-04-15,36975,10544,11911,-1367,-3.69709263015551,2025-04-18
EURO FX/BRITISH POUND XRATE - CHICAGO MERCANTILE EXCHANGE,2025-04-22,36302,10720,11460,-740,-2.038455181532698,2025-04-25
EURO FX/BRITISH POUND XRATE - CHICAGO MERCANTILE EXCHANGE,2025-04-29,35682,10272,11084,-812,-2.2756571941034696,2025-05-02
EURO FX/BRITISH POUND XRATE - CHICAGO MERCANTILE EXCHANGE,2025-05-06,35837,8943,10888,-1945,-5.4273516198342495,2025-05-09
EURO FX/BRITISH POUND XRATE - CHICAGO MERCANTILE EXCHANGE,2025-05-13,33495,6619,8021,-1402,-4.185699358113151,2025-05-16
EURO FX/BRITISH POUND XRATE - CHICAGO MERCANTILE EXCHANGE,2025-05-20,32371,5175,6534,-1359,-4.198202094467271,2025-05-23
EURO FX/BRITISH POUND XRATE - CHICAGO MERCANTILE EXCHANGE,2025-05-27,33443,5956,6541,-585,-1.7492449840026312,2025-05-30
EURO FX/BRITISH POUND XRATE - CHICAGO MERCANTILE EXCHANGE,2025-06-03,31287,5584,6137,-553,-1.7675072713906737,2025-06-06
EURO FX/BRITISH POUND XRATE - CHICAGO MERCANTILE EXCHANGE,2025-06-10,32641,5128,6286,-1158,-3.5476854263043407,2025-06-13
EURO FX/BRITISH POUND XRATE - CHICAGO MERCANTILE EXCHANGE,2025-06-17,32105,4527,7657,-3130,-9.749260239838032,2025-06-20
EURO FX/BRITISH POUND XRATE - CHICAGO MERCANTILE EXCHANGE,2025-06-24,32168,4549,7561,-3012,-9.363342452126338,2025-06-27
EURO FX/BRITISH POUND XRATE - CHICAGO MERCANTILE EXCHANGE,2025-07-01,36700,7636,11301,-3665,-9.986376021798366,2025-07-04
EURO FX/BRITISH POUND XRATE - CHICAGO MERCANTILE EXCHANGE,2025-07-08,38647,10223,13513,-3290,-8.512950552436154,2025-07-11
EURO FX/BRITISH POUND XRATE - CHICAGO MERCANTILE EXCHANGE,2025-07-15,35438,9296,11547,-2251,-6.351938596986286,2025-07-18
EURO FX/BRITISH POUND XRATE - CHICAGO MERCANTILE EXCHANGE,2025-07-22,38587,9376,13336,-3960,-10.262523647860679,2025-07-25
EURO FX/BRITISH POUND XRATE - CHICAGO MERCANTILE EXCHANGE,2025-07-29,39546,9455,13793,-4338,-10.969503868912152,2025-08-01
EURO FX/BRITISH POUND XRATE - CHICAGO MERCANTILE EXCHANGE,2025-08-05,38716,9853,13278,-3425,-8.846471742948651,2025-08-08
EURO FX/BRITISH POUND XRATE - CHICAGO MERCANTILE EXCHANGE,2025-08-12,40526,10635,15521,-4886,-12.05645758278636,2025-08-15
EURO FX/BRITISH POUND XRATE - CHICAGO MERCANTILE EXCHANGE,2025-08-19,40851,10487,15352,-4865,-11.909133191353945,2025-08-22
EURO FX/BRITISH POUND XRATE - CHICAGO MERCANTILE EXCHANGE,2025-08-26,40766,10920,15690,-4770,-11.700927243290977,2025-08-29
EURO FX/BRITISH POUND XRATE - CHICAGO MERCANTILE EXCHANGE,2025-09-02,39479,9853,14887,-5034,-12.751082854175639,2025-09-05
EURO FX/BRITISH POUND XRATE - CHICAGO MERCANTILE EXCHANGE,2025-09-09,41068,8081,15723,-7642,-18.60816207265998,2025-09-12
EURO FX/BRITISH POUND XRATE - CHICAGO MERCANTILE EXCHANGE,2025-09-16,38027,8017,6457,1560,4.102348331448708,2025-09-19
EURO FX/BRITISH POUND XRATE - CHICAGO MERCANTILE EXCHANGE,2025-09-23,38359,7580,6056,1524,3.972991996663104,2025-09-26
EURO FX/BRITISH POUND XRATE - CHICAGO MERCANTILE EXCHANGE,2025-09-30,38291,7088,5553,1535,4.008774907941814,2025-10-03
EURO FX/BRITISH POUND XRATE - CHICAGO MERCANTILE EXCHANGE,2025-10-07,38130,7357,5141,2216,5.8116968266456865,2025-10-10
EURO FX/BRITISH POUND XRATE - CHICAGO MERCANTILE EXCHANGE,2025-10-14,37909,7260,5067,2193,5.784905959007096,2025-10-17
EURO FX/BRITISH POUND XRATE - CHICAGO MERCANTILE EXCHANGE,2025-10-21,38566,8280,5634,2646,6.860965617383187,2025-10-24
EURO FX/BRITISH POUND XRATE - CHICAGO MERCANTILE EXCHANGE,2025-10-28,39861,8513,6758,1755,4.402799729058478,2025-10-31
EURO FX/BRITISH POUND XRATE - CHICAGO MERCANTILE EXCHANGE,2025-11-04,40963,10129,8464,1665,4.064643702853795,2025-11-07
EURO FX/BRITISH POUND XRATE - CHICAGO MERCANTILE EXCHANGE,2025-11-10,41101,10126,8831,1295,3.1507749203182405,2025-11-13
EURO FX/BRITISH POUND XRATE - CHICAGO MERCANTILE EXCHANGE,2025-11-18,42027,10802,9583,1219,2.9005163347371927,2025-11-21
EURO FX/BRITISH POUND XRATE - CHICAGO MERCANTILE EXCHANGE,2025-11-25,42780,11198,10015,1183,2.7653108929406263,2025-11-28
EURO FX/BRITISH POUND XRATE - CHICAGO MERCANTILE EXCHANGE,2025-12-02,42314,10496,9732,764,1.8055489908777238,2025-12-05
EURO FX/BRITISH POUND XRATE - CHICAGO MERCANTILE EXCHANGE,2025-12-09,42163,9267,8470,797,1.8902829495054907,2025-12-12
EURO FX/BRITISH POUND XRATE - CHICAGO MERCANTILE EXCHANGE,2025-12-16,45803,10035,7972,2063,4.504071785690893,2025-12-19
EURO FX/BRITISH POUND XRATE - CHICAGO MERCANTILE EXCHANGE,2025-12-23,40488,9031,6724,2307,5.697984588026082,2025-12-26
EURO FX/BRITISH POUND XRATE - CHICAGO MERCANTILE EXCHANGE,2025-12-30,39752,8928,6092,2836,7.134232239887302,2026-01-02
EURO FX/BRITISH POUND XRATE - CHICAGO MERCANTILE EXCHANGE,2026-01-06,38628,8238,4889,3349,8.66987677332505,2026-01-09
EURO FX/BRITISH POUND XRATE - CHICAGO MERCANTILE EXCHANGE,2026-01-13,37676,7165,3790,3375,8.957957320310012,2026-01-16
EURO FX/BRITISH POUND XRATE - CHICAGO MERCANTILE EXCHANGE,2026-01-20,37268,6629,3658,2971,7.971986690994956,2026-01-23
EURO FX/BRITISH POUND XRATE - CHICAGO MERCANTILE EXCHANGE,2026-01-27,37848,7239,4197,3042,8.037412809131261,2026-01-30
EURO FX/BRITISH POUND XRATE - CHICAGO MERCANTILE EXCHANGE,2026-02-03,38551,7582,3916,3666,9.509480947316542,2026-02-06
EURO FX/BRITISH POUND XRATE - CHICAGO MERCANTILE EXCHANGE,2026-02-10,38225,6749,3823,2926,7.654676258992805,2026-02-13
EURO FX/BRITISH POUND XRATE - CHICAGO MERCANTILE EXCHANGE,2026-02-17,37984,6833,3487,3346,8.808972198820555,2026-02-20
EURO FX/BRITISH POUND XRATE - CHICAGO MERCANTILE EXCHANGE,2026-02-24,38472,7504,4041,3463,9.001351632355998,2026-02-27
EURO FX/BRITISH POUND XRATE - CHICAGO MERCANTILE EXCHANGE,2026-03-03,39042,7383,5081,2302,5.896214333282106,2026-03-06
EURO FX/BRITISH POUND XRATE - CHICAGO MERCANTILE EXCHANGE,2026-03-10,40386,5675,3218,2457,6.083791412865844,2026-03-13
EURO FX/BRITISH POUND XRATE - CHICAGO MERCANTILE EXCHANGE,2026-03-17,35536,5446,8588,-3142,-8.841737955875733,2026-03-20
EURO FX/BRITISH POUND XRATE - CHICAGO MERCANTILE EXCHANGE,2026-03-24,34955,5034,7056,-2022,-5.784580174510085,2026-03-27
EURO FX/BRITISH POUND XRATE - CHICAGO MERCANTILE EXCHANGE,2026-03-31,34158,5002,4602,400,1.171028748755782,2026-04-03
EURO FX/BRITISH POUND XRATE - CHICAGO MERCANTILE EXCHANGE,2026-04-07,34679,5541,4155,1386,3.996655036189048,2026-04-10
EURO FX/BRITISH POUND XRATE - CHICAGO MERCANTILE EXCHANGE,2026-04-14,34927,5377,4824,553,1.5833023162596271,2026-04-17
EURO FX/BRITISH POUND XRATE - CHICAGO MERCANTILE EXCHANGE,2026-04-21,36457,5788,5638,150,0.4114436185094769,2026-04-24
EURO FX/BRITISH POUND XRATE - CHICAGO MERCANTILE EXCHANGE,2026-04-28,36993,5427,5729,-302,-0.8163706647203525,2026-05-01
EURO FX/BRITISH POUND XRATE - CHICAGO MERCANTILE EXCHANGE,2026-05-05,36580,5787,4593,1194,3.264078731547294,2026-05-08
EURO FX/BRITISH POUND XRATE - CHICAGO MERCANTILE EXCHANGE,2026-05-12,36150,5372,3739,1633,4.517289073305671,2026-05-15
EURO FX/BRITISH POUND XRATE - CHICAGO MERCANTILE EXCHANGE,2026-05-19,35622,4654,3179,1475,4.140699567682892,2026-05-22
EURO FX/BRITISH POUND XRATE - CHICAGO MERCANTILE EXCHANGE,2026-05-26,36678,5287,3602,1685,4.594034571132559,2026-05-29
EURO FX/BRITISH POUND XRATE - CHICAGO MERCANTILE EXCHANGE,2026-06-02,36953,6596,3830,2766,7.485183882228777,2026-06-05
EURO FX/BRITISH POUND XRATE - CHICAGO MERCANTILE EXCHANGE,2026-06-09,38480,7202,3428,3774,9.807692307692308,2026-06-12
EURO FX/BRITISH POUND XRATE - CHICAGO MERCANTILE EXCHANGE,2026-06-16,41213,6418,4620,1798,4.362701089462063,2026-06-19
EURO FX/BRITISH POUND XRATE - CHICAGO MERCANTILE EXCHANGE,2026-06-23,36506,6865,4824,2041,5.5908617761463875,2026-06-26
EURO FX/BRITISH POUND XRATE - CHICAGO MERCANTILE EXCHANGE,2026-06-30,36757,6972,4710,2262,6.153929863699431,2026-07-03
EURO FX/BRITISH POUND XRATE - CHICAGO MERCANTILE EXCHANGE,2026-07-07,38402,6864,6107,757,1.9712514973178479,2026-07-10
EURO FX/BRITISH POUND XRATE - CHICAGO MERCANTILE EXCHANGE,2026-07-14,38598,6880,6423,457,1.1839991709414994,2026-07-17
EURO FX/BRITISH POUND XRATE - CHICAGO MERCANTILE EXCHANGE,2026-07-21,39025,7310,6999,311,0.7969250480461243,2026-07-24
EURO FX/JAPANESE YEN XRATE - CHICAGO MERCANTILE EXCHANGE,2020-01-07,23229,3791,1851,1940,8.351629428731327,2020-01-10
EURO FX/JAPANESE YEN XRATE - CHICAGO MERCANTILE EXCHANGE,2020-01-28,25127,4919,1940,2979,11.855772674811956,2020-01-31
EURO FX/JAPANESE YEN XRATE - CHICAGO MERCANTILE EXCHANGE,2020-02-18,26199,7099,1018,6081,23.21080957288446,2020-02-21
EURO FX/JAPANESE YEN XRATE - CHICAGO MERCANTILE EXCHANGE,2020-02-25,23001,3262,1385,1877,8.160514760227816,2020-02-28
EURO FX/JAPANESE YEN XRATE - CHICAGO MERCANTILE EXCHANGE,2020-03-03,22266,3043,1142,1901,8.537680768885297,2020-03-06
EURO FX/JAPANESE YEN XRATE - CHICAGO MERCANTILE EXCHANGE,2020-03-10,24540,4777,1999,2778,11.320293398533007,2020-03-13
EURO FX/JAPANESE YEN XRATE - CHICAGO MERCANTILE EXCHANGE,2020-10-27,19619,6225,4524,1701,8.670166675161834,2020-10-30
EURO FX/JAPANESE YEN XRATE - CHICAGO MERCANTILE EXCHANGE,2020-11-03,19660,6842,3773,3069,15.610376398779247,2020-11-06
EURO FX/JAPANESE YEN XRATE - CHICAGO MERCANTILE EXCHANGE,2020-12-15,17981,3411,3439,-28,-0.15571992658917747,2020-12-18
EURO FX/JAPANESE YEN XRATE - CHICAGO MERCANTILE EXCHANGE,2020-12-21,16757,3486,3929,-443,-2.6436713015456226,2020-12-24
EURO FX/JAPANESE YEN XRATE - CHICAGO MERCANTILE EXCHANGE,2020-12-29,16698,3446,3931,-485,-2.904539465804288,2021-01-01
EURO FX/JAPANESE YEN XRATE - CHICAGO MERCANTILE EXCHANGE,2021-01-05,16914,4003,3832,171,1.0109968073785032,2021-01-08
EURO FX/JAPANESE YEN XRATE - CHICAGO MERCANTILE EXCHANGE,2021-01-12,17092,3996,3413,583,3.4109524923941024,2021-01-15
EURO FX/JAPANESE YEN XRATE - CHICAGO MERCANTILE EXCHANGE,2021-02-16,17619,3199,3945,-746,-4.234065497474317,2021-02-19
EURO FX/JAPANESE YEN XRATE - CHICAGO MERCANTILE EXCHANGE,2021-02-23,18742,4205,5155,-950,-5.06882936719667,2021-02-26
EURO FX/JAPANESE YEN XRATE - CHICAGO MERCANTILE EXCHANGE,2021-03-02,18484,3603,4596,-993,-5.372213806535382,2021-03-05
EURO FX/JAPANESE YEN XRATE - CHICAGO MERCANTILE EXCHANGE,2021-03-09,20457,3548,4716,-1168,-5.7095370777728895,2021-03-12
EURO FX/JAPANESE YEN XRATE - CHICAGO MERCANTILE EXCHANGE,2021-03-16,22707,4005,5956,-1951,-8.592064121196106,2021-03-19
EURO FX/JAPANESE YEN XRATE - CHICAGO MERCANTILE EXCHANGE,2021-03-30,21157,4391,5445,-1054,-4.981802713050055,2021-04-02
EURO FX/JAPANESE YEN XRATE - CHICAGO MERCANTILE EXCHANGE,2021-04-06,21113,4552,5445,-893,-4.229621560176195,2021-04-09
EURO FX/JAPANESE YEN XRATE - CHICAGO MERCANTILE EXCHANGE,2021-04-13,21477,4681,5498,-817,-3.8040694696652237,2021-04-16
EURO FX/JAPANESE YEN XRATE - CHICAGO MERCANTILE EXCHANGE,2021-04-20,23679,5776,7759,-1983,-8.374509058659573,2021-04-23
EURO FX/JAPANESE YEN XRATE - CHICAGO MERCANTILE EXCHANGE,2021-04-27,23695,5911,7779,-1868,-7.883519729900823,2021-04-30
EURO FX/JAPANESE YEN XRATE - CHICAGO MERCANTILE EXCHANGE,2021-05-04,23049,5872,7347,-1475,-6.399409952709445,2021-05-07
EURO FX/JAPANESE YEN XRATE - CHICAGO MERCANTILE EXCHANGE,2021-05-11,23092,5900,7347,-1447,-6.266239390265027,2021-05-14
EURO FX/JAPANESE YEN XRATE - CHICAGO MERCANTILE EXCHANGE,2021-05-18,23562,5894,7899,-2005,-8.509464391817332,2021-05-21
EURO FX/JAPANESE YEN XRATE - CHICAGO MERCANTILE EXCHANGE,2021-05-25,23212,5930,7725,-1795,-7.733069102188524,2021-05-28
EURO FX/JAPANESE YEN XRATE - CHICAGO MERCANTILE EXCHANGE,2021-06-01,23353,6184,7744,-1560,-6.680083929259624,2021-06-04
EURO FX/JAPANESE YEN XRATE - CHICAGO MERCANTILE EXCHANGE,2021-06-08,25921,6032,7744,-1712,-6.604683461286216,2021-06-11
EURO FX/JAPANESE YEN XRATE - CHICAGO MERCANTILE EXCHANGE,2021-06-15,25871,6002,7744,-1742,-6.733408063082217,2021-06-18
EURO FX/JAPANESE YEN XRATE - CHICAGO MERCANTILE EXCHANGE,2021-06-22,22145,6590,7760,-1170,-5.283359674870174,2021-06-25
EURO FX/JAPANESE YEN XRATE - CHICAGO MERCANTILE EXCHANGE,2021-06-29,23497,7870,7760,110,0.46814486955781587,2021-07-02
EURO FX/JAPANESE YEN XRATE - CHICAGO MERCANTILE EXCHANGE,2021-07-06,26859,11360,8188,3172,11.809821661268103,2021-07-09
EURO FX/JAPANESE YEN XRATE - CHICAGO MERCANTILE EXCHANGE,2021-07-13,25868,11223,7788,3435,13.27895469305706,2021-07-16
EURO FX/JAPANESE YEN XRATE - CHICAGO MERCANTILE EXCHANGE,2021-07-20,25143,10950,7807,3143,12.500497156266158,2021-07-23
EURO FX/JAPANESE YEN XRATE - CHICAGO MERCANTILE EXCHANGE,2021-07-27,27959,14598,7807,6791,24.289137665867877,2021-07-30
EURO FX/JAPANESE YEN XRATE - CHICAGO MERCANTILE EXCHANGE,2021-08-03,28011,14613,7807,6806,24.297597372460817,2021-08-06
EURO FX/JAPANESE YEN XRATE - CHICAGO MERCANTILE EXCHANGE,2021-08-10,27822,14514,7824,6690,24.045719215009704,2021-08-13
EURO FX/JAPANESE YEN XRATE - CHICAGO MERCANTILE EXCHANGE,2021-08-17,29059,15727,7824,7903,27.196393544168764,2021-08-20
EURO FX/JAPANESE YEN XRATE - CHICAGO MERCANTILE EXCHANGE,2021-08-24,29265,15679,7824,7855,26.84093627199727,2021-08-27
EURO FX/JAPANESE YEN XRATE - CHICAGO MERCANTILE EXCHANGE,2021-08-31,28588,15196,7824,7372,25.787043514761436,2021-09-03
EURO FX/JAPANESE YEN XRATE - CHICAGO MERCANTILE EXCHANGE,2021-09-07,33023,14079,7824,6255,18.941343911819036,2021-09-10
EURO FX/JAPANESE YEN XRATE - CHICAGO MERCANTILE EXCHANGE,2021-09-14,34253,14294,7824,6470,18.888856450529882,2021-09-17
EURO FX/JAPANESE YEN XRATE - CHICAGO MERCANTILE EXCHANGE,2021-09-21,28988,10876,7824,3052,10.528494549468746,2021-09-24
EURO FX/JAPANESE YEN XRATE - CHICAGO MERCANTILE EXCHANGE,2021-09-28,28136,9364,7890,1474,5.2388399203866935,2021-10-01
EURO FX/JAPANESE YEN XRATE - CHICAGO MERCANTILE EXCHANGE,2021-10-05,28114,9782,7966,1816,6.459415237959735,2021-10-08
EURO FX/JAPANESE YEN XRATE - CHICAGO MERCANTILE EXCHANGE,2021-10-12,28288,9026,7966,1060,3.7471719457013575,2021-10-15
EURO FX/JAPANESE YEN XRATE - CHICAGO MERCANTILE EXCHANGE,2021-10-19,24697,4639,10248,-5609,-22.71126047698101,2021-10-22
EURO FX/JAPANESE YEN XRATE - CHICAGO MERCANTILE EXCHANGE,2021-10-26,23732,4669,9691,-5022,-21.161301196696446,2021-10-29
EURO FX/JAPANESE YEN XRATE - CHICAGO MERCANTILE EXCHANGE,2021-11-02,23086,4021,9248,-5227,-22.64142770510266,2021-11-05
EURO FX/JAPANESE YEN XRATE - CHICAGO MERCANTILE EXCHANGE,2021-11-09,22815,4098,8660,-4562,-19.99561691869384,2021-11-12
EURO FX/JAPANESE YEN XRATE - CHICAGO MERCANTILE EXCHANGE,2021-11-16,22030,3366,7760,-4394,-19.94552882433046,2021-11-19
EURO FX/JAPANESE YEN XRATE - CHICAGO MERCANTILE EXCHANGE,2021-11-23,25322,6185,10503,-4318,-17.052365531948503,2021-11-26
EURO FX/JAPANESE YEN XRATE - CHICAGO MERCANTILE EXCHANGE,2021-11-30,26533,6029,10502,-4473,-16.858251988090302,2021-12-03
EURO FX/JAPANESE YEN XRATE - CHICAGO MERCANTILE EXCHANGE,2021-12-07,28272,7024,10837,-3813,-13.486842105263158,2021-12-10
EURO FX/JAPANESE YEN XRATE - CHICAGO MERCANTILE EXCHANGE,2021-12-14,34124,7878,12678,-4800,-14.066346266557261,2021-12-17
EURO FX/JAPANESE YEN XRATE - CHICAGO MERCANTILE EXCHANGE,2021-12-21,26769,4142,12496,-8354,-31.207740296611753,2021-12-24
EURO FX/JAPANESE YEN XRATE - CHICAGO MERCANTILE EXCHANGE,2021-12-28,26698,4031,12496,-8465,-31.70649486852948,2021-12-31
EURO FX/JAPANESE YEN XRATE - CHICAGO MERCANTILE EXCHANGE,2022-01-04,26461,3963,12938,-8975,-33.91784135142285,2022-01-07
EURO FX/JAPANESE YEN XRATE - CHICAGO MERCANTILE EXCHANGE,2022-01-11,24444,1803,11713,-9910,-40.5416462117493,2022-01-14
EURO FX/JAPANESE YEN XRATE - CHICAGO MERCANTILE EXCHANGE,2022-01-18,24321,1816,10154,-8338,-34.283129805517866,2022-01-21
EURO FX/JAPANESE YEN XRATE - CHICAGO MERCANTILE EXCHANGE,2022-02-01,25185,2562,10138,-7576,-30.081397657335717,2022-02-04
EURO FX/JAPANESE YEN XRATE - CHICAGO MERCANTILE EXCHANGE,2022-02-08,25173,1688,10414,-8726,-34.66412426011997,2022-02-11
EURO FX/JAPANESE YEN XRATE - CHICAGO MERCANTILE EXCHANGE,2022-02-15,24456,1666,11470,-9804,-40.0883218842002,2022-02-18
EURO FX/JAPANESE YEN XRATE - CHICAGO MERCANTILE EXCHANGE,2022-02-22,24307,1665,11768,-10103,-41.564158472867895,2022-02-25
EURO FX/JAPANESE YEN XRATE - CHICAGO MERCANTILE EXCHANGE,2022-03-01,25769,2957,10509,-7552,-29.306531103263612,2022-03-04
EURO FX/JAPANESE YEN XRATE - CHICAGO MERCANTILE EXCHANGE,2022-03-08,27109,4622,10607,-5985,-22.07753882474455,2022-03-11
EURO FX/JAPANESE YEN XRATE - CHICAGO MERCANTILE EXCHANGE,2022-03-15,39119,4964,11647,-6683,-17.083770035021345,2022-03-18
EURO FX/JAPANESE YEN XRATE - CHICAGO MERCANTILE EXCHANGE,2022-04-05,23058,1470,9401,-7931,-34.39587128111719,2022-04-08
EURO FX/JAPANESE YEN XRATE - CHICAGO MERCANTILE EXCHANGE,2022-04-12,22559,1566,8924,-7358,-32.61669400239373,2022-04-15
EURO FX/JAPANESE YEN XRATE - CHICAGO MERCANTILE EXCHANGE,2022-04-19,22892,1807,9097,-7290,-31.845186091210902,2022-04-22
EURO FX/JAPANESE YEN XRATE - CHICAGO MERCANTILE EXCHANGE,2022-04-26,22945,1998,9869,-7871,-34.30376988450643,2022-04-29
EURO FX/JAPANESE YEN XRATE - CHICAGO MERCANTILE EXCHANGE,2022-05-03,23490,2500,9794,-7294,-31.051511281396337,2022-05-06
EURO FX/JAPANESE YEN XRATE - CHICAGO MERCANTILE EXCHANGE,2022-05-10,24057,2812,9708,-6896,-28.66525335661138,2022-05-13
EURO FX/JAPANESE YEN XRATE - CHICAGO MERCANTILE EXCHANGE,2022-05-17,22867,2542,8757,-6215,-27.17890409760791,2022-05-20
EURO FX/JAPANESE YEN XRATE - CHICAGO MERCANTILE EXCHANGE,2022-05-31,21019,1638,7194,-5556,-26.433227080260718,2022-06-03
EURO FX/JAPANESE YEN XRATE - CHICAGO MERCANTILE EXCHANGE,2022-06-07,22055,1753,7899,-6146,-27.866696894128317,2022-06-10
EURO FX/JAPANESE YEN XRATE - CHICAGO MERCANTILE EXCHANGE,2022-06-14,25149,1982,9010,-7028,-27.94544514692433,2022-06-17
EURO FX/JAPANESE YEN XRATE - CHICAGO MERCANTILE EXCHANGE,2022-06-21,17470,5326,7146,-1820,-10.417859187178019,2022-06-24
EURO FX/JAPANESE YEN XRATE - CHICAGO MERCANTILE EXCHANGE,2022-07-05,18329,5868,5257,611,3.3335151945005186,2022-07-08
EURO FX/JAPANESE YEN XRATE - CHICAGO MERCANTILE EXCHANGE,2022-07-12,18577,6050,5687,363,1.9540291758626256,2022-07-15
EURO FX/JAPANESE YEN XRATE - CHICAGO MERCANTILE EXCHANGE,2022-07-19,18011,5039,5259,-220,-1.2214757648103935,2022-07-22
EURO FX/JAPANESE YEN XRATE - CHICAGO MERCANTILE EXCHANGE,2022-07-26,18598,5219,5694,-475,-2.554038068609528,2022-07-29
EURO FX/JAPANESE YEN XRATE - CHICAGO MERCANTILE EXCHANGE,2022-08-02,18823,5854,5753,101,0.5365775912447537,2022-08-05
EURO FX/JAPANESE YEN XRATE - CHICAGO MERCANTILE EXCHANGE,2022-08-09,18861,5353,5259,94,0.49838290652669526,2022-08-12
EURO FX/JAPANESE YEN XRATE - CHICAGO MERCANTILE EXCHANGE,2022-08-16,19246,6102,5822,280,1.4548477605736256,2022-08-19
EURO FX/JAPANESE YEN XRATE - CHICAGO MERCANTILE EXCHANGE,2022-08-23,19313,6463,6146,317,1.641381452907368,2022-08-26
EURO FX/JAPANESE YEN XRATE - CHICAGO MERCANTILE EXCHANGE,2022-08-30,18884,5381,5720,-339,-1.7951705147214572,2022-09-02
EURO FX/JAPANESE YEN XRATE - CHICAGO MERCANTILE EXCHANGE,2022-09-13,21526,3887,5098,-1211,-5.625754901049893,2022-09-16
EURO FX/JAPANESE YEN XRATE - CHICAGO MERCANTILE EXCHANGE,2023-02-07,21537,6012,5710,302,1.402238009007754,2023-02-10
EURO FX/JAPANESE YEN XRATE - CHICAGO MERCANTILE EXCHANGE,2023-06-20,26076,5198,6225,-1027,-3.9384874980825284,2023-06-23
EURO FX/JAPANESE YEN XRATE - CHICAGO MERCANTILE EXCHANGE,2023-07-03,23448,7796,5855,1941,8.277891504605936,2023-07-06
EURO FX/JAPANESE YEN XRATE - CHICAGO MERCANTILE EXCHANGE,2023-07-11,24241,8546,6272,2274,9.380801122065922,2023-07-14
EURO FX/JAPANESE YEN XRATE - CHICAGO MERCANTILE EXCHANGE,2023-07-18,22037,6218,4407,1811,8.217997005036985,2023-07-21
EURO FX/JAPANESE YEN XRATE - CHICAGO MERCANTILE EXCHANGE,2023-07-25,21058,4732,3932,800,3.7990312470320067,2023-07-28
EURO FX/JAPANESE YEN XRATE - CHICAGO MERCANTILE EXCHANGE,2023-08-08,22445,6446,3923,2523,11.240810871018043,2023-08-11
EURO FX/JAPANESE YEN XRATE - CHICAGO MERCANTILE EXCHANGE,2023-08-15,22584,6006,4031,1975,8.74512929507616,2023-08-18
EURO FX/JAPANESE YEN XRATE - CHICAGO MERCANTILE EXCHANGE,2023-08-22,22269,5167,3655,1512,6.789707665364409,2023-08-25
EURO FX/JAPANESE YEN XRATE - CHICAGO MERCANTILE EXCHANGE,2023-08-29,22052,4980,3530,1450,6.575367313622348,2023-09-01
EURO FX/JAPANESE YEN XRATE - CHICAGO MERCANTILE EXCHANGE,2023-09-12,23569,5886,4620,1266,5.371462514319657,2023-09-15
EURO FX/JAPANESE YEN XRATE - CHICAGO MERCANTILE EXCHANGE,2023-09-19,23336,5315,4620,695,2.978231059307508,2023-09-22
EURO FX/JAPANESE YEN XRATE - CHICAGO MERCANTILE EXCHANGE,2023-12-12,23391,6662,4385,2277,9.734513274336283,2023-12-15
EURO FX/JAPANESE YEN XRATE - CHICAGO MERCANTILE EXCHANGE,2024-02-20,21713,6262,5903,359,1.653387371620688,2024-02-23
EURO FX/JAPANESE YEN XRATE - CHICAGO MERCANTILE EXCHANGE,2024-02-27,22509,6439,5968,471,2.0924963347994137,2024-03-01
EURO FX/JAPANESE YEN XRATE - CHICAGO MERCANTILE EXCHANGE,2024-03-05,23467,6102,5602,500,2.130651553244982,2024-03-08
EURO FX/JAPANESE YEN XRATE - CHICAGO MERCANTILE EXCHANGE,2024-03-12,26129,6848,4552,2296,8.787171342186841,2024-03-15
EURO FX/JAPANESE YEN XRATE - CHICAGO MERCANTILE EXCHANGE,2024-03-19,27908,6493,5372,1121,4.016769385122545,2024-03-22
EURO FX/JAPANESE YEN XRATE - CHICAGO MERCANTILE EXCHANGE,2024-04-02,22933,5519,4033,1486,6.4797453451358304,2024-04-05
EURO FX/JAPANESE YEN XRATE - CHICAGO MERCANTILE EXCHANGE,2024-04-09,23353,5721,4983,738,3.1601935511497454,2024-04-12
EURO FX/JAPANESE YEN XRATE - CHICAGO MERCANTILE EXCHANGE,2024-04-16,22659,5133,4883,250,1.1033143563264045,2024-04-19
EURO FX/JAPANESE YEN XRATE - CHICAGO MERCANTILE EXCHANGE,2024-04-23,22355,4865,4288,577,2.5810780585998656,2024-04-26
EURO FX/JAPANESE YEN XRATE - CHICAGO MERCANTILE EXCHANGE,2024-04-30,22074,4685,5256,-571,-2.586753646824318,2024-05-03
EURO FX/JAPANESE YEN XRATE - CHICAGO MERCANTILE EXCHANGE,2024-06-04,21959,4581,3989,592,2.6959333302973723,2024-06-07
EURO FX/JAPANESE YEN XRATE - CHICAGO MERCANTILE EXCHANGE,2024-06-11,24865,5426,4266,1160,4.665192036999799,2024-06-14
EURO FX/JAPANESE YEN XRATE - CHICAGO MERCANTILE EXCHANGE,2024-06-18,28725,6578,4323,2255,7.850304612706702,2024-06-21
EURO FX/JAPANESE YEN XRATE - CHICAGO MERCANTILE EXCHANGE,2025-08-26,16122,2732,3861,-1129,-7.00285324401439,2025-08-29
EURO FX/JAPANESE YEN XRATE - CHICAGO MERCANTILE EXCHANGE,2025-09-16,17226,3486,3835,-349,-2.0260071984209915,2025-09-19
EURO FX/JAPANESE YEN XRATE - CHICAGO MERCANTILE EXCHANGE,2025-09-23,16836,4192,3828,364,2.162033737229746,2025-09-26
EURO FX/JAPANESE YEN XRATE - CHICAGO MERCANTILE EXCHANGE,2025-10-07,17620,4764,3828,936,5.312145289443814,2025-10-10
EURO FX/JAPANESE YEN XRATE - CHICAGO MERCANTILE EXCHANGE,2025-10-14,19273,6722,3828,2894,15.015825247755929,2025-10-17
EURO FX/JAPANESE YEN XRATE - CHICAGO MERCANTILE EXCHANGE,2025-10-21,19346,5742,3890,1852,9.573038354181742,2025-10-24
EURO FX/JAPANESE YEN XRATE - CHICAGO MERCANTILE EXCHANGE,2025-10-28,19519,6365,3955,2410,12.346944003278857,2025-10-31
EURO FX/JAPANESE YEN XRATE - CHICAGO MERCANTILE EXCHANGE,2025-11-04,19093,5581,3955,1626,8.516210129366783,2025-11-07
EURO FX/JAPANESE YEN XRATE - CHICAGO MERCANTILE EXCHANGE,2025-11-10,19294,5736,3955,1781,9.230848968591273,2025-11-13
EURO FX/JAPANESE YEN XRATE - CHICAGO MERCANTILE EXCHANGE,2025-11-18,19536,6301,3962,2339,11.972768222768222,2025-11-21
EURO FX/JAPANESE YEN XRATE - CHICAGO MERCANTILE EXCHANGE,2025-11-25,18014,5872,4560,1312,7.283224158987454,2025-11-28
EURO FX/JAPANESE YEN XRATE - CHICAGO MERCANTILE EXCHANGE,2025-12-02,18192,5941,4588,1353,7.437335092348285,2025-12-05
EURO FX/JAPANESE YEN XRATE - CHICAGO MERCANTILE EXCHANGE,2025-12-09,20378,5995,4833,1162,5.702227892825596,2025-12-12
EURO FX/JAPANESE YEN XRATE - CHICAGO MERCANTILE EXCHANGE,2025-12-16,20048,6152,5087,1065,5.312250598563447,2025-12-19
EURO FX/JAPANESE YEN XRATE - CHICAGO MERCANTILE EXCHANGE,2025-12-23,17767,4580,4492,88,0.49530027579219904,2025-12-26
EURO FX/JAPANESE YEN XRATE - CHICAGO MERCANTILE EXCHANGE,2025-12-30,17410,4258,4044,214,1.2291786329695578,2026-01-02
EURO FX/JAPANESE YEN XRATE - CHICAGO MERCANTILE EXCHANGE,2026-01-06,17876,4803,4445,358,2.0026851644663233,2026-01-09
EURO FX/JAPANESE YEN XRATE - CHICAGO MERCANTILE EXCHANGE,2026-01-13,17790,4529,4044,485,2.726250702641934,2026-01-16
EURO FX/JAPANESE YEN XRATE - CHICAGO MERCANTILE EXCHANGE,2026-01-20,18673,4597,4664,-67,-0.35880683339581215,2026-01-23
EURO FX/JAPANESE YEN XRATE - CHICAGO MERCANTILE EXCHANGE,2026-01-27,19083,6779,5085,1694,8.87701095215637,2026-01-30
EURO FX/JAPANESE YEN XRATE - CHICAGO MERCANTILE EXCHANGE,2026-02-03,19110,6226,5085,1141,5.970695970695971,2026-02-06
EURO FX/JAPANESE YEN XRATE - CHICAGO MERCANTILE EXCHANGE,2026-02-10,19419,6804,5139,1665,8.574076934960607,2026-02-13
EURO FX/JAPANESE YEN XRATE - CHICAGO MERCANTILE EXCHANGE,2026-02-17,19159,6804,5049,1755,9.160185813455817,2026-02-20
EURO FX/JAPANESE YEN XRATE - CHICAGO MERCANTILE EXCHANGE,2026-02-24,19439,6677,5029,1648,8.477802356088276,2026-02-27
EURO FX/JAPANESE YEN XRATE - CHICAGO MERCANTILE EXCHANGE,2026-03-03,19654,6837,5029,1808,9.199145212170551,2026-03-06
EURO FX/JAPANESE YEN XRATE - CHICAGO MERCANTILE EXCHANGE,2026-03-10,21947,6169,5058,1111,5.06219528864993,2026-03-13
EURO FX/JAPANESE YEN XRATE - CHICAGO MERCANTILE EXCHANGE,2026-03-17,19245,6373,5182,1191,6.188620420888542,2026-03-20
EURO FX/JAPANESE YEN XRATE - CHICAGO MERCANTILE EXCHANGE,2026-03-24,19230,6149,5182,967,5.028601144045762,2026-03-27
EURO FX/JAPANESE YEN XRATE - CHICAGO MERCANTILE EXCHANGE,2026-03-31,19394,5724,5060,664,3.423739300814685,2026-04-03
EURO FX/JAPANESE YEN XRATE - CHICAGO MERCANTILE EXCHANGE,2026-04-07,19745,5233,5487,-254,-1.286401620663459,2026-04-10
EURO FX/JAPANESE YEN XRATE - CHICAGO MERCANTILE EXCHANGE,2026-04-14,19941,5418,4773,645,3.2345418986008725,2026-04-17
EURO FX/JAPANESE YEN XRATE - CHICAGO MERCANTILE EXCHANGE,2026-04-21,21152,5582,5656,-74,-0.3498487140695915,2026-04-24
EURO FX/JAPANESE YEN XRATE - CHICAGO MERCANTILE EXCHANGE,2026-04-28,21371,5605,5668,-63,-0.2947920078611202,2026-05-01
EURO FX/JAPANESE YEN XRATE - CHICAGO MERCANTILE EXCHANGE,2026-05-05,20946,5734,5351,383,1.8285114102931346,2026-05-08
EURO FX/JAPANESE YEN XRATE - CHICAGO MERCANTILE EXCHANGE,2026-05-12,21331,5719,5460,259,1.214195302611223,2026-05-15
EURO FX/JAPANESE YEN XRATE - CHICAGO MERCANTILE EXCHANGE,2026-05-19,21163,5351,5333,18,0.08505410386051127,2026-05-22
EURO FX/JAPANESE YEN XRATE - CHICAGO MERCANTILE EXCHANGE,2026-05-26,21443,5761,4538,1223,5.70349298139253,2026-05-29
EURO FX/JAPANESE YEN XRATE - CHICAGO MERCANTILE EXCHANGE,2026-06-02,21713,5873,4537,1336,6.15299590107309,2026-06-05
EURO FX/JAPANESE YEN XRATE - CHICAGO MERCANTILE EXCHANGE,2026-06-09,25845,6076,4651,1425,5.513639001741149,2026-06-12
EURO FX/JAPANESE YEN XRATE - CHICAGO MERCANTILE EXCHANGE,2026-06-16,25086,6451,5459,992,3.9543968747508567,2026-06-19
EURO FX/JAPANESE YEN XRATE - CHICAGO MERCANTILE EXCHANGE,2026-06-23,20036,6527,3182,3345,16.694949091635056,2026-06-26
EURO FX/JAPANESE YEN XRATE - CHICAGO MERCANTILE EXCHANGE,2026-06-30,19879,6263,3182,3081,15.498767543639017,2026-07-03
EURO FX/JAPANESE YEN XRATE - CHICAGO MERCANTILE EXCHANGE,2026-07-07,20046,6470,3182,3288,16.40227476803352,2026-07-10
EURO FX/JAPANESE YEN XRATE - CHICAGO MERCANTILE EXCHANGE,2026-07-14,20915,6424,3140,3284,15.701649533827396,2026-07-17
EURO FX/JAPANESE YEN XRATE - CHICAGO MERCANTILE EXCHANGE,2026-07-21,21124,6280,3660,2620,12.402953985987503,2026-07-24
JAPANESE YEN - CHICAGO MERCANTILE EXCHANGE,2020-01-07,162094,47846,60094,-12248,-7.55610941799203,2020-01-10
JAPANESE YEN - CHICAGO MERCANTILE EXCHANGE,2020-01-14,183863,49720,81150,-31430,-17.094249522742476,2020-01-17
JAPANESE YEN - CHICAGO MERCANTILE EXCHANGE,2020-01-21,203579,50596,95297,-44701,-21.957569297422623,2020-01-24
JAPANESE YEN - CHICAGO MERCANTILE EXCHANGE,2020-01-28,184919,45676,81701,-36025,-19.48150271199823,2020-01-31
JAPANESE YEN - CHICAGO MERCANTILE EXCHANGE,2020-02-04,190079,57672,79570,-21898,-11.52047306646184,2020-02-07
JAPANESE YEN - CHICAGO MERCANTILE EXCHANGE,2020-02-11,193822,54805,80993,-26188,-13.511366098791674,2020-02-14
JAPANESE YEN - CHICAGO MERCANTILE EXCHANGE,2020-02-18,203631,58605,85826,-27221,-13.367807455642804,2020-02-21
JAPANESE YEN - CHICAGO MERCANTILE EXCHANGE,2020-02-25,223904,53855,110244,-56389,-25.18445405173646,2020-02-28
JAPANESE YEN - CHICAGO MERCANTILE EXCHANGE,2020-03-03,198404,50598,92922,-42324,-21.33223120501603,2020-03-06
JAPANESE YEN - CHICAGO MERCANTILE EXCHANGE,2020-03-10,159128,61732,53575,8157,5.126062038107687,2020-03-13
JAPANESE YEN - CHICAGO MERCANTILE EXCHANGE,2020-03-17,125769,57286,24351,32935,26.1868982022597,2020-03-20
JAPANESE YEN - CHICAGO MERCANTILE EXCHANGE,2020-03-24,125594,56528,32665,23863,19.000111470293167,2020-03-27
JAPANESE YEN - CHICAGO MERCANTILE EXCHANGE,2020-03-31,120270,48444,30162,18282,15.200798204040908,2020-04-03
JAPANESE YEN - CHICAGO MERCANTILE EXCHANGE,2020-04-07,118595,49249,26839,22410,18.896243517854884,2020-04-10
JAPANESE YEN - CHICAGO MERCANTILE EXCHANGE,2020-04-14,122929,49863,27220,22643,18.419575527336917,2020-04-17
JAPANESE YEN - CHICAGO MERCANTILE EXCHANGE,2020-04-21,128272,53730,27704,26026,20.289696894100036,2020-04-24
JAPANESE YEN - CHICAGO MERCANTILE EXCHANGE,2020-04-28,143835,59962,27636,32326,22.474362985365175,2020-05-01
JAPANESE YEN - CHICAGO MERCANTILE EXCHANGE,2020-05-05,152042,56634,29420,27214,17.89900159166546,2020-05-08
JAPANESE YEN - CHICAGO MERCANTILE EXCHANGE,2020-05-12,153370,56307,28370,27937,18.21542674577818,2020-05-15
JAPANESE YEN - CHICAGO MERCANTILE EXCHANGE,2020-05-19,147975,52038,24568,27470,18.56394661260348,2020-05-22
JAPANESE YEN - CHICAGO MERCANTILE EXCHANGE,2020-05-26,156827,57873,23266,34607,22.066991015577674,2020-05-29
JAPANESE YEN - CHICAGO MERCANTILE EXCHANGE,2020-06-02,158743,61958,29379,32579,20.523109680426856,2020-06-05
JAPANESE YEN - CHICAGO MERCANTILE EXCHANGE,2020-06-09,155159,48862,31400,17462,11.254261757294131,2020-06-12
JAPANESE YEN - CHICAGO MERCANTILE EXCHANGE,2020-06-16,127287,43126,21016,22110,17.37019491385609,2020-06-19
JAPANESE YEN - CHICAGO MERCANTILE EXCHANGE,2020-06-23,144549,50490,23032,27458,18.995634698268407,2020-06-26
JAPANESE YEN - CHICAGO MERCANTILE EXCHANGE,2020-06-30,137362,42755,18894,23861,17.37088860092311,2020-07-03
JAPANESE YEN - CHICAGO MERCANTILE EXCHANGE,2020-07-07,138313,44043,27231,16812,12.155039656431427,2020-07-10
JAPANESE YEN - CHICAGO MERCANTILE EXCHANGE,2020-07-14,135263,45111,26785,18326,13.54842048453753,2020-07-17
JAPANESE YEN - CHICAGO MERCANTILE EXCHANGE,2020-07-21,142686,50854,31547,19307,13.531110270103582,2020-07-24
JAPANESE YEN - CHICAGO MERCANTILE EXCHANGE,2020-07-28,170269,62924,34417,28507,16.742331252312518,2020-07-31
JAPANESE YEN - CHICAGO MERCANTILE EXCHANGE,2020-08-04,157968,52073,20644,31429,19.895801681353188,2020-08-07
JAPANESE YEN - CHICAGO MERCANTILE EXCHANGE,2020-08-11,150149,48158,21142,27016,17.9927938248007,2020-08-14
JAPANESE YEN - CHICAGO MERCANTILE EXCHANGE,2020-08-18,147076,41717,21133,20584,13.99548532731377,2020-08-21
JAPANESE YEN - CHICAGO MERCANTILE EXCHANGE,2020-08-25,147553,44978,21362,23616,16.00509647380941,2020-08-28
JAPANESE YEN - CHICAGO MERCANTILE EXCHANGE,2020-09-01,145922,46654,17050,29604,20.287550883348636,2020-09-04
JAPANESE YEN - CHICAGO MERCANTILE EXCHANGE,2020-09-08,151546,44850,23108,21742,14.346798991725285,2020-09-11
JAPANESE YEN - CHICAGO MERCANTILE EXCHANGE,2020-09-15,148912,50360,27471,22889,15.370823036424197,2020-09-18
JAPANESE YEN - CHICAGO MERCANTILE EXCHANGE,2020-09-22,169251,59033,29452,29581,17.477592451447848,2020-09-25
JAPANESE YEN - CHICAGO MERCANTILE EXCHANGE,2020-09-29,158298,47535,22746,24789,15.659705113141037,2020-10-02
JAPANESE YEN - CHICAGO MERCANTILE EXCHANGE,2020-10-06,163024,45779,24677,21102,12.9441063892433,2020-10-09
JAPANESE YEN - CHICAGO MERCANTILE EXCHANGE,2020-10-13,165616,47245,27269,19976,12.06163655685441,2020-10-16
JAPANESE YEN - CHICAGO MERCANTILE EXCHANGE,2020-10-20,166091,46524,32341,14183,8.539294723976615,2020-10-23
JAPANESE YEN - CHICAGO MERCANTILE EXCHANGE,2020-10-27,177622,46131,28238,17893,10.073639526635214,2020-10-30
JAPANESE YEN - CHICAGO MERCANTILE EXCHANGE,2020-11-03,184751,51012,22914,28098,15.208578032053953,2020-11-06
JAPANESE YEN - CHICAGO MERCANTILE EXCHANGE,2020-11-10,183518,55644,13750,41894,22.82827842500463,2020-11-13
JAPANESE YEN - CHICAGO MERCANTILE EXCHANGE,2020-11-17,165073,40313,10646,29667,17.97204872995584,2020-11-20
JAPANESE YEN - CHICAGO MERCANTILE EXCHANGE,2020-11-24,179503,54472,14230,40242,22.41856682061024,2020-11-27
JAPANESE YEN - CHICAGO MERCANTILE EXCHANGE,2020-12-01,185873,62449,14946,47503,25.556697314833247,2020-12-04
JAPANESE YEN - CHICAGO MERCANTILE EXCHANGE,2020-12-08,193326,63585,15419,48166,24.914393304573622,2020-12-11
JAPANESE YEN - CHICAGO MERCANTILE EXCHANGE,2020-12-15,193317,65376,21413,43963,22.7414040151668,2020-12-18
JAPANESE YEN - CHICAGO MERCANTILE EXCHANGE,2020-12-21,196845,66970,20877,46093,23.41588559526531,2020-12-24
JAPANESE YEN - CHICAGO MERCANTILE EXCHANGE,2020-12-29,194454,63577,16227,47350,24.35023193145937,2021-01-01
JAPANESE YEN - CHICAGO MERCANTILE EXCHANGE,2021-01-05,206963,69163,18973,50190,24.25071147982973,2021-01-08
JAPANESE YEN - CHICAGO MERCANTILE EXCHANGE,2021-01-12,190811,63857,13337,50520,26.47646100067606,2021-01-15
JAPANESE YEN - CHICAGO MERCANTILE EXCHANGE,2021-01-19,191540,64143,14129,50014,26.11151717656886,2021-01-22
JAPANESE YEN - CHICAGO MERCANTILE EXCHANGE,2021-01-26,193822,63463,18471,44992,23.21305115002425,2021-01-29
JAPANESE YEN - CHICAGO MERCANTILE EXCHANGE,2021-02-02,190948,69602,24973,44629,23.372331734294153,2021-02-05
JAPANESE YEN - CHICAGO MERCANTILE EXCHANGE,2021-02-09,183901,60719,26101,34618,18.824258704411612,2021-02-12
JAPANESE YEN - CHICAGO MERCANTILE EXCHANGE,2021-02-16,188119,66732,29550,37182,19.765148655903975,2021-02-19
JAPANESE YEN - CHICAGO MERCANTILE EXCHANGE,2021-02-23,183247,66670,38048,28622,15.619355296403214,2021-02-26
JAPANESE YEN - CHICAGO MERCANTILE EXCHANGE,2021-03-02,189270,61259,41989,19270,10.181222592064247,2021-03-05
JAPANESE YEN - CHICAGO MERCANTILE EXCHANGE,2021-03-09,211347,64027,57513,6514,3.082135066975164,2021-03-12
JAPANESE YEN - CHICAGO MERCANTILE EXCHANGE,2021-03-16,145951,26003,65371,-39368,-26.973436290261798,2021-03-19
JAPANESE YEN - CHICAGO MERCANTILE EXCHANGE,2021-03-23,160581,27524,81049,-53525,-33.332087855973,2021-03-26
JAPANESE YEN - CHICAGO MERCANTILE EXCHANGE,2021-03-30,166091,24724,84205,-59481,-35.812295669241564,2021-04-02
JAPANESE YEN - CHICAGO MERCANTILE EXCHANGE,2021-04-06,164310,26794,84783,-57989,-35.292435031343196,2021-04-09
JAPANESE YEN - CHICAGO MERCANTILE EXCHANGE,2021-04-13,165431,27682,85994,-58312,-35.248532620850995,2021-04-16
JAPANESE YEN - CHICAGO MERCANTILE EXCHANGE,2021-04-20,162649,26617,86436,-59819,-36.77796973851669,2021-04-23
JAPANESE YEN - CHICAGO MERCANTILE EXCHANGE,2021-04-27,154894,29673,78182,-48509,-31.31754619288029,2021-04-30
JAPANESE YEN - CHICAGO MERCANTILE EXCHANGE,2021-05-04,152676,31208,72700,-41492,-27.17650449317509,2021-05-07
JAPANESE YEN - CHICAGO MERCANTILE EXCHANGE,2021-05-11,152404,30491,72219,-41728,-27.37985879635705,2021-05-14
JAPANESE YEN - CHICAGO MERCANTILE EXCHANGE,2021-05-18,154727,24965,75913,-50948,-32.92767261046876,2021-05-21
JAPANESE YEN - CHICAGO MERCANTILE EXCHANGE,2021-05-25,153196,24163,74319,-50156,-32.73975821823024,2021-05-28
JAPANESE YEN - CHICAGO MERCANTILE EXCHANGE,2021-06-01,162091,29462,76577,-47115,-29.067005570944715,2021-06-04
JAPANESE YEN - CHICAGO MERCANTILE EXCHANGE,2021-06-08,161592,27248,64562,-37314,-23.091489677706818,2021-06-11
JAPANESE YEN - CHICAGO MERCANTILE EXCHANGE,2021-06-15,155359,22974,69824,-46850,-30.155961354025195,2021-06-18
JAPANESE YEN - CHICAGO MERCANTILE EXCHANGE,2021-06-22,190545,34118,87980,-53862,-28.26733842399433,2021-06-25
JAPANESE YEN - CHICAGO MERCANTILE EXCHANGE,2021-06-29,195698,27380,97275,-69895,-35.715745689787326,2021-07-02
JAPANESE YEN - CHICAGO MERCANTILE EXCHANGE,2021-07-06,205341,31625,100761,-69136,-33.66887275312773,2021-07-09
JAPANESE YEN - CHICAGO MERCANTILE EXCHANGE,2021-07-13,203727,40440,96690,-56250,-27.610478728887188,2021-07-16
JAPANESE YEN - CHICAGO MERCANTILE EXCHANGE,2021-07-20,192301,35474,91205,-55731,-28.981128543273304,2021-07-23
JAPANESE YEN - CHICAGO MERCANTILE EXCHANGE,2021-07-27,196102,32975,92909,-59934,-30.56266636750263,2021-07-30
JAPANESE YEN - CHICAGO MERCANTILE EXCHANGE,2021-08-03,189242,30409,85599,-55190,-29.163716299764324,2021-08-06
JAPANESE YEN - CHICAGO MERCANTILE EXCHANGE,2021-08-10,206131,36684,97341,-60657,-29.42643270541549,2021-08-13
JAPANESE YEN - CHICAGO MERCANTILE EXCHANGE,2021-08-17,196495,27532,90740,-63208,-32.1677396371409,2021-08-20
JAPANESE YEN - CHICAGO MERCANTILE EXCHANGE,2021-08-24,194477,26763,93434,-66671,-34.28220303686297,2021-08-27
JAPANESE YEN - CHICAGO MERCANTILE EXCHANGE,2021-08-31,193999,29030,92160,-63130,-32.541404852602334,2021-09-03
JAPANESE YEN - CHICAGO MERCANTILE EXCHANGE,2021-09-07,204435,29704,92029,-62325,-30.486462689852523,2021-09-10
JAPANESE YEN - CHICAGO MERCANTILE EXCHANGE,2021-09-14,192088,21728,82023,-60295,-31.389259089583945,2021-09-17
JAPANESE YEN - CHICAGO MERCANTILE EXCHANGE,2021-09-21,191213,22844,78915,-56071,-29.32384304414449,2021-09-24
JAPANESE YEN - CHICAGO MERCANTILE EXCHANGE,2021-09-28,219638,35328,100088,-64760,-29.48487966563163,2021-10-01
JAPANESE YEN - CHICAGO MERCANTILE EXCHANGE,2021-10-05,226379,31569,95263,-63694,-28.136002014321114,2021-10-08
JAPANESE YEN - CHICAGO MERCANTILE EXCHANGE,2021-10-12,243617,35810,112444,-76634,-31.456753839017804,2021-10-15
JAPANESE YEN - CHICAGO MERCANTILE EXCHANGE,2021-10-19,266750,35713,138447,-102734,-38.513214620431114,2021-10-22
JAPANESE YEN - CHICAGO MERCANTILE EXCHANGE,2021-10-26,265254,31487,138523,-107036,-40.35226612982273,2021-10-29
JAPANESE YEN - CHICAGO MERCANTILE EXCHANGE,2021-11-02,251058,20337,127961,-107624,-42.86818185439221,2021-11-05
JAPANESE YEN - CHICAGO MERCANTILE EXCHANGE,2021-11-09,243087,16440,121791,-105351,-43.33880462550445,2021-11-12
JAPANESE YEN - CHICAGO MERCANTILE EXCHANGE,2021-11-16,252897,24635,117761,-93126,-36.82368711372614,2021-11-19
JAPANESE YEN - CHICAGO MERCANTILE EXCHANGE,2021-11-23,251801,20285,117538,-97253,-38.62296019475697,2021-11-26
JAPANESE YEN - CHICAGO MERCANTILE EXCHANGE,2021-11-30,216692,14585,93451,-78866,-36.39543684123087,2021-12-03
JAPANESE YEN - CHICAGO MERCANTILE EXCHANGE,2021-12-07,205970,13148,76229,-63081,-30.626304801670145,2021-12-10
JAPANESE YEN - CHICAGO MERCANTILE EXCHANGE,2021-12-14,176584,20231,73754,-53523,-30.310220631540798,2021-12-17
JAPANESE YEN - CHICAGO MERCANTILE EXCHANGE,2021-12-21,183743,22191,74477,-52286,-28.456050026395562,2021-12-24
JAPANESE YEN - CHICAGO MERCANTILE EXCHANGE,2021-12-28,203814,32475,85577,-53102,-26.054147408912048,2021-12-31
JAPANESE YEN - CHICAGO MERCANTILE EXCHANGE,2022-01-04,234068,40816,103078,-62262,-26.5999624040877,2022-01-07
JAPANESE YEN - CHICAGO MERCANTILE EXCHANGE,2022-01-11,234005,22364,109889,-87525,-37.40304694344138,2022-01-14
JAPANESE YEN - CHICAGO MERCANTILE EXCHANGE,2022-01-18,201820,8002,88881,-80879,-40.07481914577346,2022-01-21
JAPANESE YEN - CHICAGO MERCANTILE EXCHANGE,2022-01-25,197830,15866,84139,-68273,-34.51094373957439,2022-01-28
JAPANESE YEN - CHICAGO MERCANTILE EXCHANGE,2022-02-01,194435,14510,75150,-60640,-31.187800550312446,2022-02-04
JAPANESE YEN - CHICAGO MERCANTILE EXCHANGE,2022-02-08,196478,15692,74840,-59148,-30.104133796150208,2022-02-11
JAPANESE YEN - CHICAGO MERCANTILE EXCHANGE,2022-02-15,199425,10425,76587,-66162,-33.17638209853329,2022-02-18
JAPANESE YEN - CHICAGO MERCANTILE EXCHANGE,2022-02-22,194169,10976,74163,-63187,-32.542269878301894,2022-02-25
JAPANESE YEN - CHICAGO MERCANTILE EXCHANGE,2022-03-01,208629,14665,83397,-68732,-32.944605016560494,2022-03-04
JAPANESE YEN - CHICAGO MERCANTILE EXCHANGE,2022-03-08,208683,15548,71404,-55856,-26.765956019417008,2022-03-11
JAPANESE YEN - CHICAGO MERCANTILE EXCHANGE,2022-03-15,215484,34016,96356,-62340,-28.93022219747174,2022-03-18
JAPANESE YEN - CHICAGO MERCANTILE EXCHANGE,2022-03-22,248221,36676,115158,-78482,-31.617792209361816,2022-03-25
JAPANESE YEN - CHICAGO MERCANTILE EXCHANGE,2022-03-29,239698,15274,117405,-102131,-42.608198649967875,2022-04-01
JAPANESE YEN - CHICAGO MERCANTILE EXCHANGE,2022-04-05,242217,14583,118412,-103829,-42.86610766378908,2022-04-08
JAPANESE YEN - CHICAGO MERCANTILE EXCHANGE,2022-04-12,245403,9925,121752,-111827,-45.56871757883971,2022-04-15
JAPANESE YEN - CHICAGO MERCANTILE EXCHANGE,2022-04-19,251291,12723,119910,-107187,-42.65453199676868,2022-04-22
JAPANESE YEN - CHICAGO MERCANTILE EXCHANGE,2022-04-26,237995,14269,109804,-95535,-40.14159961343726,2022-04-29
JAPANESE YEN - CHICAGO MERCANTILE EXCHANGE,2022-05-03,254813,18585,119379,-100794,-39.55606660570693,2022-05-06
JAPANESE YEN - CHICAGO MERCANTILE EXCHANGE,2022-05-10,247278,11196,121650,-110454,-44.6679445805935,2022-05-13
JAPANESE YEN - CHICAGO MERCANTILE EXCHANGE,2022-05-17,241308,12113,114422,-102309,-42.39768262966831,2022-05-20
JAPANESE YEN - CHICAGO MERCANTILE EXCHANGE,2022-05-24,237256,16567,116011,-99444,-41.91421923997707,2022-05-27
JAPANESE YEN - CHICAGO MERCANTILE EXCHANGE,2022-05-31,239080,15201,109640,-94439,-39.50100384808432,2022-06-03
JAPANESE YEN - CHICAGO MERCANTILE EXCHANGE,2022-06-07,266054,18466,110112,-91646,-34.44639058236298,2022-06-10
JAPANESE YEN - CHICAGO MERCANTILE EXCHANGE,2022-06-14,232513,32441,102196,-69755,-30.000473091827125,2022-06-17
JAPANESE YEN - CHICAGO MERCANTILE EXCHANGE,2022-06-21,218076,35864,94318,-58454,-26.804416808818942,2022-06-24
JAPANESE YEN - CHICAGO MERCANTILE EXCHANGE,2022-06-28,213767,36462,89032,-52570,-24.592196176210546,2022-07-01
JAPANESE YEN - CHICAGO MERCANTILE EXCHANGE,2022-07-05,217672,38660,93105,-54445,-25.01240398397589,2022-07-08
JAPANESE YEN - CHICAGO MERCANTILE EXCHANGE,2022-07-12,223539,35533,95531,-59998,-26.84005922903833,2022-07-15
JAPANESE YEN - CHICAGO MERCANTILE EXCHANGE,2022-07-19,229449,42880,102105,-59225,-25.811836181460805,2022-07-22
JAPANESE YEN - CHICAGO MERCANTILE EXCHANGE,2022-07-26,229219,43812,105293,-61481,-26.821947569791334,2022-07-29
JAPANESE YEN - CHICAGO MERCANTILE EXCHANGE,2022-08-02,236737,50433,93186,-42753,-18.05928097424568,2022-08-05
JAPANESE YEN - CHICAGO MERCANTILE EXCHANGE,2022-08-09,225834,52333,77365,-25032,-11.084247721777944,2022-08-12
JAPANESE YEN - CHICAGO MERCANTILE EXCHANGE,2022-08-16,228697,51308,80199,-28891,-12.632872315771523,2022-08-19
JAPANESE YEN - CHICAGO MERCANTILE EXCHANGE,2022-08-23,242132,56734,95541,-38807,-16.027208299605174,2022-08-26
JAPANESE YEN - CHICAGO MERCANTILE EXCHANGE,2022-08-30,247030,54513,96044,-41531,-16.81212808160952,2022-09-02
JAPANESE YEN - CHICAGO MERCANTILE EXCHANGE,2022-09-06,281266,56002,114191,-58189,-20.68824529093456,2022-09-09
JAPANESE YEN - CHICAGO MERCANTILE EXCHANGE,2022-09-13,281716,39323,120015,-80692,-28.643030569793694,2022-09-16
JAPANESE YEN - CHICAGO MERCANTILE EXCHANGE,2022-09-20,250892,34767,116047,-81280,-32.3964096105097,2022-09-23
JAPANESE YEN - CHICAGO MERCANTILE EXCHANGE,2022-09-27,244655,22706,105262,-82556,-33.74384337127792,2022-09-30
JAPANESE YEN - CHICAGO MERCANTILE EXCHANGE,2022-10-04,243289,26962,108585,-81623,-33.549811129972994,2022-10-07
JAPANESE YEN - CHICAGO MERCANTILE EXCHANGE,2022-10-11,245007,30149,107542,-77393,-31.58807707534887,2022-10-14
JAPANESE YEN - CHICAGO MERCANTILE EXCHANGE,2022-10-18,264265,30583,124919,-94336,-35.69750061491306,2022-10-21
JAPANESE YEN - CHICAGO MERCANTILE EXCHANGE,2022-10-25,272597,37579,140197,-102618,-37.644581561792684,2022-10-28
JAPANESE YEN - CHICAGO MERCANTILE EXCHANGE,2022-11-01,258906,40460,118080,-77620,-29.979992738677357,2022-11-04
JAPANESE YEN - CHICAGO MERCANTILE EXCHANGE,2022-11-08,251378,37201,112459,-75258,-29.938180747718572,2022-11-11
JAPANESE YEN - CHICAGO MERCANTILE EXCHANGE,2022-11-15,233346,33797,99639,-65842,-28.216468248866487,2022-11-18
JAPANESE YEN - CHICAGO MERCANTILE EXCHANGE,2022-11-22,227435,30800,95650,-64850,-28.51364126014026,2022-11-25
JAPANESE YEN - CHICAGO MERCANTILE EXCHANGE,2022-11-29,228328,28125,95519,-67394,-29.516309870011565,2022-12-02
JAPANESE YEN - CHICAGO MERCANTILE EXCHANGE,2022-12-06,223424,23589,89585,-65996,-29.53845602979089,2022-12-09
JAPANESE YEN - CHICAGO MERCANTILE EXCHANGE,2022-12-13,226964,22290,75478,-53188,-23.434553497470965,2022-12-16
JAPANESE YEN - CHICAGO MERCANTILE EXCHANGE,2022-12-20,182034,33686,74567,-40881,-22.457892481624313,2022-12-23
JAPANESE YEN - CHICAGO MERCANTILE EXCHANGE,2022-12-27,173136,29685,67415,-37730,-21.792117179558264,2022-12-30
JAPANESE YEN - CHICAGO MERCANTILE EXCHANGE,2023-01-03,172590,25377,72241,-46864,-27.153369256619737,2023-01-06
JAPANESE YEN - CHICAGO MERCANTILE EXCHANGE,2023-01-10,175745,26395,61772,-35377,-20.129733420580955,2023-01-13
JAPANESE YEN - CHICAGO MERCANTILE EXCHANGE,2023-01-17,176862,29458,52419,-22961,-12.982438285216721,2023-01-20
JAPANESE YEN - CHICAGO MERCANTILE EXCHANGE,2023-01-24,173321,27620,49255,-21635,-12.482618955579532,2023-01-27
JAPANESE YEN - CHICAGO MERCANTILE EXCHANGE,2023-01-31,168540,22550,42610,-20060,-11.902219057790434,2023-02-03
JAPANESE YEN - CHICAGO MERCANTILE EXCHANGE,2023-02-07,164069,16556,45645,-29089,-17.72973565999671,2023-02-10
JAPANESE YEN - CHICAGO MERCANTILE EXCHANGE,2023-02-14,174955,23079,50922,-27843,-15.914377982909892,2023-02-17
JAPANESE YEN - CHICAGO MERCANTILE EXCHANGE,2023-02-21,186100,32486,66515,-34029,-18.285330467490596,2023-02-24
JAPANESE YEN - CHICAGO MERCANTILE EXCHANGE,2023-02-28,200047,27703,86381,-58678,-29.332106954865605,2023-03-03
JAPANESE YEN - CHICAGO MERCANTILE EXCHANGE,2023-03-07,211297,17141,92444,-75303,-35.638461502056344,2023-03-10
JAPANESE YEN - CHICAGO MERCANTILE EXCHANGE,2023-03-14,179782,11048,85842,-74794,-41.60260760254085,2023-03-17
JAPANESE YEN - CHICAGO MERCANTILE EXCHANGE,2023-03-21,169188,7255,73600,-66345,-39.21377402652671,2023-03-24
JAPANESE YEN - CHICAGO MERCANTILE EXCHANGE,2023-03-28,169473,9717,63692,-53975,-31.848731066305547,2023-03-31
JAPANESE YEN - CHICAGO MERCANTILE EXCHANGE,2023-04-04,178828,11523,68559,-57036,-31.89433422059185,2023-04-07
JAPANESE YEN - CHICAGO MERCANTILE EXCHANGE,2023-04-11,176822,11933,69140,-57207,-32.352874642295646,2023-04-14
JAPANESE YEN - CHICAGO MERCANTILE EXCHANGE,2023-04-18,177507,15661,72530,-56869,-32.03760978440287,2023-04-21
JAPANESE YEN - CHICAGO MERCANTILE EXCHANGE,2023-04-25,184041,13680,82424,-68744,-37.35254644345554,2023-04-28
JAPANESE YEN - CHICAGO MERCANTILE EXCHANGE,2023-05-02,202996,28088,96412,-68324,-33.65780606514414,2023-05-05
JAPANESE YEN - CHICAGO MERCANTILE EXCHANGE,2023-05-09,192574,22229,83244,-61015,-31.68392410190368,2023-05-12
JAPANESE YEN - CHICAGO MERCANTILE EXCHANGE,2023-05-16,200515,29494,94285,-64791,-32.31229583821659,2023-05-19
JAPANESE YEN - CHICAGO MERCANTILE EXCHANGE,2023-05-23,226400,36760,117420,-80660,-35.62720848056537,2023-05-26
JAPANESE YEN - CHICAGO MERCANTILE EXCHANGE,2023-05-30,243237,40736,136929,-96193,-39.547026151448996,2023-06-02
JAPANESE YEN - CHICAGO MERCANTILE EXCHANGE,2023-06-06,245332,34151,138968,-104817,-42.72455285083071,2023-06-09
JAPANESE YEN - CHICAGO MERCANTILE EXCHANGE,2023-06-13,252566,37088,141064,-103976,-41.16785315521487,2023-06-16
JAPANESE YEN - CHICAGO MERCANTILE EXCHANGE,2023-06-20,238556,32244,139900,-107656,-45.12818793071648,2023-06-23
JAPANESE YEN - CHICAGO MERCANTILE EXCHANGE,2023-06-27,251524,38018,150888,-112870,-44.87444538095768,2023-06-30
JAPANESE YEN - CHICAGO MERCANTILE EXCHANGE,2023-07-03,265066,41713,159633,-117920,-44.487033418092096,2023-07-06
JAPANESE YEN - CHICAGO MERCANTILE EXCHANGE,2023-07-11,252349,29838,147020,-117182,-46.43648280754035,2023-07-14
JAPANESE YEN - CHICAGO MERCANTILE EXCHANGE,2023-07-18,230932,29776,120015,-90239,-39.076005057765926,2023-07-21
JAPANESE YEN - CHICAGO MERCANTILE EXCHANGE,2023-07-25,223760,30358,108110,-77752,-34.74794422595638,2023-07-28
JAPANESE YEN - CHICAGO MERCANTILE EXCHANGE,2023-08-01,229015,26849,106065,-79216,-34.58987402571884,2023-08-04
JAPANESE YEN - CHICAGO MERCANTILE EXCHANGE,2023-08-08,229849,23135,106315,-83180,-36.18897624092339,2023-08-11
JAPANESE YEN - CHICAGO MERCANTILE EXCHANGE,2023-08-15,247954,34789,115750,-80961,-32.651620865160474,2023-08-18
JAPANESE YEN - CHICAGO MERCANTILE EXCHANGE,2023-08-22,246923,28680,124003,-95323,-38.60434224434338,2023-08-25
JAPANESE YEN - CHICAGO MERCANTILE EXCHANGE,2023-08-29,245452,24790,123263,-98473,-40.11904567899223,2023-09-01
JAPANESE YEN - CHICAGO MERCANTILE EXCHANGE,2023-09-05,268344,37014,134150,-97136,-36.19831261366008,2023-09-08
JAPANESE YEN - CHICAGO MERCANTILE EXCHANGE,2023-09-12,270854,38247,136960,-98713,-36.44509588191424,2023-09-15
JAPANESE YEN - CHICAGO MERCANTILE EXCHANGE,2023-09-19,265860,45737,147356,-101619,-38.22274881516587,2023-09-22
JAPANESE YEN - CHICAGO MERCANTILE EXCHANGE,2023-09-26,285974,46169,155681,-109512,-38.294390399127195,2023-09-29
JAPANESE YEN - CHICAGO MERCANTILE EXCHANGE,2023-10-03,282682,47544,161532,-113988,-40.32375602266858,2023-10-06
JAPANESE YEN - CHICAGO MERCANTILE EXCHANGE,2023-10-10,259937,36780,136256,-99476,-38.26927293921219,2023-10-13
JAPANESE YEN - CHICAGO MERCANTILE EXCHANGE,2023-10-17,267521,33139,135797,-102658,-38.373809906512015,2023-10-20
JAPANESE YEN - CHICAGO MERCANTILE EXCHANGE,2023-10-24,260909,30964,130593,-99629,-38.18534431545098,2023-10-27
JAPANESE YEN - CHICAGO MERCANTILE EXCHANGE,2023-10-31,277272,37641,141489,-103848,-37.45347528780403,2023-11-03
JAPANESE YEN - CHICAGO MERCANTILE EXCHANGE,2023-11-07,259698,27238,131278,-104040,-40.061918074070654,2023-11-10
JAPANESE YEN - CHICAGO MERCANTILE EXCHANGE,2023-11-14,273763,27772,158021,-130249,-47.57728400112506,2023-11-17
JAPANESE YEN - CHICAGO MERCANTILE EXCHANGE,2023-11-21,264903,39236,144690,-105454,-39.80853368969019,2023-11-24
JAPANESE YEN - CHICAGO MERCANTILE EXCHANGE,2023-11-28,260781,30461,139698,-109237,-41.888404446642966,2023-12-01
JAPANESE YEN - CHICAGO MERCANTILE EXCHANGE,2023-12-05,267482,28266,133222,-104956,-39.23852820002841,2023-12-08
JAPANESE YEN - CHICAGO MERCANTILE EXCHANGE,2023-12-12,257581,28226,109357,-81131,-31.497276584841273,2023-12-15
JAPANESE YEN - CHICAGO MERCANTILE EXCHANGE,2023-12-19,185940,31734,96636,-64902,-34.904808002581476,2023-12-22
JAPANESE YEN - CHICAGO MERCANTILE EXCHANGE,2023-12-26,188540,37321,92889,-55568,-29.47279091969874,2023-12-29
JAPANESE YEN - CHICAGO MERCANTILE EXCHANGE,2024-01-02,184042,33585,90780,-57195,-31.07714543419437,2024-01-05
JAPANESE YEN - CHICAGO MERCANTILE EXCHANGE,2024-01-09,200299,41364,97313,-55949,-27.932740552873454,2024-01-12
JAPANESE YEN - CHICAGO MERCANTILE EXCHANGE,2024-01-16,213309,44180,100740,-56560,-26.515524427004955,2024-01-19
JAPANESE YEN - CHICAGO MERCANTILE EXCHANGE,2024-01-23,243032,52585,123230,-70645,-29.068188551301887,2024-01-26
JAPANESE YEN - CHICAGO MERCANTILE EXCHANGE,2024-01-30,242029,44918,125373,-80455,-33.24188423701292,2024-02-02
JAPANESE YEN - CHICAGO MERCANTILE EXCHANGE,2024-02-06,259542,55646,139876,-84230,-32.45332162039284,2024-02-09
JAPANESE YEN - CHICAGO MERCANTILE EXCHANGE,2024-02-13,304592,58554,170090,-111536,-36.61816462677943,2024-02-16
JAPANESE YEN - CHICAGO MERCANTILE EXCHANGE,2024-02-20,305438,53862,174640,-120778,-39.54255855525508,2024-02-23
JAPANESE YEN - CHICAGO MERCANTILE EXCHANGE,2024-02-27,309633,51261,183966,-132705,-42.85880380967145,2024-03-01
JAPANESE YEN - CHICAGO MERCANTILE EXCHANGE,2024-03-05,314586,54671,173514,-118843,-37.77758705091772,2024-03-08
JAPANESE YEN - CHICAGO MERCANTILE EXCHANGE,2024-03-12,325675,54923,157245,-102322,-31.418438627466035,2024-03-15
JAPANESE YEN - CHICAGO MERCANTILE EXCHANGE,2024-03-19,302500,66274,182286,-116012,-38.35107438016529,2024-03-22
JAPANESE YEN - CHICAGO MERCANTILE EXCHANGE,2024-03-26,305701,59969,189075,-129106,-42.232769928786624,2024-03-29
JAPANESE YEN - CHICAGO MERCANTILE EXCHANGE,2024-04-02,316809,55190,198420,-143230,-45.21020551815131,2024-04-05
JAPANESE YEN - CHICAGO MERCANTILE EXCHANGE,2024-04-09,324479,47275,209426,-162151,-49.97272550765997,2024-04-12
JAPANESE YEN - CHICAGO MERCANTILE EXCHANGE,2024-04-16,331110,49463,215082,-165619,-50.019328923922565,2024-04-19
JAPANESE YEN - CHICAGO MERCANTILE EXCHANGE,2024-04-23,336167,42426,222345,-179919,-53.5207203562515,2024-04-26
JAPANESE YEN - CHICAGO MERCANTILE EXCHANGE,2024-04-30,334848,40435,208823,-168388,-50.28789181957186,2024-05-03
JAPANESE YEN - CHICAGO MERCANTILE EXCHANGE,2024-05-07,299859,34990,169912,-134922,-44.99514771942813,2024-05-10
JAPANESE YEN - CHICAGO MERCANTILE EXCHANGE,2024-05-14,297606,35303,161485,-126182,-42.39901077263227,2024-05-17
JAPANESE YEN - CHICAGO MERCANTILE EXCHANGE,2024-05-21,301315,29614,173981,-144367,-47.91231767419478,2024-05-24
JAPANESE YEN - CHICAGO MERCANTILE EXCHANGE,2024-05-28,325231,28565,184604,-156039,-47.9778987857861,2024-05-31
JAPANESE YEN - CHICAGO MERCANTILE EXCHANGE,2024-06-04,303009,40427,172528,-132101,-43.596394826556306,2024-06-07
JAPANESE YEN - CHICAGO MERCANTILE EXCHANGE,2024-06-11,319274,30763,169342,-138579,-43.404411258041684,2024-06-14
JAPANESE YEN - CHICAGO MERCANTILE EXCHANGE,2024-06-18,297117,29429,177182,-147753,-49.72889467785418,2024-06-21
JAPANESE YEN - CHICAGO MERCANTILE EXCHANGE,2024-06-25,340237,34576,208476,-173900,-51.111431149463456,2024-06-28
JAPANESE YEN - CHICAGO MERCANTILE EXCHANGE,2024-07-02,349817,36714,220937,-184223,-52.662677914452416,2024-07-05
JAPANESE YEN - CHICAGO MERCANTILE EXCHANGE,2024-07-09,348954,41521,223554,-182033,-52.16532838139124,2024-07-12
JAPANESE YEN - CHICAGO MERCANTILE EXCHANGE,2024-07-16,307205,47356,198428,-151072,-49.17628293810322,2024-07-19
JAPANESE YEN - CHICAGO MERCANTILE EXCHANGE,2024-07-23,307183,64390,171498,-107108,-34.86781495069714,2024-07-26
JAPANESE YEN - CHICAGO MERCANTILE EXCHANGE,2024-07-30,303151,65016,138476,-73460,-24.232148335318044,2024-08-02
JAPANESE YEN - CHICAGO MERCANTILE EXCHANGE,2024-08-06,298937,66169,77523,-11354,-3.798124688479512,2024-08-09
JAPANESE YEN - CHICAGO MERCANTILE EXCHANGE,2024-08-13,315338,87101,63997,23104,7.326741464714052,2024-08-16
JAPANESE YEN - CHICAGO MERCANTILE EXCHANGE,2024-08-20,316197,88761,65176,23585,7.458957548616843,2024-08-23
JAPANESE YEN - CHICAGO MERCANTILE EXCHANGE,2024-08-27,318259,84305,58437,25868,8.127971243546922,2024-08-30
JAPANESE YEN - CHICAGO MERCANTILE EXCHANGE,2024-09-03,326795,91791,50675,41116,12.581587845591272,2024-09-06
JAPANESE YEN - CHICAGO MERCANTILE EXCHANGE,2024-09-10,376514,98894,43124,55770,14.812198218392941,2024-09-13
JAPANESE YEN - CHICAGO MERCANTILE EXCHANGE,2024-09-17,199463,97332,40492,56840,28.496513137774926,2024-09-20
JAPANESE YEN - CHICAGO MERCANTILE EXCHANGE,2024-09-24,207702,104690,38679,66011,31.781590933163862,2024-09-27
JAPANESE YEN - CHICAGO MERCANTILE EXCHANGE,2024-10-01,196200,95513,38741,56772,28.93577981651376,2024-10-04
JAPANESE YEN - CHICAGO MERCANTILE EXCHANGE,2024-10-08,196685,83679,47151,36528,18.57182804992755,2024-10-11
JAPANESE YEN - CHICAGO MERCANTILE EXCHANGE,2024-10-15,197871,86685,52575,34110,17.23850387373592,2024-10-18
JAPANESE YEN - CHICAGO MERCANTILE EXCHANGE,2024-10-22,207338,79364,66593,12771,6.159507663814641,2024-10-25
JAPANESE YEN - CHICAGO MERCANTILE EXCHANGE,2024-10-29,225894,64925,89742,-24817,-10.98612623619928,2024-11-01
JAPANESE YEN - CHICAGO MERCANTILE EXCHANGE,2024-11-05,235762,60334,104501,-44167,-18.733722991830746,2024-11-08
JAPANESE YEN - CHICAGO MERCANTILE EXCHANGE,2024-11-12,257688,64038,128940,-64902,-25.18627177051318,2024-11-15
JAPANESE YEN - CHICAGO MERCANTILE EXCHANGE,2024-11-19,254087,78973,125841,-46868,-18.445650505535504,2024-11-22
JAPANESE YEN - CHICAGO MERCANTILE EXCHANGE,2024-11-26,253566,87597,110230,-22633,-8.925881230133378,2024-11-29
JAPANESE YEN - CHICAGO MERCANTILE EXCHANGE,2024-12-03,256849,93622,91288,2334,0.908705114678274,2024-12-06
JAPANESE YEN - CHICAGO MERCANTILE EXCHANGE,2024-12-10,274834,97938,72186,25752,9.37001972099522,2024-12-13
JAPANESE YEN - CHICAGO MERCANTILE EXCHANGE,2024-12-17,181673,87208,81247,5961,3.2811700142563835,2024-12-20
JAPANESE YEN - CHICAGO MERCANTILE EXCHANGE,2024-12-24,200720,95958,93647,2311,1.1513551215623756,2024-12-27
JAPANESE YEN - CHICAGO MERCANTILE EXCHANGE,2024-12-31,206971,96119,104562,-8443,-4.079315459653768,2025-01-03
JAPANESE YEN - CHICAGO MERCANTILE EXCHANGE,2025-01-07,212456,91206,111395,-20189,-9.502673494747148,2025-01-10
JAPANESE YEN - CHICAGO MERCANTILE EXCHANGE,2025-01-14,223952,91434,120845,-29411,-13.132724869614917,2025-01-17
JAPANESE YEN - CHICAGO MERCANTILE EXCHANGE,2025-01-21,211620,94157,108830,-14673,-6.9336546640204135,2025-01-24
JAPANESE YEN - CHICAGO MERCANTILE EXCHANGE,2025-01-28,216788,96809,97768,-959,-0.44236765872649775,2025-01-31
JAPANESE YEN - CHICAGO MERCANTILE EXCHANGE,2025-02-04,231911,104684,85916,18768,8.092759722479745,2025-02-07
JAPANESE YEN - CHICAGO MERCANTILE EXCHANGE,2025-02-11,273314,144158,89543,54615,19.98251095809216,2025-02-14
JAPANESE YEN - CHICAGO MERCANTILE EXCHANGE,2025-02-18,281163,147566,86997,60569,21.542308198447163,2025-02-21
JAPANESE YEN - CHICAGO MERCANTILE EXCHANGE,2025-02-25,329186,171751,75771,95980,29.15676851384931,2025-02-28
JAPANESE YEN - CHICAGO MERCANTILE EXCHANGE,2025-03-04,354415,183955,50304,133651,37.710311358153575,2025-03-07
JAPANESE YEN - CHICAGO MERCANTILE EXCHANGE,2025-03-11,446178,176790,42888,133902,30.01089251375012,2025-03-14
JAPANESE YEN - CHICAGO MERCANTILE EXCHANGE,2025-03-18,296567,164752,41788,122964,41.46246885189518,2025-03-21
JAPANESE YEN - CHICAGO MERCANTILE EXCHANGE,2025-03-25,303778,160474,35098,125376,41.27224486302497,2025-03-28
JAPANESE YEN - CHICAGO MERCANTILE EXCHANGE,2025-04-01,311162,161566,39792,121774,39.13524144979142,2025-04-04
JAPANESE YEN - CHICAGO MERCANTILE EXCHANGE,2025-04-08,320758,176555,29488,147067,45.849830713497404,2025-04-11
JAPANESE YEN - CHICAGO MERCANTILE EXCHANGE,2025-04-15,338849,198560,26705,171855,50.71728114883031,2025-04-18
JAPANESE YEN - CHICAGO MERCANTILE EXCHANGE,2025-04-22,351226,202373,24559,177814,50.62666203527074,2025-04-25
JAPANESE YEN - CHICAGO MERCANTILE EXCHANGE,2025-04-29,366246,202797,23585,179212,48.93213850799736,2025-05-02
JAPANESE YEN - CHICAGO MERCANTILE EXCHANGE,2025-05-06,375546,204008,27149,176859,47.09383138150852,2025-05-09
JAPANESE YEN - CHICAGO MERCANTILE EXCHANGE,2025-05-13,359521,194226,21958,172268,47.91597709174151,2025-05-16
JAPANESE YEN - CHICAGO MERCANTILE EXCHANGE,2025-05-20,366865,194510,27180,167330,45.61078325814673,2025-05-23
JAPANESE YEN - CHICAGO MERCANTILE EXCHANGE,2025-05-27,377011,191802,27790,164012,43.5032399585158,2025-05-30
JAPANESE YEN - CHICAGO MERCANTILE EXCHANGE,2025-06-03,366008,189514,38365,151149,41.29663832484536,2025-06-06
JAPANESE YEN - CHICAGO MERCANTILE EXCHANGE,2025-06-10,388263,184195,39600,144595,37.24150897716238,2025-06-13
JAPANESE YEN - CHICAGO MERCANTILE EXCHANGE,2025-06-17,317523,175601,44724,130877,41.21811648290045,2025-06-20
JAPANESE YEN - CHICAGO MERCANTILE EXCHANGE,2025-06-24,314767,178403,46126,132277,42.02378267099156,2025-06-27
JAPANESE YEN - CHICAGO MERCANTILE EXCHANGE,2025-07-01,314251,170624,43286,127338,40.521112104655195,2025-07-04
JAPANESE YEN - CHICAGO MERCANTILE EXCHANGE,2025-07-08,308621,166192,50037,116155,37.63677779541897,2025-07-11
JAPANESE YEN - CHICAGO MERCANTILE EXCHANGE,2025-07-15,321350,165444,61862,103582,32.233390384316166,2025-07-18
JAPANESE YEN - CHICAGO MERCANTILE EXCHANGE,2025-07-22,313040,164411,57766,106645,34.0675313059034,2025-07-25
JAPANESE YEN - CHICAGO MERCANTILE EXCHANGE,2025-07-29,329115,162122,72879,89243,27.116053659055346,2025-08-01
JAPANESE YEN - CHICAGO MERCANTILE EXCHANGE,2025-08-05,337378,160258,78252,82006,24.30686055403731,2025-08-08
JAPANESE YEN - CHICAGO MERCANTILE EXCHANGE,2025-08-12,351163,164693,90459,74234,21.139470844024,2025-08-15
JAPANESE YEN - CHICAGO MERCANTILE EXCHANGE,2025-08-19,348982,168363,90782,77581,22.23065946094641,2025-08-22
JAPANESE YEN - CHICAGO MERCANTILE EXCHANGE,2025-08-26,357366,170765,86281,84484,23.64074925986244,2025-08-29
JAPANESE YEN - CHICAGO MERCANTILE EXCHANGE,2025-09-02,414249,174774,101516,73258,17.684532732728382,2025-09-05
JAPANESE YEN - CHICAGO MERCANTILE EXCHANGE,2025-09-09,410799,180724,89081,91643,22.308476895026523,2025-09-12
JAPANESE YEN - CHICAGO MERCANTILE EXCHANGE,2025-09-16,299620,161673,100262,61411,20.49629530738936,2025-09-19
JAPANESE YEN - CHICAGO MERCANTILE EXCHANGE,2025-09-23,309893,176400,96900,79500,25.654016063609053,2025-09-26
JAPANESE YEN - CHICAGO MERCANTILE EXCHANGE,2025-09-30,305711,167811,106346,61465,20.10558991989166,2025-10-03
JAPANESE YEN - CHICAGO MERCANTILE EXCHANGE,2025-10-07,305134,159197,112890,46307,15.175955481853872,2025-10-10
JAPANESE YEN - CHICAGO MERCANTILE EXCHANGE,2025-10-14,305003,160639,123473,37166,12.185453913568063,2025-10-17
JAPANESE YEN - CHICAGO MERCANTILE EXCHANGE,2025-10-21,307569,175724,105310,70414,22.89372466015756,2025-10-24
JAPANESE YEN - CHICAGO MERCANTILE EXCHANGE,2025-10-28,321889,178745,110630,68115,21.161021345867674,2025-10-31
JAPANESE YEN - CHICAGO MERCANTILE EXCHANGE,2025-11-04,314190,170180,118915,51265,16.31656004328591,2025-11-07
JAPANESE YEN - CHICAGO MERCANTILE EXCHANGE,2025-11-10,312845,172349,123873,48476,15.495213284533873,2025-11-13
JAPANESE YEN - CHICAGO MERCANTILE EXCHANGE,2025-11-18,329456,169890,138733,31157,9.457105045893838,2025-11-21
JAPANESE YEN - CHICAGO MERCANTILE EXCHANGE,2025-11-25,344420,169218,142701,26517,7.699030253759945,2025-11-28
JAPANESE YEN - CHICAGO MERCANTILE EXCHANGE,2025-12-02,394859,184958,148540,36418,9.223039110163375,2025-12-05
JAPANESE YEN - CHICAGO MERCANTILE EXCHANGE,2025-12-09,465416,184488,167040,17448,3.74890420612957,2025-12-12
JAPANESE YEN - CHICAGO MERCANTILE EXCHANGE,2025-12-16,379679,146275,149217,-2942,-0.7748650833993979,2025-12-19
JAPANESE YEN - CHICAGO MERCANTILE EXCHANGE,2025-12-23,285084,141133,139910,1223,0.42899636598335933,2025-12-26
JAPANESE YEN - CHICAGO MERCANTILE EXCHANGE,2025-12-30,286132,144596,130528,14068,4.916611913382635,2026-01-02
JAPANESE YEN - CHICAGO MERCANTILE EXCHANGE,2026-01-06,287715,140441,131626,8815,3.0637957701197363,2026-01-09
JAPANESE YEN - CHICAGO MERCANTILE EXCHANGE,2026-01-13,294242,111743,156907,-45164,-15.349270328505108,2026-01-16
JAPANESE YEN - CHICAGO MERCANTILE EXCHANGE,2026-01-20,292607,107139,151968,-44829,-15.320549405858369,2026-01-23
JAPANESE YEN - CHICAGO MERCANTILE EXCHANGE,2026-01-27,300726,104460,138393,-33933,-11.28369346182239,2026-01-30
JAPANESE YEN - CHICAGO MERCANTILE EXCHANGE,2026-02-03,303673,114428,133650,-19222,-6.329835052836439,2026-02-06
JAPANESE YEN - CHICAGO MERCANTILE EXCHANGE,2026-02-10,334948,128090,147196,-19106,-5.704169005338143,2026-02-13
JAPANESE YEN - CHICAGO MERCANTILE EXCHANGE,2026-02-17,354328,143172,130217,12955,3.6562168386353884,2026-02-20
JAPANESE YEN - CHICAGO MERCANTILE EXCHANGE,2026-02-24,369721,149364,137825,11539,3.1210020528993487,2026-02-27
JAPANESE YEN - CHICAGO MERCANTILE EXCHANGE,2026-03-03,416977,134945,151520,-16575,-3.975039390661835,2026-03-06
JAPANESE YEN - CHICAGO MERCANTILE EXCHANGE,2026-03-10,427718,119411,160798,-41387,-9.676235276513964,2026-03-13
JAPANESE YEN - CHICAGO MERCANTILE EXCHANGE,2026-03-17,326688,106819,174599,-67780,-20.747624644921146,2026-03-20
JAPANESE YEN - CHICAGO MERCANTILE EXCHANGE,2026-03-24,328210,98271,161077,-62806,-19.135919076201212,2026-03-27
JAPANESE YEN - CHICAGO MERCANTILE EXCHANGE,2026-03-31,345276,95356,168228,-72872,-21.105434492985324,2026-04-03
JAPANESE YEN - CHICAGO MERCANTILE EXCHANGE,2026-04-07,349373,91560,185302,-93742,-26.831495278684958,2026-04-10
JAPANESE YEN - CHICAGO MERCANTILE EXCHANGE,2026-04-14,354344,102114,185322,-83208,-23.482265820784324,2026-04-17
JAPANESE YEN - CHICAGO MERCANTILE EXCHANGE,2026-04-21,351782,101386,195846,-94460,-26.851857116054827,2026-04-24
JAPANESE YEN - CHICAGO MERCANTILE EXCHANGE,2026-04-28,372780,106530,208589,-102059,-27.37780996834594,2026-05-01
JAPANESE YEN - CHICAGO MERCANTILE EXCHANGE,2026-05-05,354005,109035,170773,-61738,-17.43986666854988,2026-05-08
JAPANESE YEN - CHICAGO MERCANTILE EXCHANGE,2026-05-12,362042,100155,175257,-75102,-20.744002077107076,2026-05-15
JAPANESE YEN - CHICAGO MERCANTILE EXCHANGE,2026-05-19,396573,106603,200508,-93905,-23.679120868036907,2026-05-22
JAPANESE YEN - CHICAGO MERCANTILE EXCHANGE,2026-05-26,427294,112993,227660,-114667,-26.83562137544641,2026-05-29
JAPANESE YEN - CHICAGO MERCANTILE EXCHANGE,2026-06-02,505555,114849,244416,-129567,-25.628665526006074,2026-06-05
JAPANESE YEN - CHICAGO MERCANTILE EXCHANGE,2026-06-09,505075,121520,267338,-145818,-28.870563777656784,2026-06-12
JAPANESE YEN - CHICAGO MERCANTILE EXCHANGE,2026-06-16,520825,117375,267507,-150132,-28.825805212883402,2026-06-19
JAPANESE YEN - CHICAGO MERCANTILE EXCHANGE,2026-06-23,431030,113698,259802,-146104,-33.89648052339744,2026-06-26
JAPANESE YEN - CHICAGO MERCANTILE EXCHANGE,2026-06-30,438825,111872,266964,-155092,-35.34256252492452,2026-07-03
JAPANESE YEN - CHICAGO MERCANTILE EXCHANGE,2026-07-07,398103,112247,236025,-123778,-31.0919535899001,2026-07-10
JAPANESE YEN - CHICAGO MERCANTILE EXCHANGE,2026-07-14,396514,115965,238628,-122663,-30.935351589098996,2026-07-17
JAPANESE YEN - CHICAGO MERCANTILE EXCHANGE,2026-07-21,423796,107590,259715,-152125,-35.89580836062634,2026-07-24
MICRO E-MINI S&P 500 INDEX - CHICAGO MERCANTILE EXCHANGE,2020-07-28,135006,86784,68306,18478,13.686799105224953,2020-07-31
MICRO E-MINI S&P 500 INDEX - CHICAGO MERCANTILE EXCHANGE,2020-08-18,181719,133264,107313,25951,14.280840198328187,2020-08-21
MICRO E-MINI S&P 500 INDEX - CHICAGO MERCANTILE EXCHANGE,2020-09-15,274767,200642,68827,131815,47.973373803986654,2020-09-18
MICRO E-MINI S&P 500 INDEX - CHICAGO MERCANTILE EXCHANGE,2020-10-13,113731,21531,64168,-42637,-37.48933887858192,2020-10-16
MICRO E-MINI S&P 500 INDEX - CHICAGO MERCANTILE EXCHANGE,2020-10-20,122647,26807,73256,-46449,-37.87210449501415,2020-10-23
MICRO E-MINI S&P 500 INDEX - CHICAGO MERCANTILE EXCHANGE,2020-10-27,127018,31272,77677,-46405,-36.53419200428286,2020-10-30
MICRO E-MINI S&P 500 INDEX - CHICAGO MERCANTILE EXCHANGE,2020-11-03,123313,34864,73900,-39036,-31.6560297778823,2020-11-06
MICRO E-MINI S&P 500 INDEX - CHICAGO MERCANTILE EXCHANGE,2020-11-10,156486,93808,16083,77725,49.66897997264931,2020-11-13
MICRO E-MINI S&P 500 INDEX - CHICAGO MERCANTILE EXCHANGE,2020-11-17,170725,108585,19586,88999,52.130033679894574,2020-11-20
MICRO E-MINI S&P 500 INDEX - CHICAGO MERCANTILE EXCHANGE,2020-11-24,161252,100774,20055,80719,50.0576737032719,2020-11-27
MICRO E-MINI S&P 500 INDEX - CHICAGO MERCANTILE EXCHANGE,2020-12-01,164452,105235,25182,80053,48.678641792133874,2020-12-04
MICRO E-MINI S&P 500 INDEX - CHICAGO MERCANTILE EXCHANGE,2020-12-08,152578,97208,31261,65947,43.221827524282666,2020-12-11
MICRO E-MINI S&P 500 INDEX - CHICAGO MERCANTILE EXCHANGE,2020-12-15,162400,92252,32369,59883,36.873768472906406,2020-12-18
MICRO E-MINI S&P 500 INDEX - CHICAGO MERCANTILE EXCHANGE,2021-03-02,103281,39876,63989,-24113,-23.346985408739265,2021-03-05
MICRO E-MINI S&P 500 INDEX - CHICAGO MERCANTILE EXCHANGE,2021-03-09,101928,37115,67316,-30201,-29.62973863903932,2021-03-12
MICRO E-MINI S&P 500 INDEX - CHICAGO MERCANTILE EXCHANGE,2021-03-16,134238,13978,73716,-59738,-44.50155693618797,2021-03-19
MICRO E-MINI S&P 500 INDEX - CHICAGO MERCANTILE EXCHANGE,2021-04-13,115911,53514,65077,-11563,-9.975757262037254,2021-04-16
MICRO E-MINI S&P 500 INDEX - CHICAGO MERCANTILE EXCHANGE,2021-06-08,193384,130358,124996,5362,2.7727216315724155,2021-06-11
MICRO E-MINI S&P 500 INDEX - CHICAGO MERCANTILE EXCHANGE,2021-06-15,226994,146823,130883,15940,7.022212040846895,2021-06-18
MICRO E-MINI S&P 500 INDEX - CHICAGO MERCANTILE EXCHANGE,2021-08-17,103969,9343,60000,-50657,-48.72317710086661,2021-08-20
MICRO E-MINI S&P 500 INDEX - CHICAGO MERCANTILE EXCHANGE,2021-08-24,135129,9960,91397,-81437,-60.266116081670106,2021-08-27
MICRO E-MINI S&P 500 INDEX - CHICAGO MERCANTILE EXCHANGE,2021-08-31,134292,9850,87838,-77988,-58.07345188097578,2021-09-03
MICRO E-MINI S&P 500 INDEX - CHICAGO MERCANTILE EXCHANGE,2021-09-07,124518,9135,79315,-70180,-56.36132928572576,2021-09-10
MICRO E-MINI S&P 500 INDEX - CHICAGO MERCANTILE EXCHANGE,2021-09-14,160168,23399,104850,-81451,-50.85347884721043,2021-09-17
MICRO E-MINI S&P 500 INDEX - CHICAGO MERCANTILE EXCHANGE,2021-11-02,128193,41441,76932,-35491,-27.685599057670856,2021-11-05
MICRO E-MINI S&P 500 INDEX - CHICAGO MERCANTILE EXCHANGE,2021-11-16,150268,58384,89240,-30856,-20.533979290334603,2021-11-19
MICRO E-MINI S&P 500 INDEX - CHICAGO MERCANTILE EXCHANGE,2021-11-23,165200,67590,101197,-33607,-20.343220338983052,2021-11-26
MICRO E-MINI S&P 500 INDEX - CHICAGO MERCANTILE EXCHANGE,2021-11-30,191030,73587,138257,-64670,-33.853321467832274,2021-12-03
MICRO E-MINI S&P 500 INDEX - CHICAGO MERCANTILE EXCHANGE,2021-12-07,206610,79031,141209,-62178,-30.09438071729345,2021-12-10
MICRO E-MINI S&P 500 INDEX - CHICAGO MERCANTILE EXCHANGE,2021-12-14,228647,87493,140835,-53342,-23.329411713252306,2021-12-17
MICRO E-MINI S&P 500 INDEX - CHICAGO MERCANTILE EXCHANGE,2022-01-04,100986,36490,23184,13306,13.176083813597925,2022-01-07
MICRO E-MINI S&P 500 INDEX - CHICAGO MERCANTILE EXCHANGE,2022-01-11,140066,62219,42924,19295,13.775648622792112,2022-01-14
MICRO E-MINI S&P 500 INDEX - CHICAGO MERCANTILE EXCHANGE,2022-01-18,170640,87819,59015,28804,16.879981247069857,2022-01-21
MICRO E-MINI S&P 500 INDEX - CHICAGO MERCANTILE EXCHANGE,2022-01-25,178383,102288,40629,61659,34.565513529876725,2022-01-28
MICRO E-MINI S&P 500 INDEX - CHICAGO MERCANTILE EXCHANGE,2022-02-01,175093,90147,46202,43945,25.098090728926913,2022-02-04
MICRO E-MINI S&P 500 INDEX - CHICAGO MERCANTILE EXCHANGE,2022-02-08,174454,83614,87641,-4027,-2.308344893209671,2022-02-11
MICRO E-MINI S&P 500 INDEX - CHICAGO MERCANTILE EXCHANGE,2022-02-15,183895,84115,121925,-37810,-20.560646020827104,2022-02-18
MICRO E-MINI S&P 500 INDEX - CHICAGO MERCANTILE EXCHANGE,2022-02-22,196441,90014,134069,-44055,-22.426581009056154,2022-02-25
MICRO E-MINI S&P 500 INDEX - CHICAGO MERCANTILE EXCHANGE,2022-03-01,172757,97294,80128,17166,9.936500402299183,2022-03-04
MICRO E-MINI S&P 500 INDEX - CHICAGO MERCANTILE EXCHANGE,2022-03-08,180638,100899,107939,-7040,-3.89729735714523,2022-03-11
MICRO E-MINI S&P 500 INDEX - CHICAGO MERCANTILE EXCHANGE,2022-03-15,200867,102930,98831,4099,2.0406537659247164,2022-03-18
MICRO E-MINI S&P 500 INDEX - CHICAGO MERCANTILE EXCHANGE,2022-03-29,98390,20802,34821,-14019,-14.248399227563777,2022-04-01
MICRO E-MINI S&P 500 INDEX - CHICAGO MERCANTILE EXCHANGE,2022-04-05,100483,25693,46115,-20422,-20.32383587273469,2022-04-08
MICRO E-MINI S&P 500 INDEX - CHICAGO MERCANTILE EXCHANGE,2022-04-12,100032,33853,54624,-20771,-20.764355406269992,2022-04-15
MICRO E-MINI S&P 500 INDEX - CHICAGO MERCANTILE EXCHANGE,2022-04-19,116748,25755,67543,-41788,-35.79333264809675,2022-04-22
MICRO E-MINI S&P 500 INDEX - CHICAGO MERCANTILE EXCHANGE,2022-04-26,141511,34336,92142,-57806,-40.84912126972461,2022-04-29
MICRO E-MINI S&P 500 INDEX - CHICAGO MERCANTILE EXCHANGE,2022-05-03,195442,32099,147361,-115262,-58.97504118869025,2022-05-06
MICRO E-MINI S&P 500 INDEX - CHICAGO MERCANTILE EXCHANGE,2022-05-10,205271,30320,154998,-124678,-60.73824359018079,2022-05-13
MICRO E-MINI S&P 500 INDEX - CHICAGO MERCANTILE EXCHANGE,2022-05-17,211429,32586,152228,-119642,-56.587317728410014,2022-05-20
MICRO E-MINI S&P 500 INDEX - CHICAGO MERCANTILE EXCHANGE,2022-05-24,240007,48418,178558,-130140,-54.22341848362756,2022-05-27
MICRO E-MINI S&P 500 INDEX - CHICAGO MERCANTILE EXCHANGE,2022-05-31,239302,49893,165785,-115892,-48.42918153630141,2022-06-03
MICRO E-MINI S&P 500 INDEX - CHICAGO MERCANTILE EXCHANGE,2022-06-07,258966,55217,190542,-135325,-52.25589459620181,2022-06-10
MICRO E-MINI S&P 500 INDEX - CHICAGO MERCANTILE EXCHANGE,2022-06-14,372885,74497,287913,-213416,-57.23373157944138,2022-06-17
MICRO E-MINI S&P 500 INDEX - CHICAGO MERCANTILE EXCHANGE,2022-06-21,98239,23160,59246,-36086,-36.73286576614176,2022-06-24
MICRO E-MINI S&P 500 INDEX - CHICAGO MERCANTILE EXCHANGE,2022-06-28,106252,24265,60120,-35855,-33.745247148288975,2022-07-01
MICRO E-MINI S&P 500 INDEX - CHICAGO MERCANTILE EXCHANGE,2022-07-05,115887,25261,75575,-50314,-43.41643152381199,2022-07-08
MICRO E-MINI S&P 500 INDEX - CHICAGO MERCANTILE EXCHANGE,2022-07-12,118529,29022,69482,-40460,-34.13510617654752,2022-07-15
MICRO E-MINI S&P 500 INDEX - CHICAGO MERCANTILE EXCHANGE,2022-07-19,142575,24043,79012,-54969,-38.554445028932136,2022-07-22
MICRO E-MINI S&P 500 INDEX - CHICAGO MERCANTILE EXCHANGE,2022-07-26,143187,24462,90374,-65912,-46.03211185372974,2022-07-29
MICRO E-MINI S&P 500 INDEX - CHICAGO MERCANTILE EXCHANGE,2022-08-02,157252,20095,98125,-78030,-49.62099051204436,2022-08-05
MICRO E-MINI S&P 500 INDEX - CHICAGO MERCANTILE EXCHANGE,2022-08-09,173299,23409,107880,-84471,-48.742924079192605,2022-08-12
MICRO E-MINI S&P 500 INDEX - CHICAGO MERCANTILE EXCHANGE,2022-08-16,184919,31234,108828,-77594,-41.961074848987934,2022-08-19
MICRO E-MINI S&P 500 INDEX - CHICAGO MERCANTILE EXCHANGE,2022-08-23,199389,24437,133481,-109044,-54.68907512450536,2022-08-26
MICRO E-MINI S&P 500 INDEX - CHICAGO MERCANTILE EXCHANGE,2022-08-30,220182,23684,155250,-131566,-59.75329500140793,2022-09-02
MICRO E-MINI S&P 500 INDEX - CHICAGO MERCANTILE EXCHANGE,2022-09-06,236692,17701,169969,-152268,-64.33170533858348,2022-09-09
MICRO E-MINI S&P 500 INDEX - CHICAGO MERCANTILE EXCHANGE,2022-09-13,265670,26248,182447,-156199,-58.794368953965446,2022-09-16
MICRO E-MINI S&P 500 INDEX - CHICAGO MERCANTILE EXCHANGE,2022-09-20,96690,13263,51850,-38587,-39.90795325266315,2022-09-23
MICRO E-MINI S&P 500 INDEX - CHICAGO MERCANTILE EXCHANGE,2022-09-27,125266,25950,84030,-58080,-46.36533456803921,2022-09-30
MICRO E-MINI S&P 500 INDEX - CHICAGO MERCANTILE EXCHANGE,2022-10-04,124555,40761,74657,-33896,-27.213680703303762,2022-10-07
MICRO E-MINI S&P 500 INDEX - CHICAGO MERCANTILE EXCHANGE,2022-10-11,131767,36199,88232,-52033,-39.48864283166498,2022-10-14
MICRO E-MINI S&P 500 INDEX - CHICAGO MERCANTILE EXCHANGE,2022-10-18,145483,41995,95954,-53959,-37.08955685544015,2022-10-21
MICRO E-MINI S&P 500 INDEX - CHICAGO MERCANTILE EXCHANGE,2022-10-25,158669,60641,83784,-23143,-14.585709874014457,2022-10-28
MICRO E-MINI S&P 500 INDEX - CHICAGO MERCANTILE EXCHANGE,2022-11-01,181908,89799,81269,8530,4.689183543329595,2022-11-04
MICRO E-MINI S&P 500 INDEX - CHICAGO MERCANTILE EXCHANGE,2022-11-08,187710,95995,87733,8262,4.401470353204411,2022-11-11
MICRO E-MINI S&P 500 INDEX - CHICAGO MERCANTILE EXCHANGE,2022-11-15,187469,97033,66306,30727,16.3904432199457,2022-11-18
MICRO E-MINI S&P 500 INDEX - CHICAGO MERCANTILE EXCHANGE,2022-11-22,198039,99339,70738,28601,14.442104837935963,2022-11-25
MICRO E-MINI S&P 500 INDEX - CHICAGO MERCANTILE EXCHANGE,2022-11-29,211779,105385,85199,20186,9.531634392456287,2022-12-02
MICRO E-MINI S&P 500 INDEX - CHICAGO MERCANTILE EXCHANGE,2022-12-06,217435,103115,94917,8198,3.7703221652447856,2022-12-09
MICRO E-MINI S&P 500 INDEX - CHICAGO MERCANTILE EXCHANGE,2022-12-13,260045,122949,68876,54073,20.79370878117249,2022-12-16
MICRO E-MINI S&P 500 INDEX - CHICAGO MERCANTILE EXCHANGE,2022-12-20,108675,24986,46168,-21182,-19.491143317230275,2022-12-23
MICRO E-MINI S&P 500 INDEX - CHICAGO MERCANTILE EXCHANGE,2022-12-27,114360,34196,45161,-10965,-9.588142707240294,2022-12-30
MICRO E-MINI S&P 500 INDEX - CHICAGO MERCANTILE EXCHANGE,2023-01-03,122749,39155,50669,-11514,-9.380117149630546,2023-01-06
MICRO E-MINI S&P 500 INDEX - CHICAGO MERCANTILE EXCHANGE,2023-01-10,127397,48883,44677,4206,3.3014906159485697,2023-01-13
MICRO E-MINI S&P 500 INDEX - CHICAGO MERCANTILE EXCHANGE,2023-01-17,144285,67988,47446,20542,14.237100183664275,2023-01-20
MICRO E-MINI S&P 500 INDEX - CHICAGO MERCANTILE EXCHANGE,2023-01-24,163366,82750,55829,26921,16.478949108137556,2023-01-27
MICRO E-MINI S&P 500 INDEX - CHICAGO MERCANTILE EXCHANGE,2023-01-31,178587,98398,63752,34646,19.400068314043015,2023-02-03
MICRO E-MINI S&P 500 INDEX - CHICAGO MERCANTILE EXCHANGE,2023-02-07,193741,113004,85159,27845,14.372280518837005,2023-02-10
MICRO E-MINI S&P 500 INDEX - CHICAGO MERCANTILE EXCHANGE,2023-02-14,187063,107232,84768,22464,12.008788483024436,2023-02-17
MICRO E-MINI S&P 500 INDEX - CHICAGO MERCANTILE EXCHANGE,2023-02-21,193954,92549,102827,-10278,-5.299194654402591,2023-02-24
MICRO E-MINI S&P 500 INDEX - CHICAGO MERCANTILE EXCHANGE,2023-02-28,190191,93151,101595,-8444,-4.439747411812336,2023-03-03
MICRO E-MINI S&P 500 INDEX - CHICAGO MERCANTILE EXCHANGE,2023-03-07,188335,94125,103302,-9177,-4.872700241590782,2023-03-10
MICRO E-MINI S&P 500 INDEX - CHICAGO MERCANTILE EXCHANGE,2023-03-14,190430,100878,84891,15987,8.395210838628367,2023-03-17
MICRO E-MINI S&P 500 INDEX - CHICAGO MERCANTILE EXCHANGE,2023-03-21,92466,27226,28435,-1209,-1.3075076244241126,2023-03-24
MICRO E-MINI S&P 500 INDEX - CHICAGO MERCANTILE EXCHANGE,2023-03-28,104426,31254,34400,-3146,-3.012659682454561,2023-03-31
MICRO E-MINI S&P 500 INDEX - CHICAGO MERCANTILE EXCHANGE,2023-04-04,142871,70327,43899,26428,18.497805712845857,2023-04-07
MICRO E-MINI S&P 500 INDEX - CHICAGO MERCANTILE EXCHANGE,2023-04-11,167974,92146,51876,40270,23.973948349149275,2023-04-14
MICRO E-MINI S&P 500 INDEX - CHICAGO MERCANTILE EXCHANGE,2023-04-18,206334,135351,48252,87099,42.21262613044869,2023-04-21
MICRO E-MINI S&P 500 INDEX - CHICAGO MERCANTILE EXCHANGE,2023-04-25,256511,174433,76225,98208,38.28607740018947,2023-04-28
MICRO E-MINI S&P 500 INDEX - CHICAGO MERCANTILE EXCHANGE,2023-05-02,284500,197491,71976,125515,44.117750439367306,2023-05-05
MICRO E-MINI S&P 500 INDEX - CHICAGO MERCANTILE EXCHANGE,2023-05-09,292001,205735,88267,117468,40.22862935400906,2023-05-12
MICRO E-MINI S&P 500 INDEX - CHICAGO MERCANTILE EXCHANGE,2023-05-16,335377,246588,105828,140760,41.970677774564145,2023-05-19
MICRO E-MINI S&P 500 INDEX - CHICAGO MERCANTILE EXCHANGE,2023-05-23,348716,265602,107989,157613,45.198098165842694,2023-05-26
MICRO E-MINI S&P 500 INDEX - CHICAGO MERCANTILE EXCHANGE,2023-05-30,389284,311276,147490,163786,42.07365316838093,2023-06-02
MICRO E-MINI S&P 500 INDEX - CHICAGO MERCANTILE EXCHANGE,2023-06-06,439321,353402,164551,188851,42.987018603708904,2023-06-09
MICRO E-MINI S&P 500 INDEX - CHICAGO MERCANTILE EXCHANGE,2023-06-13,490045,393525,136150,257375,52.52068687569509,2023-06-16
MICRO E-MINI S&P 500 INDEX - CHICAGO MERCANTILE EXCHANGE,2023-06-20,100923,25197,18362,6835,6.7724899180563405,2023-06-23
MICRO E-MINI S&P 500 INDEX - CHICAGO MERCANTILE EXCHANGE,2023-06-27,129843,44225,11960,32265,24.849241006446245,2023-06-30
MICRO E-MINI S&P 500 INDEX - CHICAGO MERCANTILE EXCHANGE,2023-07-03,165598,84166,21203,62963,38.021594463701256,2023-07-06
MICRO E-MINI S&P 500 INDEX - CHICAGO MERCANTILE EXCHANGE,2023-07-11,184831,97800,15266,82534,44.65376479053839,2023-07-14
MICRO E-MINI S&P 500 INDEX - CHICAGO MERCANTILE EXCHANGE,2023-07-18,211696,125968,28673,97295,45.959772503967955,2023-07-21
MICRO E-MINI S&P 500 INDEX - CHICAGO MERCANTILE EXCHANGE,2023-07-25,219854,119845,36388,83457,37.96019176362495,2023-07-28
MICRO E-MINI S&P 500 INDEX - CHICAGO MERCANTILE EXCHANGE,2023-08-01,217798,132515,26879,105636,48.50182278992461,2023-08-04
MICRO E-MINI S&P 500 INDEX - CHICAGO MERCANTILE EXCHANGE,2023-08-08,240360,150105,45120,104985,43.678232651023464,2023-08-11
MICRO E-MINI S&P 500 INDEX - CHICAGO MERCANTILE EXCHANGE,2023-08-15,260135,161369,39121,122248,46.99406077613546,2023-08-18
MICRO E-MINI S&P 500 INDEX - CHICAGO MERCANTILE EXCHANGE,2023-08-22,216895,117975,46045,71930,33.16351229857765,2023-08-25
MICRO E-MINI S&P 500 INDEX - CHICAGO MERCANTILE EXCHANGE,2023-08-29,240983,150010,54883,95127,39.47456874551317,2023-09-01
MICRO E-MINI S&P 500 INDEX - CHICAGO MERCANTILE EXCHANGE,2023-09-05,255069,165209,68265,96944,38.00697066284025,2023-09-08
MICRO E-MINI S&P 500 INDEX - CHICAGO MERCANTILE EXCHANGE,2023-09-12,275982,171026,17933,153093,55.472096006261275,2023-09-15
MICRO E-MINI S&P 500 INDEX - CHICAGO MERCANTILE EXCHANGE,2023-09-19,94422,17292,31482,-14190,-15.028277308254431,2023-09-22
MICRO E-MINI S&P 500 INDEX - CHICAGO MERCANTILE EXCHANGE,2023-09-26,125959,33009,51886,-18877,-14.986622631173635,2023-09-29
MICRO E-MINI S&P 500 INDEX - CHICAGO MERCANTILE EXCHANGE,2023-10-03,134717,39633,78165,-38532,-28.60218086804189,2023-10-06
MICRO E-MINI S&P 500 INDEX - CHICAGO MERCANTILE EXCHANGE,2023-10-10,143910,44842,80358,-35516,-24.679313459801264,2023-10-13
MICRO E-MINI S&P 500 INDEX - CHICAGO MERCANTILE EXCHANGE,2023-10-17,160628,35576,102752,-67176,-41.82085315138083,2023-10-20
MICRO E-MINI S&P 500 INDEX - CHICAGO MERCANTILE EXCHANGE,2023-10-24,184003,41979,129656,-87677,-47.64976657989272,2023-10-27
MICRO E-MINI S&P 500 INDEX - CHICAGO MERCANTILE EXCHANGE,2023-10-31,184925,49283,127147,-77864,-42.10571853454103,2023-11-03
MICRO E-MINI S&P 500 INDEX - CHICAGO MERCANTILE EXCHANGE,2023-11-07,166773,47797,95115,-47318,-28.372698218536573,2023-11-10
MICRO E-MINI S&P 500 INDEX - CHICAGO MERCANTILE EXCHANGE,2023-11-14,153412,46892,85214,-38322,-24.979792975777645,2023-11-17
MICRO E-MINI S&P 500 INDEX - CHICAGO MERCANTILE EXCHANGE,2023-11-21,153018,45770,83968,-38198,-24.963076239396674,2023-11-24
MICRO E-MINI S&P 500 INDEX - CHICAGO MERCANTILE EXCHANGE,2023-11-28,155262,45901,84712,-38811,-24.997101673300616,2023-12-01
MICRO E-MINI S&P 500 INDEX - CHICAGO MERCANTILE EXCHANGE,2023-12-05,161563,65892,86226,-20334,-12.585802442390895,2023-12-08
MICRO E-MINI S&P 500 INDEX - CHICAGO MERCANTILE EXCHANGE,2023-12-12,198519,89710,41081,48629,24.49589208085876,2023-12-15
MICRO E-MINI S&P 500 INDEX - CHICAGO MERCANTILE EXCHANGE,2023-12-19,109089,24215,30272,-6057,-5.552347166075406,2023-12-22
MICRO E-MINI S&P 500 INDEX - CHICAGO MERCANTILE EXCHANGE,2023-12-26,114747,21962,34615,-12653,-11.026867804822786,2023-12-29
MICRO E-MINI S&P 500 INDEX - CHICAGO MERCANTILE EXCHANGE,2024-01-02,135114,42597,32272,10325,7.6416951611232,2024-01-05
MICRO E-MINI S&P 500 INDEX - CHICAGO MERCANTILE EXCHANGE,2024-01-09,159171,64557,17130,47427,29.79625685583429,2024-01-12
MICRO E-MINI S&P 500 INDEX - CHICAGO MERCANTILE EXCHANGE,2024-01-16,164694,73394,25146,48248,29.295542035532563,2024-01-19
MICRO E-MINI S&P 500 INDEX - CHICAGO MERCANTILE EXCHANGE,2024-01-23,160988,73821,38088,35733,22.19606430292941,2024-01-26
MICRO E-MINI S&P 500 INDEX - CHICAGO MERCANTILE EXCHANGE,2024-01-30,171013,66674,47359,19315,11.294462994041389,2024-02-02
MICRO E-MINI S&P 500 INDEX - CHICAGO MERCANTILE EXCHANGE,2024-02-06,163831,70535,59537,10998,6.7130152413157465,2024-02-09
MICRO E-MINI S&P 500 INDEX - CHICAGO MERCANTILE EXCHANGE,2024-02-13,166822,74574,48904,25670,15.387658702089652,2024-02-16
MICRO E-MINI S&P 500 INDEX - CHICAGO MERCANTILE EXCHANGE,2024-02-20,189303,89721,61308,28413,15.009270851492051,2024-02-23
MICRO E-MINI S&P 500 INDEX - CHICAGO MERCANTILE EXCHANGE,2024-02-27,209292,110963,67456,43507,20.78770330447413,2024-03-01
MICRO E-MINI S&P 500 INDEX - CHICAGO MERCANTILE EXCHANGE,2024-03-05,234694,129648,74939,54709,23.310779142202186,2024-03-08
MICRO E-MINI S&P 500 INDEX - CHICAGO MERCANTILE EXCHANGE,2024-03-12,262008,158085,38212,119873,45.75165643797136,2024-03-15
MICRO E-MINI S&P 500 INDEX - CHICAGO MERCANTILE EXCHANGE,2024-03-19,166795,77741,11108,66633,39.949039239785364,2024-03-22
MICRO E-MINI S&P 500 INDEX - CHICAGO MERCANTILE EXCHANGE,2024-03-26,179779,80461,18649,61812,34.38221371795371,2024-03-29
MICRO E-MINI S&P 500 INDEX - CHICAGO MERCANTILE EXCHANGE,2024-04-02,210591,110441,22781,87660,41.62571050044874,2024-04-05
MICRO E-MINI S&P 500 INDEX - CHICAGO MERCANTILE EXCHANGE,2024-04-09,237555,145686,31665,114021,47.99772684220496,2024-04-12
MICRO E-MINI S&P 500 INDEX - CHICAGO MERCANTILE EXCHANGE,2024-04-16,238298,132203,50567,81636,34.25794593324325,2024-04-19
MICRO E-MINI S&P 500 INDEX - CHICAGO MERCANTILE EXCHANGE,2024-04-23,247393,141794,51455,90339,36.51639294563711,2024-04-26
MICRO E-MINI S&P 500 INDEX - CHICAGO MERCANTILE EXCHANGE,2024-04-30,255956,138979,63531,75448,29.47694134929441,2024-05-03
MICRO E-MINI S&P 500 INDEX - CHICAGO MERCANTILE EXCHANGE,2024-05-07,260012,155301,63323,91978,35.37452117594573,2024-05-10
MICRO E-MINI S&P 500 INDEX - CHICAGO MERCANTILE EXCHANGE,2024-05-14,264757,160825,73177,87648,33.10507370909929,2024-05-17
MICRO E-MINI S&P 500 INDEX - CHICAGO MERCANTILE EXCHANGE,2024-05-21,278563,173053,83012,90041,32.32338824610591,2024-05-24
MICRO E-MINI S&P 500 INDEX - CHICAGO MERCANTILE EXCHANGE,2024-05-28,277969,167110,83096,84014,30.224233637563902,2024-05-31
MICRO E-MINI S&P 500 INDEX - CHICAGO MERCANTILE EXCHANGE,2024-06-04,294239,193728,75616,118112,40.14151760983418,2024-06-07
MICRO E-MINI S&P 500 INDEX - CHICAGO MERCANTILE EXCHANGE,2024-06-11,304581,210483,74387,136096,44.68302356351841,2024-06-14
MICRO E-MINI S&P 500 INDEX - CHICAGO MERCANTILE EXCHANGE,2024-06-18,313137,205914,63742,142172,45.40249156120165,2024-06-21
MICRO E-MINI S&P 500 INDEX - CHICAGO MERCANTILE EXCHANGE,2024-06-25,105916,21671,30251,-8580,-8.10075909211073,2024-06-28
MICRO E-MINI S&P 500 INDEX - CHICAGO MERCANTILE EXCHANGE,2024-07-02,106458,23663,31706,-8043,-7.555092149016514,2024-07-05
MICRO E-MINI S&P 500 INDEX - CHICAGO MERCANTILE EXCHANGE,2024-07-09,112357,31972,38955,-6983,-6.215011080751533,2024-07-12
MICRO E-MINI S&P 500 INDEX - CHICAGO MERCANTILE EXCHANGE,2024-07-16,122485,27713,53995,-26282,-21.45732130464955,2024-07-19
MICRO E-MINI S&P 500 INDEX - CHICAGO MERCANTILE EXCHANGE,2024-07-23,111344,20472,49202,-28730,-25.80291708578819,2024-07-26
MICRO E-MINI S&P 500 INDEX - CHICAGO MERCANTILE EXCHANGE,2024-07-30,120903,24904,67070,-42166,-34.87589224419576,2024-08-02
MICRO E-MINI S&P 500 INDEX - CHICAGO MERCANTILE EXCHANGE,2024-08-06,115595,16180,76681,-60501,-52.33876897789697,2024-08-09
MICRO E-MINI S&P 500 INDEX - CHICAGO MERCANTILE EXCHANGE,2024-08-13,130538,21287,79400,-58113,-44.51807136619222,2024-08-16
MICRO E-MINI S&P 500 INDEX - CHICAGO MERCANTILE EXCHANGE,2024-08-20,151227,26031,99579,-73548,-48.63417246920193,2024-08-23
MICRO E-MINI S&P 500 INDEX - CHICAGO MERCANTILE EXCHANGE,2024-08-27,148132,23184,99438,-76254,-51.47706099964896,2024-08-30
MICRO E-MINI S&P 500 INDEX - CHICAGO MERCANTILE EXCHANGE,2024-09-03,141441,30012,90029,-60017,-42.43253370663386,2024-09-06
MICRO E-MINI S&P 500 INDEX - CHICAGO MERCANTILE EXCHANGE,2024-09-10,132236,27548,86604,-59056,-44.6595480807042,2024-09-13
MICRO E-MINI S&P 500 INDEX - CHICAGO MERCANTILE EXCHANGE,2024-09-17,174731,31143,82529,-51386,-29.408633842878483,2024-09-20
MICRO E-MINI S&P 500 INDEX - CHICAGO MERCANTILE EXCHANGE,2024-09-24,95993,19097,22894,-3797,-3.9554967549717164,2024-09-27
MICRO E-MINI S&P 500 INDEX - CHICAGO MERCANTILE EXCHANGE,2024-10-01,105734,27695,23148,4547,4.300414247072843,2024-10-04
MICRO E-MINI S&P 500 INDEX - CHICAGO MERCANTILE EXCHANGE,2024-10-08,113872,35779,27657,8122,7.132569903049038,2024-10-11
MICRO E-MINI S&P 500 INDEX - CHICAGO MERCANTILE EXCHANGE,2024-10-15,142795,57877,32444,25433,17.81084771875766,2024-10-18
MICRO E-MINI S&P 500 INDEX - CHICAGO MERCANTILE EXCHANGE,2024-10-22,146104,60344,38531,21813,14.929776049937033,2024-10-25
MICRO E-MINI S&P 500 INDEX - CHICAGO MERCANTILE EXCHANGE,2024-10-29,165734,79651,22995,56656,34.18489869308651,2024-11-01
MICRO E-MINI S&P 500 INDEX - CHICAGO MERCANTILE EXCHANGE,2024-11-05,183594,93010,21600,71410,38.895606610237806,2024-11-08
MICRO E-MINI S&P 500 INDEX - CHICAGO MERCANTILE EXCHANGE,2024-11-12,203181,110886,24307,86579,42.61175995787008,2024-11-15
MICRO E-MINI S&P 500 INDEX - CHICAGO MERCANTILE EXCHANGE,2024-11-19,213918,105738,30337,75401,35.24761824624389,2024-11-22
MICRO E-MINI S&P 500 INDEX - CHICAGO MERCANTILE EXCHANGE,2024-11-26,234634,128644,43293,85351,36.37622850908223,2024-11-29
MICRO E-MINI S&P 500 INDEX - CHICAGO MERCANTILE EXCHANGE,2024-12-03,237724,133006,43022,89984,37.85229930507648,2024-12-06
MICRO E-MINI S&P 500 INDEX - CHICAGO MERCANTILE EXCHANGE,2024-12-10,246363,137971,45804,92167,37.41105604331819,2024-12-13
MICRO E-MINI S&P 500 INDEX - CHICAGO MERCANTILE EXCHANGE,2024-12-17,279138,150830,37827,113003,40.48284361140368,2024-12-20
MICRO E-MINI S&P 500 INDEX - CHICAGO MERCANTILE EXCHANGE,2024-12-24,97143,6806,13857,-7051,-7.258371678865178,2024-12-27
MICRO E-MINI S&P 500 INDEX - CHICAGO MERCANTILE EXCHANGE,2024-12-31,104241,12361,16850,-4489,-4.306366976525551,2025-01-03
MICRO E-MINI S&P 500 INDEX - CHICAGO MERCANTILE EXCHANGE,2025-01-07,126441,18605,31946,-13341,-10.551166156547323,2025-01-10
MICRO E-MINI S&P 500 INDEX - CHICAGO MERCANTILE EXCHANGE,2025-01-14,129399,17867,40990,-23123,-17.8695353132559,2025-01-17
MICRO E-MINI S&P 500 INDEX - CHICAGO MERCANTILE EXCHANGE,2025-01-21,121182,21123,43941,-22818,-18.829529137990793,2025-01-24
MICRO E-MINI S&P 500 INDEX - CHICAGO MERCANTILE EXCHANGE,2025-01-28,136168,39720,57191,-17471,-12.830474120204451,2025-01-31
MICRO E-MINI S&P 500 INDEX - CHICAGO MERCANTILE EXCHANGE,2025-02-04,138289,48663,61218,-12555,-9.078813210016703,2025-02-07
MICRO E-MINI S&P 500 INDEX - CHICAGO MERCANTILE EXCHANGE,2025-02-11,145888,61148,58620,2528,1.7328361482781311,2025-02-14
MICRO E-MINI S&P 500 INDEX - CHICAGO MERCANTILE EXCHANGE,2025-02-18,155724,70977,71816,-839,-0.538773727877527,2025-02-21
MICRO E-MINI S&P 500 INDEX - CHICAGO MERCANTILE EXCHANGE,2025-02-25,186714,86150,85557,593,0.3175980376404554,2025-02-28
MICRO E-MINI S&P 500 INDEX - CHICAGO MERCANTILE EXCHANGE,2025-03-04,213170,108671,81587,27084,12.70535253553502,2025-03-07
MICRO E-MINI S&P 500 INDEX - CHICAGO MERCANTILE EXCHANGE,2025-03-11,257449,132247,85260,46987,18.250993400634687,2025-03-14
MICRO E-MINI S&P 500 INDEX - CHICAGO MERCANTILE EXCHANGE,2025-03-18,308196,153527,83718,69809,22.650845565808773,2025-03-21
MICRO E-MINI S&P 500 INDEX - CHICAGO MERCANTILE EXCHANGE,2025-03-25,100996,10821,19439,-8618,-8.533011208364687,2025-03-28
MICRO E-MINI S&P 500 INDEX - CHICAGO MERCANTILE EXCHANGE,2025-04-01,128670,13220,33913,-20693,-16.082225849071268,2025-04-04
MICRO E-MINI S&P 500 INDEX - CHICAGO MERCANTILE EXCHANGE,2025-04-08,171212,19783,43444,-23661,-13.819708898908956,2025-04-11
MICRO E-MINI S&P 500 INDEX - CHICAGO MERCANTILE EXCHANGE,2025-04-15,156510,30616,39868,-9252,-5.911443358251868,2025-04-18
MICRO E-MINI S&P 500 INDEX - CHICAGO MERCANTILE EXCHANGE,2025-04-22,149993,30736,30135,601,0.4006853653170482,2025-04-25
MICRO E-MINI S&P 500 INDEX - CHICAGO MERCANTILE EXCHANGE,2025-04-29,162855,38828,44472,-5644,-3.465659635872402,2025-05-02
MICRO E-MINI S&P 500 INDEX - CHICAGO MERCANTILE EXCHANGE,2025-05-06,161444,31461,57510,-26049,-16.13500656574416,2025-05-09
MICRO E-MINI S&P 500 INDEX - CHICAGO MERCANTILE EXCHANGE,2025-05-13,167274,67143,44111,23032,13.769025670456855,2025-05-16
MICRO E-MINI S&P 500 INDEX - CHICAGO MERCANTILE EXCHANGE,2025-05-20,163802,58014,46312,11702,7.143990915861834,2025-05-23
MICRO E-MINI S&P 500 INDEX - CHICAGO MERCANTILE EXCHANGE,2025-05-27,173538,62714,56480,6234,3.5922967880233725,2025-05-30
MICRO E-MINI S&P 500 INDEX - CHICAGO MERCANTILE EXCHANGE,2025-06-03,164206,59619,61744,-2125,-1.2941061836960892,2025-06-06
MICRO E-MINI S&P 500 INDEX - CHICAGO MERCANTILE EXCHANGE,2025-06-10,179106,73721,76737,-3016,-1.6839190200216632,2025-06-13
MICRO E-MINI S&P 500 INDEX - CHICAGO MERCANTILE EXCHANGE,2025-06-17,230588,79530,113002,-33472,-14.515933179523651,2025-06-20
MICRO E-MINI S&P 500 INDEX - CHICAGO MERCANTILE EXCHANGE,2025-06-24,119524,21520,27226,-5706,-4.773936615240454,2025-06-27
MICRO E-MINI S&P 500 INDEX - CHICAGO MERCANTILE EXCHANGE,2025-07-01,135773,43301,5461,37840,27.87004780037268,2025-07-04
MICRO E-MINI S&P 500 INDEX - CHICAGO MERCANTILE EXCHANGE,2025-07-08,163051,63252,33463,29789,18.26974382248499,2025-07-11
MICRO E-MINI S&P 500 INDEX - CHICAGO MERCANTILE EXCHANGE,2025-07-15,170710,65141,43884,21257,12.45211176849628,2025-07-18
MICRO E-MINI S&P 500 INDEX - CHICAGO MERCANTILE EXCHANGE,2025-07-22,208716,108609,78421,30188,14.463673125203627,2025-07-25
MICRO E-MINI S&P 500 INDEX - CHICAGO MERCANTILE EXCHANGE,2025-07-29,232380,122748,86136,36612,15.755228505034857,2025-08-01
MICRO E-MINI S&P 500 INDEX - CHICAGO MERCANTILE EXCHANGE,2025-08-05,190470,80770,115283,-34513,-18.11991389720166,2025-08-08
MICRO E-MINI S&P 500 INDEX - CHICAGO MERCANTILE EXCHANGE,2025-08-12,223726,102613,141601,-38988,-17.42667369907834,2025-08-15
MICRO E-MINI S&P 500 INDEX - CHICAGO MERCANTILE EXCHANGE,2025-08-19,265755,133201,168841,-35640,-13.4108483377547,2025-08-22
MICRO E-MINI S&P 500 INDEX - CHICAGO MERCANTILE EXCHANGE,2025-08-26,251192,125941,145856,-19915,-7.928198350265932,2025-08-29
MICRO E-MINI S&P 500 INDEX - CHICAGO MERCANTILE EXCHANGE,2025-09-02,250671,134502,121924,12578,5.017732406221701,2025-09-05
MICRO E-MINI S&P 500 INDEX - CHICAGO MERCANTILE EXCHANGE,2025-09-09,280968,147233,146645,588,0.20927650123857522,2025-09-12
MICRO E-MINI S&P 500 INDEX - CHICAGO MERCANTILE EXCHANGE,2025-09-16,311955,147108,125837,21271,6.81861165873283,2025-09-19
MICRO E-MINI S&P 500 INDEX - CHICAGO MERCANTILE EXCHANGE,2025-09-23,125295,26107,29018,-2911,-2.3233169719462072,2025-09-26
MICRO E-MINI S&P 500 INDEX - CHICAGO MERCANTILE EXCHANGE,2025-09-30,128250,31038,17518,13520,10.541910331384017,2025-10-03
MICRO E-MINI S&P 500 INDEX - CHICAGO MERCANTILE EXCHANGE,2025-10-07,142173,41704,24557,17147,12.060658493525493,2025-10-10
MICRO E-MINI S&P 500 INDEX - CHICAGO MERCANTILE EXCHANGE,2025-10-14,148507,32085,40942,-8857,-5.964028631646992,2025-10-17
MICRO E-MINI S&P 500 INDEX - CHICAGO MERCANTILE EXCHANGE,2025-10-21,182035,71815,57847,13968,7.673249649792623,2025-10-24
MICRO E-MINI S&P 500 INDEX - CHICAGO MERCANTILE EXCHANGE,2025-10-28,180131,70568,57754,12814,7.113711687605131,2025-10-31
MICRO E-MINI S&P 500 INDEX - CHICAGO MERCANTILE EXCHANGE,2025-11-04,208843,93172,69785,23387,11.198364321523824,2025-11-07
MICRO E-MINI S&P 500 INDEX - CHICAGO MERCANTILE EXCHANGE,2025-11-10,239913,129438,58339,71099,29.635326139058744,2025-11-13
MICRO E-MINI S&P 500 INDEX - CHICAGO MERCANTILE EXCHANGE,2025-11-18,267865,143088,78018,65070,24.29208743210199,2025-11-21
MICRO E-MINI S&P 500 INDEX - CHICAGO MERCANTILE EXCHANGE,2025-11-25,297026,169355,85866,83489,28.10831375031142,2025-11-28
MICRO E-MINI S&P 500 INDEX - CHICAGO MERCANTILE EXCHANGE,2025-12-02,272813,143834,74092,69742,25.564031039576562,2025-12-05
MICRO E-MINI S&P 500 INDEX - CHICAGO MERCANTILE EXCHANGE,2025-12-09,312423,173934,108295,65639,21.00965677943045,2025-12-12
MICRO E-MINI S&P 500 INDEX - CHICAGO MERCANTILE EXCHANGE,2025-12-16,380500,200190,129087,71103,18.686727989487515,2025-12-19
MICRO E-MINI S&P 500 INDEX - CHICAGO MERCANTILE EXCHANGE,2025-12-23,121741,9519,16380,-6861,-5.635734879785774,2025-12-26
MICRO E-MINI S&P 500 INDEX - CHICAGO MERCANTILE EXCHANGE,2025-12-30,129084,17637,19108,-1471,-1.1395680332186793,2026-01-02
MICRO E-MINI S&P 500 INDEX - CHICAGO MERCANTILE EXCHANGE,2026-01-06,143197,20095,16433,3662,2.5573161448913035,2026-01-09
MICRO E-MINI S&P 500 INDEX - CHICAGO MERCANTILE EXCHANGE,2026-01-13,145870,30562,25246,5316,3.6443408514430655,2026-01-16
MICRO E-MINI S&P 500 INDEX - CHICAGO MERCANTILE EXCHANGE,2026-01-20,174430,39860,50528,-10668,-6.115920426532133,2026-01-23
MICRO E-MINI S&P 500 INDEX - CHICAGO MERCANTILE EXCHANGE,2026-01-27,185289,67065,46663,20402,11.010907285375819,2026-01-30
MICRO E-MINI S&P 500 INDEX - CHICAGO MERCANTILE EXCHANGE,2026-02-03,210631,93330,57215,36115,17.14609910222142,2026-02-06
MICRO E-MINI S&P 500 INDEX - CHICAGO MERCANTILE EXCHANGE,2026-02-10,200996,87570,43423,44147,21.964118688929133,2026-02-13
MICRO E-MINI S&P 500 INDEX - CHICAGO MERCANTILE EXCHANGE,2026-02-17,212830,88478,42510,45968,21.598458863881973,2026-02-20
MICRO E-MINI S&P 500 INDEX - CHICAGO MERCANTILE EXCHANGE,2026-02-24,209116,90914,32225,58689,28.065284339792267,2026-02-27
MICRO E-MINI S&P 500 INDEX - CHICAGO MERCANTILE EXCHANGE,2026-03-03,246829,101195,73582,27613,11.187097140125351,2026-03-06
MICRO E-MINI S&P 500 INDEX - CHICAGO MERCANTILE EXCHANGE,2026-03-10,263762,95907,112607,-16700,-6.331465487826146,2026-03-13
MICRO E-MINI S&P 500 INDEX - CHICAGO MERCANTILE EXCHANGE,2026-03-17,290614,94295,89242,5053,1.7387324767561094,2026-03-20
MICRO E-MINI S&P 500 INDEX - CHICAGO MERCANTILE EXCHANGE,2026-03-24,178884,68466,37989,30477,17.037297913731802,2026-03-27
MICRO E-MINI S&P 500 INDEX - CHICAGO MERCANTILE EXCHANGE,2026-03-31,189738,84908,47987,36921,19.458938114663376,2026-04-03
MICRO E-MINI S&P 500 INDEX - CHICAGO MERCANTILE EXCHANGE,2026-04-07,192520,73561,47979,25582,13.287970081030542,2026-04-10
MICRO E-MINI S&P 500 INDEX - CHICAGO MERCANTILE EXCHANGE,2026-04-14,218850,82571,73824,8747,3.9968014621887136,2026-04-17
MICRO E-MINI S&P 500 INDEX - CHICAGO MERCANTILE EXCHANGE,2026-04-21,224598,97143,95644,1499,0.6674146697655367,2026-04-24
MICRO E-MINI S&P 500 INDEX - CHICAGO MERCANTILE EXCHANGE,2026-04-28,227644,99084,89903,9181,4.033051606894976,2026-05-01
MICRO E-MINI S&P 500 INDEX - CHICAGO MERCANTILE EXCHANGE,2026-05-05,212844,97194,44145,53049,24.92388791791171,2026-05-08
MICRO E-MINI S&P 500 INDEX - CHICAGO MERCANTILE EXCHANGE,2026-05-12,221994,102208,52910,49298,22.20690649296828,2026-05-15
MICRO E-MINI S&P 500 INDEX - CHICAGO MERCANTILE EXCHANGE,2026-05-19,293180,166994,110008,56986,19.43720581212907,2026-05-22
MICRO E-MINI S&P 500 INDEX - CHICAGO MERCANTILE EXCHANGE,2026-05-26,308724,180423,115272,65151,21.1033155828507,2026-05-29
MICRO E-MINI S&P 500 INDEX - CHICAGO MERCANTILE EXCHANGE,2026-06-02,344493,213480,148890,64590,18.74929243845303,2026-06-05
MICRO E-MINI S&P 500 INDEX - CHICAGO MERCANTILE EXCHANGE,2026-06-09,388402,255529,144629,110900,28.552891076770976,2026-06-12
MICRO E-MINI S&P 500 INDEX - CHICAGO MERCANTILE EXCHANGE,2026-06-16,449615,286196,147839,138357,30.772327435694987,2026-06-19
MICRO E-MINI S&P 500 INDEX - CHICAGO MERCANTILE EXCHANGE,2026-06-23,176967,66493,33568,32925,18.605163674583398,2026-06-26
MICRO E-MINI S&P 500 INDEX - CHICAGO MERCANTILE EXCHANGE,2026-06-30,191115,48397,50782,-2385,-1.2479397221568167,2026-07-03
MICRO E-MINI S&P 500 INDEX - CHICAGO MERCANTILE EXCHANGE,2026-07-07,180263,37988,48935,-10947,-6.072793640403189,2026-07-10
MICRO E-MINI S&P 500 INDEX - CHICAGO MERCANTILE EXCHANGE,2026-07-14,182485,31457,67719,-36262,-19.8712222922432,2026-07-17
MICRO E-MINI S&P 500 INDEX - CHICAGO MERCANTILE EXCHANGE,2026-07-21,188563,34266,76408,-42142,-22.349029236912862,2026-07-24
NASDAQ MINI - CHICAGO MERCANTILE EXCHANGE,2022-02-08,233767,67042,59070,7972,3.410233266457627,2022-02-11
NASDAQ MINI - CHICAGO MERCANTILE EXCHANGE,2022-02-15,235945,68020,58678,9342,3.9593973171713746,2022-02-18
NASDAQ MINI - CHICAGO MERCANTILE EXCHANGE,2022-02-22,257929,75342,61433,13909,5.392569272939452,2022-02-25
NASDAQ MINI - CHICAGO MERCANTILE EXCHANGE,2022-03-01,249537,61452,49315,12137,4.8638077719937325,2022-03-04
NASDAQ MINI - CHICAGO MERCANTILE EXCHANGE,2022-03-08,248009,75361,48745,26616,10.731868601542686,2022-03-11
NASDAQ MINI - CHICAGO MERCANTILE EXCHANGE,2022-03-15,264733,68259,49285,18974,7.167221313549879,2022-03-18
NASDAQ MINI - CHICAGO MERCANTILE EXCHANGE,2022-03-22,212808,56676,53864,2812,1.3213788955302432,2022-03-25
NASDAQ MINI - CHICAGO MERCANTILE EXCHANGE,2022-03-29,223320,49019,60246,-11227,-5.027315063585886,2022-04-01
NASDAQ MINI - CHICAGO MERCANTILE EXCHANGE,2022-04-05,232689,58651,67285,-8634,-3.71053208359656,2022-04-08
NASDAQ MINI - CHICAGO MERCANTILE EXCHANGE,2022-04-12,228302,68206,55217,12989,5.689393873027831,2022-04-15
NASDAQ MINI - CHICAGO MERCANTILE EXCHANGE,2022-04-19,237109,65736,57587,8149,3.43681597914883,2022-04-22
NASDAQ MINI - CHICAGO MERCANTILE EXCHANGE,2022-04-26,236977,68022,52189,15833,6.681239107592719,2022-04-29
NASDAQ MINI - CHICAGO MERCANTILE EXCHANGE,2022-05-03,226722,67077,50985,16092,7.0976790959853915,2022-05-06
NASDAQ MINI - CHICAGO MERCANTILE EXCHANGE,2022-05-10,249921,69222,55753,13469,5.389303019754242,2022-05-13
NASDAQ MINI - CHICAGO MERCANTILE EXCHANGE,2022-05-17,243553,69788,54614,15174,6.230266102244686,2022-05-20
NASDAQ MINI - CHICAGO MERCANTILE EXCHANGE,2022-05-24,255244,75009,61284,13725,5.3772076914638545,2022-05-27
NASDAQ MINI - CHICAGO MERCANTILE EXCHANGE,2022-05-31,263080,74438,68827,5611,2.132811312148396,2022-06-03
NASDAQ MINI - CHICAGO MERCANTILE EXCHANGE,2022-06-07,268293,83477,66474,17003,6.33747432843943,2022-06-10
NASDAQ MINI - CHICAGO MERCANTILE EXCHANGE,2022-06-14,302267,88369,59967,28402,9.396328411636071,2022-06-17
NASDAQ MINI - CHICAGO MERCANTILE EXCHANGE,2022-06-21,236624,82888,52082,30806,13.018966799648387,2022-06-24
NASDAQ MINI - CHICAGO MERCANTILE EXCHANGE,2022-06-28,248045,78987,54797,24190,9.752262694269186,2022-07-01
NASDAQ MINI - CHICAGO MERCANTILE EXCHANGE,2022-07-05,259449,83514,52619,30895,11.907927955012353,2022-07-08
NASDAQ MINI - CHICAGO MERCANTILE EXCHANGE,2022-07-12,254260,76972,57556,19416,7.636277825847558,2022-07-15
NASDAQ MINI - CHICAGO MERCANTILE EXCHANGE,2022-07-19,256388,76826,48709,28117,10.96658189930886,2022-07-22
NASDAQ MINI - CHICAGO MERCANTILE EXCHANGE,2022-07-26,267158,83491,51682,31809,11.906437389110563,2022-07-29
NASDAQ MINI - CHICAGO MERCANTILE EXCHANGE,2022-08-02,262325,74918,50206,24712,9.420375488420852,2022-08-05
NASDAQ MINI - CHICAGO MERCANTILE EXCHANGE,2022-08-09,258784,73939,52864,21075,8.143857425497712,2022-08-12
NASDAQ MINI - CHICAGO MERCANTILE EXCHANGE,2022-08-16,267796,78401,71555,6846,2.556423546281498,2022-08-19
NASDAQ MINI - CHICAGO MERCANTILE EXCHANGE,2022-08-23,262158,84287,46254,38033,14.507663317541331,2022-08-26
NASDAQ MINI - CHICAGO MERCANTILE EXCHANGE,2022-08-30,263641,77379,50572,26807,10.167993597353977,2022-09-02
NASDAQ MINI - CHICAGO MERCANTILE EXCHANGE,2022-09-06,286754,85430,63384,22046,7.688122920691604,2022-09-09
NASDAQ MINI - CHICAGO MERCANTILE EXCHANGE,2022-09-13,314969,75279,63473,11806,3.7483053887842934,2022-09-16
NASDAQ MINI - CHICAGO MERCANTILE EXCHANGE,2022-09-20,271815,73741,70256,3485,1.2821220315287973,2022-09-23
NASDAQ MINI - CHICAGO MERCANTILE EXCHANGE,2022-09-27,282054,74731,74779,-48,-0.017018017826373674,2022-09-30
NASDAQ MINI - CHICAGO MERCANTILE EXCHANGE,2022-10-04,272171,69796,73557,-3761,-1.3818518504910515,2022-10-07
NASDAQ MINI - CHICAGO MERCANTILE EXCHANGE,2022-10-11,281284,84915,76387,8528,3.0318112654825726,2022-10-14
NASDAQ MINI - CHICAGO MERCANTILE EXCHANGE,2022-10-18,274388,79521,78006,1515,0.5521378485939618,2022-10-21
NASDAQ MINI - CHICAGO MERCANTILE EXCHANGE,2022-10-25,281590,82491,76791,5700,2.02421961007138,2022-10-28
NASDAQ MINI - CHICAGO MERCANTILE EXCHANGE,2022-11-01,282466,74646,89895,-15249,-5.398525840278122,2022-11-04
NASDAQ MINI - CHICAGO MERCANTILE EXCHANGE,2022-11-08,273054,78312,80726,-2414,-0.884074212426846,2022-11-11
NASDAQ MINI - CHICAGO MERCANTILE EXCHANGE,2022-11-15,268428,68167,73423,-5256,-1.9580669676784834,2022-11-18
NASDAQ MINI - CHICAGO MERCANTILE EXCHANGE,2022-11-22,252712,67365,64319,3046,1.205324638323467,2022-11-25
NASDAQ MINI - CHICAGO MERCANTILE EXCHANGE,2022-11-29,254245,67971,58216,9755,3.8368502822081063,2022-12-02
NASDAQ MINI - CHICAGO MERCANTILE EXCHANGE,2022-12-06,250102,68737,55220,13517,5.404594925270489,2022-12-09
NASDAQ MINI - CHICAGO MERCANTILE EXCHANGE,2022-12-13,312984,73103,53905,19198,6.133859877821231,2022-12-16
NASDAQ MINI - CHICAGO MERCANTILE EXCHANGE,2022-12-20,245045,62489,57973,4516,1.8429268093615458,2022-12-23
NASDAQ MINI - CHICAGO MERCANTILE EXCHANGE,2022-12-27,250781,63763,62591,1172,0.4673400297470701,2022-12-30
NASDAQ MINI - CHICAGO MERCANTILE EXCHANGE,2023-01-03,244658,59802,58440,1362,0.5566954687768232,2023-01-06
NASDAQ MINI - CHICAGO MERCANTILE EXCHANGE,2023-01-10,253625,57068,65219,-8151,-3.2137999014292755,2023-01-13
NASDAQ MINI - CHICAGO MERCANTILE EXCHANGE,2023-01-17,275015,61621,82254,-20633,-7.502499863643801,2023-01-20
NASDAQ MINI - CHICAGO MERCANTILE EXCHANGE,2023-01-24,273887,60241,85502,-25261,-9.223146772208976,2023-01-27
NASDAQ MINI - CHICAGO MERCANTILE EXCHANGE,2023-01-31,278449,59439,75297,-15858,-5.695118316100974,2023-02-03
NASDAQ MINI - CHICAGO MERCANTILE EXCHANGE,2023-02-07,279306,58310,73229,-14919,-5.341453459646409,2023-02-10
NASDAQ MINI - CHICAGO MERCANTILE EXCHANGE,2023-02-14,276184,54009,76833,-22824,-8.264055846826754,2023-02-17
NASDAQ MINI - CHICAGO MERCANTILE EXCHANGE,2023-02-21,268297,57849,71918,-14069,-5.243815622239533,2023-02-24
NASDAQ MINI - CHICAGO MERCANTILE EXCHANGE,2023-02-28,268253,53946,77775,-23829,-8.88303206301514,2023-03-03
NASDAQ MINI - CHICAGO MERCANTILE EXCHANGE,2023-03-07,260810,55586,68011,-12425,-4.764004447682221,2023-03-10
NASDAQ MINI - CHICAGO MERCANTILE EXCHANGE,2023-03-14,306461,61133,67605,-6472,-2.1118511001399853,2023-03-17
NASDAQ MINI - CHICAGO MERCANTILE EXCHANGE,2023-03-21,214876,53063,58183,-5120,-2.382769597349169,2023-03-24
NASDAQ MINI - CHICAGO MERCANTILE EXCHANGE,2023-03-28,220074,51309,58657,-7348,-3.338876923216736,2023-03-31
NASDAQ MINI - CHICAGO MERCANTILE EXCHANGE,2023-04-04,232186,38815,57200,-18385,-7.918220736823065,2023-04-07
NASDAQ MINI - CHICAGO MERCANTILE EXCHANGE,2023-04-11,237470,51607,53737,-2130,-0.8969554048932497,2023-04-14
NASDAQ MINI - CHICAGO MERCANTILE EXCHANGE,2023-04-18,245059,58753,56080,2673,1.090757735892173,2023-04-21
NASDAQ MINI - CHICAGO MERCANTILE EXCHANGE,2023-04-25,247654,64807,59677,5130,2.0714383777366807,2023-04-28
NASDAQ MINI - CHICAGO MERCANTILE EXCHANGE,2023-05-02,246962,73543,60253,13290,5.381394708497663,2023-05-05
NASDAQ MINI - CHICAGO MERCANTILE EXCHANGE,2023-05-09,255173,80188,58801,21387,8.381372637387184,2023-05-12
NASDAQ MINI - CHICAGO MERCANTILE EXCHANGE,2023-05-16,273355,81022,61058,19964,7.303323517038283,2023-05-19
NASDAQ MINI - CHICAGO MERCANTILE EXCHANGE,2023-05-23,275175,78974,64465,14509,5.272644680657764,2023-05-26
NASDAQ MINI - CHICAGO MERCANTILE EXCHANGE,2023-05-30,298403,87244,78732,8512,2.852518238757653,2023-06-02
NASDAQ MINI - CHICAGO MERCANTILE EXCHANGE,2023-06-06,306736,91874,83026,8848,2.884565228730896,2023-06-09
NASDAQ MINI - CHICAGO MERCANTILE EXCHANGE,2023-06-13,322087,91986,76306,15680,4.868249882795642,2023-06-16
NASDAQ MINI - CHICAGO MERCANTILE EXCHANGE,2023-06-20,247591,71956,55963,15993,6.459443194623391,2023-06-23
NASDAQ MINI - CHICAGO MERCANTILE EXCHANGE,2023-06-27,256666,81119,63877,17242,6.717679786181263,2023-06-30
NASDAQ MINI - CHICAGO MERCANTILE EXCHANGE,2023-07-03,248698,70707,65249,5458,2.194629631118867,2023-07-06
NASDAQ MINI - CHICAGO MERCANTILE EXCHANGE,2023-07-11,259491,75622,64674,10948,4.219028790979263,2023-07-14
NASDAQ MINI - CHICAGO MERCANTILE EXCHANGE,2023-07-18,264119,75196,73997,1199,0.45396203983810324,2023-07-21
NASDAQ MINI - CHICAGO MERCANTILE EXCHANGE,2023-07-25,260623,66261,76933,-10672,-4.094803605207522,2023-07-28
NASDAQ MINI - CHICAGO MERCANTILE EXCHANGE,2023-08-01,262908,69643,81048,-11405,-4.3380193832062925,2023-08-04
NASDAQ MINI - CHICAGO MERCANTILE EXCHANGE,2023-08-08,267797,70170,81049,-10879,-4.062405478776835,2023-08-11
NASDAQ MINI - CHICAGO MERCANTILE EXCHANGE,2023-08-15,267495,69459,64290,5169,1.9323725677115462,2023-08-18
NASDAQ MINI - CHICAGO MERCANTILE EXCHANGE,2023-08-22,263420,69483,55653,13830,5.250170829853466,2023-08-25
NASDAQ MINI - CHICAGO MERCANTILE EXCHANGE,2023-08-29,265968,72413,56251,16162,6.076670877699573,2023-09-01
NASDAQ MINI - CHICAGO MERCANTILE EXCHANGE,2023-09-05,274701,74040,60490,13550,4.932635847703503,2023-09-08
NASDAQ MINI - CHICAGO MERCANTILE EXCHANGE,2023-09-12,303321,68674,59618,9056,2.9856158986684074,2023-09-15
NASDAQ MINI - CHICAGO MERCANTILE EXCHANGE,2023-09-19,236252,56815,53621,3194,1.3519462269102485,2023-09-22
NASDAQ MINI - CHICAGO MERCANTILE EXCHANGE,2023-09-26,241018,58307,57461,846,0.35101112779958343,2023-09-29
NASDAQ MINI - CHICAGO MERCANTILE EXCHANGE,2023-10-03,254924,66087,64652,1435,0.5629128681489386,2023-10-06
NASDAQ MINI - CHICAGO MERCANTILE EXCHANGE,2023-10-10,256528,69363,61523,7840,3.0561965945237946,2023-10-13
NASDAQ MINI - CHICAGO MERCANTILE EXCHANGE,2023-10-17,256786,77538,63190,14348,5.587532030562413,2023-10-20
NASDAQ MINI - CHICAGO MERCANTILE EXCHANGE,2023-10-24,253055,69019,66322,2697,1.0657762146568928,2023-10-27
NASDAQ MINI - CHICAGO MERCANTILE EXCHANGE,2023-10-31,259306,72368,65631,6737,2.59808874457205,2023-11-03
NASDAQ MINI - CHICAGO MERCANTILE EXCHANGE,2023-11-07,268597,82602,66307,16295,6.066709605840721,2023-11-10
NASDAQ MINI - CHICAGO MERCANTILE EXCHANGE,2023-11-14,273787,69502,69187,315,0.11505294261597519,2023-11-17
NASDAQ MINI - CHICAGO MERCANTILE EXCHANGE,2023-11-21,284312,74326,69282,5044,1.7741073187202792,2023-11-24
NASDAQ MINI - CHICAGO MERCANTILE EXCHANGE,2023-11-28,293315,78702,71424,7278,2.4812914443516356,2023-12-01
NASDAQ MINI - CHICAGO MERCANTILE EXCHANGE,2023-12-05,277746,75200,66798,8402,3.0250660675581287,2023-12-08
NASDAQ MINI - CHICAGO MERCANTILE EXCHANGE,2023-12-12,337236,71616,63512,8104,2.4030649159638946,2023-12-15
NASDAQ MINI - CHICAGO MERCANTILE EXCHANGE,2023-12-19,276654,71467,49283,22184,8.018680373318295,2023-12-22
NASDAQ MINI - CHICAGO MERCANTILE EXCHANGE,2023-12-26,278055,79760,51769,27991,10.066713420006833,2023-12-29
NASDAQ MINI - CHICAGO MERCANTILE EXCHANGE,2024-01-02,272832,80348,41281,39067,14.319068144499179,2024-01-05
NASDAQ MINI - CHICAGO MERCANTILE EXCHANGE,2024-01-09,277732,83021,46245,36776,13.241542206155573,2024-01-12
NASDAQ MINI - CHICAGO MERCANTILE EXCHANGE,2024-01-16,273460,83692,47121,36571,13.373436700065824,2024-01-19
NASDAQ MINI - CHICAGO MERCANTILE EXCHANGE,2024-01-23,289392,88544,55502,33042,11.417730966992867,2024-01-26
NASDAQ MINI - CHICAGO MERCANTILE EXCHANGE,2024-01-30,294510,94317,55066,39251,13.327561033581203,2024-02-02
NASDAQ MINI - CHICAGO MERCANTILE EXCHANGE,2024-02-06,285062,93744,60856,32888,11.53713928899678,2024-02-09
NASDAQ MINI - CHICAGO MERCANTILE EXCHANGE,2024-02-13,295946,97292,65216,32076,10.83846377379657,2024-02-16
NASDAQ MINI - CHICAGO MERCANTILE EXCHANGE,2024-02-20,287130,92445,66884,25561,8.902239403754397,2024-02-23
NASDAQ MINI - CHICAGO MERCANTILE EXCHANGE,2024-02-27,288075,90667,80421,10246,3.5567126616332554,2024-03-01
NASDAQ MINI - CHICAGO MERCANTILE EXCHANGE,2024-03-05,289047,82245,81610,635,0.2196874556732988,2024-03-08
NASDAQ MINI - CHICAGO MERCANTILE EXCHANGE,2024-03-12,331912,87501,86106,1395,0.42029212562365925,2024-03-15
NASDAQ MINI - CHICAGO MERCANTILE EXCHANGE,2024-03-19,250194,68217,57057,11160,4.460538622029305,2024-03-22
NASDAQ MINI - CHICAGO MERCANTILE EXCHANGE,2024-03-26,254474,64109,71225,-7116,-2.796356405762475,2024-03-29
NASDAQ MINI - CHICAGO MERCANTILE EXCHANGE,2024-04-02,259439,65399,70594,-5195,-2.002397480718011,2024-04-05
NASDAQ MINI - CHICAGO MERCANTILE EXCHANGE,2024-04-09,260430,65942,58399,7543,2.896363706178244,2024-04-12
NASDAQ MINI - CHICAGO MERCANTILE EXCHANGE,2024-04-16,255698,66139,57610,8529,3.3355755617955554,2024-04-19
NASDAQ MINI - CHICAGO MERCANTILE EXCHANGE,2024-04-23,256222,63431,57306,6125,2.390505108850918,2024-04-26
NASDAQ MINI - CHICAGO MERCANTILE EXCHANGE,2024-04-30,253154,60312,57540,2772,1.0949856609020596,2024-05-03
NASDAQ MINI - CHICAGO MERCANTILE EXCHANGE,2024-05-07,235162,65234,60829,4405,1.8731767887668929,2024-05-10
NASDAQ MINI - CHICAGO MERCANTILE EXCHANGE,2024-05-14,248611,68869,65699,3170,1.2750843687527906,2024-05-17
NASDAQ MINI - CHICAGO MERCANTILE EXCHANGE,2024-05-21,249754,68460,63742,4718,1.8890588338925502,2024-05-24
NASDAQ MINI - CHICAGO MERCANTILE EXCHANGE,2024-05-28,254317,68402,72128,-3726,-1.4651006421120099,2024-05-31
NASDAQ MINI - CHICAGO MERCANTILE EXCHANGE,2024-06-04,246536,60252,58255,1997,0.8100236882240323,2024-06-07
NASDAQ MINI - CHICAGO MERCANTILE EXCHANGE,2024-06-11,258002,60795,68827,-8032,-3.1131541615956464,2024-06-14
NASDAQ MINI - CHICAGO MERCANTILE EXCHANGE,2024-06-18,334035,65102,68927,-3825,-1.1450895864205846,2024-06-21
NASDAQ MINI - CHICAGO MERCANTILE EXCHANGE,2024-06-25,246417,67869,60474,7395,3.0010104822313397,2024-06-28
NASDAQ MINI - CHICAGO MERCANTILE EXCHANGE,2024-07-02,258776,70185,59409,10776,4.164219247534548,2024-07-05
NASDAQ MINI - CHICAGO MERCANTILE EXCHANGE,2024-07-09,264298,66337,61120,5217,1.9739082399412786,2024-07-12
NASDAQ MINI - CHICAGO MERCANTILE EXCHANGE,2024-07-16,256571,64830,59148,5682,2.214591672480522,2024-07-19
NASDAQ MINI - CHICAGO MERCANTILE EXCHANGE,2024-07-23,243913,51812,52425,-613,-0.2513191178821957,2024-07-26
NASDAQ MINI - CHICAGO MERCANTILE EXCHANGE,2024-07-30,256592,48377,45955,2422,0.9439109559144478,2024-08-02
NASDAQ MINI - CHICAGO MERCANTILE EXCHANGE,2024-08-06,249366,50888,38277,12611,5.057225122911705,2024-08-09
NASDAQ MINI - CHICAGO MERCANTILE EXCHANGE,2024-08-13,244061,49051,40567,8484,3.4761801352940456,2024-08-16
NASDAQ MINI - CHICAGO MERCANTILE EXCHANGE,2024-08-20,244230,55674,44293,11381,4.659951684887196,2024-08-23
NASDAQ MINI - CHICAGO MERCANTILE EXCHANGE,2024-08-27,244523,65461,44021,21440,8.768091345190431,2024-08-30
NASDAQ MINI - CHICAGO MERCANTILE EXCHANGE,2024-09-03,254089,67895,41907,25988,10.227912266961576,2024-09-06
NASDAQ MINI - CHICAGO MERCANTILE EXCHANGE,2024-09-10,259424,69833,44207,25626,9.878037498458122,2024-09-13
NASDAQ MINI - CHICAGO MERCANTILE EXCHANGE,2024-09-17,267450,68287,49054,19233,7.19125070106562,2024-09-20
NASDAQ MINI - CHICAGO MERCANTILE EXCHANGE,2024-09-24,227746,52615,36576,16039,7.042494709017941,2024-09-27
NASDAQ MINI - CHICAGO MERCANTILE EXCHANGE,2024-10-01,234108,56497,40418,16079,6.8681975840210505,2024-10-04
NASDAQ MINI - CHICAGO MERCANTILE EXCHANGE,2024-10-08,250139,57058,43763,13295,5.3150448350717,2024-10-11
NASDAQ MINI - CHICAGO MERCANTILE EXCHANGE,2024-10-15,241191,48843,47439,1404,0.5821112728086869,2024-10-18
NASDAQ MINI - CHICAGO MERCANTILE EXCHANGE,2024-10-22,245897,48989,46329,2660,1.081753742420607,2024-10-25
NASDAQ MINI - CHICAGO MERCANTILE EXCHANGE,2024-10-29,257382,57891,52769,5122,1.990038153406221,2024-11-01
NASDAQ MINI - CHICAGO MERCANTILE EXCHANGE,2024-11-05,252753,62784,46692,16092,6.366690009614128,2024-11-08
NASDAQ MINI - CHICAGO MERCANTILE EXCHANGE,2024-11-12,277197,71007,54627,16380,5.909154860983344,2024-11-15
NASDAQ MINI - CHICAGO MERCANTILE EXCHANGE,2024-11-19,275071,66681,46878,19803,7.1992321982324565,2024-11-22
NASDAQ MINI - CHICAGO MERCANTILE EXCHANGE,2024-11-26,275658,74155,54696,19459,7.0591094762350455,2024-11-29
NASDAQ MINI - CHICAGO MERCANTILE EXCHANGE,2024-12-03,293572,89355,59664,29691,10.113702941697438,2024-12-06
NASDAQ MINI - CHICAGO MERCANTILE EXCHANGE,2024-12-10,291787,91735,56162,35573,12.191427308276243,2024-12-13
NASDAQ MINI - CHICAGO MERCANTILE EXCHANGE,2024-12-17,324728,94151,58069,36082,11.111453277820207,2024-12-20
NASDAQ MINI - CHICAGO MERCANTILE EXCHANGE,2024-12-24,246014,78280,51048,27232,11.069288739665224,2024-12-27
NASDAQ MINI - CHICAGO MERCANTILE EXCHANGE,2024-12-31,252471,73369,49461,23908,9.469602449390226,2025-01-03
NASDAQ MINI - CHICAGO MERCANTILE EXCHANGE,2025-01-07,241165,70775,52005,18770,7.783053096427757,2025-01-10
NASDAQ MINI - CHICAGO MERCANTILE EXCHANGE,2025-01-14,253879,62849,52315,10534,4.149220691746856,2025-01-17
NASDAQ MINI - CHICAGO MERCANTILE EXCHANGE,2025-01-21,254361,71503,53014,18489,7.268803000459976,2025-01-24
NASDAQ MINI - CHICAGO MERCANTILE EXCHANGE,2025-01-28,267882,85687,54996,30691,11.456910132073077,2025-01-31
NASDAQ MINI - CHICAGO MERCANTILE EXCHANGE,2025-02-04,259061,75804,56826,18978,7.325687772377934,2025-02-07
NASDAQ MINI - CHICAGO MERCANTILE EXCHANGE,2025-02-11,263509,73511,60075,13436,5.098877078202262,2025-02-14
NASDAQ MINI - CHICAGO MERCANTILE EXCHANGE,2025-02-18,289760,87917,78089,9828,3.391772501380453,2025-02-21
NASDAQ MINI - CHICAGO MERCANTILE EXCHANGE,2025-02-25,286114,83882,58105,25777,9.009345925050855,2025-02-28
NASDAQ MINI - CHICAGO MERCANTILE EXCHANGE,2025-03-04,288147,82749,60983,21766,7.553783311990061,2025-03-07
NASDAQ MINI - CHICAGO MERCANTILE EXCHANGE,2025-03-11,303084,82585,59856,22729,7.499241134470972,2025-03-14
NASDAQ MINI - CHICAGO MERCANTILE EXCHANGE,2025-03-18,301517,76491,53495,22996,7.626767313285818,2025-03-21
NASDAQ MINI - CHICAGO MERCANTILE EXCHANGE,2025-03-25,224189,61767,53078,8689,3.87574769502518,2025-03-28
NASDAQ MINI - CHICAGO MERCANTILE EXCHANGE,2025-04-01,247658,70420,55242,15178,6.128612845133208,2025-04-04
NASDAQ MINI - CHICAGO MERCANTILE EXCHANGE,2025-04-08,254563,73557,49293,24264,9.531628712735158,2025-04-11
NASDAQ MINI - CHICAGO MERCANTILE EXCHANGE,2025-04-15,235406,72564,40770,31794,13.50602788374128,2025-04-18
NASDAQ MINI - CHICAGO MERCANTILE EXCHANGE,2025-04-22,242084,76663,38983,37680,15.564845260322862,2025-04-25
NASDAQ MINI - CHICAGO MERCANTILE EXCHANGE,2025-04-29,246874,77026,46163,30863,12.501518993494656,2025-05-02
NASDAQ MINI - CHICAGO MERCANTILE EXCHANGE,2025-05-06,258249,85091,52244,32847,12.7191199191478,2025-05-09
NASDAQ MINI - CHICAGO MERCANTILE EXCHANGE,2025-05-13,283667,85720,66173,19547,6.890826215245341,2025-05-16
NASDAQ MINI - CHICAGO MERCANTILE EXCHANGE,2025-05-20,279368,82637,68107,14530,5.201025171100484,2025-05-23
NASDAQ MINI - CHICAGO MERCANTILE EXCHANGE,2025-05-27,275143,85026,67994,17032,6.190235622930622,2025-05-30
NASDAQ MINI - CHICAGO MERCANTILE EXCHANGE,2025-06-03,277034,82789,68119,14670,5.295378906560205,2025-06-06
NASDAQ MINI - CHICAGO MERCANTILE EXCHANGE,2025-06-10,276888,84033,66306,17727,6.402227615497963,2025-06-13
NASDAQ MINI - CHICAGO MERCANTILE EXCHANGE,2025-06-17,311779,83169,67475,15694,5.033693738192759,2025-06-20
NASDAQ MINI - CHICAGO MERCANTILE EXCHANGE,2025-06-24,253330,76652,60143,16509,6.51679627363518,2025-06-27
NASDAQ MINI - CHICAGO MERCANTILE EXCHANGE,2025-07-01,265393,78223,51087,27136,10.224836374734828,2025-07-04
NASDAQ MINI - CHICAGO MERCANTILE EXCHANGE,2025-07-08,270422,81547,50336,31211,11.541590551064633,2025-07-11
NASDAQ MINI - CHICAGO MERCANTILE EXCHANGE,2025-07-15,271661,85897,51005,34892,12.84394889218548,2025-07-18
NASDAQ MINI - CHICAGO MERCANTILE EXCHANGE,2025-07-22,270972,76429,45701,30728,11.339917039398903,2025-07-25
NASDAQ MINI - CHICAGO MERCANTILE EXCHANGE,2025-07-29,281762,85010,50056,34954,12.40550535558379,2025-08-01
NASDAQ MINI - CHICAGO MERCANTILE EXCHANGE,2025-08-05,277507,86551,52715,33836,12.192845585877112,2025-08-08
NASDAQ MINI - CHICAGO MERCANTILE EXCHANGE,2025-08-12,303576,97915,55603,42312,13.937860700450628,2025-08-15
NASDAQ MINI - CHICAGO MERCANTILE EXCHANGE,2025-08-19,289577,87625,53780,33845,11.687737631096393,2025-08-22
NASDAQ MINI - CHICAGO MERCANTILE EXCHANGE,2025-08-26,284355,89500,53418,36082,12.689068242162085,2025-08-29
NASDAQ MINI - CHICAGO MERCANTILE EXCHANGE,2025-09-02,282221,79561,64117,15444,5.4723071635349605,2025-09-05
NASDAQ MINI - CHICAGO MERCANTILE EXCHANGE,2025-09-09,296970,88779,63306,25473,8.577634104454996,2025-09-12
NASDAQ MINI - CHICAGO MERCANTILE EXCHANGE,2025-09-16,351421,90185,72379,17806,5.066857131474785,2025-09-19
NASDAQ MINI - CHICAGO MERCANTILE EXCHANGE,2025-09-23,274695,89971,66566,23405,8.52035894355558,2025-09-26
NASDAQ MINI - CHICAGO MERCANTILE EXCHANGE,2025-09-30,278188,89879,48871,41008,14.741110328267215,2025-10-03
NASDAQ MINI - CHICAGO MERCANTILE EXCHANGE,2025-10-07,285401,93208,49867,43341,15.186001450590572,2025-10-10
NASDAQ MINI - CHICAGO MERCANTILE EXCHANGE,2025-10-14,278830,91955,39128,52827,18.945952731054764,2025-10-17
NASDAQ MINI - CHICAGO MERCANTILE EXCHANGE,2025-10-21,289838,100979,52117,48862,16.85838295875627,2025-10-24
NASDAQ MINI - CHICAGO MERCANTILE EXCHANGE,2025-10-28,299186,100774,58472,42302,14.139030569612215,2025-10-31
NASDAQ MINI - CHICAGO MERCANTILE EXCHANGE,2025-11-04,292709,93977,45806,48171,16.456958959239383,2025-11-07
NASDAQ MINI - CHICAGO MERCANTILE EXCHANGE,2025-11-10,296639,101626,51810,49816,16.793476245537505,2025-11-13
NASDAQ MINI - CHICAGO MERCANTILE EXCHANGE,2025-11-18,299587,99459,53049,46410,15.491326392667236,2025-11-21
NASDAQ MINI - CHICAGO MERCANTILE EXCHANGE,2025-11-25,296684,104939,47546,57393,19.34482479675345,2025-11-28
NASDAQ MINI - CHICAGO MERCANTILE EXCHANGE,2025-12-02,308211,107949,59631,48318,15.676922627680387,2025-12-05
NASDAQ MINI - CHICAGO MERCANTILE EXCHANGE,2025-12-09,325383,109764,61713,48051,14.767520122440326,2025-12-12
NASDAQ MINI - CHICAGO MERCANTILE EXCHANGE,2025-12-16,378693,116486,70110,46376,12.246331461104377,2025-12-19
NASDAQ MINI - CHICAGO MERCANTILE EXCHANGE,2025-12-23,265616,93633,61800,31833,11.9845943015481,2025-12-26
NASDAQ MINI - CHICAGO MERCANTILE EXCHANGE,2025-12-30,276539,96807,71756,25051,9.058758439135167,2026-01-02
NASDAQ MINI - CHICAGO MERCANTILE EXCHANGE,2026-01-06,274253,97312,64726,32586,11.881729643796056,2026-01-09
NASDAQ MINI - CHICAGO MERCANTILE EXCHANGE,2026-01-13,278878,97781,68640,29141,10.449372126879855,2026-01-16
NASDAQ MINI - CHICAGO MERCANTILE EXCHANGE,2026-01-20,267118,85485,64351,21134,7.9118591783406576,2026-01-23
NASDAQ MINI - CHICAGO MERCANTILE EXCHANGE,2026-01-27,260759,89479,61324,28155,10.797326266782738,2026-01-30
NASDAQ MINI - CHICAGO MERCANTILE EXCHANGE,2026-02-03,268823,83886,69699,14187,5.277450218173296,2026-02-06
NASDAQ MINI - CHICAGO MERCANTILE EXCHANGE,2026-02-10,263282,82196,68836,13360,5.074406909701385,2026-02-13
NASDAQ MINI - CHICAGO MERCANTILE EXCHANGE,2026-02-17,272951,89273,64863,24410,8.942997094716635,2026-02-20
NASDAQ MINI - CHICAGO MERCANTILE EXCHANGE,2026-02-24,270599,80310,69523,10787,3.9863414129394417,2026-02-27
NASDAQ MINI - CHICAGO MERCANTILE EXCHANGE,2026-03-03,273307,76598,74212,2386,0.8730109364194842,2026-03-06
NASDAQ MINI - CHICAGO MERCANTILE EXCHANGE,2026-03-10,259842,77887,52958,24929,9.59390706660201,2026-03-13
NASDAQ MINI - CHICAGO MERCANTILE EXCHANGE,2026-03-17,300943,78111,54029,24082,8.0021798147822,2026-03-20
NASDAQ MINI - CHICAGO MERCANTILE EXCHANGE,2026-03-24,235906,69518,62895,6623,2.8074741634379796,2026-03-27
NASDAQ MINI - CHICAGO MERCANTILE EXCHANGE,2026-03-31,245322,78628,58028,20600,8.397127041194837,2026-04-03
NASDAQ MINI - CHICAGO MERCANTILE EXCHANGE,2026-04-07,246794,72783,60258,12525,5.075082862630373,2026-04-10
NASDAQ MINI - CHICAGO MERCANTILE EXCHANGE,2026-04-14,260197,72085,61264,10821,4.158772007363652,2026-04-17
NASDAQ MINI - CHICAGO MERCANTILE EXCHANGE,2026-04-21,267620,75352,65913,9439,3.5270159180928182,2026-04-24
NASDAQ MINI - CHICAGO MERCANTILE EXCHANGE,2026-04-28,275963,77487,79809,-2322,-0.8414171465015238,2026-05-01
NASDAQ MINI - CHICAGO MERCANTILE EXCHANGE,2026-05-05,287657,81707,80486,1221,0.42446385799754566,2026-05-08
NASDAQ MINI - CHICAGO MERCANTILE EXCHANGE,2026-05-12,287752,71239,87224,-15985,-5.555130807083878,2026-05-15
NASDAQ MINI - CHICAGO MERCANTILE EXCHANGE,2026-05-19,293186,87137,88557,-1420,-0.4843341769388716,2026-05-22
NASDAQ MINI - CHICAGO MERCANTILE EXCHANGE,2026-05-26,302990,85248,91333,-6085,-2.008317106175121,2026-05-29
NASDAQ MINI - CHICAGO MERCANTILE EXCHANGE,2026-06-02,314972,87192,102141,-14949,-4.746136164484462,2026-06-05
NASDAQ MINI - CHICAGO MERCANTILE EXCHANGE,2026-06-09,305568,91241,92590,-1349,-0.4414729291025238,2026-06-12
NASDAQ MINI - CHICAGO MERCANTILE EXCHANGE,2026-06-16,344441,92176,101084,-8908,-2.5862194105812026,2026-06-19
NASDAQ MINI - CHICAGO MERCANTILE EXCHANGE,2026-06-23,265083,64628,73772,-9144,-3.449485632801802,2026-06-26
NASDAQ MINI - CHICAGO MERCANTILE EXCHANGE,2026-06-30,278558,64639,72243,-7604,-2.729772614679887,2026-07-03
NASDAQ MINI - CHICAGO MERCANTILE EXCHANGE,2026-07-07,285086,75505,73442,2063,0.723641287190532,2026-07-10
NASDAQ MINI - CHICAGO MERCANTILE EXCHANGE,2026-07-14,284971,75623,72902,2721,0.954834000652698,2026-07-17
NASDAQ MINI - CHICAGO MERCANTILE EXCHANGE,2026-07-21,286903,74063,69517,4546,1.5845076558976379,2026-07-24
USD INDEX - ICE FUTURES U.S.,2022-02-08,53603,40370,6605,33765,62.990877376266255,2022-02-11
USD INDEX - ICE FUTURES U.S.,2022-02-15,54283,42349,6963,35386,65.18799624191736,2022-02-18
USD INDEX - ICE FUTURES U.S.,2022-02-22,54922,43726,7642,36084,65.70044790794218,2022-02-25
USD INDEX - ICE FUTURES U.S.,2022-03-01,56651,43761,8987,34774,61.38285290639177,2022-03-04
USD INDEX - ICE FUTURES U.S.,2022-03-08,62447,46031,11987,34044,54.51663010232677,2022-03-11
USD INDEX - ICE FUTURES U.S.,2022-03-15,47574,39767,11387,28380,59.65443309370665,2022-03-18
USD INDEX - ICE FUTURES U.S.,2022-03-22,51952,43561,13926,29635,57.043039728980595,2022-03-25
USD INDEX - ICE FUTURES U.S.,2022-03-29,53967,44970,14029,30941,57.33318509459484,2022-04-01
USD INDEX - ICE FUTURES U.S.,2022-04-05,49049,41038,9186,31852,64.9391424901629,2022-04-08
USD INDEX - ICE FUTURES U.S.,2022-04-12,54836,44303,14666,29637,54.04661171493179,2022-04-15
USD INDEX - ICE FUTURES U.S.,2022-04-19,54524,46685,14105,32580,59.75350304453085,2022-04-22
USD INDEX - ICE FUTURES U.S.,2022-04-26,56712,49673,15794,33879,59.73867964451968,2022-04-29
USD INDEX - ICE FUTURES U.S.,2022-05-03,54092,46264,13193,33071,61.13843082156326,2022-05-06
USD INDEX - ICE FUTURES U.S.,2022-05-10,57556,49864,15088,34776,60.42115504899576,2022-05-13
USD INDEX - ICE FUTURES U.S.,2022-05-17,61899,53519,17306,36213,58.50336839044249,2022-05-20
USD INDEX - ICE FUTURES U.S.,2022-05-24,61857,53675,15636,38039,61.49506118951776,2022-05-27
USD INDEX - ICE FUTURES U.S.,2022-05-31,63863,54859,17321,37538,58.778948687033186,2022-06-03
USD INDEX - ICE FUTURES U.S.,2022-06-07,65163,55460,17522,37938,58.22015560977856,2022-06-10
USD INDEX - ICE FUTURES U.S.,2022-06-14,61144,53133,8657,44476,72.73976187360984,2022-06-17
USD INDEX - ICE FUTURES U.S.,2022-06-21,58543,51606,6596,45010,76.88365816579267,2022-06-24
USD INDEX - ICE FUTURES U.S.,2022-06-28,63143,54646,11417,43229,68.46206230302646,2022-07-01
USD INDEX - ICE FUTURES U.S.,2022-07-05,60857,52927,13676,39251,64.49709975845013,2022-07-08
USD INDEX - ICE FUTURES U.S.,2022-07-12,59565,51109,12755,38354,64.39016200789054,2022-07-15
USD INDEX - ICE FUTURES U.S.,2022-07-19,59214,50234,11165,39069,65.9793292126862,2022-07-22
USD INDEX - ICE FUTURES U.S.,2022-07-26,60456,51337,10802,40535,67.04876273653566,2022-07-29
USD INDEX - ICE FUTURES U.S.,2022-08-02,57054,47918,8571,39347,68.96448978161041,2022-08-05
USD INDEX - ICE FUTURES U.S.,2022-08-09,59639,50738,12101,38637,64.78478847733865,2022-08-12
USD INDEX - ICE FUTURES U.S.,2022-08-16,58909,50782,12821,37961,64.44006858035274,2022-08-19
USD INDEX - ICE FUTURES U.S.,2022-08-23,57608,49311,14212,35099,60.92730176364394,2022-08-26
USD INDEX - ICE FUTURES U.S.,2022-08-30,60184,51672,16157,35515,59.01070051841021,2022-09-02
USD INDEX - ICE FUTURES U.S.,2022-09-06,61662,52607,16500,36107,58.55632318121371,2022-09-09
USD INDEX - ICE FUTURES U.S.,2022-09-13,62077,48984,13315,35669,57.45928443707009,2022-09-16
USD INDEX - ICE FUTURES U.S.,2022-09-20,54292,45704,17773,27931,51.445885213291085,2022-09-23
USD INDEX - ICE FUTURES U.S.,2022-09-27,56046,47424,16862,30562,54.53020732969347,2022-09-30
USD INDEX - ICE FUTURES U.S.,2022-10-04,54638,44449,12752,31697,58.01273838720304,2022-10-07
USD INDEX - ICE FUTURES U.S.,2022-10-11,54615,45079,12293,32786,60.03112697976747,2022-10-14
USD INDEX - ICE FUTURES U.S.,2022-10-18,55234,44956,12266,32690,59.184560234638084,2022-10-21
USD INDEX - ICE FUTURES U.S.,2022-10-25,59053,44998,14900,30098,50.967774710852964,2022-10-28
USD INDEX - ICE FUTURES U.S.,2022-11-01,55942,42304,12516,29788,53.24800686425226,2022-11-04
USD INDEX - ICE FUTURES U.S.,2022-11-08,56340,42887,12694,30193,53.5906993255236,2022-11-11
USD INDEX - ICE FUTURES U.S.,2022-11-15,48382,38965,12111,26854,55.50411309991319,2022-11-18
USD INDEX - ICE FUTURES U.S.,2022-11-22,47718,38310,14245,24065,50.43170292132948,2022-11-25
USD INDEX - ICE FUTURES U.S.,2022-11-29,46836,37279,12387,24892,53.147151763600654,2022-12-02
USD INDEX - ICE FUTURES U.S.,2022-12-06,45115,36157,11271,24886,55.16125457165023,2022-12-09
USD INDEX - ICE FUTURES U.S.,2022-12-13,48069,38766,12988,25778,53.627077742411956,2022-12-16
USD INDEX - ICE FUTURES U.S.,2022-12-20,41389,32727,15970,16757,40.48660272052961,2022-12-23
USD INDEX - ICE FUTURES U.S.,2022-12-27,41653,33142,16201,16941,40.67174033082851,2022-12-30
USD INDEX - ICE FUTURES U.S.,2023-01-03,41850,33171,15410,17761,42.43966547192354,2023-01-06
USD INDEX - ICE FUTURES U.S.,2023-01-10,42307,33928,17388,16540,39.095185193939535,2023-01-13
USD INDEX - ICE FUTURES U.S.,2023-01-17,39388,31694,18336,13358,33.91388240073119,2023-01-20
USD INDEX - ICE FUTURES U.S.,2023-01-24,41233,33291,18128,15163,36.77394320083429,2023-01-27
USD INDEX - ICE FUTURES U.S.,2023-01-31,38140,29221,12684,16537,43.358678552700574,2023-02-03
USD INDEX - ICE FUTURES U.S.,2023-02-07,33546,24029,11760,12269,36.573660048888094,2023-02-10
USD INDEX - ICE FUTURES U.S.,2023-02-14,32966,23984,12010,11974,36.32227143117151,2023-02-17
USD INDEX - ICE FUTURES U.S.,2023-02-21,36022,26469,14271,12198,33.862639498084505,2023-02-24
USD INDEX - ICE FUTURES U.S.,2023-02-28,37290,27160,15284,11876,31.847680343255565,2023-03-03
USD INDEX - ICE FUTURES U.S.,2023-03-07,36943,26665,14109,12556,33.987494247895405,2023-03-10
USD INDEX - ICE FUTURES U.S.,2023-03-14,35180,26446,12689,13757,39.104604889141555,2023-03-17
USD INDEX - ICE FUTURES U.S.,2023-03-21,33819,26258,12114,14144,41.82264407581537,2023-03-24
USD INDEX - ICE FUTURES U.S.,2023-03-28,31128,24552,11833,12719,40.8603186841429,2023-03-31
USD INDEX - ICE FUTURES U.S.,2023-04-04,32076,25574,11468,14106,43.9768050879162,2023-04-07
USD INDEX - ICE FUTURES U.S.,2023-04-11,33076,26090,12826,13264,40.101584230257586,2023-04-14
USD INDEX - ICE FUTURES U.S.,2023-04-18,34865,25192,14679,10513,30.153449017639467,2023-04-21
USD INDEX - ICE FUTURES U.S.,2023-04-25,34441,24149,13410,10739,31.18086002148602,2023-04-28
USD INDEX - ICE FUTURES U.S.,2023-05-02,32774,22988,11638,11350,34.631110026240314,2023-05-05
USD INDEX - ICE FUTURES U.S.,2023-05-09,32175,21656,10500,11156,34.67288267288267,2023-05-12
USD INDEX - ICE FUTURES U.S.,2023-05-16,30880,20669,11155,9514,30.80958549222798,2023-05-19
USD INDEX - ICE FUTURES U.S.,2023-05-23,30203,22194,10954,11240,37.214846207330396,2023-05-26
USD INDEX - ICE FUTURES U.S.,2023-05-30,32373,23927,11159,12768,39.440274302659624,2023-06-02
USD INDEX - ICE FUTURES U.S.,2023-06-06,33930,24791,12572,12219,36.01237842617153,2023-06-09
USD INDEX - ICE FUTURES U.S.,2023-06-13,32050,22416,8418,13998,43.67550702028081,2023-06-16
USD INDEX - ICE FUTURES U.S.,2023-06-20,27306,20972,6111,14861,54.4239361312532,2023-06-23
USD INDEX - ICE FUTURES U.S.,2023-06-27,27691,21265,6297,14968,54.05366364522769,2023-06-30
USD INDEX - ICE FUTURES U.S.,2023-07-03,26619,20267,5950,14317,53.78489049175401,2023-07-06
USD INDEX - ICE FUTURES U.S.,2023-07-11,28925,20741,8730,12011,41.524632670700086,2023-07-14
USD INDEX - ICE FUTURES U.S.,2023-07-18,41045,27410,16343,11067,26.963089292240223,2023-07-21
USD INDEX - ICE FUTURES U.S.,2023-07-25,34514,21258,15204,6054,17.54070811844469,2023-07-28
USD INDEX - ICE FUTURES U.S.,2023-08-01,31435,18494,15379,3115,9.909336726578655,2023-08-04
USD INDEX - ICE FUTURES U.S.,2023-08-08,28930,17247,14623,2624,9.070169374351885,2023-08-11
USD INDEX - ICE FUTURES U.S.,2023-08-15,26954,19617,14626,4991,18.516732210432586,2023-08-18
USD INDEX - ICE FUTURES U.S.,2023-08-22,33938,23328,18739,4589,13.521716070481466,2023-08-25
USD INDEX - ICE FUTURES U.S.,2023-08-29,36732,22882,20059,2823,7.685396929108135,2023-09-01
USD INDEX - ICE FUTURES U.S.,2023-09-05,36579,22881,19522,3359,9.182864485087073,2023-09-08
USD INDEX - ICE FUTURES U.S.,2023-09-12,40982,25145,19074,6071,14.81382070177151,2023-09-15
USD INDEX - ICE FUTURES U.S.,2023-09-19,39249,24582,8948,15634,39.83286198374481,2023-09-22
USD INDEX - ICE FUTURES U.S.,2023-09-26,42373,26606,9848,16758,39.54876926344606,2023-09-29
USD INDEX - ICE FUTURES U.S.,2023-10-03,42340,28057,9242,18815,44.43788379782711,2023-10-06
USD INDEX - ICE FUTURES U.S.,2023-10-10,41288,27574,8097,19477,47.17351288509979,2023-10-13
USD INDEX - ICE FUTURES U.S.,2023-10-17,43051,28534,9367,19167,44.521613899793266,2023-10-20
USD INDEX - ICE FUTURES U.S.,2023-10-24,42670,28130,8459,19671,46.10030466369815,2023-10-27
USD INDEX - ICE FUTURES U.S.,2023-10-31,42803,27571,8586,18985,44.3543676845081,2023-11-03
USD INDEX - ICE FUTURES U.S.,2023-11-07,41224,27866,8395,19471,47.23219483795847,2023-11-10
USD INDEX - ICE FUTURES U.S.,2023-11-14,38842,27271,7537,19734,50.805828742083314,2023-11-17
USD INDEX - ICE FUTURES U.S.,2023-11-21,37894,28543,7846,20697,54.61814535282631,2023-11-24
USD INDEX - ICE FUTURES U.S.,2023-11-28,39359,28798,9711,19087,48.494626387865544,2023-12-01
USD INDEX - ICE FUTURES U.S.,2023-12-05,40451,28199,8255,19944,49.30409631405899,2023-12-08
USD INDEX - ICE FUTURES U.S.,2023-12-12,41345,28100,10499,17601,42.57104849437659,2023-12-15
USD INDEX - ICE FUTURES U.S.,2023-12-19,21734,15852,11910,3942,18.13748044538511,2023-12-22
USD INDEX - ICE FUTURES U.S.,2023-12-26,22039,15047,11910,3137,14.2338581605336,2023-12-29
USD INDEX - ICE FUTURES U.S.,2024-01-02,23916,15941,13518,2423,10.131292858337515,2024-01-05
USD INDEX - ICE FUTURES U.S.,2024-01-09,23878,16041,13131,2910,12.18695033084848,2024-01-12
USD INDEX - ICE FUTURES U.S.,2024-01-16,23501,15077,13777,1300,5.531679502999872,2024-01-19
USD INDEX - ICE FUTURES U.S.,2024-01-23,24663,16526,14879,1647,6.678019705631918,2024-01-26
USD INDEX - ICE FUTURES U.S.,2024-01-30,25739,17238,16866,372,1.4452775943121334,2024-02-02
USD INDEX - ICE FUTURES U.S.,2024-02-06,29202,18474,16935,1539,5.270186973494966,2024-02-09
USD INDEX - ICE FUTURES U.S.,2024-02-13,32227,21096,19094,2002,6.212182331585317,2024-02-16
USD INDEX - ICE FUTURES U.S.,2024-02-20,29958,18732,17186,1546,5.160558114693905,2024-02-23
USD INDEX - ICE FUTURES U.S.,2024-02-27,29549,18827,16744,2083,7.049307929202342,2024-03-01
USD INDEX - ICE FUTURES U.S.,2024-03-05,28450,17766,14667,3099,10.892794376098418,2024-03-08
USD INDEX - ICE FUTURES U.S.,2024-03-12,26365,17547,11361,6186,23.462924331500094,2024-03-15
USD INDEX - ICE FUTURES U.S.,2024-03-19,23819,15573,14894,679,2.8506654351568077,2024-03-22
USD INDEX - ICE FUTURES U.S.,2024-03-26,31997,19214,19843,-629,-1.9658092946213706,2024-03-29
USD INDEX - ICE FUTURES U.S.,2024-04-02,38130,23681,25577,-1896,-4.972462627852085,2024-04-05
USD INDEX - ICE FUTURES U.S.,2024-04-09,40448,26733,27875,-1142,-2.8233781645569622,2024-04-12
USD INDEX - ICE FUTURES U.S.,2024-04-16,44069,29911,30840,-929,-2.1080578184211123,2024-04-19
USD INDEX - ICE FUTURES U.S.,2024-04-23,45725,31347,31560,-213,-0.4658283214871515,2024-04-26
USD INDEX - ICE FUTURES U.S.,2024-04-30,48784,33593,33628,-35,-0.07174483437192522,2024-05-03
USD INDEX - ICE FUTURES U.S.,2024-05-07,42962,28881,27028,1853,4.313113914622225,2024-05-10
USD INDEX - ICE FUTURES U.S.,2024-05-14,42817,29682,27247,2435,5.686993483896583,2024-05-17
USD INDEX - ICE FUTURES U.S.,2024-05-21,39920,28292,24774,3518,8.812625250501002,2024-05-24
USD INDEX - ICE FUTURES U.S.,2024-05-28,40108,28325,24151,4174,10.406901366310962,2024-05-31
USD INDEX - ICE FUTURES U.S.,2024-06-04,38645,26803,21916,4887,12.64587915642386,2024-06-07
USD INDEX - ICE FUTURES U.S.,2024-06-11,38327,26458,21445,5013,13.079552273853942,2024-06-14
USD INDEX - ICE FUTURES U.S.,2024-06-18,40237,30205,12610,17595,43.72840917563436,2024-06-21
USD INDEX - ICE FUTURES U.S.,2024-06-25,43147,31947,14425,17522,40.61000764827219,2024-06-28
USD INDEX - ICE FUTURES U.S.,2024-07-02,45627,32776,16194,16582,36.34251649242773,2024-07-05
USD INDEX - ICE FUTURES U.S.,2024-07-09,43263,30587,14379,16208,37.46388368813998,2024-07-12
USD INDEX - ICE FUTURES U.S.,2024-07-16,38651,30327,11777,18550,47.99358360715117,2024-07-19
USD INDEX - ICE FUTURES U.S.,2024-07-23,38818,30196,11976,18220,46.93698799525993,2024-07-26
USD INDEX - ICE FUTURES U.S.,2024-07-30,39266,29973,13015,16958,43.18749044975297,2024-08-02
USD INDEX - ICE FUTURES U.S.,2024-08-06,42026,30996,14860,16136,38.39527911293009,2024-08-09
USD INDEX - ICE FUTURES U.S.,2024-08-13,45236,33686,15150,18536,40.97621363515784,2024-08-16
USD INDEX - ICE FUTURES U.S.,2024-08-20,48713,35452,17861,17591,36.11151027446472,2024-08-23
USD INDEX - ICE FUTURES U.S.,2024-08-27,51056,37377,18464,18913,37.04363835788154,2024-08-30
USD INDEX - ICE FUTURES U.S.,2024-09-03,48563,34725,15296,19429,40.007824887259844,2024-09-06
USD INDEX - ICE FUTURES U.S.,2024-09-10,48653,32116,11906,20210,41.539062339424085,2024-09-13
USD INDEX - ICE FUTURES U.S.,2024-09-17,24759,15897,14099,1798,7.262005735288178,2024-09-20
USD INDEX - ICE FUTURES U.S.,2024-09-24,27029,16524,15565,959,3.5480409930075103,2024-09-27
USD INDEX - ICE FUTURES U.S.,2024-10-01,26321,13829,13675,154,0.5850841533376392,2024-10-04
USD INDEX - ICE FUTURES U.S.,2024-10-08,25635,15016,16905,-1889,-7.3688316754437295,2024-10-11
USD INDEX - ICE FUTURES U.S.,2024-10-15,24171,15352,17452,-2100,-8.688097306689835,2024-10-18
USD INDEX - ICE FUTURES U.S.,2024-10-22,29942,20118,19207,911,3.042548927927326,2024-10-25
USD INDEX - ICE FUTURES U.S.,2024-10-29,32536,21825,20141,1684,5.175805261863782,2024-11-01
USD INDEX - ICE FUTURES U.S.,2024-11-05,30825,20332,20237,95,0.30819140308191406,2024-11-08
USD INDEX - ICE FUTURES U.S.,2024-11-12,36875,22958,25270,-2312,-6.269830508474576,2024-11-15
USD INDEX - ICE FUTURES U.S.,2024-11-19,37320,22613,25326,-2713,-7.269560557341907,2024-11-22
USD INDEX - ICE FUTURES U.S.,2024-11-26,37797,22960,25759,-2799,-7.405349630923089,2024-11-29
USD INDEX - ICE FUTURES U.S.,2024-12-03,37510,21903,24957,-3054,-8.141828845641163,2024-12-06
USD INDEX - ICE FUTURES U.S.,2024-12-10,40825,22883,26107,-3224,-7.8971218616044085,2024-12-13
USD INDEX - ICE FUTURES U.S.,2024-12-17,41281,25145,19504,5641,13.664882149172744,2024-12-20
USD INDEX - ICE FUTURES U.S.,2024-12-24,44472,28539,22047,6492,14.597949271451698,2024-12-27
USD INDEX - ICE FUTURES U.S.,2024-12-31,42976,26598,19721,6877,16.001954579300072,2025-01-03
USD INDEX - ICE FUTURES U.S.,2025-01-07,44874,27958,19313,8645,19.26505326023978,2025-01-10
USD INDEX - ICE FUTURES U.S.,2025-01-14,45758,29512,16783,12729,27.818086454827572,2025-01-17
USD INDEX - ICE FUTURES U.S.,2025-01-21,45714,28811,13939,14872,32.53270332939581,2025-01-24
USD INDEX - ICE FUTURES U.S.,2025-01-28,40991,25372,11172,14200,34.64175062818667,2025-01-31
USD INDEX - ICE FUTURES U.S.,2025-02-04,39705,25203,10664,14539,36.61755446417328,2025-02-07
USD INDEX - ICE FUTURES U.S.,2025-02-11,39291,26261,10965,15296,38.93003486803593,2025-02-14
USD INDEX - ICE FUTURES U.S.,2025-02-18,38459,26729,9961,16768,43.5996775787202,2025-02-21
USD INDEX - ICE FUTURES U.S.,2025-02-25,38062,25906,10174,15732,41.33256266092166,2025-02-28
USD INDEX - ICE FUTURES U.S.,2025-03-04,39075,27785,13047,14738,37.71721049264236,2025-03-07
USD INDEX - ICE FUTURES U.S.,2025-03-11,39865,27969,11134,16835,42.230026338893765,2025-03-14
USD INDEX - ICE FUTURES U.S.,2025-03-18,29600,23657,16469,7188,24.283783783783782,2025-03-21
USD INDEX - ICE FUTURES U.S.,2025-03-25,29219,22699,15231,7468,25.55871179711831,2025-03-28
USD INDEX - ICE FUTURES U.S.,2025-04-01,29279,23640,16599,7041,24.04795245739267,2025-04-04
USD INDEX - ICE FUTURES U.S.,2025-04-08,22770,15487,12574,2913,12.7931488801054,2025-04-11
USD INDEX - ICE FUTURES U.S.,2025-04-15,27224,15722,13894,1828,6.714663532177491,2025-04-18
USD INDEX - ICE FUTURES U.S.,2025-04-22,32880,18696,19670,-974,-2.962287104622871,2025-04-25
USD INDEX - ICE FUTURES U.S.,2025-04-29,32830,19093,19542,-449,-1.3676515382272312,2025-05-02
USD INDEX - ICE FUTURES U.S.,2025-05-06,35412,21251,22359,-1108,-3.128882864565684,2025-05-09
USD INDEX - ICE FUTURES U.S.,2025-05-13,27982,15539,16154,-615,-2.1978414695161175,2025-05-16
USD INDEX - ICE FUTURES U.S.,2025-05-20,30189,17583,18129,-546,-1.8086057835635498,2025-05-23
USD INDEX - ICE FUTURES U.S.,2025-05-27,30979,18406,18492,-86,-0.2776074114722877,2025-05-30
USD INDEX - ICE FUTURES U.S.,2025-06-03,28007,15748,15131,617,2.2030206734030777,2025-06-06
USD INDEX - ICE FUTURES U.S.,2025-06-10,30659,17027,15625,1402,4.572882351022538,2025-06-13
USD INDEX - ICE FUTURES U.S.,2025-06-17,30721,13215,16183,-2968,-9.66114384297386,2025-06-20
USD INDEX - ICE FUTURES U.S.,2025-06-24,31225,13283,19317,-6034,-19.32425940752602,2025-06-27
USD INDEX - ICE FUTURES U.S.,2025-07-01,36286,16873,21155,-4282,-11.800694482720608,2025-07-04
USD INDEX - ICE FUTURES U.S.,2025-07-08,35076,16208,20194,-3986,-11.36389554111073,2025-07-11
USD INDEX - ICE FUTURES U.S.,2025-07-15,35177,16262,19927,-3665,-10.418739517298235,2025-07-18
USD INDEX - ICE FUTURES U.S.,2025-07-22,35725,16925,20376,-3451,-9.659902029391183,2025-07-25
USD INDEX - ICE FUTURES U.S.,2025-07-29,32919,13960,18116,-4156,-12.624927853215468,2025-08-01
USD INDEX - ICE FUTURES U.S.,2025-08-05,30064,11399,18429,-7030,-23.383448642895157,2025-08-08
USD INDEX - ICE FUTURES U.S.,2025-08-12,30410,12729,18976,-6247,-20.54258467609339,2025-08-15
USD INDEX - ICE FUTURES U.S.,2025-08-19,28891,11359,17347,-5988,-20.726177702398672,2025-08-22
USD INDEX - ICE FUTURES U.S.,2025-08-26,31488,13158,19263,-6105,-19.388338414634145,2025-08-29
USD INDEX - ICE FUTURES U.S.,2025-09-02,31502,13645,18666,-5021,-15.938670560599327,2025-09-05
USD INDEX - ICE FUTURES U.S.,2025-09-09,38029,19192,24750,-5558,-14.615162113124194,2025-09-12
USD INDEX - ICE FUTURES U.S.,2025-09-16,38526,12491,25385,-12894,-33.46830711727145,2025-09-19
USD INDEX - ICE FUTURES U.S.,2025-09-23,40441,14032,24376,-10344,-25.578002522192822,2025-09-26
USD INDEX - ICE FUTURES U.S.,2025-09-30,35699,9726,23362,-13636,-38.19714837950643,2025-10-03
USD INDEX - ICE FUTURES U.S.,2025-10-07,38717,12456,25601,-13145,-33.9514941756851,2025-10-10
USD INDEX - ICE FUTURES U.S.,2025-10-14,37137,12279,27212,-14933,-40.210571667070575,2025-10-17
USD INDEX - ICE FUTURES U.S.,2025-10-21,35369,11137,26504,-15367,-43.447651898555236,2025-10-24
USD INDEX - ICE FUTURES U.S.,2025-10-28,34998,10607,26733,-16126,-46.07691868106749,2025-10-31
USD INDEX - ICE FUTURES U.S.,2025-11-04,43439,16645,32207,-15562,-35.8249499297866,2025-11-07
USD INDEX - ICE FUTURES U.S.,2025-11-10,42792,16004,31631,-15627,-36.51850813236119,2025-11-13
USD INDEX - ICE FUTURES U.S.,2025-11-18,44403,16893,33001,-16108,-36.27682814224264,2025-11-21
USD INDEX - ICE FUTURES U.S.,2025-11-25,47161,18448,34795,-16347,-34.662114883060156,2025-11-28
USD INDEX - ICE FUTURES U.S.,2025-12-02,43781,14444,30662,-16218,-37.04346634384778,2025-12-05
USD INDEX - ICE FUTURES U.S.,2025-12-09,42972,14778,28652,-13874,-32.286139811970585,2025-12-12
USD INDEX - ICE FUTURES U.S.,2025-12-16,26994,15895,20490,-4595,-17.022301252130102,2025-12-19
USD INDEX - ICE FUTURES U.S.,2025-12-23,28181,16688,20709,-4021,-14.268478762286646,2025-12-26
USD INDEX - ICE FUTURES U.S.,2025-12-30,28984,16652,20612,-3960,-13.66271046094397,2026-01-02
USD INDEX - ICE FUTURES U.S.,2026-01-06,30078,17671,21502,-3831,-12.736884101336527,2026-01-09
USD INDEX - ICE FUTURES U.S.,2026-01-13,29868,17929,21659,-3730,-12.488281773135128,2026-01-16
USD INDEX - ICE FUTURES U.S.,2026-01-20,29579,16003,22421,-6418,-21.697826160451672,2026-01-23
USD INDEX - ICE FUTURES U.S.,2026-01-27,31746,17945,22350,-4405,-13.875763875763875,2026-01-30
USD INDEX - ICE FUTURES U.S.,2026-02-03,28190,16610,17462,-852,-3.022348350478893,2026-02-06
USD INDEX - ICE FUTURES U.S.,2026-02-10,27789,16131,16860,-729,-2.623340170571089,2026-02-13
USD INDEX - ICE FUTURES U.S.,2026-02-17,26596,15416,15088,328,1.233268160625658,2026-02-20
USD INDEX - ICE FUTURES U.S.,2026-02-24,26218,13295,15084,-1789,-6.823556335342132,2026-02-27
USD INDEX - ICE FUTURES U.S.,2026-03-03,29871,15061,20050,-4989,-16.701817816611428,2026-03-06
USD INDEX - ICE FUTURES U.S.,2026-03-10,32012,16384,22266,-5882,-18.37435961514432,2026-03-13
USD INDEX - ICE FUTURES U.S.,2026-03-17,35456,21426,17733,3693,10.415726534296029,2026-03-20
USD INDEX - ICE FUTURES U.S.,2026-03-24,36113,20457,16840,3617,10.015783789770996,2026-03-27
USD INDEX - ICE FUTURES U.S.,2026-03-31,38735,21708,18027,3681,9.503033432296373,2026-04-03
USD INDEX - ICE FUTURES U.S.,2026-04-07,36573,23084,17573,5511,15.068493150684931,2026-04-10
USD INDEX - ICE FUTURES U.S.,2026-04-14,32911,18970,13800,5170,15.70903345386041,2026-04-17
USD INDEX - ICE FUTURES U.S.,2026-04-21,30651,17617,12634,4983,16.257218361554273,2026-04-24
USD INDEX - ICE FUTURES U.S.,2026-04-28,30611,17180,12672,4508,14.726732220443632,2026-05-01
USD INDEX - ICE FUTURES U.S.,2026-05-05,32496,17048,16355,693,2.132570162481536,2026-05-08
USD INDEX - ICE FUTURES U.S.,2026-05-12,32108,18912,15725,3187,9.925875171296873,2026-05-15
USD INDEX - ICE FUTURES U.S.,2026-05-19,40626,21403,21882,-479,-1.179047900359376,2026-05-22
USD INDEX - ICE FUTURES U.S.,2026-05-26,42278,22732,21882,850,2.0105019158900608,2026-05-29
USD INDEX - ICE FUTURES U.S.,2026-06-02,43090,24584,20826,3758,8.721281039684381,2026-06-05
USD INDEX - ICE FUTURES U.S.,2026-06-09,50285,27908,26524,1384,2.7523118226111167,2026-06-12
USD INDEX - ICE FUTURES U.S.,2026-06-16,49411,31180,17983,13197,26.7086276335229,2026-06-19
USD INDEX - ICE FUTURES U.S.,2026-06-23,54908,34278,21350,12928,23.544838639178263,2026-06-26
USD INDEX - ICE FUTURES U.S.,2026-06-30,54306,32524,19508,13016,23.967885684823038,2026-07-03
USD INDEX - ICE FUTURES U.S.,2026-07-07,53384,31921,18652,13269,24.85576202607523,2026-07-10
USD INDEX - ICE FUTURES U.S.,2026-07-14,53293,31641,18468,13173,24.71806803895446,2026-07-17
USD INDEX - ICE FUTURES U.S.,2026-07-21,53953,33270,17656,15614,28.940003336237098,2026-07-24
