{"prereg_w": 0.075, "p_signal": 0.08113590263691683, "event_rets": [0.02614346520136089, 0.016138988723970567, 0.003173857612561305, 0.009755885242435902, 0.0038554487019781514, 0.016801819853374474, 0.0026729752980214866, 0.00932672872008578, -0.0014482119409902415, -0.016507867579442084, 0.012310557410737322, 0.008277807561716635, 0.014758823989773929, -0.03417196838249469, 0.03752584933530288, 0.11973007525350839, 0.021361081697483037, -0.0014681290900232845, -0.006791182949738447, 0.012512223002658009, 0.02351624481794942, 0.004684933552336845, 0.0014400783976289085, 0.0038318613480498548, 0.010192531204204401, -0.005416038756789051, 0.004586270645836258, 0.004529303613113707, 0.015574200844086299, -0.008925057768180585, -0.010067760848836458, 0.0005627490544801387, 0.005971569801356978, -0.0038837230665591483, -0.0014688147438077725, -0.01532212160413969, -0.014643091166585671, -0.01590365289519862, 0.022554984122232006, -0.0024935649935649866]}