Date,VIX,VIX9D,VIX3M,VVIX,MOVE,vix9d_vix,vix_vix3m,backwardation
2015-01-02,17.790000915527344,16.469999313354492,19.459999084472656,112.55000305175781,70.0,0.9258009255625874,0.9141830294186487,0
2015-01-05,19.920000076293945,19.450000762939453,20.790000915527344,121.87000274658203,71.5,0.9764056570504825,0.9581529196286074,0
2015-01-06,21.1200008392334,20.530000686645508,21.420000076293945,118.44999694824219,84.9000015258789,0.97206438782465,0.9859944334270772,0
2015-01-07,19.309999465942383,17.59000015258789,20.079999923706055,107.69000244140625,85.19999694824219,0.9109270139345107,0.9616533635114897,0
2015-01-08,17.010000228881836,15.039999961853027,18.65999984741211,98.44000244140625,85.19999694824219,0.8841857589346835,0.9115755824210735,0
2015-01-09,17.549999237060547,15.199999809265137,19.31999969482422,103.7699966430664,80.5999984741211,0.8660968928800357,0.9083850680267945,0
2015-01-12,19.600000381469727,18.200000762939453,20.479999542236328,109.04000091552734,81.9000015258789,0.9285714494243651,0.9570312900177678,0
2015-01-13,20.559999465942383,19.6299991607666,21.270000457763672,109.22000122070312,83.0,0.9547665209468353,0.9666196061804909,0
2015-01-14,21.479999542236328,21.229999542236328,20.93000030517578,113.5,85.30000305175781,0.9883612660461923,1.0262780329212198,1
2015-01-15,22.389999389648438,23.729999542236328,22.110000610351562,117.06999969482422,85.30000305175781,1.0598481549404335,1.0126638974024174,1
2015-01-16,20.950000762939453,21.479999542236328,21.149999618530273,111.31999969482422,92.5999984741211,1.0252982701668651,0.9905437891632114,0
2015-01-20,19.889999389648438,21.940000534057617,20.8700008392334,108.4000015258789,90.5999984741211,1.1030669284724104,0.9530425773753367,0
2015-01-21,18.850000381469727,20.360000610351562,20.040000915527344,98.62000274658203,88.30000305175781,1.0801061113169115,0.9406187385383009,0
2015-01-22,16.399999618530273,15.579999923706055,18.600000381469727,93.25,85.0999984741211,0.9500000174452623,0.881720391515088,0
2015-01-23,16.65999984741211,16.079999923706055,19.0,96.33000183105469,89.9000015258789,0.9651860786903819,0.8768420972322163,0
2015-01-26,15.520000457763672,14.890000343322754,18.030000686645508,91.94000244140625,85.30000305175781,0.9594072103183625,0.8607875688689826,0
2015-01-27,17.219999313354492,17.559999465942383,19.110000610351562,96.11000061035156,86.19999694824219,1.0197444928075121,0.9010988363876196,0
2015-01-28,20.440000534057617,21.780000686645508,21.440000534057617,108.68000030517578,86.4000015258789,1.065557735693556,0.953358210117043,0
2015-01-29,18.760000228881836,18.780000686645508,20.0,100.69999694824219,86.5999984741211,1.001066122469065,0.9380000114440918,0
2015-01-30,20.969999313354492,21.170000076293945,21.81999969482422,108.98999786376953,,1.00953747112486,0.9610448948965225,0
2015-02-02,19.43000030517578,19.389999389648438,20.90999984741211,106.73999786376953,88.0999984741211,0.9979412807566097,0.9292204900508645,0
2015-02-03,17.329999923706055,16.540000915527344,19.489999771118164,101.02999877929688,92.69999694824219,0.9544143674750941,0.8891739418790056,0
2015-02-04,18.329999923706055,17.479999542236328,20.43000030517578,103.73999786376953,92.30000305175781,0.9536279113471011,0.8972099681791141,0
2015-02-05,16.850000381469727,15.3100004196167,19.270000457763672,98.55999755859375,93.0,0.9086053455793036,0.8744161899944868,0
2015-02-06,17.290000915527344,14.930000305175781,19.8799991607666,101.69000244140625,93.69999694824219,0.8635048880632414,0.869718392626965,0
2015-02-09,18.549999237060547,16.8799991607666,20.670000076293945,104.19000244140625,95.0999984741211,0.9099730380065193,0.8974358572129475,0
2015-02-10,17.229999542236328,15.199999809265137,19.729999542236328,97.33000183105469,95.3499984741211,0.8821822526463218,0.8732894040545612,0
2015-02-11,16.959999084472656,14.279999732971191,19.709999084472656,98.7300033569336,94.19999694824219,0.8419811617823094,0.8604769087906035,0
2015-02-12,15.34000015258789,12.359999656677246,18.34000015258789,93.23999786376953,91.5999984741211,0.8057366058495175,0.8364231202268185,0
2015-02-13,14.6899995803833,11.760000228881836,18.1299991607666,92.73999786376953,91.4000015258789,0.8005446266033853,0.8102592531924946,0
2015-02-17,15.800000190734863,13.550000190734863,18.3799991607666,92.94999694824219,91.80000305175781,0.85759493842795,0.8596300822723144,0
2015-02-18,15.449999809265137,12.399999618530273,18.65999984741211,89.37999725341797,91.4000015258789,0.8025889819813575,0.8279742730763121,0
2015-02-19,15.289999961853027,12.34000015258789,18.010000228881836,87.5999984741211,98.5,0.8070634521500928,0.8489727799854847,0
2015-02-20,14.300000190734863,11.739999771118164,17.290000915527344,85.77999877929688,98.30000305175781,0.8209789940229963,0.8270676364101693,0
2015-02-23,14.5600004196167,12.15999984741211,17.540000915527344,86.12999725341797,97.69999694824219,0.8351648006155915,0.8301026031718967,0
2015-02-24,13.6899995803833,10.9399995803833,16.709999084472656,82.6500015258789,94.0999984741211,0.7991234416149628,0.8192699180399349,0
2015-02-25,13.84000015258789,11.640000343322754,16.8700008392334,86.56999969482422,91.5,0.8410404779617169,0.8203911952630824,0
2015-02-26,13.90999984741211,11.380000114440918,16.850000381469727,86.93000030517578,90.5,0.8181164801779717,0.8255192600891099,0
2015-02-27,13.34000015258789,10.600000381469727,16.889999389648438,85.2300033569336,91.4000015258789,0.7946027181576443,0.7898164970191607,0
2015-03-02,13.039999961853027,10.850000381469727,16.459999084472656,81.83999633789062,90.19999694824219,0.8320552464118186,0.7922236140434634,0
2015-03-03,13.859999656677246,11.8100004196167,16.780000686645508,85.05000305175781,91.80000305175781,0.8520924034747049,0.825983259208555,0
2015-03-04,14.229999542236328,12.279999732971191,16.90999984741211,84.0999984741211,90.69999694824219,0.8629655747017204,0.8415138776251423,0
2015-03-05,14.039999961853027,12.15999984741211,16.639999389648438,81.26000213623047,89.30000305175781,0.866096857581986,0.8437500286560803,0
2015-03-06,15.199999809265137,14.3100004196167,17.510000228881836,86.87999725341797,86.5999984741211,0.9414474078410225,0.8680753632540522,0
2015-03-09,15.0600004196167,14.199999809265137,17.309999465942383,85.55000305175781,84.0,0.9428950473845039,0.8700173821060722,0
2015-03-10,16.690000534057617,16.719999313354492,18.260000228881836,91.88999938964844,84.4000015258789,1.0017974103257612,0.9140197330150659,0
2015-03-11,16.8700008392334,16.780000686645508,18.530000686645508,97.27999877929688,85.0,0.9946650771718646,0.9104155539180059,0
2015-03-12,15.420000076293945,15.039999961853027,17.389999389648438,89.4800033569336,85.5999984741211,0.9753566723371737,0.8867165392468528,0
2015-03-13,16.0,15.25,17.889999389648438,93.12000274658203,86.0999984741211,0.953125,0.8943544184388271,0
2015-03-16,15.609999656677246,16.149999618530273,17.399999618530273,90.54000091552734,84.80000305175781,1.0345932077981848,0.8971264367186105,0
2015-03-17,15.65999984741211,16.719999313354492,17.479999542236328,88.25,86.30000305175781,1.0676883445894512,0.8958810215969047,0
2015-03-18,13.970000267028809,13.850000381469727,16.43000030517578,81.22000122070312,85.69999694824219,0.9914101729946062,0.850273889686294,0
2015-03-19,14.069999694824219,12.890000343322754,16.969999313354492,81.61000061035156,87.80000305175781,0.9161336618979786,0.8291102100252811,0
2015-03-20,13.020000457763672,10.729999542236328,16.709999084472656,80.48999786376953,86.5,0.8241166793383756,0.7791742173021527,0
2015-03-23,13.40999984741211,12.029999732971191,16.530000686645508,79.9800033569336,84.9000015258789,0.897091712890121,0.8112522256726807,0
2015-03-24,13.619999885559082,12.239999771118164,16.59000015258789,80.04000091552734,83.69999694824219,0.8986784048431531,0.8209764774133823,0
2015-03-25,15.4399995803833,15.279999732971191,17.56999969482422,83.5199966430664,84.19999694824219,0.989637315300488,0.8787706231396023,0
2015-03-26,15.800000190734863,15.920000076293945,17.56999969482422,87.02999877929688,86.19999694824219,1.00759492937408,0.8992601289224402,0
2015-03-27,15.069999694824219,14.6899995803833,17.389999389648438,86.5,86.19999694824219,0.9747843316432562,0.8665900071160888,0
2015-03-30,14.510000228881836,14.3100004196167,16.920000076293945,82.16000366210938,86.4000015258789,0.9862164158435338,0.8575650214807812,0
2015-03-31,15.289999961853027,15.5,17.540000915527344,84.01000213623047,86.0999984741211,1.01373446950104,0.8717217311156183,0
2015-04-01,15.109999656677246,14.289999961853027,17.34000015258789,82.81999969482422,85.5999984741211,0.9457313227362084,0.871395589602816,0
2015-04-02,14.670000076293945,13.90999984741211,17.219999313354492,80.20999908447266,84.30000305175781,0.9481935770327662,0.8519164147072313,0
2015-04-06,14.739999771118164,14.15999984741211,16.81999969482422,80.30000305175781,79.0,0.9606512935744737,0.8763376955145782,0
2015-04-07,14.779999732971191,13.899999618530273,16.799999237060547,79.69999694824219,77.80000305175781,0.9404600723721385,0.8797619288200165,0
2015-04-08,13.979999542236328,12.800000190734863,16.399999618530273,84.76000213623047,80.0,0.9155937489170544,0.8524390163058541,0
2015-04-09,13.09000015258789,11.40999984741211,16.020000457763672,80.70999908447266,78.80000305175781,0.8716577321931012,0.8171036066509079,0
2015-04-10,12.579999923706055,9.90999984741211,15.460000038146973,78.91000366210938,77.80000305175781,0.7877583392299922,0.8137128003017707,0
2015-04-13,13.9399995803833,12.489999771118164,16.31999969482422,83.80000305175781,75.80000305175781,0.8959827939087164,0.8541666569273454,0
2015-04-14,13.670000076293945,11.720000267028809,15.850000381469727,81.91000366210938,74.80000305175781,0.8573518801476263,0.8624605518795807,0
2015-04-15,12.84000015258789,10.59000015258789,15.6899995803833,79.83000183105469,73.0,0.8247663572226271,0.8183556721468194,0
2015-04-16,12.600000381469727,10.739999771118164,15.329999923706055,79.77999877929688,72.4000015258789,0.8523809084095756,0.8219178371935474,0
2015-04-17,13.890000343322754,12.90999984741211,16.139999389648438,85.97000122070312,74.4000015258789,0.9294456103896532,0.8605948493549049,0
2015-04-20,13.300000190734863,12.619999885559082,15.579999923706055,81.4800033569336,73.5,0.9488721582388031,0.8536585530079488,0
2015-04-21,13.25,12.579999923706055,15.520000457763672,81.29000091552734,72.9000015258789,0.9494339565061173,0.8537370882210165,0
2015-04-22,12.710000038146973,11.829999923706055,15.460000038146973,79.69999694824219,72.9000015258789,0.9307631698033247,0.8221216045786237,0
2015-04-23,12.479999542236328,11.84000015258789,15.170000076293945,78.16999816894531,73.19999694824219,0.9487179957433112,0.8226763005584118,0
2015-04-24,12.289999961853027,10.859999656677246,15.260000228881836,76.43000030517578,71.5999984741211,0.8836452148401657,0.8053735109775662,0
2015-04-27,13.119999885559082,12.720000267028809,15.930000305175781,81.22000122070312,71.0,0.9695122239314541,0.8236032413192291,0
2015-04-28,12.40999984741211,11.869999885559082,15.3100004196167,77.68000030517578,72.9000015258789,0.9564867068096189,0.8105812872161113,0
2015-04-29,13.390000343322754,13.260000228881836,15.970000267028809,82.2699966430664,73.9000015258789,0.9902912538381117,0.8384470957691437,0
2015-04-30,14.550000190734863,15.0600004196167,16.479999542236328,87.08000183105469,75.30000305175781,1.0350515616629747,0.8828883856122022,0
2015-05-01,12.699999809265137,11.770000457763672,15.380000114440918,79.63999938964844,78.9000015258789,0.9267717035064053,0.8257477057715091,0
2015-05-04,12.850000381469727,12.010000228881836,15.430000305175781,78.55999755859375,81.0999984741211,0.9346303402605958,0.8327932681348924,0
2015-05-05,14.3100004196167,14.640000343322754,16.31999969482422,84.44999694824219,87.69999694824219,1.0230607906379707,0.8768382774023594,0
2015-05-06,15.149999618530273,16.049999237060547,16.719999313354492,90.80000305175781,91.0,1.059405916910352,0.906100492864839,0
2015-05-07,15.130000114440918,15.59000015258789,16.739999771118164,89.20999908447266,89.5999984741211,1.0304031747962727,0.9038231972108501,0
2015-05-08,12.859999656677246,11.319999694824219,15.5600004196167,79.44000244140625,80.9000015258789,0.8802488333618719,0.826478104747637,0
2015-05-11,13.850000381469727,13.40999984741211,16.100000381469727,83.11000061035156,84.0999984741211,0.9682310092463026,0.8602484505162102,0
2015-05-12,13.859999656677246,13.819999694824219,16.399999618530273,84.63999938964844,87.4000015258789,0.9971139997948155,0.8451219499430296,0
2015-05-13,13.760000228881836,13.489999771118164,16.290000915527344,84.44999694824219,85.5999984741211,0.9803778740354271,0.8446899604386175,0
2015-05-14,12.739999771118164,11.59000015258789,15.90999984741211,82.33999633789062,83.19999694824219,0.9097331523398182,0.8007542359084578,0
2015-05-15,12.380000114440918,10.770000457763672,15.569999694824219,80.93000030517578,83.19999694824219,0.8699515636676588,0.795118841174819,0
2015-05-18,12.729999542236328,11.010000228881836,15.229999542236328,82.05999755859375,88.19999694824219,0.864886144917148,0.8358502905356682,0
2015-05-19,12.850000381469727,11.149999618530273,15.279999732971191,77.52999877929688,87.66999816894531,0.867704224710302,0.8409686260492524,0
2015-05-20,12.880000114440918,10.479999542236328,15.149999618530273,77.02999877929688,87.6500015258789,0.8136645535030909,0.8501650454622538,0
2015-05-21,12.109999656677246,9.949999809265137,14.609999656677246,73.18000030517578,86.0999984741211,0.8216350199299037,0.8288843217831686,0
2015-05-22,12.130000114440918,9.600000381469727,14.479999542236328,75.9800033569336,87.66999816894531,0.791426239975118,0.8377072167066885,0
2015-05-26,14.0600004196167,13.319999694824219,15.479999542236328,81.94000244140625,85.36000061035156,0.9473683710734445,0.9082687878158369,0
2015-05-27,13.270000457763672,11.930000305175781,14.989999771118164,77.79000091552734,84.0,0.8990203386312683,0.8852568819468241,0
2015-05-28,13.3100004196167,12.229999542236328,15.010000228881836,77.3499984741211,82.69999694824219,0.9188579381418628,0.8867421863196215,0
2015-05-29,13.84000015258789,13.670000076293945,15.380000114440918,79.06999969482422,82.69999694824219,0.9877167576286364,0.8998699642136506,0
2015-06-01,13.970000267028809,13.850000381469727,15.40999984741211,78.88999938964844,83.55000305175781,0.9914101729946062,0.9065542118986375,0
2015-06-02,14.239999771118164,13.989999771118164,15.710000038146973,80.61000061035156,87.5,0.9824438199425357,0.9064290093278575,0
2015-06-03,13.65999984741211,12.699999809265137,15.359999656677246,79.2699966430664,91.80999755859375,0.929721811942125,0.8893229266104756,0
2015-06-04,14.710000038146973,15.020000457763672,16.280000686645508,87.98999786376953,92.20999908447266,1.0210741277235067,0.9035626177960541,0
2015-06-05,14.210000038146973,13.699999809265137,15.960000038146973,84.0999984741211,88.9000015258789,0.9641097658330238,0.8903508774550616,0
2015-06-08,15.289999961853027,15.890000343322754,16.600000381469727,86.5,87.5999984741211,1.0392413592522345,0.9210843138847739,0
2015-06-09,14.470000267028809,15.050000190734863,16.25,84.33999633789062,87.19999694824219,1.0400829241881657,0.8904615548940805,0
2015-06-10,13.220000267028809,13.319999694824219,15.329999923706055,81.5999984741211,89.80000305175781,1.0075642530843825,0.8623614046198149,0
2015-06-11,12.850000381469727,12.380000114440918,15.100000381469727,79.52999877929688,87.80000305175781,0.9634241048189719,0.8509933812477823,0
2015-06-12,13.779999732971191,14.15999984741211,15.609999656677246,85.55000305175781,87.69999694824219,1.027576206226746,0.8827674590676071,0
2015-06-15,15.390000343322754,16.68000030517578,16.6200008392334,96.12000274658203,86.0,1.0838206584194598,0.9259927536822328,0
2015-06-16,14.8100004196167,16.290000915527344,16.200000762939453,95.95999908447266,85.69999694824219,1.0999325087087979,0.9141975137123054,0
2015-06-17,14.5,15.220000267028809,16.219999313354492,93.19000244140625,82.4000015258789,1.049655190829573,0.8939581142929915,0
2015-06-18,13.1899995803833,13.109999656677246,15.4399995803833,89.19999694824219,82.5999984741211,0.9939348046814926,0.8542746074385487,0
2015-06-19,13.960000038146973,14.319999694824219,15.90999984741211,92.16000366210938,84.69999694824219,1.0257879409522574,0.8774355859228798,0
2015-06-22,12.739999771118164,13.149999618530273,14.989999771118164,83.87000274658203,84.4000015258789,1.0321820922117744,0.849899930996986,0
2015-06-23,12.109999656677246,12.170000076293945,14.539999961853027,78.8499984741211,84.19999694824219,1.0049546177801596,0.8328748066333492,0
2015-06-24,13.260000228881836,14.8100004196167,15.180000305175781,82.52999877929688,82.69999694824219,1.1168929233770888,0.8735177840780872,0
2015-06-25,14.010000228881836,15.130000114440918,15.520000457763672,83.51000213623047,83.31999969482422,1.0799428884555038,0.9027061736891587,0
2015-06-26,14.020000457763672,15.489999771118164,15.460000038146973,83.08999633789062,84.30000305175781,1.1048501615804491,0.9068564309941685,0
2015-06-29,18.850000381469727,22.559999465942383,18.719999313354492,117.0,89.80000305175781,1.1968169235752233,1.006944501756605,1
2015-06-30,18.229999542236328,20.93000030517578,18.469999313354492,110.16999816894531,92.30000305175781,1.148107560654839,0.9870059675126985,0
2015-07-01,16.09000015258789,17.229999542236328,16.790000915527344,97.5999984741211,90.30000305175781,1.070851421928985,0.9583084738076402,0
2015-07-02,16.790000915527344,17.969999313354492,17.68000030517578,105.13999938964844,88.0,1.0702798292724267,0.949660668875221,0
2015-07-06,17.010000228881836,16.649999618530273,18.040000915527344,105.97000122070312,86.18000030517578,0.9788359432388304,0.9429046211544829,0
2015-07-07,16.09000015258789,15.90999984741211,17.020000457763672,99.3499984741211,90.5,0.9888129084233209,0.9453583854193399,0
2015-07-08,19.65999984741211,20.959999084472656,19.25,111.66999816894531,89.4000015258789,1.0661240715742766,1.0212986933720576,1
2015-07-09,19.969999313354492,22.059999465942383,19.780000686645508,115.36000061035156,89.30000305175781,1.1046569967175837,1.009605592523425,1
2015-07-10,16.829999923706055,17.239999771118164,17.729999542236328,101.19000244140625,90.19999694824219,1.0243612506993895,0.9492385988851101,0
2015-07-13,13.899999618530273,13.319999694824219,15.9399995803833,85.94999694824219,84.69999694824219,0.9582733856385975,0.8720200743064278,0
2015-07-14,13.369999885559082,12.180000305175781,15.460000038146973,87.3499984741211,80.80000305175781,0.9109947950210069,0.8648124096099034,0
2015-07-15,13.229999542236328,12.399999618530273,15.600000381469727,90.80999755859375,79.0999984741211,0.9372637980026902,0.8480768729949151,0
2015-07-16,12.109999656677246,10.350000381469727,14.729999542236328,87.12000274658203,76.0,0.8546656213786855,0.8221317062470654,0
2015-07-17,11.949999809265137,9.720000267028809,14.609999656677246,85.31999969482422,74.20999908447266,0.8133891566669856,0.8179329288213636,0
2015-07-20,12.25,11.100000381469727,14.850000381469727,84.37999725341797,72.80000305175781,0.9061224801199776,0.8249158037252252,0
2015-07-21,12.220000267028809,11.319999694824219,14.75,82.55999755859375,72.4000015258789,0.9263502002833084,0.8284745943748345,0
2015-07-22,12.119999885559082,11.199999809265137,14.8100004196167,78.88999938964844,72.0999984741211,0.9240924022293003,0.8183659380255954,0
2015-07-23,12.640000343322754,11.90999984741211,14.920000076293945,81.63999938964844,72.5999984741211,0.9422467977782709,0.8471850052739723,0
2015-07-24,13.739999771118164,13.050000190734863,15.649999618530273,88.36000061035156,73.0,0.9497816890918952,0.8779552783406724,0
2015-07-27,15.600000381469727,16.610000610351562,16.780000686645508,97.31999969482422,72.19999694824219,1.0647436028323147,0.9296781730101541,0
2015-07-28,13.4399995803833,13.619999885559082,15.430000305175781,84.7699966430664,71.9000015258789,1.013392880267534,0.8710304157204092,0
2015-07-29,12.5,12.180000305175781,14.920000076293945,82.94000244140625,69.70999908447266,0.9744000244140625,0.8378016042949604,0
2015-07-30,12.130000114440918,11.0600004196167,14.710000038146973,80.6500015258789,71.19999694824219,0.9117889790000603,0.8246091150907258,0
2015-07-31,12.119999885559082,10.670000076293945,14.899999618530273,81.7699966430664,75.80000305175781,0.88036305091118,0.8134228319365951,0
2015-08-03,12.5600004196167,12.119999885559082,14.84000015258789,79.43000030517578,74.69999694824219,0.9649681115161105,0.8463612055574278,0
2015-08-04,13.0,12.420000076293945,15.130000114440918,80.81999969482422,80.47000122070312,0.9553846212533804,0.8592200860323903,0
2015-08-05,12.510000228881836,11.510000228881836,14.880000114440918,80.0999984741211,80.69999694824219,0.92006395030343,0.8407258153675001,0
2015-08-06,13.770000457763672,13.65999984741211,15.550000190734863,84.36000061035156,80.30000305175781,0.9920115754034312,0.8855305652001364,0
2015-08-07,13.390000343322754,13.039999961853027,15.420000076293945,82.56999969482422,76.19999694824219,0.9738610625470027,0.8683528065546493,0
2015-08-10,12.229999542236328,11.4399995803833,14.989999771118164,80.20999908447266,75.30000305175781,0.9354047431379894,0.8158772334206676,0
2015-08-11,13.710000038146973,14.130000114440918,15.9399995803833,85.22000122070312,78.0999984741211,1.0306345787837585,0.8601004014466415,0
2015-08-12,13.609999656677246,14.270000457763672,15.869999885559082,88.12999725341797,81.5,1.0484938146756397,0.8575929272098909,0
2015-08-13,13.489999771118164,13.630000114440918,15.75,88.36000061035156,80.0,1.0103780834468576,0.8565079219757564,0
2015-08-14,12.829999923706055,11.770000457763672,15.510000228881836,89.37999725341797,77.0999984741211,0.9173811790923072,0.8272082356139984,0
2015-08-17,13.020000457763672,11.289999961853027,15.210000038146973,87.3499984741211,76.0999984741211,0.8671274627429781,0.856015807042029,0
2015-08-18,13.789999961853027,12.140000343322754,15.609999656677246,88.83999633789062,82.69999694824219,0.8803481056494104,0.8834080887346012,0
2015-08-19,15.25,14.34000015258789,16.5,91.83999633789062,81.5,0.9403278788582223,0.9242424242424242,0
2015-08-20,19.139999389648438,20.8799991607666,18.829999923706055,108.75,84.5999984741211,1.0909090818497735,1.0164630625171756,1
2015-08-21,28.030000686645508,38.959999084472656,23.469999313354492,138.57000732421875,88.5,1.3899392839841986,1.194290647920742,1
2015-08-24,40.7400016784668,54.61000061035156,31.139999389648438,168.75,94.5,1.3404516043310764,1.3082852433198695,1
2015-08-25,36.02000045776367,44.91999816894531,29.579999923706055,152.4199981689453,91.0999984741211,1.2470848861209094,1.2177146906919516,1
2015-08-26,30.31999969482422,37.880001068115234,25.649999618530273,134.30999755859375,92.0,1.2493404171960314,1.1820662824852524,1
2015-08-27,26.100000381469727,28.889999389648438,24.860000610351562,128.58999633789062,91.4000015258789,1.106896512160955,1.049879313784161,1
2015-08-28,26.049999237060547,27.110000610351562,25.34000015258789,127.18000030517578,91.0999984741211,1.0406910327960004,1.0280189060851346,1
2015-08-31,28.43000030517578,28.260000228881836,26.530000686645508,127.27999877929688,87.69999694824219,0.9940203983654902,1.0716170210838585,1
2015-09-01,31.399999618530273,31.209999084472656,29.530000686645508,128.94000244140625,88.69999694824219,0.9939490275042714,1.063325394121323,1
2015-09-02,26.09000015258789,24.260000228881836,26.190000534057617,114.43000030517578,93.0999984741211,0.9298581865464445,0.9961817342714565,0
2015-09-03,25.610000610351562,23.989999771118164,26.200000762939453,118.16000366210938,91.4000015258789,0.9367434283239106,0.977480910862321,0
2015-09-04,27.799999237060547,26.8799991607666,28.06999969482422,123.1500015258789,86.80000305175781,0.966906471167543,0.9903811734699286,0
2015-09-08,24.899999618530273,24.420000076293945,25.690000534057617,117.62000274658203,85.19999694824219,0.980722909655022,0.9692486999180857,0
2015-09-09,26.229999542236328,27.899999618530273,26.309999465942383,131.3000030517578,85.0999984741211,1.0636675602530934,0.9969593338909181,0
2015-09-10,24.3700008392334,26.110000610351562,25.649999618530273,127.05999755859375,83.5999984741211,1.0713992495362137,0.9500975127355492,0
2015-09-11,23.200000762939453,23.43000030517578,24.68000030517578,119.08999633789062,83.80000305175781,1.009913773046238,0.9400324342003371,0
2015-09-14,24.25,25.520000457763672,23.700000762939453,118.01000213623047,82.69999694824219,1.052371152897471,1.0232067181162543,1
2015-09-15,22.540000915527344,24.6200008392334,23.1200008392334,109.33999633789062,85.0,1.092280383283977,0.9749134990202152,0
2015-09-16,21.350000381469727,23.75,22.329999923706055,107.0199966430664,84.9000015258789,1.112412158109997,0.95611287301457,0
2015-09-17,21.139999389648438,22.25,21.139999389648438,118.08999633789062,77.69999694824219,1.0525071259413135,1.0,0
2015-09-18,22.280000686645508,21.780000686645508,23.200000762939453,116.26000213623047,75.80000305175781,0.9775583489860619,0.9603448256017479,0
2015-09-21,20.139999389648438,19.610000610351562,21.59000015258789,103.4000015258789,74.5,0.9736842703396861,0.9328392425802902,0
2015-09-22,22.440000534057617,23.450000762939453,23.280000686645508,111.36000061035156,75.5999984741211,1.0450089217845133,0.9639175202829889,0
2015-09-23,22.1299991607666,22.459999084472656,22.8799991607666,105.86000061035156,69.19999694824219,1.0149118814378943,0.9672202785179267,0
2015-09-24,23.469999313354492,24.219999313354492,23.459999084472656,110.12000274658203,76.4000015258789,1.0319556890473895,1.0004262672323996,1
2015-09-25,23.6200008392334,22.889999389648438,24.399999618530273,110.54000091552734,75.9000015258789,0.9690939278726692,0.9680328364142877,0
2015-09-28,27.6299991607666,30.260000228881836,26.3799991607666,115.30999755859375,76.9000015258789,1.0951864331523296,1.0473843836151082,1
2015-09-29,26.829999923706055,28.559999465942383,26.0,110.98999786376953,83.30000305175781,1.0644800427564578,1.0319230739886944,1
2015-09-30,24.5,25.700000762939453,24.75,103.27999877929688,81.5999984741211,1.0489796229771204,0.98989898989899,0
2015-10-01,22.549999237060547,21.93000030517578,23.829999923706055,98.2699966430664,81.5,0.9725055896735549,0.9462861648869682,0
2015-10-02,20.940000534057617,19.350000381469727,22.600000381469727,95.06999969482422,78.9000015258789,0.924068762557964,0.9265486805578471,0
2015-10-05,19.540000915527344,19.020000457763672,21.329999923706055,92.29000091552734,77.5,0.9733879000307284,0.9160806837983475,0
2015-10-06,19.399999618530273,18.190000534057617,21.59000015258789,92.45999908447266,80.30000305175781,0.9376289119450857,0.8985641260500357,0
2015-10-07,18.399999618530273,16.389999389648438,20.709999084472656,89.43000030517578,80.0,0.8907608548612357,0.8884597021699384,0
2015-10-08,17.420000076293945,15.470000267028809,20.09000015258789,88.41999816894531,79.5,0.8880597129319879,0.8670980559475003,0
2015-10-09,17.079999923706055,14.270000457763672,19.850000381469727,89.08000183105469,78.19999694824219,0.8354801242099383,0.8604533801243899,0
2015-10-12,16.170000076293945,14.729999542236328,19.260000228881836,88.2699966430664,,0.9109461640529778,0.8395638569124106,0
2015-10-13,17.670000076293945,16.530000686645508,20.5,98.3499984741211,76.30000305175781,0.9354839057879881,0.861951223233851,0
2015-10-14,18.030000686645508,16.899999618530273,20.809999465942383,102.29000091552734,74.80000305175781,0.9373266209051114,0.8664104348562518,0
2015-10-15,16.049999237060547,13.850000381469727,19.43000030517578,96.61000061035156,74.5999984741211,0.862928413696689,0.8260421505389856,0
2015-10-16,15.050000190734863,12.890000343322754,18.670000076293945,97.58000183105469,74.69999694824219,0.8564784172732531,0.8061060594126327,0
2015-10-19,14.979999542236328,13.869999885559082,17.860000610351562,94.37999725341797,71.0,0.9259012222565437,0.8387457463777465,0
2015-10-20,15.75,15.010000228881836,18.600000381469727,97.11000061035156,71.0999984741211,0.9530158875480531,0.8467741761817896,0
2015-10-21,16.700000762939453,16.670000076293945,19.459999084472656,106.0199966430664,69.69999694824219,0.9982035517799445,0.8581706859516024,0
2015-10-22,14.449999809265137,13.100000381469727,17.15999984741211,97.06999969482422,70.0,0.9065744328294171,0.8420745884472914,0
2015-10-23,14.460000038146973,13.149999618530273,17.479999542236328,97.20999908447266,70.80000305175781,0.9094052270981478,0.8272311451271933,0
2015-10-26,15.289999961853027,15.199999809265137,17.989999771118164,98.0999984741211,69.69999694824219,0.9941137898749227,0.8499166290374378,0
2015-10-27,15.430000305175781,16.309999465942383,18.139999389648438,95.20999908447266,69.80000305175781,1.0570317008011605,0.8506064401513094,0
2015-10-28,14.329999923706055,14.569999694824219,17.489999771118164,88.27999877929688,70.30000305175781,1.0167480650660112,0.8193253351191963,0
2015-10-29,14.609999656677246,14.539999961853027,17.809999465942383,88.5999984741211,73.0999984741211,0.995208781898073,0.8203256650633586,0
2015-10-30,15.069999694824219,14.3100004196167,18.399999618530273,90.2699966430664,73.0999984741211,0.9495687265694809,0.8190217395247944,0
2015-11-02,14.149999618530273,13.680000305175781,17.420000076293945,86.75,73.19999694824219,0.9667844999275477,0.8122847047392576,0
2015-11-03,14.539999961853027,13.8100004196167,17.469999313354492,87.33999633789062,73.30000305175781,0.9497937039785731,0.8322839458120813,0
2015-11-04,15.510000228881836,14.760000228881836,18.309999465942383,89.45999908447266,77.5999984741211,0.9516441012938612,0.8470781366067923,0
2015-11-05,15.050000190734863,14.220000267028809,17.809999465942383,87.68000030517578,76.69999694824219,0.9448505041071679,0.8450309175760843,0
2015-11-06,14.329999923706055,12.600000381469727,17.450000762939453,85.02999877929688,74.30000305175781,0.8792742811272177,0.8212033981190592,0
2015-11-09,16.520000457763672,16.389999389648438,18.850000381469727,92.97000122070312,,0.9921306861674971,0.8763925794931795,0
2015-11-10,15.289999961853027,14.289999961853027,18.020000457763672,86.95999908447266,70.5,0.9345977761612232,0.848501641145383,0
2015-11-11,16.059999465942383,15.600000381469727,18.450000762939453,91.25,,0.971357465767782,0.8704606396657788,0
2015-11-12,18.3700008392334,18.389999389648438,20.170000076293945,98.19000244140625,,1.001088652667469,0.91075859046842,0
2015-11-13,20.079999923706055,20.43000030517578,21.579999923706055,106.05999755859375,68.30000305175781,1.0174302979481848,0.930491195305695,0
2015-11-16,18.15999984741211,16.809999465942383,19.979999542236328,96.70999908447266,67.69999694824219,0.9256607713208704,0.9089089220959757,0
2015-11-17,18.84000015258789,17.020000457763672,20.43000030517578,100.37000274658203,72.30000305175781,0.9033970445815405,0.922173268289914,0
2015-11-18,16.850000381469727,13.329999923706055,19.219999313354492,93.47000122070312,71.69999694824219,0.7910979004110478,0.8766909980981094,0
2015-11-19,16.989999771118164,13.619999885559082,19.639999389648438,96.18000030517578,70.5,0.801648032315583,0.8650712983256509,0
2015-11-20,15.470000267028809,12.399999618530273,18.940000534057617,90.79000091552734,70.5,0.8015513512923704,0.8167898537917616,0
2015-11-23,15.619999885559082,14.069999694824219,18.6299991607666,88.55000305175781,70.80000305175781,0.9007682329007018,0.8384326671604819,0
2015-11-24,15.930000305175781,14.539999961853027,18.709999084472656,89.63999938964844,70.9000015258789,0.9127432318459446,0.8514164128632169,0
2015-11-25,15.1899995803833,14.350000381469727,18.190000534057617,86.13999938964844,70.0,0.9447005120396206,0.8350741690162495,0
2015-11-27,15.119999885559082,14.210000038146973,17.350000381469727,88.3499984741211,69.5999984741211,0.9398148244510743,0.87146971487722,0
2015-11-30,16.1299991607666,16.600000381469727,18.489999771118164,90.83999633789062,69.9000015258789,1.029138328899999,0.8723634051073412,0
2015-12-01,14.670000076293945,13.989999771118164,17.579999923706055,87.31999969482422,71.0,0.9536468778705304,0.8344709977223567,0
2015-12-02,15.90999984741211,15.970000267028809,18.329999923706055,92.94000244140625,72.30000305175781,1.0037712394841072,0.8679759909238092,0
2015-12-03,18.110000610351562,18.709999084472656,20.110000610351562,101.80000305175781,74.5999984741211,1.0331307815516106,0.9005469945649576,0
2015-12-04,14.8100004196167,13.649999618530273,18.170000076293945,89.19000244140625,71.30000305175781,0.9216744923551833,0.8150798215427102,0
2015-12-07,15.84000015258789,16.0,18.649999618530273,94.30000305175781,70.55999755859375,1.0101010003706326,0.849329784267104,0
2015-12-08,17.600000381469727,18.809999465942383,20.059999465942383,99.16000366210938,72.69999694824219,1.068749946491286,0.8773679386856809,0
2015-12-09,19.610000610351562,22.06999969482422,21.049999237060547,113.83000183105469,72.4000015258789,1.1254461503266906,0.9315915116911867,0
2015-12-10,19.34000015258789,20.420000076293945,20.760000228881836,113.80000305175781,72.30000305175781,1.0558428084377,0.9315992263661729,0
2015-12-11,24.389999389648438,28.0,24.3799991607666,131.08999633789062,75.0,1.1480115088434037,1.0004101816745723,1
2015-12-14,22.729999542236328,25.780000686645508,23.299999237060547,122.22000122070312,78.19999694824219,1.1341839509825657,0.9755364929833308,0
2015-12-15,20.950000762939453,23.049999237060547,21.860000610351562,114.37000274658203,79.5999984741211,1.100238586999767,0.9583714628543428,0
2015-12-16,17.860000610351562,18.809999465942383,19.56999969482422,108.93000030517578,70.19999694824219,1.053191423467265,0.912621404642898,0
2015-12-17,18.940000534057617,18.8799991607666,20.3700008392334,113.5199966430664,67.69999694824219,0.9968320289546391,0.9297987115237842,0
2015-12-18,20.700000762939453,19.3799991607666,21.260000228881836,118.31999969482422,67.80000305175781,0.9362318090086192,0.9736594797782918,0
2015-12-21,18.700000762939453,17.549999237060547,21.110000610351562,109.44000244140625,66.4000015258789,0.9385025947080156,0.8858361071657035,0
2015-12-22,16.600000381469727,15.0600004196167,19.84000015258789,100.91000366210938,66.9000015258789,0.9072289200925501,0.8366935611794567,0
2015-12-23,15.569999694824219,13.640000343322754,19.329999923706055,99.61000061035156,66.0,0.8760437129524777,0.8054836914784143,0
2015-12-24,15.739999771118164,13.470000267028809,19.690000534057617,99.87999725341797,65.5,0.8557814779480079,0.7993905202741274,0
2015-12-28,16.90999984741211,15.789999961853027,19.68000030517578,99.23999786376953,67.19999694824219,0.9337670079440902,0.8592479464019536,0
2015-12-29,16.079999923706055,14.739999771118164,19.100000381469727,95.12999725341797,67.19999694824219,0.9166666567819826,0.8418847959451566,0
2015-12-30,17.290000915527344,15.960000038146973,19.59000015258789,100.81999969482422,67.30000305175781,0.9230768764051389,0.8825931996352379,0
2015-12-31,18.209999084472656,17.520000457763672,19.799999237060547,100.19999694824219,67.80000305175781,0.9621088049753207,0.91969695889625,0
2016-01-04,20.700000762939453,21.93000030517578,22.010000228881836,107.69000244140625,68.80000305175781,1.059420265550834,0.9404816241563059,0
2016-01-05,19.34000015258789,19.3700008392334,20.520000457763672,101.83999633789062,71.41999816894531,1.0015512247367533,0.9424951131163678,0
2016-01-06,20.59000015258789,20.600000381469727,21.270000457763672,103.05999755859375,71.68000030517578,1.0004856837691951,0.9680300756680249,0
2016-01-07,24.989999771118164,26.190000534057617,24.6200008392334,116.55000305175781,74.20999908447266,1.0480192386526685,1.0150283882726419,1
2016-01-08,27.010000228881836,27.979999542236328,26.229999542236328,116.45999908447266,71.01000213623047,1.0359125992274991,1.0297369691291656,1
2016-01-11,24.299999237060547,24.209999084472656,24.729999542236328,109.62999725341797,71.0199966430664,0.996296289900675,0.9826121992262319,0
2016-01-12,22.469999313354492,22.299999237060547,22.530000686645508,104.5199966430664,,0.9924343532937756,0.9973368232817418,0
2016-01-13,25.219999313354492,25.56999969482422,24.889999389648438,117.13999938964844,74.45999908447266,1.0138778902061427,1.0132583339412735,1
2016-01-14,23.950000762939453,24.6299991607666,23.530000686645508,110.06999969482422,73.61000061035156,1.0283924165413552,1.017849556482687,1
2016-01-15,27.020000457763672,29.600000381469727,26.8799991607666,116.41000366210938,78.05999755859375,1.0954848216134927,1.0052083817473259,1
2016-01-19,26.049999237060547,30.43000030517578,26.440000534057617,113.76000213623047,77.31999969482422,1.1681382417042048,0.9852495730287635,0
2016-01-20,27.59000015258789,32.849998474121094,27.809999465942383,112.87999725341797,81.81999969482422,1.1906487239015047,0.9920892010938758,0
2016-01-21,26.690000534057617,29.989999771118164,26.709999084472656,108.37999725341797,80.7300033569336,1.123641782354017,0.9992512710183257,0
2016-01-22,22.34000015258789,22.59000015258789,24.280000686645508,98.91999816894531,77.3499984741211,1.0111906892700284,0.9200988270513247,0
2016-01-25,24.149999618530273,26.040000915527344,25.25,102.87999725341797,75.41000366210938,1.0782609245072978,0.9564356284566445,0
2016-01-26,22.5,24.25,23.290000915527344,98.4000015258789,75.16000366210938,1.0777777777777777,0.9660798246254833,0
2016-01-27,23.110000610351562,24.510000228881836,24.469999313354492,100.04000091552734,71.94000244140625,1.0605798174623664,0.9444217923512278,0
2016-01-28,22.420000076293945,23.399999618530273,24.020000457763672,96.55999755859375,70.9800033569336,1.0437109517797256,0.9333888280192526,0
2016-01-29,20.200000762939453,19.3700008392334,22.65999984741211,89.94999694824219,74.0,0.9589108964179428,0.8914386981007151,0
2016-02-01,19.979999542236328,19.68000030517578,22.010000228881836,89.6500015258789,73.45999908447266,0.9849850228261332,0.9077691655822105,0
2016-02-02,21.979999542236328,22.190000534057617,23.40999984741211,97.5999984741211,77.48999786376953,1.009554185450175,0.9389149801581966,0
2016-02-03,21.649999618530273,22.350000381469727,23.200000762939453,97.31999969482422,79.62000274658203,1.0323325993197858,0.9331896080415131,0
2016-02-04,21.84000015258789,21.75,23.65999984741211,95.22000122070312,83.76000213623047,0.9958791139212869,0.9230769354792161,0
2016-02-05,23.3799991607666,22.959999084472656,24.479999542236328,100.55000305175781,81.66999816894531,0.9820359242356717,0.9550653430539551,0
2016-02-08,26.0,26.399999618530273,25.979999542236328,104.52999877929688,89.2699966430664,1.0153846007127028,1.000769840574137,1
2016-02-09,26.540000915527344,26.84000015258789,26.799999237060547,103.05999755859375,91.61000061035156,1.0113036634028536,0.9902985698158654,0
2016-02-10,26.290000915527344,25.530000686645508,26.719999313354492,106.19000244140625,86.31999969482422,0.9710916621371068,0.9839072451767528,0
2016-02-11,28.139999389648438,27.360000610351562,27.719999313354492,107.20999908447266,96.30999755859375,0.9722814926718227,1.0151515182791366,1
2016-02-12,25.399999618530273,22.709999084472656,26.229999542236328,103.25,93.72000122070312,0.8940944655725444,0.9683568456656065,0
2016-02-16,24.110000610351562,21.809999465942383,25.010000228881836,94.19999694824219,86.81999969482422,0.9046038537459978,0.9640144098243173,0
2016-02-17,22.309999465942383,20.270000457763672,23.549999237060547,88.95999908447266,84.79000091552734,0.9085612255933534,0.9473460802000035,0
2016-02-18,21.639999389648438,19.530000686645508,23.200000762939453,87.52999877929688,86.12000274658203,0.9024954361129855,0.9327585637073331,0
2016-02-19,20.530000686645508,18.219999313354492,22.799999237060547,86.25,90.0999984741211,0.8874816709191032,0.9004386567379686,0
2016-02-22,19.3799991607666,18.389999389648438,21.6200008392334,86.19000244140625,85.1500015258789,0.9489164182668105,0.8963921558040873,0
2016-02-23,20.979999542236328,20.690000534057617,22.440000534057617,89.66999816894531,83.9800033569336,0.9861773586984646,0.9349375687578342,0
2016-02-24,20.719999313354492,20.719999313354492,22.34000015258789,86.73999786376953,85.08999633789062,1.0,0.9274842959638147,0
2016-02-25,19.110000610351562,17.790000915527344,21.239999771118164,83.51000213623047,84.44000244140625,0.9309262348160681,0.8997175525555823,0
2016-02-26,19.809999465942383,18.559999465942383,21.860000610351562,83.72000122070312,82.54000091552734,0.9369005535740161,0.9062213592327887,0
2016-02-29,20.549999237060547,20.360000610351562,22.389999389648438,85.05999755859375,83.38999938964844,0.990754324391101,0.917820446505301,0
2016-03-01,17.700000762939453,17.040000915527344,20.280000686645508,79.44999694824219,84.22000122070312,0.962711874634829,0.8727810731581978,0
2016-03-02,17.09000015258789,15.779999732971191,19.920000076293945,78.83999633789062,83.6500015258789,0.9233469626728863,0.8579317312817718,0
2016-03-03,16.700000762939453,15.90999984741211,19.489999771118164,79.41000366210938,81.72000122070312,0.9526945581175955,0.856849715703273,0
2016-03-04,16.860000610351562,15.859999656677246,19.6299991607666,81.97000122070312,78.01000213623047,0.9406879645626854,0.858889522728494,0
2016-03-07,17.350000381469727,17.65999984741211,19.899999618530273,82.30000305175781,77.83000183105469,1.0178674039842368,0.8718593323647069,0
2016-03-08,18.670000076293945,19.170000076293945,21.040000915527344,87.45999908447266,80.72000122070312,1.026780931866994,0.8873573794626426,0
2016-03-09,18.34000015258789,18.790000915527344,20.75,92.86000061035156,80.36000061035156,1.024536573565729,0.8838554290403803,0
2016-03-10,18.049999237060547,17.65999984741211,20.709999084472656,94.7699966430664,80.8499984741211,0.9783933847017742,0.8715596347173937,0
2016-03-11,16.5,15.199999809265137,19.469999313354492,92.3499984741211,81.41999816894531,0.9212121096524325,0.8474576570058034,0
2016-03-14,16.920000076293945,15.989999771118164,19.420000076293945,89.73999786376953,79.12000274658203,0.9450354432043547,0.8712667358301529,0
2016-03-15,16.84000015258789,16.459999084472656,19.329999923706055,90.33999633789062,78.47000122070312,0.9774346161121122,0.8711846983473361,0
2016-03-16,14.989999771118164,14.069999694824219,18.479999542236328,84.37000274658203,74.16000366210938,0.9386257444735558,0.811147193854539,0
2016-03-17,14.4399995803833,13.050000190734863,18.139999389648438,84.70999908447266,72.41000366210938,0.9037396516592183,0.7960308746550159,0
2016-03-18,14.020000457763672,12.470000267028809,17.93000030517578,86.19999694824219,71.26000213623047,0.8894436419310857,0.7819297389368463,0
2016-03-21,13.789999961853027,12.770000457763672,17.59000015258789,87.77999877929688,70.83000183105469,0.9260333932624396,0.783968154760033,0
2016-03-22,14.170000076293945,13.140000343322754,17.75,85.04000091552734,71.12000274658203,0.9273112401252308,0.79830986345318,0
2016-03-23,14.9399995803833,13.359999656677246,18.299999237060547,86.05999755859375,71.08000183105469,0.8942436433679258,0.8163934537290752,0
2016-03-24,14.739999771118164,12.350000381469727,18.270000457763672,84.19999694824219,72.68000030517578,0.8378562125671503,0.806787049906971,0
2016-03-28,15.239999771118164,14.069999694824219,18.299999237060547,83.29000091552734,74.69000244140625,0.9232283402975339,0.8327869074581504,0
2016-03-29,13.819999694824219,12.170000076293945,17.239999771118164,81.38999938964844,72.66000366210938,0.8806078397275059,0.801624122871312,0
2016-03-30,13.5600004196167,11.869999885559082,16.920000076293945,80.33000183105469,70.54000091552734,0.8753686960353805,0.8014184609026787,0
2016-03-31,13.949999809265137,12.25,17.079999923706055,82.94000244140625,68.80000305175781,0.8781362127233828,0.8167447231602936,0
2016-04-01,13.100000381469727,10.920000076293945,16.5,81.56999969482422,67.0,0.8335877678095761,0.7939394170587714,0
2016-04-04,14.119999885559082,12.5,17.229999542236328,84.43000030517578,65.36000061035156,0.885269128988032,0.8195008857049807,0
2016-04-05,15.420000076293945,13.960000038146973,18.3799991607666,89.11000061035156,68.30999755859375,0.9053177671255972,0.8389554287471904,0
2016-04-06,14.09000015258789,12.5600004196167,17.280000686645508,85.58999633789062,69.70999908447266,0.8914123693114241,0.8153934949480098,0
2016-04-07,16.15999984741211,15.199999809265137,18.860000610351562,92.73999786376953,71.08999633789062,0.9405940564844307,0.8568398369267538,0
2016-04-08,15.359999656677246,13.59000015258789,18.31999969482422,89.7300033569336,70.87999725341797,0.8847656547101609,0.8384279428245168,0
2016-04-11,16.260000228881836,15.59000015258789,18.889999389648438,92.80999755859375,69.7699966430664,0.9587945838337777,0.8607729356408651,0
2016-04-12,14.850000381469727,13.710000038146973,17.969999313354492,89.77999877929688,68.77999877929688,0.9232323020849696,0.8263773482970518,0
2016-04-13,13.84000015258789,12.449999809265137,17.260000228881836,87.88999938964844,67.48999786376953,0.8995664502891756,0.8018539958898074,0
2016-04-14,13.720000267028809,12.319999694824219,17.239999771118164,87.91999816894531,67.5199966430664,0.8979591439535902,0.7958236919477027,0
2016-04-15,13.619999885559082,12.199999809265137,17.15999984741211,90.2699966430664,66.48999786376953,0.8957415500568738,0.7937062940949331,0
2016-04-18,13.350000381469727,12.859999656677246,16.510000228881836,86.56999969482422,66.33999633789062,0.963295826907045,0.8086008598664856,0
2016-04-19,13.239999771118164,12.859999656677246,16.469999313354492,86.9800033569336,66.44000244140625,0.9712990845158583,0.8038858726838365,0
2016-04-20,13.279999732971191,12.800000190734863,16.600000381469727,87.97000122070312,67.7699966430664,0.9638554554301233,0.7999999655298448,0
2016-04-21,13.949999809265137,13.180000305175781,17.139999389648438,87.06999969482422,68.5999984741211,0.9448029021779666,0.8138856654621659,0
2016-04-22,13.220000267028809,11.930000305175781,16.639999389648438,84.0999984741211,67.77999877929688,0.9024205797430779,0.7944711990345881,0
2016-04-25,14.079999923706055,13.619999885559082,17.219999313354492,85.7699966430664,67.88999938964844,0.9673295425682151,0.8176539189979353,0
2016-04-26,13.960000038146973,13.5,16.920000076293945,84.51000213623047,67.1500015258789,0.9670487079591704,0.8250591001891229,0
2016-04-27,13.770000457763672,12.8100004196167,16.770000457763672,83.0999984741211,64.73999786376953,0.9302832239482087,0.8211091283178141,0
2016-04-28,15.220000267028809,14.550000190734863,17.780000686645508,87.36000061035156,64.63999938964844,0.9559789707924401,0.8560179797102311,0
2016-04-29,15.699999809265137,14.789999961853027,18.450000762939453,91.68000030517578,64.91999816894531,0.9420382255753222,0.8509484639589692,0
2016-05-02,14.680000305175781,13.770000457763672,17.780000686645508,89.48999786376953,64.68000030517578,0.9380109108654945,0.8256467794290849,0
2016-05-03,15.600000381469727,15.170000076293945,18.56999969482422,91.66000366210938,68.41000366210938,0.972435878547378,0.8400646547031294,0
2016-05-04,16.049999237060547,15.470000267028809,18.90999984741211,91.86000061035156,68.12000274658203,0.9638629908036082,0.8487572377879758,0
2016-05-05,15.90999984741211,15.369999885559082,18.920000076293945,91.58000183105469,68.66999816894531,0.966059084410308,0.8409090794532684,0
2016-05-06,14.720000267028809,13.380000114440918,18.270000457763672,88.86000061035156,65.1500015258789,0.9089673825897039,0.805692386327975,0
2016-05-09,14.569999694824219,13.859999656677246,18.049999237060547,86.41999816894531,64.12000274658203,0.9512697286878331,0.8072022332781523,0
2016-05-10,13.630000114440918,12.800000190734863,17.18000030517578,85.91999816894531,63.970001220703125,0.9391049217360846,0.7933643697511832,0
2016-05-11,14.6899995803833,13.75,18.020000457763672,91.52999877929688,63.88999938964844,0.9360109185000552,0.8152052834190864,0
2016-05-12,14.40999984741211,13.460000038146973,17.75,91.25,63.91999816894531,0.9340735725659465,0.8118309773189921,0
2016-05-13,15.039999961853027,14.149999618530273,18.25,94.0,64.06999969482422,0.9408244451077047,0.8241095869508508,0
2016-05-16,14.680000305175781,13.59000015258789,17.700000762939453,90.61000061035156,66.94000244140625,0.925749309950383,0.8293785125655476,0
2016-05-17,15.569999694824219,15.109999656677246,18.43000030517578,91.76000213623047,67.12000274658203,0.9704560021089862,0.8448182005971875,0
2016-05-18,15.949999809265137,15.34000015258789,18.540000915527344,89.98999786376953,69.8499984741211,0.9617555069610154,0.860301996851949,0
2016-05-19,16.329999923706055,15.279999732971191,18.770000457763672,90.45999908447266,70.55999755859375,0.9357011515223224,0.8700053023680998,0
2016-05-20,15.199999809265137,12.729999542236328,18.049999237060547,85.45999908447266,68.51000213623047,0.8374999803932087,0.8421052881850684,0
2016-05-23,15.819999694824219,13.600000381469727,18.149999618530273,84.12000274658203,67.77999877929688,0.8596713428458028,0.8716253458580111,0
2016-05-24,14.420000076293945,11.90999984741211,17.079999923706055,79.4800033569336,69.41000366210938,0.8259361847710249,0.8442623033200262,0
2016-05-25,13.899999618530273,11.40999984741211,16.770000457763672,78.54000091552734,67.54000091552734,0.8208633209026343,0.8288610160469774,0
2016-05-26,13.430000305175781,10.460000038146973,16.559999465942383,77.4800033569336,66.1500015258789,0.7788532986194944,0.8109903827470636,0
2016-05-27,13.119999885559082,9.770000457763672,16.309999465942383,76.16999816894531,66.76000213623047,0.7446646755323004,0.8044144889738055,0
2016-05-31,14.1899995803833,11.850000381469727,16.6299991607666,79.43000030517578,67.91000366210938,0.8350951889985633,0.8532772276898406,0
2016-06-01,14.199999809265137,11.609999656677246,16.700000762939453,78.93000030517578,68.75,0.8176056206072635,0.8502993509304321,0
2016-06-02,13.630000114440918,11.010000228881836,16.3700008392334,79.54000091552734,69.55999755859375,0.8077769725927437,0.8326206118312701,0
2016-06-03,13.470000267028809,10.109999656677246,16.489999771118164,79.08000183105469,67.58999633789062,0.7505567525060854,0.8168587297751931,0
2016-06-06,13.649999618530273,11.260000228881836,16.440000534057617,80.70999908447266,66.2699966430664,0.8249084647296295,0.830291920626919,0
2016-06-07,14.050000190734863,11.5600004196167,16.6299991607666,82.30000305175781,,0.8227758194081612,0.8448587432211989,0
2016-06-08,14.079999923706055,10.890000343322754,16.790000915527344,86.61000061035156,67.91999816894531,0.7734375285746701,0.8385943511584274,0
2016-06-09,14.640000343322754,12.229999542236328,17.31999969482422,89.9800033569336,,0.8353824628026312,0.8452656236303321,0
2016-06-10,17.030000686645508,15.829999923706055,18.940000534057617,103.77999877929688,75.0999984741211,0.9295360707835753,0.8991552379326718,0
2016-06-13,20.969999313354492,22.940000534057617,21.8700008392334,124.55999755859375,79.56999969482422,1.0939437904248548,0.9588476684342709,0
2016-06-14,20.5,23.350000381469727,21.940000534057617,116.44000244140625,79.0999984741211,1.1390244088521817,0.9343664312212621,0
2016-06-15,20.139999389648438,22.600000381469727,21.809999465942383,114.2300033569336,78.66999816894531,1.1221450380522693,0.9234296140675404,0
2016-06-16,19.3700008392334,21.889999389648438,21.15999984741211,115.47000122070312,83.54000091552734,1.130098009356347,0.9154064734836173,0
2016-06-17,19.40999984741211,22.0,21.309999465942383,115.72000122070312,82.58000183105469,1.1334363819138933,0.9108399968959713,0
2016-06-20,18.3700008392334,22.209999084472656,19.809999465942383,112.4000015258789,77.31999969482422,1.2090363674365245,0.927309507040389,0
2016-06-21,18.479999542236328,22.469999313354492,19.690000534057617,113.45999908447266,76.95999908447266,1.2159090838719426,0.9385474373284876,0
2016-06-22,21.170000076293945,27.860000610351562,21.079999923706055,122.94000244140625,79.5199966430664,1.3160132503518054,1.0042694569693371,1
2016-06-23,17.25,21.1299991607666,18.420000076293945,104.70999908447266,74.04000091552734,1.2249274875806726,0.9364820808117311,0
2016-06-24,25.760000228881836,30.709999084472656,23.93000030517578,125.12999725341797,77.94000244140625,1.192158338959987,1.0764730422218276,1
2016-06-27,23.850000381469727,25.059999465942383,23.68000030517578,115.5999984741211,81.56999969482422,1.0507337134221921,1.0071790571834067,1
2016-06-28,18.75,19.079999923706055,20.260000228881836,108.0,78.66999816894531,1.0175999959309896,0.9254688937895844,0
2016-06-29,16.639999389648438,15.859999656677246,18.729999542236328,98.5999984741211,71.80000305175781,0.9531250143280401,0.8884142977219556,0
2016-06-30,15.630000114440918,14.050000190734863,18.09000015258789,94.2300033569336,72.63999938964844,0.8989123536700261,0.8640132660366476,0
2016-07-01,14.770000457763672,11.850000381469727,17.649999618530273,91.69999694824219,74.3499984741211,0.8023019644011532,0.8368272394894012,0
2016-07-05,15.579999923706055,14.1899995803833,18.239999771118164,91.8499984741211,78.12000274658203,0.9107830327259648,0.8541666732022638,0
2016-07-06,14.960000038146973,13.180000305175781,17.739999771118164,89.23999786376953,76.08999633789062,0.8810160609336688,0.8432920085209242,0
2016-07-07,14.760000228881836,13.109999656677246,17.760000228881836,89.5,76.7300033569336,0.8882113450800679,0.8310810832580221,0
2016-07-08,13.199999809265137,11.430000305175781,16.489999771118164,84.72000122070312,72.30999755859375,0.8659091265405182,0.8004851420546784,0
2016-07-11,13.539999961853027,12.229999542236328,16.489999771118164,84.77999877929688,69.77999877929688,0.9032495994603077,0.8211037082952548,0
2016-07-12,13.550000190734863,12.25,16.170000076293945,84.9800033569336,71.43000030517578,0.9040590278645332,0.8379715600991161,0
2016-07-13,13.039999961853027,11.109999656677246,15.970000267028809,84.18000030517578,71.6500015258789,0.8519938411946497,0.8165309795751867,0
2016-07-14,12.819999694824219,10.930000305175781,15.859999656677246,86.02999877929688,73.55999755859375,0.852574147064022,0.8083228229722469,0
2016-07-15,12.670000076293945,10.260000228881836,15.989999771118164,89.04000091552734,74.7699966430664,0.8097869113733226,0.7923702475080114,0
2016-07-18,12.4399995803833,10.989999771118164,15.770000457763672,87.19999694824219,72.91999816894531,0.8834405258701415,0.7888395192949414,0
2016-07-19,11.970000267028809,11.020000457763672,15.739999771118164,89.02999877929688,70.52999877929688,0.920634938339818,0.7604828742750651,0
2016-07-20,11.770000457763672,10.430000305175781,15.4399995803833,87.08999633789062,70.63999938964844,0.8861512234093409,0.7623057498471434,0
2016-07-21,12.739999771118164,11.5,16.100000381469727,92.83999633789062,71.86000061035156,0.9026687760286096,0.79130431486084,0
2016-07-22,12.020000457763672,10.220000267028809,15.800000190734863,89.51000213623047,69.91000366210938,0.8502495738615176,0.7607595134595133,0
2016-07-25,12.869999885559082,11.930000305175781,16.270000457763672,91.94999694824219,68.75,0.9269619589167178,0.7910263997207089,0
2016-07-26,13.050000190734863,11.979999542236328,16.31999969482422,91.44000244140625,68.76000213623047,0.9180076143402507,0.7996323795810846,0
2016-07-27,12.829999923706055,11.609999656677246,16.100000381469727,91.2300033569336,66.63999938964844,0.9049103449506178,0.7968943863177,0
2016-07-28,12.720000267028809,11.789999961853027,16.0,89.80999755859375,66.66999816894531,0.9268867699958772,0.7950000166893005,0
2016-07-29,11.869999885559082,10.010000228881836,15.420000076293945,90.83999633789062,64.1500015258789,0.8433024705467688,0.7697794959033442,0
2016-08-01,12.4399995803833,11.100000381469727,15.699999809265137,90.68000030517578,63.66999816894531,0.8922830189619438,0.7923566707970282,0
2016-08-02,13.369999885559082,12.350000381469727,16.389999389648438,93.88999938964844,67.8499984741211,0.9237098344936371,0.8157413290694373,0
2016-08-03,12.859999656677246,11.289999961853027,16.079999923706055,88.58999633789062,67.79000091552734,0.8779160391338708,0.7997512262247153,0
2016-08-04,12.420000076293945,10.800000190734863,15.710000038146973,88.13999938964844,67.0999984741211,0.8695652274067875,0.7905792518227714,0
2016-08-05,11.390000343322754,9.180000305175781,15.140000343322754,85.2300033569336,66.58999633789062,0.805970151753107,0.7523117625519821,0
2016-08-08,11.5,10.100000381469727,15.15999984741211,84.5,65.5,0.8782609027364979,0.7585752055243661,0
2016-08-09,11.65999984741211,10.489999771118164,15.109999656677246,86.6500015258789,64.30000305175781,0.8996569389704047,0.7716743952578086,0
2016-08-10,12.050000190734863,10.680000305175781,15.40999984741211,89.4000015258789,63.34000015258789,0.8863070652386825,0.7819597865056754,0
2016-08-11,11.680000305175781,9.739999771118164,15.300000190734863,97.36000061035156,65.29000091552734,0.8339040682046951,0.7633987032398062,0
2016-08-12,11.550000190734863,9.539999961853027,15.260000228881836,94.48999786376953,64.37000274658203,0.8259740090312544,0.7568807350916521,0
2016-08-15,11.8100004196167,9.720000267028809,15.380000114440918,91.66999816894531,63.77000045776367,0.8230313227494599,0.7678803856787882,0
2016-08-16,12.640000343322754,10.869999885559082,16.020000457763672,91.86000061035156,63.66999816894531,0.8599683220183852,0.7890137317191592,0
2016-08-17,12.1899995803833,10.760000228881836,15.520000457763672,84.83999633789062,63.540000915527344,0.8826907792677299,0.7854380941261775,0
2016-08-18,11.430000305175781,9.899999618530273,15.15999984741211,82.83000183105469,63.650001525878906,0.866141675783448,0.7539578113601988,0
2016-08-19,11.34000015258789,9.399999618530273,15.130000114440918,82.44000244140625,64.81999969482422,0.8289241174644172,0.7495043005164528,0
2016-08-22,12.270000457763672,10.949999809265137,15.5,83.12999725341797,67.87000274658203,0.8924204890584725,0.7916129327589466,0
2016-08-23,12.380000114440918,11.369999885559082,15.420000076293945,83.44999694824219,66.62000274658203,0.9184167835585317,0.8028534405439729,0
2016-08-24,13.449999809265137,12.670000076293945,16.0,85.37000274658203,66.51000213623047,0.9420074539752868,0.840624988079071,0
2016-08-25,13.630000114440918,12.770000457763672,16.1299991607666,85.43000030517578,69.36000061035156,0.9369039141998187,0.845009350502231,0
2016-08-26,13.649999618530273,12.100000381469727,16.239999771118164,88.62000274658203,71.23999786376953,0.8864469391664761,0.8405172297358005,0
2016-08-29,12.9399995803833,11.140000343322754,15.930000305175781,85.83000183105469,68.61000061035156,0.860896499580317,0.812303787350148,0
2016-08-30,13.119999885559082,11.210000038146973,16.030000686645508,84.44000244140625,69.11000061035156,0.8544207420676575,0.8184653352191851,0
2016-08-31,13.420000076293945,11.640000343322754,16.139999389648438,84.87000274658203,69.08000183105469,0.8673621667025538,0.8314746334439769,0
2016-09-01,13.479999542236328,11.890000343322754,16.309999465942383,84.9000015258789,70.25,0.8820475331670676,0.8264868168993199,0
2016-09-02,11.979999542236328,9.100000381469727,15.649999618530273,81.3499984741211,66.45999908447266,0.7595993930873735,0.7654951970766499,0
2016-09-06,12.020000457763672,9.979999542236328,15.5600004196167,82.13999938964844,63.459999084472656,0.8302827921932636,0.7724935818517008,0
2016-09-07,11.9399995803833,9.800000190734863,15.489999771118164,83.08000183105469,64.06999969482422,0.8207705640824036,0.770819868096189,0
2016-09-08,12.510000228881836,10.989999771118164,15.8100004196167,85.56999969482422,65.94999694824219,0.878497167869394,0.791271340724299,0
2016-09-09,17.5,18.780000686645508,18.829999923706055,110.0199966430664,69.12000274658203,1.0731428963797434,0.9293680335053188,0
2016-09-12,15.15999984741211,16.030000686645508,17.270000457763672,99.52999877929688,68.91000366210938,1.057387918732856,0.8778227820252883,0
2016-09-13,17.850000381469727,19.549999237060547,19.049999237060547,110.0199966430664,70.5999984741211,1.0952380290902182,0.9370079315669315,0
2016-09-14,18.139999389648438,19.3799991607666,19.350000381469727,113.1500015258789,69.2300033569336,1.0683572112921773,0.9374676502342589,0
2016-09-15,16.299999237060547,17.0,18.190000534057617,109.2699966430664,69.12999725341797,1.0429448340922554,0.8960966882074373,0
2016-09-16,15.369999885559082,15.270000457763672,17.8799991607666,102.58999633789062,69.20999908447266,0.9934938563083944,0.8596197207483591,0
2016-09-19,15.529999732971191,16.309999465942383,17.780000686645508,101.58000183105469,69.2300033569336,1.0502253539203354,0.8734532695848385,0
2016-09-20,15.920000076293945,17.219999313354492,17.989999771118164,101.9800033569336,69.2300033569336,1.0816582431426205,0.8849360910972619,0
2016-09-21,13.300000190734863,12.829999923706055,16.65999984741211,92.58999633789062,63.72999954223633,0.9646616345647706,0.7983193464915204,0
2016-09-22,12.020000457763672,10.789999961853027,15.9399995803833,89.22000122070312,61.18000030517578,0.8976705117247985,0.7540778402877871,0
2016-09-23,12.289999961853027,11.390000343322754,16.049999237060547,90.4000015258789,59.75,0.9267697623007498,0.7657321212498612,0
2016-09-26,14.5,15.670000076293945,17.280000686645508,96.23999786376953,58.849998474121094,1.0806896604340652,0.839120337026724,0
2016-09-27,13.100000381469727,12.800000190734863,16.450000762939453,88.94000244140625,59.22999954223633,0.9770992227481748,0.796352569842002,0
2016-09-28,12.390000343322754,11.720000267028809,16.010000228881836,87.55000305175781,57.619998931884766,0.9459241277055312,0.773891328306876,0
2016-09-29,14.020000457763672,14.710000038146973,16.8700008392334,93.77999877929688,58.849998474121094,1.0492153750252704,0.8310610409193533,0
2016-09-30,13.289999961853027,12.369999885559082,16.3700008392334,91.41999816894531,60.560001373291016,0.9307750128717329,0.81185090290291,0
2016-10-03,13.569999694824219,13.0,16.399999618530273,91.51000213623047,60.43000030517578,0.9579956000263121,0.8274390250284852,0
2016-10-04,13.630000114440918,12.949999809265137,16.469999313354492,89.94000244140625,62.08000183105469,0.9501100293861829,0.8275653116384287,0
2016-10-05,12.989999771118164,12.029999732971191,16.219999313354492,89.87999725341797,62.56999969482422,0.9260969934517299,0.8008631517279439,0
2016-10-06,12.84000015258789,11.470000267028809,16.06999969482422,89.86000061035156,64.29000091552734,0.8933021908661769,0.7990043806113676,0
2016-10-07,13.479999542236328,11.470000267028809,16.440000534057617,90.86000061035156,62.84000015258789,0.8508902564195443,0.81995128371868,0
2016-10-10,13.380000114440918,10.8100004196167,15.949999809265137,90.66000366210938,,0.8079222964990531,0.838871490560687,0
2016-10-11,15.359999656677246,13.34000015258789,16.940000534057617,95.43000030517578,,0.8684896126796964,0.9067295851494336,0
2016-10-12,15.90999984741211,13.15999984741211,17.020000457763672,102.0199966430664,63.95000076293945,0.8271527324717536,0.9347825745888723,0
2016-10-13,16.690000534057617,14.069999694824219,17.59000015258789,103.4000015258789,,0.8430197270583051,0.948834587224386,0
2016-10-14,16.1200008392334,12.9399995803833,17.420000076293945,101.01000213623047,64.9800033569336,0.8027294607137672,0.9253731784519533,0
2016-10-17,16.209999084472656,13.8100004196167,17.469999313354492,99.33999633789062,64.41999816894531,0.8519433189138866,0.9278763435371941,0
2016-10-18,15.279999732971191,12.449999809265137,16.920000076293945,96.87000274658203,63.18000030517578,0.814790577672624,0.9030732661981188,0
2016-10-19,14.40999984741211,11.970000267028809,16.459999084472656,93.9000015258789,61.63999938964844,0.8306731709770628,0.8754556894845523,0
2016-10-20,13.75,11.069999694824219,16.229999542236328,89.72000122070312,59.619998931884766,0.8050908868963068,0.8471965734945048,0
2016-10-21,13.34000015258789,10.680000305175781,16.040000915527344,87.33999633789062,57.09000015258789,0.8005997138691124,0.8316707849856949,0
2016-10-24,13.020000457763672,11.350000381469727,15.609999656677246,85.80999755859375,,0.8717357897404571,0.834080765158397,0
2016-10-25,13.460000038146973,11.899999618530273,15.8100004196167,86.2300033569336,57.40999984741211,0.8841010092722509,0.8513598786149368,0
2016-10-26,14.239999771118164,12.579999923706055,16.25,86.9000015258789,59.5099983215332,0.8834269751338794,0.8763076782226562,0
2016-10-27,15.359999656677246,14.59000015258789,16.93000030517578,91.20999908447266,,0.9498698228320192,0.9072651730538622,0
2016-10-28,16.190000534057617,16.690000534057617,17.3700008392334,99.44000244140625,64.37999725341797,1.030883260253648,0.9320667675207862,0
2016-10-31,17.059999465942383,20.190000534057617,17.850000381469727,102.81999969482422,65.47000122070312,1.1834701738627713,0.9557422465745462,0
2016-11-01,18.559999465942383,22.860000610351562,18.739999771118164,108.26000213623047,67.76000213623047,1.23168110280928,0.9903948608658365,0
2016-11-02,19.31999969482422,24.15999984741211,19.18000030517578,112.38999938964844,69.25,1.2505176101987474,1.0072992381345613,1
2016-11-03,22.079999923706055,27.899999618530273,20.700000762939453,120.23999786376953,72.56999969482422,1.263586943611155,1.06666662366686,1
2016-11-04,22.510000228881836,28.81999969482422,21.1299991607666,120.2300033569336,74.61000061035156,1.2803198312653161,1.06531003894584,1
2016-11-07,18.709999084472656,24.670000076293945,18.149999618530273,107.83999633789062,,1.3185463005590132,1.0308539657141729,1
2016-11-08,18.739999771118164,25.309999465942383,18.100000381469727,108.66999816894531,68.47000122070312,1.3505869677197015,1.035359081555802,1
2016-11-09,14.380000114440918,15.359999656677246,16.280000686645508,96.13999938964844,76.33000183105469,1.0681501762473686,0.883292353067088,0
2016-11-10,14.739999771118164,14.119999885559082,16.75,102.66999816894531,82.56999969482422,0.9579375919140839,0.8799999863354128,0
2016-11-11,14.170000076293945,12.84000015258789,16.489999771118164,97.22000122070312,,0.9061397377173547,0.8593086884762945,0
2016-11-14,14.479999542236328,12.510000228881836,16.700000762939453,98.22000122070312,89.22000122070312,0.8639503193623554,0.8670658012405761,0
2016-11-15,13.369999885559082,10.640000343322754,15.75,91.7699966430664,84.12000274658203,0.7958115508149707,0.8488888816227989,0
2016-11-16,13.720000267028809,9.520000457763672,16.06999969482422,92.44999694824219,80.12000274658203,0.6938775708803477,0.8537648119214158,0
2016-11-17,13.350000381469727,9.380000114440918,15.640000343322754,87.58000183105469,77.54000091552734,0.7026217113417232,0.8535805683130495,0
2016-11-18,12.850000381469727,8.630000114440918,15.520000457763672,86.4000015258789,81.6500015258789,0.6715953197079871,0.8279639176841446,0
2016-11-21,12.420000076293945,10.0,15.319999694824219,80.75,80.58000183105469,0.8051529741201049,0.810704981964848,0
2016-11-22,12.40999984741211,10.199999809265137,15.350000381469727,83.4000015258789,76.45999908447266,0.8219178029556681,0.8084690253423877,0
2016-11-23,12.430000305175781,10.0600004196167,15.430000305175781,82.44999694824219,78.63999938964844,0.8093322745477144,0.8055735618492703,0
2016-11-25,12.34000015258789,10.430000305175781,15.510000228881836,82.6500015258789,79.69000244140625,0.8452188149275223,0.7956157298830369,0
2016-11-28,13.149999618530273,12.859999656677246,16.020000457763672,86.16999816894531,78.73999786376953,0.9779467703220025,0.8208488915590182,0
2016-11-29,12.899999618530273,12.640000343322754,15.899999618530273,86.27999877929688,77.30000305175781,0.9798450168297647,0.8113207501902251,0
2016-11-30,13.329999923706055,13.229999542236328,16.100000381469727,88.98999786376953,80.95999908447266,0.992498095870812,0.8279502862029867,0
2016-12-01,14.069999694824219,13.960000038146973,16.670000076293945,97.79000091552734,86.62999725341797,0.9921819716373049,0.8440311715914668,0
2016-12-02,14.119999885559082,13.640000343322754,16.780000686645508,98.06999969482422,82.05999755859375,0.9660056978663834,0.8414779086866541,0
2016-12-05,12.140000343322754,11.40999984741211,15.770000457763672,88.87999725341797,79.83999633789062,0.9398681651345949,0.7698161059561767,0
2016-12-06,11.789999961853027,10.84000015258789,15.479999542236328,88.12000274658203,76.56999969482422,0.9194232559508995,0.7616279270347949,0
2016-12-07,12.220000267028809,11.789999961853027,15.479999542236328,89.11000061035156,73.44000244140625,0.9648117597561778,0.7894057253481959,0
2016-12-08,12.640000343322754,12.920000076293945,15.720000267028809,91.2699966430664,73.11000061035156,1.0221518770067997,0.8040712550007992,0
2016-12-09,11.75,11.100000381469727,15.220000267028809,89.4000015258789,75.55000305175781,0.9446808835293384,0.772010498938959,0
2016-12-12,12.640000343322754,12.25,15.729999542236328,91.87000274658203,76.38999938964844,0.9691455432966997,0.8035601214979902,0
2016-12-13,12.720000267028809,12.25,15.699999809265137,93.31999969482422,75.36000061035156,0.9630502942482568,0.810191109653535,0
2016-12-14,13.1899995803833,12.84000015258789,15.869999885559082,96.81999969482422,75.83999633789062,0.9734647885572382,0.8311278938562281,0
2016-12-15,12.789999961853027,11.850000381469727,15.75,93.08000183105469,78.61000061035156,0.9265051146843699,0.812063489641462,0
2016-12-16,12.199999809265137,10.670000076293945,15.569999694824219,93.79000091552734,78.22000122070312,0.8745901838613758,0.7835581277063648,0
2016-12-19,11.710000038146973,9.949999809265137,15.3100004196167,90.51000213623047,75.23999786376953,0.8497010911060301,0.7648595504375658,0
2016-12-20,11.449999809265137,9.850000381469727,15.140000343322754,88.26000213623047,75.45999908447266,0.8602620563800605,0.7562747390765396,0
2016-12-21,11.270000457763672,9.329999923706055,15.09000015258789,87.97000122070312,73.97000122070312,0.8278615390187326,0.746852242796757,0
2016-12-22,11.430000305175781,9.34000015258789,15.289999961853027,89.72000122070312,74.05000305175781,0.8171478480502326,0.7475474384363933,0
2016-12-23,11.4399995803833,8.979999542236328,15.25,87.63999938964844,72.56999969482422,0.7849650237430734,0.7501639069103804,0
2016-12-27,11.989999771118164,10.220000267028809,15.359999656677246,86.37000274658203,70.66000366210938,0.8523770193596686,0.7805989608799185,0
2016-12-28,12.949999809265137,11.220000267028809,15.930000305175781,89.16999816894531,70.79000091552734,0.8664092997902137,0.8129315480965547,0
2016-12-29,13.369999885559082,11.640000343322754,16.15999984741211,88.87000274658203,71.27999877929688,0.8706058670871869,0.8273514858788923,0
2016-12-30,14.039999961853027,12.680000305175781,16.540000915527344,91.5999984741211,71.62999725341797,0.9031339273239036,0.8488512203571055,0
2017-01-03,12.850000381469727,11.989999771118164,15.5600004196167,85.37000274658203,76.7300033569336,0.9330738844497062,0.8258354778236099,0
2017-01-04,11.850000381469727,10.680000305175781,14.84000015258789,82.2699966430664,76.41000366210938,0.9012658195249076,0.7985175377106213,0
2017-01-05,11.670000076293945,9.949999809265137,14.699999809265137,81.33000183105469,76.5,0.8526135170707702,0.7938775665111615,0
2017-01-06,11.319999694824219,9.1899995803833,14.5600004196167,80.58999633789062,75.23999786376953,0.8118374406480942,0.777472484106029,0
2017-01-09,11.5600004196167,9.4399995803833,14.630000114440918,83.47000122070312,74.83000183105469,0.8166089305986641,0.7901572337108941,0
2017-01-10,11.489999771118164,8.880000114440918,14.65999984741211,86.36000061035156,73.26000213623047,0.7728459783578177,0.7837653404305092,0
2017-01-11,11.260000228881836,8.880000114440918,14.470000267028809,86.72000122070312,72.83000183105469,0.7886323209535795,0.7781617153483235,0
2017-01-12,11.539999961853027,9.319999694824219,14.579999923706055,90.44000244140625,73.73999786376953,0.8076256261380148,0.7914952004279369,0
2017-01-13,11.229999542236328,8.989999771118164,14.539999961853027,92.9000015258789,74.5,0.8005342954206307,0.7723521025927939,0
2017-01-17,11.869999885559082,10.850000381469727,14.890000343322754,92.38999938964844,73.94000244140625,0.9140691226686298,0.7971792889099593,0
2017-01-18,12.479999542236328,11.289999961853027,14.9399995803833,87.05999755859375,73.94000244140625,0.9046474660230588,0.8353413582837692,0
2017-01-19,12.779999732971191,11.5,15.020000457763672,86.83999633789062,78.31999969482422,0.8998435242788845,0.8508654689398063,0
2017-01-20,11.539999961853027,9.720000267028809,14.489999771118164,83.62999725341797,76.70999908447266,0.8422877208977066,0.7964113280977995,0
2017-01-23,11.770000457763672,10.920000076293945,14.539999961853027,84.51000213623047,75.5199966430664,0.9277824682743276,0.8094910927540101,0
2017-01-24,11.069999694824219,10.079999923706055,13.869999885559082,79.05000305175781,75.52999877929688,0.9105691239015085,0.7981254351955607,0
2017-01-25,10.8100004196167,10.0600004196167,13.609999656677246,78.66000366210938,77.05999755859375,0.9306197991778993,0.7942689707793762,0
2017-01-26,10.630000114440918,9.710000038146973,13.630000114440918,79.6500015258789,74.69000244140625,0.9134524866990246,0.7798972872478912,0
2017-01-27,10.579999923706055,9.359999656677246,13.680000305175781,83.62999725341797,72.19000244140625,0.8846880646666908,0.7733917900354979,0
2017-01-30,11.880000114440918,11.65999984741211,14.40999984741211,92.04000091552734,72.36000061035156,0.9814814591826995,0.8244274975876871,0
2017-01-31,11.989999771118164,11.770000457763672,14.479999542236328,89.83000183105469,72.5199966430664,0.9816514330647085,0.8280386844036045,0
2017-02-01,11.8100004196167,12.039999961853027,14.289999961853027,87.75,70.83999633789062,1.0194749817158595,0.8264520959512488,0
2017-02-02,11.930000305175781,11.15999984741211,14.59000015258789,89.7300033569336,69.91999816894531,0.9354567947974309,0.8176833571218096,0
2017-02-03,10.970000267028809,9.1899995803833,14.050000190734863,88.97000122070312,67.38999938964844,0.8377392303265991,0.7807829265556074,0
2017-02-06,11.369999885559082,10.170000076293945,14.239999771118164,90.0199966430664,67.55000305175781,0.8944591186153622,0.798455060976892,0
2017-02-07,11.289999961853027,9.470000267028809,14.350000381469727,89.61000061035156,68.06999969482422,0.8387954206400633,0.7867595583085766,0
2017-02-08,11.449999809265137,9.600000381469727,14.5600004196167,94.58000183105469,68.73999786376953,0.8384279948809761,0.7864010631372335,0
2017-02-09,10.880000114440918,8.850000381469727,14.170000076293945,89.58999633789062,68.94999694824219,0.8134191441526923,0.7678193405688745,0
2017-02-10,10.850000381469727,9.020000457763672,13.90999984741211,85.7699966430664,69.62999725341797,0.8313364184916125,0.7800144141258434,0
2017-02-13,11.069999694824219,9.319999694824219,13.680000305175781,80.83999633789062,68.83000183105469,0.841915081459468,0.8092104859556123,0
2017-02-14,10.739999771118164,8.9399995803833,13.1899995803833,78.3499984741211,67.26000213623047,0.8324022133058704,0.8142532306893417,0
2017-02-15,11.970000267028809,10.260000228881836,13.40999984741211,81.12000274658203,65.51000213623047,0.8571428571428571,0.8926174797338872,0
2017-02-16,11.760000228881836,10.020000457763672,13.630000114440918,79.66000366210938,68.2300033569336,0.8520408386689626,0.862802650780771,0
2017-02-17,11.489999771118164,9.029999732971191,13.720000267028809,81.25,69.77999877929688,0.7859007757049263,0.8374635238696266,0
2017-02-21,11.569999694824219,10.220000267028809,14.039999961853027,82.44999694824219,68.72000122070312,0.8833189746409997,0.8240740545769337,0
2017-02-22,11.739999771118164,10.390000343322754,14.390000343322754,81.52999877929688,69.26000213623047,0.8850085643854463,0.8158443009743052,0
2017-02-23,11.710000038146973,10.149999618530273,14.739999771118164,82.19999694824219,68.63999938964844,0.8667804940619318,0.7944369213011637,0
2017-02-24,11.470000267028809,9.40999984741211,14.760000228881836,83.30999755859375,69.8499984741211,0.8204010138048303,0.7771002770436769,0
2017-02-27,12.09000015258789,10.829999923706055,14.90999984741211,85.69000244140625,70.88999938964844,0.8957816201009617,0.8108652096791484,0
2017-02-28,12.920000076293945,11.890000343322754,15.279999732971191,88.08000183105469,,0.9202786589095251,0.8455497579895347,0
2017-03-01,12.539999961853027,10.569999694824219,14.859999656677246,84.02999877929688,,0.8429026895517069,0.8438761945878147,0
2017-03-02,11.8100004196167,9.600000381469727,14.770000457763672,83.61000061035156,69.54000091552734,0.8128704521910001,0.799593774786169,0
2017-03-03,10.960000038146973,8.5600004196167,14.260000228881836,81.19000244140625,65.79000091552734,0.781021933378018,0.7685834405492415,0
2017-03-06,11.239999771118164,9.670000076293945,14.34000015258789,81.44000244140625,65.41000366210938,0.8603203090040602,0.7838214540806486,0
2017-03-07,11.449999809265137,10.229999542236328,14.40999984741211,81.43000030517578,66.02999877929688,0.8934497565631743,0.794587087474636,0
2017-03-08,11.859999656677246,10.90999984741211,14.539999961853027,82.5,66.61000061035156,0.919898833324984,0.8156808588578406,0
2017-03-09,12.300000190734863,11.779999732971191,14.779999732971191,83.63999938964844,69.18000030517578,0.9577235406747905,0.832205711296195,0
2017-03-10,11.65999984741211,10.670000076293945,14.380000114440918,80.2699966430664,67.69999694824219,0.915094358141189,0.8108483834922028,0
2017-03-13,11.350000381469727,10.779999732971191,14.359999656677246,81.56999969482422,65.63999938964844,0.9497796802342728,0.7903900176064488,0
2017-03-14,12.300000190734863,11.779999732971191,14.630000114440918,85.87999725341797,65.18000030517578,0.9577235406747905,0.8407382156199597,0
2017-03-15,11.630000114440918,10.760000228881836,14.199999809265137,80.76000213623047,61.619998931884766,0.9251934757525232,0.819014103567286,0
2017-03-16,11.210000038146973,9.739999771118164,13.779999732971191,75.95999908447266,60.439998626708984,0.8688670595872896,0.8134978414640299,0
2017-03-17,11.279999732971191,9.869999885559082,13.920000076293945,78.66000366210938,60.720001220703125,0.8750000105681996,0.8103448039616946,0
2017-03-20,11.34000015258789,10.229999542236328,13.899999618530273,77.16000366210938,59.81999969482422,0.9021163496106083,0.8158273714964989,0
2017-03-21,12.470000267028809,14.229999542236328,14.619999885559082,83.0199966430664,62.130001068115234,1.1411386718139076,0.8529412014117772,0
2017-03-22,12.8100004196167,14.510000228881836,14.680000305175781,83.80000305175781,,1.1327088019967453,0.8726158142585482,0
2017-03-23,13.119999885559082,15.140000343322754,14.90999984741211,88.93000030517578,65.22000122070312,1.1539634508676364,0.8799463460649389,0
2017-03-24,12.960000038146973,13.430000305175781,14.550000190734863,89.73999786376953,64.44999694824219,1.036265452596095,0.8907216404299176,0
2017-03-27,12.5,12.119999885559082,14.229999542236328,84.86000061035156,62.68000030517578,0.9695999908447266,0.8784258891153521,0
2017-03-28,11.529999732971191,10.510000228881836,13.680000305175781,79.2699966430664,61.95000076293945,0.9115351667205538,0.8428362189881572,0
2017-03-29,11.420000076293945,10.079999923706055,13.430000305175781,78.26000213623047,61.02000045776367,0.8826619839198152,0.8503350570954787,0
2017-03-30,11.539999961853027,9.579999923706055,13.369999885559082,77.87000274658203,60.939998626708984,0.8301559753357012,0.8631264069281979,0
2017-03-31,12.369999885559082,9.65999984741211,13.600000381469727,78.30999755859375,60.70000076293945,0.7809215793679459,0.9095587896022014,0
2017-04-03,12.380000114440918,10.15999984741211,13.670000076293945,82.95999908447266,61.22999954223633,0.8206784938201057,0.9056327758117498,0
2017-04-04,11.789999961853027,9.510000228881836,13.369999885559082,79.66999816894531,64.7699966430664,0.8066157981044773,0.8818249859962519,0
2017-04-05,12.890000343322754,11.890000343322754,14.119999885559082,86.58999633789062,63.720001220703125,0.9224204830593339,0.9128895501271014,0
2017-04-06,12.390000343322754,10.270000457763672,13.65999984741211,83.91000366210938,68.25,0.828894283550073,0.9070278537133397,0
2017-04-07,12.869999885559082,10.0600004196167,14.0600004196167,89.38999938964844,68.66000366210938,0.781662821217631,0.9153626956939978,0
2017-04-10,14.050000190734863,10.359999656677246,14.579999923706055,97.9000015258789,68.5,0.7373665135968501,0.9636488521437199,0
2017-04-11,15.069999694824219,10.539999961853027,15.15999984741211,103.73999786376953,70.55999755859375,0.6994027986260002,0.9940633144133406,0
2017-04-12,15.770000457763672,10.90999984741211,15.279999732971191,111.52999877929688,73.41999816894531,0.691819881466208,1.032068110821701,1
2017-04-13,15.960000038146973,12.75,15.75,115.54000091552734,74.4800033569336,0.7988721785416946,1.0133333357553633,1
2017-04-17,14.65999984741211,13.4399995803833,14.859999656677246,101.48999786376953,70.95999908447266,0.9167803356257079,0.9865410623226181,0
2017-04-18,14.420000076293945,14.199999809265137,14.760000228881836,99.5199966430664,72.87000274658203,0.9847433934906503,0.9769647596669687,0
2017-04-19,14.930000305175781,16.200000762939453,15.079999923706055,97.88999938964844,73.12999725341797,1.0850636591965375,0.9900530756439547,0
2017-04-20,14.149999618530273,15.829999923706055,14.529999732971191,94.52999877929688,73.86000061035156,1.118727939962325,0.9738472043066436,0
2017-04-21,14.630000114440918,17.09000015258789,14.75,95.41000366210938,77.1500015258789,1.1681476431239919,0.9918644145383673,0
2017-04-24,10.84000015258789,9.960000038146973,12.899999618530273,78.16999816894531,63.27000045776367,0.9188191787773332,0.8403101141969581,0
2017-04-25,10.760000228881836,9.800000190734863,12.850000381469727,75.63999938964844,62.36000061035156,0.9107806674975569,0.8373540785569342,0
2017-04-26,10.850000381469727,9.789999961853027,12.979999542236328,76.63999938964844,60.95000076293945,0.9023041122259285,0.8359014456174917,0
2017-04-27,10.359999656677246,9.239999771118164,12.800000190734863,76.66000366210938,59.81999969482422,0.8918918993556899,0.8093749611172831,0
2017-04-28,10.819999694824219,9.420000076293945,12.930000305175781,77.08999633789062,60.189998626708984,0.8706100131222769,0.8368135684028604,0
2017-05-01,10.109999656677246,9.489999771118164,12.630000114440918,78.33000183105469,59.400001525878906,0.9386745888611779,0.8004750249461717,0
2017-05-02,10.59000015258789,10.489999771118164,12.829999923706055,79.33000183105469,60.31999969482422,0.9905570934816946,0.8254092139954494,0
2017-05-03,10.680000305175781,10.779999732971191,13.09000015258789,78.7699966430664,59.380001068115234,1.0093632420353909,0.8158900061635482,0
2017-05-04,10.460000038146973,11.039999961853027,12.829999923706055,78.0,60.08000183105469,1.0554493232878424,0.8152767030668472,0
2017-05-05,10.569999694824219,11.4399995803833,12.850000381469727,80.6500015258789,58.720001220703125,1.0823084116062078,0.8225680452170748,0
2017-05-08,9.770000457763672,9.09000015258789,12.59000015258789,81.37999725341797,55.40999984741211,0.9303991531919097,0.7760127354530203,0
2017-05-09,9.960000038146973,9.3100004196167,12.710000038146973,83.62999725341797,55.220001220703125,0.9347389943734173,0.7836349337729089,0
2017-05-10,10.210000038146973,9.430000305175781,12.90999984741211,87.48999786376953,55.029998779296875,0.9236043359395761,0.790859810908025,0
2017-05-11,10.600000381469727,10.350000381469727,13.010000228881836,86.51000213623047,54.470001220703125,0.9764150951883893,0.8147578935423861,0
2017-05-12,10.399999618530273,9.399999618530273,12.970000267028809,82.5,55.709999084472656,0.9038461503192516,0.8018503781351675,0
2017-05-15,10.420000076293945,9.15999984741211,12.779999732971191,79.52999877929688,56.72999954223633,0.879078673737402,0.8153364862294425,0
2017-05-16,10.649999618530273,8.960000038146973,12.649999618530273,76.76000213623047,55.5,0.8413145877073257,0.8418972284338797,0
2017-05-17,15.59000015258789,20.170000076293945,15.600000381469727,111.4800033569336,62.58000183105469,1.2937780550916664,0.9993589597027372,0
2017-05-18,14.65999984741211,16.670000076293945,14.970000267028809,104.12000274658203,58.97999954223633,1.1371077933016933,0.979291889506544,0
2017-05-19,12.039999961853027,10.979999542236328,13.489999771118164,87.20999908447266,57.81999969482422,0.9119600977595387,0.8925129848875492,0
2017-05-22,10.930000305175781,9.390000343322754,12.960000038146973,83.47000122070312,55.470001220703125,0.859103392602489,0.8433642185959869,0
2017-05-23,10.720000267028809,9.319999694824219,12.899999618530273,84.19000244140625,,0.8694029349504281,0.8310077972118702,0
2017-05-24,10.020000457763672,8.5600004196167,12.59000015258789,81.91000366210938,54.40999984741211,0.8542914200152816,0.7958697646007612,0
2017-05-25,9.989999771118164,8.119999885559082,12.510000228881836,82.19999694824219,54.31999969482422,0.8128128199796969,0.798561118172824,0
2017-05-26,9.8100004196167,7.599999904632568,12.4399995803833,81.80999755859375,54.04999923706055,0.7747196309426375,0.788585269334425,0
2017-05-30,10.380000114440918,9.039999961853027,12.739999771118164,84.30000305175781,,0.870905574391695,0.8147566955199315,0
2017-05-31,10.40999984741211,8.710000038146973,12.630000114440918,84.5199966430664,53.95000076293945,0.8366955010390561,0.8242280089538163,0
2017-06-01,9.890000343322754,8.5,12.420000076293945,83.83000183105469,54.0,0.8594539640980686,0.7962963190475174,0
2017-06-02,9.75,8.470000267028809,12.460000038146973,83.62000274658203,53.7400016784668,0.8687179761055188,0.7825040104454126,0
2017-06-05,10.069999694824219,9.6899995803833,12.850000381469727,86.08000183105469,53.0,0.9622641384352543,0.7836575405356102,0
2017-06-06,10.449999809265137,10.390000343322754,13.079999923706055,89.1500015258789,53.220001220703125,0.9942584242069377,0.7989296536864398,0
2017-06-07,10.390000343322754,10.130000114440918,13.09000015258789,88.22000122070312,54.79999923706055,0.9749759172001444,0.7937356930640411,0
2017-06-08,10.15999984741211,9.619999885559082,12.760000228881836,83.27999877929688,53.72999954223633,0.9468503966571837,0.7962382182733263,0
2017-06-09,10.699999809265137,10.369999885559082,12.960000038146973,87.41000366210938,52.560001373291016,0.9691588850851841,0.8256172668032667,0
2017-06-12,11.460000038146973,11.350000381469727,13.300000190734863,91.20999908447266,52.31999969482422,0.9904014261508648,0.8616541258495858,0
2017-06-13,10.420000076293945,9.350000381469727,12.729999542236328,86.66000366210938,51.66999816894531,0.8973128899242021,0.818538919952186,0
2017-06-14,10.640000343322754,9.90999984741211,12.770000457763672,89.97000122070312,52.220001220703125,0.9313909330492866,0.8332028161247278,0
2017-06-15,10.899999618530273,10.140000343322754,12.90999984741211,89.94999694824219,51.59000015258789,0.93027529341235,0.844306719392816,0
2017-06-16,10.380000114440918,8.329999923706055,12.710000038146973,87.0,51.47999954223633,0.8025048007578679,0.816679786253899,0
2017-06-19,10.369999885559082,8.520000457763672,12.399999618530273,85.2699966430664,51.599998474121094,0.8216008246661933,0.8362903390789136,0
2017-06-20,10.859999656677246,9.420000076293945,12.6899995803833,89.19000244140625,51.599998474121094,0.8674033493640195,0.8557919634185851,0
2017-06-21,10.75,9.5600004196167,12.760000228881836,88.06999969482422,51.63999938964844,0.8893023646155069,0.8424764739163353,0
2017-06-22,10.479999542236328,9.229999542236328,12.619999885559082,86.37999725341797,51.130001068115234,0.8807251856298018,0.8304278634921756,0
2017-06-23,10.020000457763672,8.380000114440918,12.359999656677246,84.5199966430664,51.15999984741211,0.8363273185230193,0.8106796712045671,0
2017-06-26,9.899999618530273,8.699999809265137,12.270000457763672,81.94000244140625,50.02000045776367,0.8787878933834459,0.8068459045790978,0
2017-06-27,11.0600004196167,10.5,12.960000038146973,87.30000305175781,52.099998474121094,0.9493670525885832,0.8533950915943102,0
2017-06-28,10.029999732971191,8.489999771118164,12.399999618530273,84.23999786376953,52.5099983215332,0.8464606178611699,0.808870971091208,0
2017-06-29,11.4399995803833,11.369999885559082,13.149999618530273,93.77999877929688,54.65999984741211,0.9938811453328853,0.8699619705131145,0
2017-06-30,11.180000305175781,9.930000305175781,13.140000343322754,90.43000030517578,55.220001220703125,0.8881932051986338,0.8508371395025899,0
2017-07-03,11.220000267028809,10.210000038146973,13.3100004196167,93.30999755859375,55.25,0.9099821564309734,0.8429752000978465,0
2017-07-05,11.069999694824219,9.649999618530273,13.3100004196167,91.9800033569336,56.439998626708984,0.8717253734922986,0.8317054354490405,0
2017-07-06,12.539999961853027,11.529999732971191,14.109999656677246,100.20999908447266,56.959999084472656,0.9194577167500574,0.8887314150938869,0
2017-07-07,11.1899995803833,9.260000228881836,13.520000457763672,92.5,55.7599983215332,0.8275246269995521,0.8276626628335356,0
2017-07-10,11.109999656677246,9.899999618530273,13.350000381469727,89.69000244140625,53.18000030517578,0.8910891021117406,0.83220968833067,0
2017-07-11,10.890000343322754,9.369999885559082,13.15999984741211,88.2300033569336,53.220001220703125,0.8604223682421033,0.8275076344673555,0
2017-07-12,10.300000190734863,8.0600004196167,12.779999732971191,88.19000244140625,52.43000030517578,0.7825242980934014,0.8059468236264384,0
2017-07-13,9.899999618530273,8.010000228881836,12.550000190734863,85.68000030517578,52.209999084472656,0.8090909633864186,0.7888445791290924,0
2017-07-14,9.510000228881836,7.550000190734863,12.229999542236328,82.19999694824219,51.029998779296875,0.7939011576262154,0.7775961230447337,0
2017-07-17,9.819999694824219,8.390000343322754,12.279999732971191,80.2699966430664,50.0,0.854378880250356,0.7996742596384596,0
2017-07-18,9.890000343322754,8.4399995803833,12.25,79.13999938964844,49.54999923706055,0.8533871878054663,0.8073469668018575,0
2017-07-19,9.789999961853027,7.849999904632568,12.0,77.95999908447266,48.2599983215332,0.8018386042104477,0.815833330154419,0
2017-07-20,9.579999923706055,7.690000057220459,12.039999961853027,76.26000213623047,47.0,0.8027139998395278,0.7956810593072158,0
2017-07-21,9.359999656677246,7.099999904632568,12.0600004196167,77.86000061035156,47.45000076293945,0.7585470261815195,0.7761193475128199,0
2017-07-24,9.430000305175781,7.639999866485596,12.039999961853027,78.23999786376953,47.0,0.8101802353380922,0.7832226191904779,0
2017-07-25,9.430000305175781,7.869999885559082,12.050000190734863,79.16999816894531,49.56999969482422,0.8345704804738476,0.7825726270466306,0
2017-07-26,9.600000381469727,8.069999694824219,12.109999656677246,82.33999633789062,47.279998779296875,0.8406249348074224,0.79273333225707,0
2017-07-27,10.109999656677246,9.029999732971191,12.420000076293945,86.87000274658203,48.41999816894531,0.8931750781027219,0.8140096291926924,0
2017-07-28,10.289999961853027,8.550000190734863,12.579999923706055,87.19999694824219,48.529998779296875,0.8309038117037248,0.8179650257757398,0
2017-07-31,10.260000228881836,9.430000305175781,12.470000267028809,86.76000213623047,48.13999938964844,0.91910332308087,0.822774659917987,0
2017-08-01,10.09000015258789,8.930000305175781,12.399999618530273,84.55000305175781,49.970001220703125,0.8850347046709814,0.8137097147575414,0
2017-08-02,10.279999732971191,8.680000305175781,12.5600004196167,86.88999938964844,48.75,0.8443580282727334,0.8184712889750773,0
2017-08-03,10.4399995803833,9.3100004196167,12.739999771118164,87.66000366210938,47.93000030517578,0.8917625281432134,0.8194662298229385,0
2017-08-04,10.029999732971191,8.579999923706055,12.75,87.38999938964844,47.279998779296875,0.8554337140709372,0.7866666457232308,0
2017-08-07,9.930000305175781,8.430000305175781,12.65999984741211,90.01000213623047,46.90999984741211,0.8489426028297139,0.7843602231326741,0
2017-08-08,10.960000038146973,10.5,13.199999809265137,98.68000030517578,47.34000015258789,0.9580291937458109,0.8303030451905083,0
2017-08-09,11.109999656677246,10.720000267028809,13.489999771118164,106.7699966430664,49.66999816894531,0.9648965435013274,0.8235730055728797,0
2017-08-10,16.040000915527344,17.829999923706055,16.209999084472656,135.32000732421875,52.0,1.1115959417711705,0.9895127588805263,0
2017-08-11,15.510000228881836,15.529999732971191,16.389999389648438,127.43000030517578,52.060001373291016,1.0012894586585572,0.946308774036783,0
2017-08-14,12.329999923706055,11.630000114440918,13.920000076293945,100.5999984741211,49.29999923706055,0.943227914550162,0.8857758517332414,0
2017-08-15,12.039999961853027,10.40999984741211,13.899999618530273,96.70999908447266,48.630001068115234,0.8646179302653377,0.8661870713868469,0
2017-08-16,11.739999771118164,9.729999542236328,13.579999923706055,94.81999969482422,48.470001220703125,0.828790437132147,0.8645066153957868,0
2017-08-17,15.550000190734863,15.770000457763672,16.139999389648438,117.7699966430664,48.84000015258789,1.0141479269665792,0.9634449057481392,0
2017-08-18,14.260000228881836,13.170000076293945,15.649999618530273,114.38999938964844,50.15999984741211,0.9235624028686737,0.9111821454613572,0
2017-08-21,13.1899995803833,12.479999542236328,14.989999771118164,101.38999938964844,52.060001373291016,0.9461713373211237,0.8799199320734483,0
2017-08-22,11.350000381469727,9.920000076293945,13.630000114440918,92.69999694824219,51.29999923706055,0.8740087879194759,0.8327219578996523,0
2017-08-23,12.25,11.140000343322754,14.329999923706055,98.95999908447266,52.08000183105469,0.9093877831283881,0.854849969659447,0
2017-08-24,12.229999542236328,10.329999923706055,14.390000343322754,100.26000213623047,52.4900016784668,0.844644342629072,0.8498957088566916,0
2017-08-25,11.279999732971191,8.970000267028809,13.989999771118164,95.52999877929688,50.560001373291016,0.7952128084551008,0.806290201395023,0
2017-08-28,11.319999694824219,9.449999809265137,13.989999771118164,96.41999816894531,48.86000061035156,0.8348056593663963,0.8091493838473063,0
2017-08-29,11.699999809265137,9.8100004196167,14.119999885559082,98.79000091552734,51.400001525878906,0.8384615879949193,0.828611891224663,0
2017-08-30,11.220000267028809,9.149999618530273,14.140000343322754,98.9000015258789,51.560001373291016,0.8155079679827231,0.7934936346962085,0
2017-08-31,10.59000015258789,8.65999984741211,13.800000190734863,94.86000061035156,51.130001068115234,0.8177525705980141,0.7673913047985228,0
2017-09-01,10.130000114440918,7.940000057220459,13.59000015258789,93.5999984741211,49.439998626708984,0.7838104607621392,0.7454010302208791,0
2017-09-05,12.229999542236328,11.34000015258789,14.579999923706055,102.66000366210938,53.31999969482422,0.9272281747374705,0.8388202747759421,0
2017-09-06,11.630000114440918,10.220000267028809,14.399999618530273,99.61000061035156,52.91999816894531,0.8787618371850815,0.8076389182312996,0
2017-09-07,11.550000190734863,9.75,14.319999694824219,96.29000091552734,54.0099983215332,0.844155830215589,0.8065642763183483,0
2017-09-08,12.119999885559082,11.289999961853027,14.6899995803833,100.12000274658203,,0.931518157463434,0.8250510709165615,0
2017-09-11,10.729999542236328,9.010000228881836,13.859999656677246,93.66000366210938,51.880001068115234,0.8397018278906643,0.7741702603193791,0
2017-09-12,10.579999923706055,9.25,13.5600004196167,92.38999938964844,51.650001525878906,0.8742911216165519,0.7802359584296473,0
2017-09-13,10.5,9.380000114440918,13.229999542236328,90.88999938964844,51.369998931884766,0.8933333442324684,0.7936508211114524,0
2017-09-14,10.4399995803833,9.289999961853027,13.15999984741211,92.08999633789062,50.72999954223633,0.8898467754068576,0.7933130472213727,0
2017-09-15,10.170000076293945,8.300000190734863,12.960000038146973,90.62999725341797,50.630001068115234,0.8161258730058407,0.7847222257993185,0
2017-09-18,10.149999618530273,8.720000267028809,12.6899995803833,90.45999908447266,50.15999984741211,0.8591133590891179,0.7998423919745861,0
2017-09-19,10.180000305175781,9.09000015258789,12.729999542236328,91.22000122070312,49.86000061035156,0.8929272966687726,0.7996858343474396,0
2017-09-20,9.779999732971191,8.949999809265137,12.65999984741211,90.91000366210938,49.150001525878906,0.9151329298192221,0.7725118365598059,0
2017-09-21,9.670000076293945,8.4399995803833,12.65999984741211,92.31999969482422,48.310001373291016,0.8728024316229328,0.7638230800034832,0
2017-09-22,9.59000015258789,7.980000019073486,12.850000381469727,93.29000091552734,50.52000045776367,0.8321167770701295,0.7463034916650352,0
2017-09-25,10.210000038146973,9.210000038146973,13.0600004196167,96.4000015258789,51.11000061035156,0.9020568074178488,0.7817763943415423,0
2017-09-26,10.170000076293945,9.34000015258789,13.020000457763672,94.80999755859375,50.63999938964844,0.9183874220767444,0.7811059691806458,0
2017-09-27,9.869999885559082,9.029999732971191,12.90999984741211,95.36000061035156,52.08000183105469,0.9148936005747168,0.764523625268484,0
2017-09-28,9.550000190734863,8.390000343322754,12.760000228881836,94.0999984741211,51.86000061035156,0.878534049817349,0.7484326034037802,0
2017-09-29,9.510000228881836,7.949999809265137,12.489999771118164,93.13999938964844,52.880001068115234,0.8359621049346577,0.761409159580029,0
2017-10-02,9.449999809265137,8.180000305175781,12.359999656677246,92.4800033569336,54.459999084472656,0.8656085153732808,0.7645631126017031,0
2017-10-03,9.510000228881836,8.039999961853027,12.3100004196167,91.58999633789062,54.599998474121094,0.8454258431493594,0.7725426405125949,0
2017-10-04,9.630000114440918,8.020000457763672,12.380000114440918,92.12000274658203,54.4900016784668,0.8328141601719268,0.7778675303248016,0
2017-10-05,9.1899995803833,7.809999942779541,12.180000305175781,91.79000091552734,55.58000183105469,0.8498368116850118,0.7545155459871453,0
2017-10-06,9.649999618530273,7.880000114440918,12.4399995803833,97.08999633789062,54.97999954223633,0.8165803550198552,0.7757234681701604,0
2017-10-09,10.329999923706055,9.34000015258789,12.729999542236328,101.83000183105469,,0.9041626545566338,0.8114689941215303,0
2017-10-10,10.079999923706055,8.720000267028809,12.470000267028809,97.33000183105469,53.88999938964844,0.8650793981179692,0.808339992610745,0
2017-10-11,9.850000381469727,8.319999694824219,12.239999771118164,99.22000122070312,52.689998626708984,0.8446699870668213,0.8047386083055373,0
2017-10-12,9.90999984741211,8.34000015258789,12.260000228881836,97.7699966430664,51.81999969482422,0.8415741958629588,0.8083197114520726,0
2017-10-13,9.609999656677246,8.029999732971191,11.979999542236328,97.80000305175781,50.849998474121094,0.8355879313056754,0.8021702857998048,0
2017-10-16,9.90999984741211,8.460000038146973,11.9399995803833,97.6500015258789,,0.853683165328828,0.8299832659704311,0
2017-10-17,10.3100004196167,8.6899995803833,12.050000190734863,98.73999786376953,49.029998779296875,0.8428709240252751,0.8556016810310066,0
2017-10-18,10.069999694824219,8.369999885559082,11.920000076293945,94.33999633789062,50.290000915527344,0.8311817417294558,0.8447986267089932,0
2017-10-19,10.050000190734863,8.880000114440918,11.960000038146973,93.33000183105469,51.4900016784668,0.8835820841702497,0.8403010166120337,0
2017-10-20,9.970000267028809,8.40999984741211,11.850000381469727,90.52999877929688,53.97999954223633,0.8435305538781495,0.8413502064201835,0
2017-10-23,11.069999694824219,10.770000457763672,12.550000190734863,97.08999633789062,54.099998474121094,0.9728997971697495,0.8820716754248923,0
2017-10-24,11.15999984741211,10.479999542236328,12.670000076293945,98.43000030517578,55.939998626708984,0.9390680721798158,0.8808208192747288,0
2017-10-25,11.229999542236328,11.09000015258789,12.949999809265137,100.16000366210938,57.36000061035156,0.9875334465400558,0.8671814446052558,0
2017-10-26,11.300000190734863,10.6899995803833,12.930000305175781,97.7300033569336,57.349998474121094,0.9460176460128101,0.8739365757177561,0
2017-10-27,9.800000190734863,8.609999656677246,12.229999542236328,92.77999877929688,54.66999816894531,0.8785713764390872,0.8013083039693127,0
2017-10-30,10.5,9.8100004196167,12.569999694824219,95.19000244140625,51.689998626708984,0.9342857542492095,0.8353222159840978,0
2017-10-31,10.180000305175781,9.319999694824219,12.380000114440918,92.01000213623047,51.150001525878906,0.9155205712602665,0.8222940396665345,0
2017-11-01,10.199999809265137,9.289999961853027,12.569999694824219,92.0,49.939998626708984,0.9107843270167991,0.8114558517821647,0
2017-11-02,9.930000305175781,8.539999961853027,12.680000305175781,91.4800033569336,48.72999954223633,0.8600201107145738,0.7831230336108516,0
2017-11-03,9.140000343322754,7.840000152587891,12.420000076293945,89.68000030517578,45.83000183105469,0.8577680369908759,0.7359098459885095,0
2017-11-06,9.399999618530273,8.09000015258789,12.569999694824219,91.25,45.04999923706055,0.860638349031422,0.7478122392000364,0
2017-11-07,9.890000343322754,8.829999923706055,12.760000228881836,93.44999694824219,44.20000076293945,0.8928209926370366,0.7750783829092,0
2017-11-08,9.779999732971191,8.279999732971191,12.880000114440918,97.73999786376953,43.970001220703125,0.8466257626835031,0.7593167427076309,0
2017-11-09,10.5,9.649999618530273,13.140000343322754,98.81999969482422,44.9900016784668,0.9190475827171689,0.7990867371122786,0
2017-11-10,11.289999961853027,10.3100004196167,13.609999656677246,104.76000213623047,47.290000915527344,0.9131975601817911,0.8295371231926523,0
2017-11-13,11.5,9.84000015258789,13.75,106.30000305175781,46.38999938964844,0.8556521871815557,0.8363636363636363,0
2017-11-14,11.59000015258789,9.729999542236328,13.930000305175781,103.18000030517578,47.77000045776367,0.839516774299934,0.8320172217283837,0
2017-11-15,13.130000114440918,11.729999542236328,14.65999984741211,106.2699966430664,48.0,0.8933739101293068,0.8956343963918063,0
2017-11-16,11.760000228881836,8.739999771118164,13.960000038146973,100.1500015258789,47.7400016784668,0.7431972449841678,0.8424068908844243,0
2017-11-17,11.430000305175781,8.489999771118164,13.800000190734863,97.12000274658203,49.09000015258789,0.7427821123743703,0.828260880231707,0
2017-11-20,10.649999618530273,8.600000381469727,13.279999732971191,93.76000213623047,48.099998474121094,0.8075118018320219,0.801957818725611,0
2017-11-21,9.729999542236328,7.96999979019165,12.550000190734863,89.2699966430664,48.09000015258789,0.8191161526365126,0.7752987565226953,0
2017-11-22,9.880000114440918,7.869999885559082,12.4399995803833,86.41999816894531,46.880001068115234,0.7965586836437424,0.7942122546387173,0
2017-11-24,9.670000076293945,7.869999885559082,12.420000076293945,86.31999969482422,46.15999984741211,0.8138572723336814,0.7785829321169712,0
2017-11-27,9.869999885559082,9.0,12.569999694824219,86.58000183105469,45.290000915527344,0.9118541139162535,0.7852028739207624,0
2017-11-28,10.029999732971191,9.180000305175781,12.270000457763672,85.7300033569336,44.93000030517578,0.9152542920812606,0.817440860535979,0
2017-11-29,10.699999809265137,10.15999984741211,12.819999694824219,89.56999969482422,45.540000915527344,0.9495327129458974,0.8346333903256656,0
2017-11-30,11.279999732971191,11.380000114440918,13.039999961853027,89.94000244140625,46.83000183105469,1.0088652822550543,0.865030656899501,0
2017-12-01,11.430000305175781,11.979999542236328,13.279999732971191,95.02999877929688,50.16999816894531,1.0481189170932474,0.8606928113709004,0
2017-12-04,11.680000305175781,12.210000038146973,13.550000190734863,97.56999969482422,48.7599983215332,1.0453766882811066,0.8619926303146668,0
2017-12-05,11.329999923706055,11.109999656677246,13.539999961853027,97.94999694824219,49.2400016784668,0.9805825005727938,0.8367799080965048,0
2017-12-06,11.020000457763672,10.899999618530273,13.449999809265137,98.16999816894531,49.31999969482422,0.9891106321008493,0.8193309006720177,0
2017-12-07,10.15999984741211,9.510000228881836,12.930000305175781,95.83000183105469,49.2400016784668,0.9360236586326488,0.7857694978820022,0
2017-12-08,9.579999923706055,8.4399995803833,12.460000038146973,91.88999938964844,47.4900016784668,0.8810020508975389,0.7688603446529984,0
2017-12-11,9.34000015258789,8.789999961853027,12.279999732971191,92.05999755859375,46.56999969482422,0.9411134709047653,0.7605863481829281,0
2017-12-12,9.920000076293945,9.239999771118164,12.479999542236328,93.2699966430664,46.75,0.9314515826667387,0.7948718301408167,0
2017-12-13,10.180000305175781,9.350000381469727,12.5,95.55999755859375,45.029998779296875,0.9184675934357232,0.8144000244140625,0
2017-12-14,10.489999771118164,9.869999885559082,12.800000190734863,96.06999969482422,44.84000015258789,0.9408961011356634,0.8195312199066398,0
2017-12-15,9.420000076293945,8.25,12.079999923706055,92.19999694824219,46.43000030517578,0.8757961712507489,0.7798013357440452,0
2017-12-18,9.529999732971191,8.050000190734863,12.069999694824219,90.63999938964844,46.72999954223633,0.8447009880686633,0.7895608926202199,0
2017-12-19,10.029999732971191,9.029999732971191,12.510000228881836,93.58000183105469,48.959999084472656,0.900299100037586,0.8017585571113686,0
2017-12-20,9.720000267028809,8.34000015258789,12.369999885559082,92.86000061035156,49.95000076293945,0.8580246834846278,0.7857720579590367,0
2017-12-21,9.619999885559082,7.630000114440918,12.350000381469727,92.20999908447266,51.599998474121094,0.793139314470739,0.7789473350942717,0
2017-12-22,9.899999618530273,7.510000228881836,12.489999771118164,94.9000015258789,50.380001068115234,0.7585859109352925,0.7926340912690008,0
2017-12-26,10.25,8.479999542236328,12.619999885559082,97.55999755859375,48.81999969482422,0.8273170285108613,0.81220285998013,0
2017-12-27,10.470000267028809,9.710000038146973,12.649999618530273,97.08000183105469,47.72999954223633,0.9274116323305969,0.8276680302576368,0
2017-12-28,10.180000305175781,9.270000457763672,12.760000228881836,97.25,46.189998626708984,0.9106090549968411,0.7978056522392287,0
2017-12-29,11.039999961853027,10.420000076293945,13.09000015258789,100.76000213623047,46.599998474121094,0.9438405898821202,0.8433918894699495,0
2018-01-02,9.770000457763672,8.539999961853027,12.609999656677246,97.36000061035156,49.16999816894531,0.8741043563684552,0.7747819765078472,0
2018-01-03,9.149999618530273,7.849999904632568,12.319999694824219,94.4000015258789,47.599998474121094,0.8579235226125049,0.7426947926284689,0
2018-01-04,9.220000267028809,7.730000019073486,12.239999771118164,94.20999908447266,47.380001068115234,0.8383947717134413,0.7532680097580208,0
2018-01-05,9.220000267028809,7.699999809265137,12.0600004196167,93.0999984741211,46.06999969482422,0.8351409529564472,0.7645107749773897,0
2018-01-08,9.520000457763672,7.900000095367432,12.149999618530273,93.97000122070312,45.900001525878906,0.8298319028887114,0.7835391569267605,0
2018-01-09,10.079999923706055,8.350000381469727,12.40999984741211,94.73999786376953,47.290000915527344,0.828373059987061,0.8122481907852774,0
2018-01-10,9.819999694824219,7.849999904632568,12.359999656677246,93.69999694824219,49.16999816894531,0.7993890171676921,0.7944983792551449,0
2018-01-11,9.880000114440918,7.840000152587891,12.15999984741211,92.23999786376953,48.189998626708984,0.7935222734591572,0.8125000196067913,0
2018-01-12,10.15999984741211,8.680000305175781,12.199999809265137,92.22000122070312,47.61000061035156,0.8543307515291643,0.832786885758492,0
2018-01-16,11.65999984741211,11.25,13.229999542236328,106.48999786376953,45.90999984741211,0.9648370623689925,0.8813303288626695,0
2018-01-17,11.90999984741211,11.65999984741211,13.25,102.62999725341797,45.880001068115234,0.9790092356672597,0.8988679130122347,0
2018-01-18,12.220000267028809,12.369999885559082,13.579999923706055,103.68000030517578,48.54999923706055,1.0122749275984053,0.8998527493138531,0
2018-01-19,11.270000457763672,10.40999984741211,13.039999961853027,101.58999633789062,,0.9236911645589929,0.864263841313859,0
2018-01-22,11.029999732971191,10.859999656677246,12.989999771118164,99.68000030517578,52.599998474121094,0.9845874813771957,0.8491146980229501,0
2018-01-23,11.100000381469727,11.020000457763672,13.220000267028809,98.58999633789062,52.54999923706055,0.9927927999138084,0.8396369256628199,0
2018-01-24,11.470000267028809,11.449999809265137,13.529999732971191,99.7699966430664,54.11000061035156,0.9982562809679121,0.847745786651985,0
2018-01-25,11.579999923706055,11.640000343322754,13.680000305175781,101.77999877929688,53.380001068115234,1.005181383420726,0.8464912036094621,0
2018-01-26,11.079999923706055,10.460000038146973,13.460000038146973,98.6500015258789,55.630001068115234,0.9440433312429389,0.8231797839750549,0
2018-01-29,13.84000015258789,14.90999984741211,14.989999771118164,110.01000213623047,55.97999954223633,1.0773121158256738,0.9232822124022961,0
2018-01-30,14.789999961853027,16.200000762939453,15.829999923706055,113.4800033569336,57.279998779296875,1.095334740008327,0.9343019604001649,0
2018-01-31,13.539999961853027,13.859999656677246,14.899999618530273,108.41000366210938,57.20000076293945,1.02363365551889,0.9087248529197348,0
2018-02-01,13.470000267028809,13.859999656677246,14.720000267028809,105.7699966430664,57.83000183105469,1.0289531835127768,0.9150815232795978,0
2018-02-02,17.309999465942383,18.860000610351562,17.030000686645508,125.51000213623047,60.33000183105469,1.0895436852819564,1.016441501350992,1
2018-02-05,37.31999969482422,59.34000015258789,28.1299991607666,177.33999633789062,60.40999984741211,1.590032171431597,1.3266975047363339,1
2018-02-06,29.979999542236328,39.459999084472656,23.75,161.1199951171875,,1.3162107967640475,1.2623157701994243,1
2018-02-07,27.729999542236328,32.86000061035156,23.030000686645508,159.02999877929688,66.06999969482422,1.1849982384709956,1.2040815768762103,1
2018-02-08,33.459999084472656,41.439998626708984,27.329999923706055,180.61000061035156,67.8499984741211,1.238493716694078,1.2242956157291986,1
2018-02-09,29.059999465942383,31.639999389648438,24.920000076293945,167.27999877929688,,1.0887818297013305,1.1661315961867418,1
2018-02-12,25.610000610351562,26.829999923706055,22.860000610351562,140.8000030517578,69.86000061035156,1.0476376135993284,1.1202974596052606,1
2018-02-13,24.969999313354492,25.290000915527344,22.649999618530273,136.5800018310547,68.97000122070312,1.0128154429704652,1.1024282443221851,1
2018-02-14,19.260000228881836,18.729999542236328,19.34000015258789,124.48999786376953,69.5199966430664,0.9724817922976589,0.9958634993239465,0
2018-02-15,19.1299991607666,18.579999923706055,19.079999923706055,122.76000213623047,66.68000030517578,0.971249385196601,1.0026205050975092,1
2018-02-16,19.459999084472656,18.68000030517578,19.170000076293945,121.19999694824219,63.029998779296875,0.9599178409047694,1.015127752061792,1
2018-02-20,20.600000381469727,20.639999389648438,20.010000228881836,122.58000183105469,60.2599983215332,1.0019416993901946,1.0294852646596326,1
2018-02-21,20.020000457763672,20.010000228881836,20.030000686645508,125.7300033569336,61.15999984741211,0.9995004880792618,0.9995007374668488,0
2018-02-22,18.719999313354492,18.1299991607666,19.059999465942383,116.9800033569336,61.13999938964844,0.968482896675803,0.9821615864577843,0
2018-02-23,16.489999771118164,14.979999542236328,17.5,110.19000244140625,64.5999984741211,0.9084293359708492,0.9422857012067523,0
2018-02-26,15.800000190734863,15.15999984741211,16.920000076293945,107.68000030517578,63.720001220703125,0.9594936496457733,0.9338061536342263,0
2018-02-27,18.59000015258789,18.1200008392334,19.020000457763672,119.5,63.93000030517578,0.9747176272460082,0.9773922032162591,0
2018-02-28,19.850000381469727,19.190000534057617,19.889999389648438,121.69999694824219,62.970001220703125,0.9667506380489429,0.9979889889690229,0
2018-03-01,22.469999313354492,23.889999389648438,21.420000076293945,128.13999938964844,63.65999984741211,1.0631953769331004,1.0490195720504505,1
2018-03-02,19.59000015258789,18.8700008392334,19.860000610351562,114.77999877929688,65.30000305175781,0.9632465897015637,0.9864048112051447,0
2018-03-05,18.729999542236328,18.260000228881836,19.209999084472656,109.66000366210938,64.70999908447266,0.9749066030517172,0.9750130366937753,0
2018-03-06,18.360000610351562,17.229999542236328,19.239999771118164,104.61000061035156,63.5,0.9384531029112206,0.9542619973370479,0
2018-03-07,17.760000228881836,16.709999084472656,18.84000015258789,99.48999786376953,63.349998474121094,0.9408783147028548,0.9426751637495234,0
2018-03-08,16.540000915527344,15.859999656677246,18.18000030517578,96.91999816894531,61.58000183105469,0.9588874715108553,0.9097910141848823,0
2018-03-09,14.640000343322754,13.529999732971191,17.010000228881836,99.70999908447266,58.970001220703125,0.9241802879562206,0.8606702026061716,0
2018-03-12,15.779999732971191,15.239999771118164,17.799999237060547,104.94000244140625,58.290000915527344,0.9657794695189547,0.8865168769286457,0
2018-03-13,16.350000381469727,15.359999656677246,18.049999237060547,107.04000091552734,55.06999969482422,0.9394494983673213,0.9058172339364782,0
2018-03-14,17.229999542236328,17.280000686645508,18.780000686645508,110.29000091552734,57.849998474121094,1.002901981760743,0.9174653307914207,0
2018-03-15,16.59000015258789,15.960000038146973,18.209999084472656,109.27999877929688,57.709999084472656,0.9620253099067848,0.9110379454512928,0
2018-03-16,15.800000190734863,14.930000305175781,17.739999771118164,106.48999786376953,59.0099983215332,0.9449367167685699,0.8906426378008334,0
2018-03-19,19.020000457763672,21.950000762939453,19.3799991607666,112.91999816894531,59.97999954223633,1.1540483824741339,0.981424214726917,0
2018-03-20,18.200000762939453,19.700000762939453,18.8799991607666,107.12999725341797,57.88999938964844,1.082417578962658,0.963983134107325,0
2018-03-21,17.860000610351562,18.520000457763672,18.709999084472656,106.5999984741211,55.720001220703125,1.036954077539593,0.9545698281286126,0
2018-03-22,23.34000015258789,26.309999465942383,21.65999984741211,125.12000274658203,55.93000030517578,1.1272493270753121,1.0775623415055797,1
2018-03-23,24.8700008392334,28.219999313354492,22.790000915527344,129.82000732421875,56.16999816894531,1.1347003764003232,1.0912680930297332,1
2018-03-26,21.030000686645508,22.280000686645508,20.700000762939453,113.08000183105469,54.54999923706055,1.05943889487335,1.0159420247122346,1
2018-03-27,22.5,22.950000762939453,21.940000534057617,118.61000061035156,56.27000045776367,1.02000003390842,1.0255241318282144,1
2018-03-28,22.8700008392334,24.940000534057617,22.309999465942383,114.0199966430664,58.349998474121094,1.090511570566851,1.0251009137918579,1
2018-03-29,19.969999313354492,20.56999969482422,20.549999237060547,103.31999969482422,58.540000915527344,1.0300450877366074,0.9717761583825237,0
2018-04-02,23.6200008392334,27.309999465942383,22.56999969482422,111.66999816894531,58.65999984741211,1.1562234756816692,1.046521983101753,1
2018-04-03,21.100000381469727,23.479999542236328,21.020000457763672,102.05999755859375,56.02000045776367,1.112796166717454,1.0038058954312015,1
2018-04-04,20.059999465942383,21.950000762939453,20.420000076293945,95.44000244140625,55.349998474121094,1.0942174151203687,0.9823701954453224,0
2018-04-05,18.940000534057617,19.93000030517578,19.610000610351562,92.20999908447266,53.720001220703125,1.0522703137910667,0.9658337554594327,0
2018-04-06,21.489999771118164,23.059999465942383,21.200000762939453,98.5999984741211,56.06999969482422,1.0730572225009627,1.0136791980067128,1
2018-04-09,21.770000457763672,23.829999923706055,21.229999542236328,100.23999786376953,52.5099983215332,1.0946256050815901,1.0254357478648566,1
2018-04-10,20.469999313354492,20.920000076293945,20.399999618530273,98.20999908447266,51.43000030517578,1.021983428335822,1.0034313576535872,1
2018-04-11,20.239999771118164,20.3700008392334,20.3700008392334,100.0199966430664,50.5,1.0064229777463112,0.9936180136102475,0
2018-04-12,18.489999771118164,17.81999969482422,19.280000686645508,98.08000183105469,51.4900016784668,0.9637641922883903,0.9590248502390072,0
2018-04-13,17.40999984741211,16.360000610351562,18.549999237060547,93.94000244140625,51.13999938964844,0.9396898767223928,0.9385445047689888,0
2018-04-16,16.559999465942383,16.56999969482422,17.81999969482422,93.22000122070312,49.7400016784668,1.0006038785751414,0.9292929152379391,0
2018-04-17,15.25,15.350000381469727,16.799999237060547,89.58999633789062,48.34000015258789,1.0065574020635886,0.9077381364612641,0
2018-04-18,15.600000381469727,14.640000343322754,16.799999237060547,92.41000366210938,50.0,0.9384615375210312,0.9285714934472353,0
2018-04-19,15.960000038146973,15.5,17.1200008392334,95.37999725341797,51.099998474121094,0.9711779425408835,0.9322429471832685,0
2018-04-20,16.8799991607666,16.229999542236328,17.719999313354492,99.20999908447266,52.709999084472656,0.9614929116796974,0.9525959263466318,0
2018-04-23,16.34000015258789,16.440000534057617,17.350000381469727,96.87000274658203,52.790000915527344,1.006119974329002,0.9417867316037328,0
2018-04-24,18.020000457763672,19.170000076293945,18.229999542236328,100.80999755859375,53.0,1.0638179572317832,0.9884805765361585,0
2018-04-25,17.84000015258789,18.709999084472656,18.229999542236328,97.80000305175781,55.20000076293945,1.048766755854459,0.9786067252089138,0
2018-04-26,16.239999771118164,16.010000228881836,17.290000915527344,90.70999908447266,53.13999938964844,0.9858374664114609,0.9392711920873166,0
2018-04-27,15.40999984741211,14.4399995803833,17.079999923706055,92.1500015258789,51.27000045776367,0.937053843177571,0.9022248194523653,0
2018-04-30,15.930000305175781,16.450000762939453,17.34000015258789,94.30000305175781,50.349998474121094,1.0326428404144299,0.9186851306225811,0
2018-05-01,15.489999771118164,15.699999809265137,16.90999984741211,89.97000122070312,51.779998779296875,1.0135571362976084,0.9160260148369391,0
2018-05-02,15.970000267028809,16.530000686645508,17.260000228881836,93.79000091552734,49.04999923706055,1.0350657739670086,0.9252607216253439,0
2018-05-03,15.899999618530273,15.75,17.030000686645508,91.06999969482422,49.43000030517578,0.9905660615013185,0.9336464461213233,0
2018-05-04,14.770000457763672,13.859999656677246,16.649999618530273,88.12000274658203,,0.9383885732645258,0.887087134904538,0
2018-05-07,14.75,14.220000267028809,16.649999618530273,90.70999908447266,48.02000045776367,0.9640678147138175,0.8858859061825017,0
2018-05-08,14.710000038146973,13.979999542236328,16.479999542236328,89.5,48.81999969482422,0.950373861725523,0.8925971144869845,0
2018-05-09,13.420000076293945,12.130000114440918,15.779999732971191,93.88999938964844,49.369998931884766,0.9038748170999062,0.8504436187190679,0
2018-05-10,13.229999542236328,12.430000305175781,15.239999771118164,93.0199966430664,47.810001373291016,0.9395314236779392,0.8681102192211935,0
2018-05-11,12.649999618530273,11.239999771118164,14.819999694824219,90.02999877929688,47.060001373291016,0.8885375581081695,0.8535762401498698,0
2018-05-14,12.930000305175781,11.920000076293945,14.529999732971191,92.62000274658203,48.34000015258789,0.9218870684420989,0.8898830380454362,0
2018-05-15,14.630000114440918,14.289999961853027,15.789999961853027,99.18000030517578,52.65999984741211,0.9767600717752364,0.9265357916266912,0
2018-05-16,13.420000076293945,12.359999656677246,15.140000343322754,94.79000091552734,55.130001068115234,0.9210133819977274,0.8863936441198704,0
2018-05-17,13.430000305175781,12.020000457763672,15.020000457763672,93.4800033569336,54.189998626708984,0.8950111827719981,0.8941411382070873,0
2018-05-18,13.420000076293945,11.479999542236328,15.1899995803833,94.76000213623047,53.2599983215332,0.8554396033510779,0.8834760004618321,0
2018-05-21,13.079999923706055,11.369999885559082,14.6899995803833,91.04000091552734,53.08000183105469,0.8692660513668822,0.8904016540050005,0
2018-05-22,13.220000267028809,10.920000076293945,14.880000114440918,90.47000122070312,52.56999969482422,0.826021169116679,0.8884408713276088,0
2018-05-23,12.579999923706055,10.0600004196167,14.479999542236328,89.80000305175781,53.27000045776367,0.7996820731818441,0.8687845525831535,0
2018-05-24,12.529999732971191,10.329999923706055,14.430000305175781,90.63999938964844,52.15999984741211,0.8244214001476711,0.8683298314607039,0
2018-05-25,13.220000267028809,11.460000038146973,14.829999923706055,93.77999877929688,54.099998474121094,0.8668683666163499,0.8914363004072826,0
2018-05-29,17.020000457763672,17.239999771118164,17.1299991607666,108.66999816894531,63.0,1.0129259287566081,0.9935785926216002,0
2018-05-30,14.9399995803833,13.260000228881836,16.0,99.08000183105469,61.86000061035156,0.8875502410517228,0.9337499737739563,0
2018-05-31,15.430000305175781,14.119999885559082,16.329999923706055,100.62999725341797,60.540000915527344,0.9151004281459879,0.9448867346763575,0
2018-06-01,13.460000038146973,11.4399995803833,15.270000457763672,93.30000305175781,56.939998626708984,0.8499256722110854,0.8814669046917777,0
2018-06-04,12.739999771118164,12.020000457763672,14.899999618530273,90.83000183105469,54.29999923706055,0.943485139223727,0.8550335635763479,0
2018-06-05,12.399999618530273,11.680000305175781,14.720000267028809,89.83999633789062,54.459999084472656,0.9419355374593285,0.8423912631513273,0
2018-06-06,11.640000343322754,11.029999732971191,14.1899995803833,88.12000274658203,56.439998626708984,0.9475944508282178,0.8202960315385953,0
2018-06-07,12.130000114440918,11.899999618530273,14.430000305175781,91.27999877929688,56.58000183105469,0.9810387062043944,0.8406098307627967,0
2018-06-08,12.180000305175781,11.5600004196167,14.600000381469727,93.48999786376953,59.56999969482422,0.949096890802571,0.834246574447669,0
2018-06-11,12.350000381469727,12.529999732971191,14.550000190734863,94.54000091552734,57.83000183105469,1.014574845825231,0.8487972659501372,0
2018-06-12,12.34000015258789,12.029999732971191,14.59000015258789,95.70999908447266,55.959999084472656,0.9748784103903202,0.8457847857115404,0
2018-06-13,12.9399995803833,12.65999984741211,14.920000076293945,100.01000213623047,53.790000915527344,0.9783616891768943,0.8672921926416995,0
2018-06-14,12.119999885559082,11.039999961853027,14.399999618530273,98.20999908447266,52.5,0.910891094562396,0.8416666810159333,0
2018-06-15,11.979999542236328,10.84000015258789,14.420000076293945,101.66000366210938,53.08000183105469,0.9048414496487007,0.8307905325140111,0
2018-06-18,12.3100004196167,11.6899995803833,14.479999542236328,99.87000274658203,52.33000183105469,0.9496343770837415,0.8501381774018697,0
2018-06-19,13.350000381469727,12.970000267028809,15.170000076293945,104.12999725341797,52.400001525878906,0.9715355727653483,0.8800263885516837,0
2018-06-20,12.789999961853027,12.15999984741211,14.789999961853027,98.51000213623047,51.91999816894531,0.950742758692734,0.8647734952563568,0
2018-06-21,14.640000343322754,14.5600004196167,15.869999885559082,107.44999694824219,53.09000015258789,0.9945355244651656,0.9224953023877733,0
2018-06-22,13.770000457763672,12.15999984741211,15.5,102.48999786376953,53.029998779296875,0.8830791171510944,0.8883871263073336,0
2018-06-25,17.329999923706055,17.68000030517578,17.520000457763672,114.31999969482422,53.040000915527344,1.0201962136763172,0.9891552209421649,0
2018-06-26,15.920000076293945,15.15999984741211,16.8700008392334,107.5199966430664,51.29999923706055,0.9522612923844433,0.9436869759525973,0
2018-06-27,17.90999984741211,17.90999984741211,18.049999237060547,112.75,53.04999923706055,1.0,0.9922438007996705,0
2018-06-28,16.850000381469727,15.829999923706055,17.520000457763672,108.87999725341797,52.130001068115234,0.9394658495743783,0.9617579875120924,0
2018-06-29,16.09000015258789,14.930000305175781,17.139999389648438,105.97000122070312,51.16999816894531,0.9279055415530536,0.9387398322957534,0
2018-07-02,15.600000381469727,14.420000076293945,16.950000762939453,104.80000305175781,50.25,0.9243589566460889,0.9203539633802582,0
2018-07-03,16.139999389648438,15.170000076293945,17.350000381469727,108.5,51.220001220703125,0.939900907680541,0.9302593103621137,0
2018-07-05,14.970000267028809,14.140000343322754,16.530000686645508,103.22000122070312,51.459999084472656,0.9445557843085604,0.9056261128363404,0
2018-07-06,13.369999885559082,11.489999771118164,15.710000038146973,95.73999786376953,50.130001068115234,0.8593866768487034,0.8510502770906486,0
2018-07-09,12.6899995803833,10.789999961853027,14.869999885559082,94.16000366210938,49.689998626708984,0.8502758328323851,0.8533960778780586,0
2018-07-10,12.640000343322754,10.65999984741211,14.710000038146973,91.95999908447266,49.810001373291016,0.8433543954010566,0.8592794228785755,0
2018-07-11,13.630000114440918,11.800000190734863,15.380000114440918,104.5,50.47999954223633,0.8657373508187151,0.8862158656060832,0
2018-07-12,12.579999923706055,10.600000381469727,14.760000228881836,100.81999969482422,48.56999969482422,0.8426073486292183,0.8523035046496791,0
2018-07-13,12.180000305175781,10.069999694824219,14.539999961853027,99.80999755859375,48.279998779296875,0.8267651430636717,0.8376891566114915,0
2018-07-16,12.829999923706055,11.5,14.850000381469727,100.94999694824219,47.790000915527344,0.8963367161640736,0.8639730366415149,0
2018-07-17,12.0600004196167,10.5600004196167,14.399999618530273,98.55999755859375,46.63999938964844,0.8756218948748864,0.8375000513262233,0
2018-07-18,12.100000381469727,10.029999732971191,14.390000343322754,98.08000183105469,45.2599983215332,0.8289255716331554,0.8408617159682256,0
2018-07-19,12.869999885559082,11.149999618530273,14.970000267028809,100.58000183105469,47.11000061035156,0.8663558444193342,0.8597194158977443,0
2018-07-20,12.859999656677246,11.010000228881836,15.079999923706055,102.76000213623047,49.04999923706055,0.8561431199700816,0.8527851274363122,0
2018-07-23,12.619999885559082,11.34000015258789,14.859999656677246,102.04000091552734,51.5099983215332,0.8985737127909263,0.8492597696587675,0
2018-07-24,12.40999984741211,11.149999618530273,14.699999809265137,98.68000030517578,50.310001373291016,0.8984689569400287,0.8442176876485615,0
2018-07-25,12.289999961853027,11.270000457763672,14.550000190734863,94.19999694824219,48.290000915527344,0.9170057357806888,0.8446735258243531,0
2018-07-26,12.140000343322754,11.069999694824219,14.399999618530273,91.66000366210938,49.27000045776367,0.9118615635717788,0.84305560173076,0
2018-07-27,13.029999732971191,11.59000015258789,15.0,97.1500015258789,48.83000183105469,0.8894858319344768,0.8686666488647461,0
2018-07-30,14.260000228881836,13.569999694824219,15.65999984741211,101.41000366210938,49.41999816894531,0.9516128665510041,0.910600278916246,0
2018-07-31,12.829999923706055,11.640000343322754,14.869999885559082,94.12999725341797,46.5,0.907248668163705,0.8628110304268286,0
2018-08-01,13.149999618530273,12.289999961853027,15.220000267028809,95.27999877929688,48.380001068115234,0.9346007846672953,0.8639947035360577,0
2018-08-02,12.1899995803833,10.510000228881836,14.760000228881836,91.66000366210938,48.0,0.8621821649440419,0.8258807175714231,0
2018-08-03,11.640000343322754,9.579999923706055,14.489999771118164,86.5999984741211,47.66999816894531,0.8230240241531942,0.8033126657823625,0
2018-08-06,11.270000457763672,9.739999771118164,14.229999542236328,84.66000366210938,46.86000061035156,0.8642412933007894,0.7919888137953183,0
2018-08-07,10.930000305175781,9.130000114440918,13.930000305175781,83.20999908447266,47.150001525878906,0.8353156321612825,0.7846374777978051,0
2018-08-08,10.850000381469727,8.859999656677246,13.960000038146973,84.41999816894531,46.84000015258789,0.8165898013984293,0.7772206555745782,0
2018-08-09,11.270000457763672,9.460000038146973,14.130000114440918,88.69000244140625,47.349998474121094,0.8393965975068061,0.797593798052817,0
2018-08-10,13.15999984741211,13.09000015258789,15.220000267028809,99.06999969482422,50.630001068115234,0.9946808741918045,0.8646517487861487,0
2018-08-13,14.779999732971191,15.34000015258789,16.209999084472656,107.77999877929688,50.77000045776367,1.037889068317603,0.9117828851161848,0
2018-08-14,13.3100004196167,12.619999885559082,15.350000381469727,100.33999633789062,49.84000015258789,0.9481592402476057,0.8671009829865749,0
2018-08-15,14.640000343322754,15.010000228881836,16.190000534057617,111.12999725341797,51.52000045776367,1.025273215634031,0.9042618814326626,0
2018-08-16,13.449999809265137,12.920000076293945,15.510000228881836,103.48999786376953,50.61000061035156,0.9605948148336704,0.8671824378325486,0
2018-08-17,12.640000343322754,11.569999694824219,15.170000076293945,101.80999755859375,50.689998626708984,0.9153480522598422,0.8332234858109985,0
2018-08-20,12.489999771118164,11.420000076293945,15.0,100.7699966430664,50.970001220703125,0.9143314880358538,0.8326666514078777,0
2018-08-21,12.859999656677246,11.550000190734863,15.1899995803833,101.55999755859375,50.31999969482422,0.8981337868650566,0.8466096123718747,0
2018-08-22,12.25,10.770000457763672,15.079999923706055,95.72000122070312,49.63999938964844,0.8791837108378507,0.8123342216164577,0
2018-08-23,12.40999984741211,10.800000190734863,15.0600004196167,95.91999816894531,49.20000076293945,0.8702659406548676,0.8240371515028128,0
2018-08-24,11.989999771118164,10.170000076293945,14.819999694824219,93.94999694824219,49.15999984741211,0.8482068615874137,0.8090418365734237,0
2018-08-27,12.15999984741211,10.229999542236328,14.789999961853027,93.38999938964844,49.380001068115234,0.841282867648512,0.8221771385243867,0
2018-08-28,12.5,10.199999809265137,15.109999656677246,92.30999755859375,49.95000076293945,0.8159999847412109,0.8272667295843475,0
2018-08-29,12.25,9.770000457763672,14.949999809265137,91.0999984741211,49.099998474121094,0.7975510577766263,0.819398003765068,0
2018-08-30,13.529999732971191,11.489999771118164,15.539999961853027,95.11000061035156,50.40999984741211,0.8492239466286343,0.8706563556103022,0
2018-08-31,12.859999656677246,11.010000228881836,15.149999618530273,92.7300033569336,50.709999084472656,0.8561431199700816,0.8488448832003875,0
2018-09-04,13.15999984741211,11.970000267028809,15.449999809265137,95.2300033569336,49.56999969482422,0.9095744989224059,0.8517799359143197,0
2018-09-05,13.90999984741211,12.649999618530273,15.920000076293945,97.94000244140625,48.400001525878906,0.9094176676704815,0.8737437048210274,0
2018-09-06,14.649999618530273,13.460000038146973,16.34000015258789,101.36000061035156,48.650001525878906,0.918771357585695,0.8965727956991506,0
2018-09-07,14.880000114440918,13.489999771118164,16.59000015258789,102.37999725341797,49.43000030517578,0.9065859991510504,0.8969258575998127,0
2018-09-10,14.15999984741211,12.569999694824219,16.170000076293945,100.37999725341797,47.689998626708984,0.8877118524207838,0.8756957192703666,0
2018-09-11,13.220000267028809,11.0,15.539999961853027,96.44000244140625,47.970001220703125,0.8320726004396857,0.8507078699794555,0
2018-09-12,13.140000343322754,10.670000076293945,15.319999694824219,97.23999786376953,46.790000915527344,0.8120243377098564,0.857702389365062,0
2018-09-13,12.369999885559082,10.029999732971191,14.770000457763672,91.05999755859375,46.060001373291016,0.8108326455750706,0.8375084293959477,0
2018-09-14,12.069999694824219,9.930000305175781,14.369999885559082,88.06999969482422,47.45000076293945,0.8227009574353098,0.8399443139142809,0
2018-09-17,13.680000305175781,13.5,15.279999732971191,96.33999633789062,46.810001373291016,0.9868420832485159,0.8952879937332112,0
2018-09-18,12.789999961853027,11.739999771118164,15.039999961853027,92.48999786376953,47.970001220703125,0.9179045978212232,0.8503989357907694,0
2018-09-19,11.75,11.449999809265137,14.649999618530273,88.18000030517578,48.790000915527344,0.9744680688736287,0.8020478024543998,0
2018-09-20,11.800000190734863,11.039999961853027,14.510000228881836,87.30999755859375,49.34000015258789,0.935593201983287,0.8132322539352703,0
2018-09-21,11.680000305175781,10.630000114440918,14.579999923706055,90.19999694824219,48.83000183105469,0.9101027257448294,0.8010974188130771,0
2018-09-24,12.199999809265137,11.630000114440918,14.770000457763672,91.51000213623047,48.310001373291016,0.9532787128085576,0.8259986073901815,0
2018-09-25,12.420000076293945,11.760000228881836,14.920000076293945,91.06999969482422,49.380001068115234,0.9468599159937324,0.8324396791410079,0
2018-09-26,12.890000343322754,12.699999809265137,15.149999618530273,91.55999755859375,47.439998626708984,0.9852598503493415,0.850825126593187,0
2018-09-27,12.40999984741211,12.09000015258789,14.890000343322754,87.66000366210938,45.709999084472656,0.974214367545625,0.8334452358140628,0
2018-09-28,12.119999885559082,11.170000076293945,14.770000457763672,87.30999755859375,46.15999984741211,0.9216171767132558,0.8205822281602132,0
2018-10-01,12.0,11.1899995803833,14.739999771118164,86.97000122070312,44.279998779296875,0.9324999650319418,0.814111274513927,0
2018-10-02,12.050000190734863,11.130000114440918,14.84000015258789,88.12000274658203,45.349998474121094,0.9236514471592021,0.8119946136680807,0
2018-10-03,11.609999656677246,10.8100004196167,14.680000305175781,85.80000305175781,50.209999084472656,0.9310939482586079,0.7908718947767233,0
2018-10-04,14.220000267028809,15.420000076293945,15.84000015258789,99.44000244140625,55.06999969482422,1.0843881706561929,0.8977272809372788,0
2018-10-05,14.819999694824219,14.859999656677246,16.25,102.62999725341797,55.189998626708984,1.002699052812194,0.911999981219952,0
2018-10-08,15.6899995803833,14.920000076293945,16.510000228881836,102.73999786376953,,0.9509241858073686,0.9503330928449011,0
2018-10-09,15.949999809265137,14.399999618530273,16.6299991607666,103.91999816894531,53.45000076293945,0.9028213034940296,0.9591100790247954,0
2018-10-10,22.959999084472656,25.979999542236328,20.700000762939453,135.61000061035156,55.70000076293945,1.1315331262276065,1.1091786588520047,1
2018-10-11,24.979999542236328,29.579999923706055,21.559999465942383,129.3000030517578,56.06999969482422,1.1841473364998274,1.1586270946665098,1
2018-10-12,21.309999465942383,22.84000015258789,19.84000015258789,124.80999755859375,54.369998931884766,1.0717973122942004,1.074092706756494,1
2018-10-15,21.299999237060547,23.90999984741211,20.290000915527344,118.77999877929688,51.25,1.1225352443116683,1.049778130899949,1
2018-10-16,17.6200008392334,17.850000381469727,17.959999084472656,111.77999877929688,50.18000030517578,1.013053321866149,0.981069139055068,0
2018-10-17,17.399999618530273,17.75,18.100000381469727,109.27999877929688,48.9900016784668,1.0201149648932746,0.96132592551456,0
2018-10-18,20.059999465942383,22.309999465942383,19.860000610351562,116.81999969482422,52.63999938964844,1.1121635124577158,1.0100704355208618,1
2018-10-19,19.889999389648438,21.1299991607666,19.84000015258789,114.94999694824219,52.040000915527344,1.0623428762779907,1.002520122816331,1
2018-10-22,19.639999389648438,20.670000076293945,19.81999969482422,112.1500015258789,51.849998474121094,1.0524440284447456,0.9909182488422144,0
2018-10-23,20.709999084472656,23.43000030517578,20.280000686645508,108.70999908447266,55.0099983215332,1.1313375828559282,1.021203076098035,1
2018-10-24,25.229999542236328,31.90999984741211,22.6200008392334,118.58000183105469,57.689998626708984,1.2647641865388508,1.1153845537651794,1
2018-10-25,24.219999313354492,29.6200008392334,22.440000534057617,113.91000366210938,56.70000076293945,1.2229563038385982,1.079322581859806,1
2018-10-26,24.15999984741211,29.889999389648438,22.479999542236328,110.48999786376953,62.70000076293945,1.2371688567229067,1.0747331111826461,1
2018-10-29,24.700000762939453,31.030000686645508,23.059999465942383,110.38999938964844,59.77000045776367,1.256275292639009,1.071118878359872,1
2018-10-30,23.350000381469727,28.8700008392334,22.229999542236328,106.08000183105469,61.790000915527344,1.2364025853354708,1.050382404961612,1
2018-10-31,21.229999542236328,25.15999984741211,21.149999618530273,102.9000015258789,60.130001068115234,1.1851154210982051,1.0037825023711096,1
2018-11-01,19.34000015258789,21.540000915527344,20.06999969482422,99.56999969482422,58.540000915527344,1.1137539165244046,0.9636273266897665,0
2018-11-02,19.510000228881836,21.170000076293945,20.299999237060547,102.37999725341797,61.41999816894531,1.0850845631951715,0.9610837912379595,0
2018-11-05,19.959999084472656,21.6299991607666,20.200000762939453,101.83000183105469,59.900001525878906,1.083667342329343,0.9881187292375194,0
2018-11-06,19.90999984741211,21.6200008392334,19.579999923706055,102.4800033569336,59.0099983215332,1.0858865396748636,1.016853928753417,1
2018-11-07,16.360000610351562,15.539999961853027,17.6200008392334,95.75,,0.949877712841912,0.928490342288959,0
2018-11-08,16.719999313354492,15.5600004196167,17.68000030517578,95.4000015258789,51.58000183105469,0.9306220728842204,0.945701302304828,0
2018-11-09,17.360000610351562,15.630000114440918,18.459999084472656,100.55000305175781,53.540000915527344,0.9003455970572336,0.9404117806784541,0
2018-11-12,20.450000762939453,20.690000534057617,20.229999542236328,107.7699966430664,,1.0117359296901887,1.0108749987978896,1
2018-11-13,20.020000457763672,19.3799991607666,20.270000457763672,105.31999969482422,52.22999954223633,0.9680319039778603,0.9876665024985608,0
2018-11-14,21.25,21.389999389648438,21.219999313354492,111.41999816894531,53.900001525878906,1.0065882065716911,1.0014137930073648,1
2018-11-15,19.979999542236328,19.5,20.309999465942383,107.37999725341797,56.220001220703125,0.9759759983366545,0.9837518497103149,0
2018-11-16,18.139999389648438,16.350000381469727,19.350000381469727,101.93000030517578,60.43000030517578,0.9013230943546684,0.9374676502342589,0
2018-11-19,20.100000381469727,20.43000030517578,20.639999389648438,107.12999725341797,59.470001220703125,1.0164179063404537,0.9738372565820164,0
2018-11-20,22.479999542236328,23.6299991607666,22.270000457763672,107.61000061035156,59.4900016784668,1.0511565677023083,1.0094296847847368,1
2018-11-21,20.799999237060547,19.860000610351562,21.31999969482422,100.2699966430664,57.650001525878906,0.9548077566736572,0.9756097342773457,0
2018-11-23,21.520000457763672,21.420000076293945,21.75,99.29000091552734,57.310001373291016,0.9953531422238585,0.9894253084029274,0
2018-11-26,18.899999618530273,20.040000915527344,20.110000610351562,92.16999816894531,51.529998779296875,1.060317530159068,0.9398308823919953,0
2018-11-27,19.020000457763672,21.329999923706055,19.940000534057617,91.54000091552734,51.2400016784668,1.1214510730991847,0.9538615821638229,0
2018-11-28,18.489999771118164,22.059999465942383,19.280000686645508,93.55000305175781,50.7599983215332,1.1930773249873505,0.9590248502390072,0
2018-11-29,18.790000915527344,22.1299991607666,19.59000015258789,93.36000061035156,50.91999816894531,1.177754022485396,0.9591628774461819,0
2018-11-30,18.06999969482422,21.459999084472656,18.889999389648438,93.58999633789062,52.43000030517578,1.1876037325346183,0.9565908035299582,0
2018-12-03,16.440000534057617,17.209999084472656,17.950000762939453,85.87000274658203,50.310001373291016,1.0468368932725935,0.9158774281503395,0
2018-12-04,20.739999771118164,25.100000381469727,20.75,96.56999969482422,53.86000061035156,1.210221825384162,0.9995180612587067,0
2018-12-06,21.190000534057617,25.110000610351562,21.059999465942383,93.8499984741211,,1.1849929201272802,1.0061728903804328,1
2018-12-07,23.229999542236328,27.420000076293945,22.440000534057617,96.48999786376953,60.7400016784668,1.180370237478457,1.0352049460506791,1
2018-12-10,22.639999389648438,25.530000686645508,22.010000228881836,91.77999877929688,60.2599983215332,1.1276502374076234,1.0286233145940593,1
2018-12-11,21.760000228881836,23.489999771118164,21.719999313354492,89.7699966430664,58.72999954223633,1.0795036545973982,1.0018416628357234,1
2018-12-12,21.459999084472656,22.860000610351562,21.59000015258789,91.41000366210938,58.22999954223633,1.0652377253311196,0.9939786444096134,0
2018-12-13,20.649999618530273,20.56999969482422,21.350000381469727,93.0,55.75,0.9961259116133704,0.9672130796050475,0
2018-12-14,21.6299991607666,21.469999313354492,21.959999084472656,96.44999694824219,56.130001068115234,0.9926028731567256,0.9849726804433526,0
2018-12-17,24.520000457763672,27.06999969482422,23.40999984741211,101.55000305175781,55.40999984741211,1.10399670430076,1.0474156607256138,1
2018-12-18,25.579999923706055,28.360000610351562,23.899999618530273,103.63999938964844,59.400001525878906,1.1086786823665769,1.0702929009201,1
2018-12-19,25.579999923706055,26.649999618530273,24.020000457763672,105.05000305175781,59.0099983215332,1.0418295425338373,1.0649458549630528,1
2018-12-20,28.3799991607666,30.420000076293945,25.239999771118164,109.6500015258789,58.7599983215332,1.0718816411505574,1.1244056821760158,1
2018-12-21,30.110000610351562,33.7400016784668,26.229999542236328,106.61000061035156,61.61000061035156,1.1205579871980231,1.1479222697609102,1
2018-12-24,36.06999969482422,42.400001525878906,28.84000015258789,111.87999725341797,66.04000091552734,1.175492150945679,1.2506934640770992,1
2018-12-26,30.40999984741211,34.709999084472656,25.690000534057617,97.31999969482422,63.88999938964844,1.1414008306029793,1.1837290469144646,1
2018-12-27,29.959999084472656,33.880001068115234,25.889999389648438,95.88999938964844,68.33999633789062,1.1308411917033132,1.1572035454142005,1
2018-12-28,28.34000015258789,31.020000457763672,25.31999969482422,91.23999786376953,66.66000366210938,1.0945659947334565,1.119273321254463,1
2018-12-31,25.420000076293945,27.350000381469727,23.729999542236328,87.11000061035156,66.58000183105469,1.0759244806995754,1.0712178915574624,1
2019-01-02,23.219999313354492,23.020000457763672,22.75,81.66000366210938,62.79999923706055,0.9913867846035725,1.0206593104771204,1
2019-01-03,25.450000762939453,26.959999084472656,24.110000610351562,83.80000305175781,65.79000091552734,1.0593319558454426,1.0555786030139114,1
2019-01-04,21.3799991607666,21.270000457763672,21.860000610351562,84.44000244140625,65.81999969482422,0.9948550651393484,0.9780420203027048,0
2019-01-07,21.399999618530273,21.68000030517578,21.6200008392334,82.73999786376953,60.880001068115234,1.0130841444690053,0.9898241807510065,0
2019-01-08,20.469999313354492,20.56999969482422,21.139999389648438,82.41000366210938,59.04999923706055,1.0048852166499336,0.9683065233851416,0
2019-01-09,19.979999542236328,19.18000030517578,20.690000534057617,86.62000274658203,57.02000045776367,0.9599599972277575,0.9656838582167959,0
2019-01-10,19.5,17.8799991607666,20.520000457763672,86.3499984741211,56.650001525878906,0.9169230338854667,0.9502923764615337,0
2019-01-11,18.190000534057617,16.100000381469727,19.739999771118164,83.8499984741211,55.939998626708984,0.8851016992179451,0.9214792677288492,0
2019-01-14,19.06999969482422,17.56999969482422,19.93000030517578,83.01000213623047,55.34000015258789,0.921342421394631,0.9568489414358804,0
2019-01-15,18.600000381469727,16.84000015258789,19.239999771118164,81.38999938964844,53.0099983215332,0.9053763337211951,0.9667359980633076,0
2019-01-16,19.040000915527344,16.729999542236328,19.530000686645508,83.33999633789062,51.95000076293945,0.878676404295381,0.9749104068668455,0
2019-01-17,18.059999465942383,15.75,19.170000076293945,82.79000091552734,53.439998626708984,0.8720930490447362,0.9420969949956226,0
2019-01-18,17.799999237060547,15.220000267028809,18.84000015258789,82.48999786376953,53.779998779296875,0.8550562314261203,0.9447982533384169,0
2019-01-22,20.799999237060547,21.56999969482422,20.690000534057617,93.80999755859375,54.63999938964844,1.0370192541349577,1.0053165152326538,1
2019-01-23,19.520000457763672,19.360000610351562,20.079999923706055,88.44999694824219,54.189998626708984,0.9918032866977484,0.9721115802753935,0
2019-01-24,18.889999389648438,18.09000015258789,19.670000076293945,84.88999938964844,54.18000030517578,0.9576495890466286,0.9603456693634915,0
2019-01-25,17.420000076293945,16.350000381469727,18.81999969482422,83.37999725341797,52.5,0.9385763668118273,0.9256110711353893,0
2019-01-28,18.8700008392334,19.3799991607666,19.579999923706055,86.44000244140625,50.95000076293945,1.0270269368760623,0.9637385552993266,0
2019-01-29,19.1299991607666,19.850000381469727,19.600000381469727,86.83999633789062,49.79999923706055,1.0376372844897852,0.9760203463492034,0
2019-01-30,17.65999984741211,17.31999969482422,18.68000030517578,82.38999938964844,48.31999969482422,0.9807474430619707,0.9453961219967939,0
2019-01-31,16.56999969482422,15.510000228881836,17.8799991607666,79.23999786376953,49.810001373291016,0.9360289990666999,0.9267338071907261,0
2019-02-01,16.139999389648438,14.130000114440918,17.59000015258789,80.0,48.790000915527344,0.875464724212031,0.9175667566594009,0
2019-02-04,15.729999542236328,13.579999923706055,17.190000534057617,77.36000061035156,48.869998931884766,0.8633185199556205,0.9150668443012164,0
2019-02-05,15.569999694824219,13.579999923706055,17.06999969482422,80.62000274658203,48.619998931884766,0.8721901213794063,0.9121265362145956,0
2019-02-06,15.380000114440918,12.729999542236328,16.899999618530273,84.98999786376953,47.439998626708984,0.8276982735704667,0.9100591989112989,0
2019-02-07,16.3700008392334,14.890000343322754,17.520000457763672,85.01000213623047,48.970001220703125,0.9095906890631563,0.9343607540820199,0
2019-02-08,15.720000267028809,13.609999656677246,17.260000228881836,82.69999694824219,49.630001068115234,0.8657760448785051,0.9107763649228645,0
2019-02-11,15.970000267028809,14.670000076293945,17.219999313354492,82.7699966430664,48.31999969482422,0.9185973594866617,0.9274100408728657,0
2019-02-12,15.430000305175781,13.470000267028809,16.81999969482422,81.62999725341797,49.02000045776367,0.8729747246025966,0.9173603201624217,0
2019-02-13,15.649999618530273,13.489999771118164,16.959999084472656,80.2699966430664,48.16999816894531,0.8619808370567258,0.9227594612819453,0
2019-02-14,16.219999313354492,14.109999656677246,17.31999969482422,81.63999938964844,47.189998626708984,0.8699137024660655,0.9364895842464454,0
2019-02-15,14.90999984741211,12.180000305175781,16.479999542236328,80.44999694824219,45.72999954223633,0.8169014372786753,0.9047330255804624,0
2019-02-19,14.880000114440918,13.380000114440918,16.450000762939453,78.63999938964844,45.060001373291016,0.8991935491623914,0.9045592355207897,0
2019-02-20,14.020000457763672,12.600000381469727,15.819999694824219,75.58999633789062,44.540000915527344,0.8987161176940183,0.886220020746938,0
2019-02-21,14.460000038146973,13.180000305175781,16.15999984741211,76.63999938964844,46.54999923706055,0.911479963375213,0.8948019910076065,0
2019-02-22,13.510000228881836,11.489999771118164,15.460000038146973,74.9800033569336,47.220001220703125,0.8504810937423013,0.8738680592203373,0
2019-02-25,14.850000381469727,14.0600004196167,16.0,79.3499984741211,46.15999984741211,0.9468013507367439,0.9281250238418579,0
2019-02-26,15.170000076293945,14.199999809265137,16.299999237060547,80.52999877929688,46.279998779296875,0.9360579919478959,0.9306748948676405,0
2019-02-27,14.699999809265137,13.140000343322754,15.989999771118164,80.37000274658203,,0.8938775859739029,0.9193245790920471,0
2019-02-28,14.779999732971191,13.180000305175781,16.100000381469727,80.0,47.220001220703125,0.8917456389240566,0.9180123840234322,0
2019-03-01,13.569999694824219,11.329999923706055,15.380000114440918,79.2699966430664,47.900001525878906,0.8349300057852963,0.8823146680007359,0
2019-03-04,14.630000114440918,13.399999618530273,16.030000686645508,82.33999633789062,46.7400016784668,0.9159261458448971,0.9126637235037101,0
2019-03-05,14.739999771118164,13.359999656677246,16.149999618530273,82.45999908447266,45.86000061035156,0.9063771956669283,0.9126935058379633,0
2019-03-06,15.739999771118164,14.989999771118164,16.739999771118164,86.0999984741211,45.630001068115234,0.9523506981635286,0.9402628426718788,0
2019-03-07,16.59000015258789,16.149999618530273,17.299999237060547,88.69999694824219,45.83000183105469,0.973477966846855,0.9589595886830055,0
2019-03-08,16.049999237060547,14.630000114440918,17.110000610351562,87.23999786376953,45.83000183105469,0.9115265302106212,0.9380478471374388,0
2019-03-11,14.329999923706055,13.399999618530273,16.010000228881836,81.2300033569336,44.84000015258789,0.9351011646805883,0.8950655664485824,0
2019-03-12,13.770000457763672,12.729999542236328,15.649999618530273,83.05999755859375,44.86000061035156,0.924473429124617,0.8798722551698595,0
2019-03-13,13.40999984741211,12.529999732971191,15.329999923706055,82.76000213623047,44.56999969482422,0.9343773210697879,0.8747553760046085,0
2019-03-14,13.5,12.520000457763672,15.300000190734863,82.55999755859375,45.2400016784668,0.9274074413158275,0.882352930176767,0
2019-03-15,12.880000114440918,11.220000267028809,14.979999542236328,82.94000244140625,46.04999923706055,0.8711180254143837,0.8598131180261768,0
2019-03-18,13.100000381469727,12.529999732971191,15.239999771118164,85.5199966430664,44.95000076293945,0.956488501381663,0.859580090433858,0
2019-03-19,13.5600004196167,13.529999732971191,15.5600004196167,87.36000061035156,43.68000030517578,0.9977875600503591,0.8714652990960994,0
2019-03-20,13.90999984741211,13.489999771118164,15.789999961853027,86.62999725341797,42.529998779296875,0.9698058892234939,0.8809372945546042,0
2019-03-21,13.630000114440918,13.109999656677246,15.510000228881836,83.88999938964844,44.5099983215332,0.9618488295379591,0.8787878731980875,0
2019-03-22,16.479999542236328,16.850000381469727,17.3700008392334,98.5,52.2599983215332,1.02245150785867,0.9487621615430878,0
2019-03-25,16.329999923706055,16.40999984741211,17.450000762939453,97.19999694824219,57.11000061035156,1.0048989543220952,0.9358165736237634,0
2019-03-26,14.680000305175781,13.949999809265137,16.450000762939453,89.8499984741211,56.5099983215332,0.9502724468164169,0.8924011929682494,0
2019-03-27,15.149999618530273,14.699999809265137,16.780000686645508,91.33999633789062,60.970001220703125,0.970297041544824,0.9028604885926803,0
2019-03-28,14.430000305175781,13.699999809265137,16.299999237060547,87.94999694824219,59.93000030517578,0.9494109161142009,0.885276133778397,0
2019-03-29,13.710000038146973,12.34000015258789,15.800000190734863,85.81999969482422,58.54999923706055,0.9000729480855457,0.8677215109267233,0
2019-04-01,13.399999618530273,12.109999656677246,15.460000038146973,84.93000030517578,52.689998626708984,0.9037313433898055,0.8667528839240799,0
2019-04-02,13.359999656677246,11.859999656677246,15.539999961853027,83.27999877929688,54.209999084472656,0.8877245480129703,0.859716839734417,0
2019-04-03,13.739999771118164,12.289999961853027,15.630000114440918,84.2300033569336,53.84000015258789,0.8944687166361477,0.879078673737402,0
2019-04-04,13.579999923706055,11.579999923706055,15.479999542236328,82.1500015258789,51.70000076293945,0.8527245941652267,0.8772610029253406,0
2019-04-05,12.819999694824219,10.119999885559082,15.0600004196167,79.0999984741211,49.220001220703125,0.7893915855274786,0.8512615762032302,0
2019-04-08,13.180000305175781,10.739999771118164,15.279999732971191,81.86000061035156,47.88999938964844,0.8148709804582152,0.8625654800723569,0
2019-04-09,14.279999732971191,11.779999732971191,15.989999771118164,88.13999938964844,48.83000183105469,0.8249299687150741,0.8930581574343954,0
2019-04-10,13.300000190734863,10.140000343322754,15.380000114440918,89.48999786376953,48.599998474121094,0.762406029917695,0.8647594337952536,0
2019-04-11,13.020000457763672,10.520000457763672,15.25,88.05999755859375,46.900001525878906,0.8079877179643815,0.8537705218205687,0
2019-04-12,12.010000228881836,9.739999771118164,14.460000038146973,84.9800033569336,48.84000015258789,0.8109908064527144,0.8305670952419236,0
2019-04-15,12.319999694824219,10.609999656677246,14.529999732971191,84.16999816894531,47.63999938964844,0.8612012921668039,0.8479008892799851,0
2019-04-16,12.180000305175781,10.760000228881836,14.470000267028809,83.58000183105469,48.310001373291016,0.8834154317967851,0.8417415397654832,0
2019-04-17,12.600000381469727,11.0,14.819999694824219,85.55000305175781,48.650001525878906,0.8730158465849908,0.8502024723974987,0
2019-04-18,12.09000015258789,9.930000305175781,14.569999694824219,84.41000366210938,49.22999954223633,0.8213399652480768,0.8297872618955983,0
2019-04-22,12.420000076293945,11.630000114440918,14.720000267028809,83.2699966430664,48.779998779296875,0.9363929181159265,0.8437499898769287,0
2019-04-23,12.279999732971191,11.640000343322754,14.539999961853027,81.43000030517578,49.790000915527344,0.947882784725958,0.8445666963678716,0
2019-04-24,13.140000343322754,12.539999961853027,15.039999961853027,85.16999816894531,50.52000045776367,0.9543378717052604,0.8736702378092174,0
2019-04-25,13.25,12.359999656677246,15.210000038146973,86.94000244140625,49.790000915527344,0.932830162768094,0.8711374074141187,0
2019-04-26,12.729999542236328,11.8100004196167,14.890000343322754,84.08999633789062,49.43000030517578,0.9277298385151388,0.8549361483356142,0
2019-04-29,13.109999656677246,12.520000457763672,15.229999542236328,86.08000183105469,48.04999923706055,0.9549962460439064,0.860801053888424,0
2019-04-30,13.119999885559082,12.4399995803833,15.229999542236328,88.55999755859375,49.470001220703125,0.9481707079948801,0.8614576677546361,0
2019-05-01,14.800000190734863,14.949999809265137,16.190000534057617,95.75,46.75,1.0101351092295374,0.9141445152890069,0
2019-05-02,14.420000076293945,13.920000076293945,16.030000686645508,93.0199966430664,46.720001220703125,0.9653259363831777,0.8995632850039212,0
2019-05-03,12.869999885559082,10.960000038146973,15.069999694824219,86.2300033569336,45.779998779296875,0.8515928621292962,0.854014608240455,0
2019-05-06,15.4399995803833,15.449999809265137,16.399999618530273,94.8499984741211,47.81999969482422,1.0006476832353377,0.94146341094653,0
2019-05-07,19.31999969482422,20.739999771118164,18.780000686645508,111.54000091552734,52.36000061035156,1.073498969913253,1.0287539397462697,1
2019-05-08,19.399999618530273,21.329999923706055,18.75,106.4800033569336,51.310001373291016,1.099484553769388,1.0346666463216145,1
2019-05-09,19.100000381469727,21.860000610351562,18.440000534057617,102.91999816894531,54.720001220703125,1.1445026268983487,1.0357917477384628,1
2019-05-10,16.040000915527344,16.56999969482422,16.899999618530273,96.01000213623047,53.4900016784668,1.033042316025295,0.9491125016322504,0
2019-05-13,20.549999237060547,22.760000228881836,19.790000915527344,105.5999984741211,57.88999938964844,1.107542631331864,1.038403147366047,1
2019-05-14,18.059999465942383,18.760000228881836,18.290000915527344,97.26000213623047,55.349998474121094,1.0387597333133656,0.9874247436811389,0
2019-05-15,16.440000534057617,16.309999465942383,17.489999771118164,94.52999877929688,57.400001525878906,0.9920923927072922,0.9399657375185078,0
2019-05-16,15.289999961853027,15.0600004196167,16.739999771118164,94.2300033569336,56.97999954223633,0.9849575184558435,0.9133811332681827,0
2019-05-17,15.960000038146973,16.260000228881836,17.059999465942383,99.12000274658203,56.970001220703125,1.018797004387081,0.9355217196816807,0
2019-05-20,16.309999465942383,16.81999969482422,17.290000915527344,96.83000183105469,56.54999923706055,1.0312691750816294,0.9433197572184703,0
2019-05-21,14.949999809265137,14.5,16.420000076293945,92.37999725341797,55.349998474121094,0.9698996779259988,0.9104750146042269,0
2019-05-22,14.75,13.920000076293945,16.420000076293945,89.30000305175781,54.959999084472656,0.9437288187317929,0.8982947583109347,0
2019-05-23,16.920000076293945,17.399999618530273,17.690000534057617,94.9800033569336,61.06999969482422,1.028368767143733,0.9564725588175517,0
2019-05-24,15.850000381469727,15.359999656677246,17.09000015258789,90.19000244140625,60.540000915527344,0.9690851285173885,0.9274429631335963,0
2019-05-28,17.5,17.979999542236328,17.899999618530273,95.08000183105469,61.77000045776367,1.0274285452706473,0.9776536521198476,0
2019-05-29,17.899999618530273,18.34000015258789,18.239999771118164,93.83000183105469,63.15999984741211,1.0245810359460636,0.9813596405233371,0
2019-05-30,17.299999237060547,17.1200008392334,17.959999084472656,92.77999877929688,61.7400016784668,0.9895954678748453,0.963251677001325,0
2019-05-31,18.709999084472656,19.0,18.829999923706055,96.72000122070312,72.68000030517578,1.0154997824541858,0.9936271460584382,0
2019-06-03,18.860000610351562,19.260000228881836,18.770000457763672,96.02999877929688,73.55999755859375,1.0212088868284939,1.0047948934679256,1
2019-06-04,16.969999313354492,16.649999618530273,17.59000015258789,88.93000030517578,75.26000213623047,0.9811432110918004,0.9647526529928891,0
2019-06-05,16.09000015258789,14.899999618530273,17.1299991607666,86.72000122070312,77.63999938964844,0.9260409867761115,0.939287854107976,0
2019-06-06,15.930000305175781,14.880000114440918,16.920000076293945,86.11000061035156,73.41999816894531,0.9340866182912935,0.9414893754932531,0
2019-06-07,16.299999237060547,15.020000457763672,17.149999618530273,86.0,68.69000244140625,0.9214724638522312,0.950437294438694,0
2019-06-10,15.9399995803833,15.25,16.8799991607666,83.86000061035156,65.62000274658203,0.956712697707191,0.944312818298706,0
2019-06-11,15.989999771118164,15.149999618530273,16.989999771118164,84.94999694824219,64.93000030517578,0.9474671566846964,0.941141847353057,0
2019-06-12,15.90999984741211,14.65999984741211,17.049999237060547,86.19999694824219,68.43000030517578,0.9214330602144335,0.9331378627178768,0
2019-06-13,15.819999694824219,14.59000015258789,16.860000610351562,84.7300033569336,75.73999786376953,0.9222503434915524,0.9383154876703378,0
2019-06-14,15.279999732971191,13.5600004196167,16.600000381469727,82.56999969482422,80.81999969482422,0.8874345979441952,0.920481890472001,0
2019-06-17,15.350000381469727,14.989999771118164,16.610000610351562,83.4800033569336,76.87999725341797,0.9765471920908778,0.9241420720901968,0
2019-06-18,15.149999618530273,15.289999961853027,16.5,87.37000274658203,76.73999786376953,1.0092409469866597,0.9181817950624408,0
2019-06-19,14.329999923706055,13.869999885559082,16.100000381469727,84.58000183105469,71.37000274658203,0.9678995086813645,0.8900620859735598,0
2019-06-20,14.75,14.770000457763672,16.139999389648438,81.20999908447266,72.37000274658203,1.001355963238215,0.9138785971367552,0
2019-06-21,15.399999618530273,14.829999923706055,16.670000076293945,83.13999938964844,74.62999725341797,0.9629870318867828,0.9238152098409578,0
2019-06-24,15.260000228881836,15.800000190734863,16.469999313354492,82.58999633789062,73.76000213623047,1.035386628686348,0.9265331429922075,0
2019-06-25,16.280000686645508,17.010000228881836,17.1200008392334,85.16000366210938,74.22000122070312,1.0448402648308945,0.950934572931627,0
2019-06-26,16.209999084472656,16.799999237060547,17.049999237060547,85.36000061035156,73.7300033569336,1.0363972970950408,0.9507331266759219,0
2019-06-27,15.819999694824219,16.34000015258789,16.760000228881836,86.5199966430664,69.91999816894531,1.0328698146520066,0.9439140500465059,0
2019-06-28,15.079999923706055,15.670000076293945,16.059999465942383,85.77999877929688,70.43000030517578,1.0391246787515163,0.9389788558639393,0
2019-07-01,14.0600004196167,12.510000228881836,15.430000305175781,79.58000183105469,66.52999877929688,0.8897581689562197,0.9112119339946134,0
2019-07-02,12.930000305175781,10.420000076293945,14.720000267028809,78.22000122070312,68.5999984741211,0.8058777904377077,0.8783967439278904,0
2019-07-03,12.569999694824219,9.90999984741211,14.529999732971191,80.04000091552734,68.33000183105469,0.7883850507564147,0.8651066707386526,0
2019-07-05,13.279999732971191,10.569999694824219,14.979999542236328,,65.27999877929688,0.7959337279639649,0.8865153630698077,0
2019-07-08,13.960000038146973,11.119999885559082,15.479999542236328,83.66000366210938,63.220001220703125,0.7965615942100766,0.9018088146616464,0
2019-07-09,14.09000015258789,11.079999923706055,15.569999694824219,82.30999755859375,62.900001525878906,0.7863733004765799,0.904945435372853,0
2019-07-10,13.029999732971191,9.9399995803833,15.1899995803833,85.97000122070312,62.38999938964844,0.762854933544708,0.8578011911072347,0
2019-07-11,12.930000305175781,10.079999923706055,14.979999542236328,88.19999694824219,62.959999084472656,0.7795823422889717,0.8631509145724241,0
2019-07-12,12.390000343322754,9.880000114440918,14.800000190734863,86.13999938964844,62.779998779296875,0.7974172591339329,0.8371621745707257,0
2019-07-15,12.680000305175781,11.010000228881836,15.039999961853027,86.19999694824219,61.900001525878906,0.8682965271213537,0.8430851288122957,0
2019-07-16,12.859999656677246,11.710000038146973,15.220000267028809,88.25,61.290000915527344,0.9105754549586506,0.8449408298984036,0
2019-07-17,13.970000267028809,13.420000076293945,15.819999694824219,90.3499984741211,62.290000915527344,0.9606299083592044,0.8830594523715023,0
2019-07-18,13.529999732971191,12.680000305175781,15.539999961853027,84.04000091552734,63.119998931884766,0.9371766855453774,0.8706563556103022,0
2019-07-19,14.449999809265137,13.5600004196167,15.930000305175781,86.7699966430664,63.86000061035156,0.9384083459241445,0.9070935048614042,0
2019-07-22,13.529999732971191,13.640000343322754,15.470000267028809,81.22000122070312,60.970001220703125,1.0081301265722498,0.8745959598855122,0
2019-07-23,12.609999656677246,12.819999694824219,14.930000305175781,78.98999786376953,61.22999954223633,1.0166534531216878,0.8446081312071868,0
2019-07-24,12.069999694824219,12.1899995803833,14.5600004196167,83.88999938964844,60.709999084472656,1.0099419957409395,0.8289834716324801,0
2019-07-25,12.739999771118164,12.529999732971191,15.050000190734863,84.30000305175781,60.9900016784668,0.9835164802260792,0.8465116019706903,0
2019-07-26,12.15999984741211,11.539999961853027,14.6899995803833,83.11000061035156,58.900001525878906,0.9490131666661961,0.8277740091735811,0
2019-07-29,12.829999923706055,12.670000076293945,15.0,88.16000366210938,58.54999923706055,0.9875292401899024,0.8553333282470703,0
2019-07-30,13.9399995803833,14.460000038146973,15.699999809265137,91.58000183105469,57.84000015258789,1.03730275992945,0.887898073231619,0
2019-07-31,16.1200008392334,18.40999984741211,16.90999984741211,96.27999877929688,55.25,1.142059484426653,0.9532821398399001,0
2019-08-01,17.8700008392334,19.31999969482422,17.989999771118164,105.47000122070312,64.68000030517578,1.0811415102123199,0.9933296868587282,0
2019-08-02,17.610000610351562,17.690000534057617,17.889999389648438,102.69000244140625,66.11000061035156,1.0045428688775302,0.9843488659111476,0
2019-08-05,24.59000015258789,29.139999389648438,21.899999618530273,114.4000015258789,77.23999786376953,1.18503453472251,1.122831076754062,1
2019-08-06,20.170000076293945,21.84000015258789,19.690000534057617,107.44999694824219,73.91999816894531,1.082796235497129,1.0243778328703483,1
2019-08-07,19.489999771118164,20.950000762939453,19.5,104.2699966430664,79.08000183105469,1.0749102621327289,0.9994871677496494,0
2019-08-08,16.90999984741211,16.770000457763672,17.860000610351562,98.66000366210938,78.55000305175781,0.9917209112411752,0.9468084697383023,0
2019-08-09,17.969999313354492,17.75,18.559999465942383,101.5199966430664,78.97000122070312,0.987757411142971,0.9682111977605096,0
2019-08-12,21.09000015258789,22.450000762939453,20.5,105.30999755859375,81.58000183105469,1.0644855666435205,1.0287804952481898,1
2019-08-13,17.520000457763672,17.489999771118164,18.530000686645508,102.20999908447266,77.69999694824219,0.9982876320855224,0.9454937835156294,0
2019-08-14,22.100000381469727,24.420000076293945,21.299999237060547,113.98999786376953,87.22000122070312,1.1049773599447301,1.037558740519447,1
2019-08-15,21.18000030517578,22.450000762939453,21.06999969482422,112.26000213623047,90.62000274658203,1.0599622492665084,1.0052207219717513,1
2019-08-16,18.469999313354492,18.360000610351562,19.700000762939453,110.31999969482422,89.5199966430664,0.9940444663187726,0.9375633806116954,0
2019-08-19,16.8799991607666,17.200000762939453,18.360000610351562,101.22000122070312,86.48999786376953,1.0189574418295362,0.9193899019398442,0
2019-08-20,17.5,18.43000030517578,18.8700008392334,104.7699966430664,86.86000061035156,1.0531428745814733,0.9273979449759762,0
2019-08-21,15.800000190734863,16.09000015258789,17.719999313354492,98.02999877929688,84.51000213623047,1.01835442774381,0.8916479008454227,0
2019-08-22,16.68000030517578,16.709999084472656,18.229999542236328,100.94000244140625,83.1500015258789,1.0017984879345336,0.91497535512991,0
2019-08-23,19.8700008392334,21.549999237060547,20.360000610351562,111.37000274658203,91.81999969482422,1.0845494880156212,0.9759332143207778,0
2019-08-26,19.31999969482422,19.81999969482422,19.81999969482422,106.2699966430664,87.9800033569336,1.0258799175930602,0.9747729562210553,0
2019-08-27,20.309999465942383,20.809999465942383,20.639999389648438,106.48999786376953,88.66999816894531,1.0246184152214501,0.984011631130592,0
2019-08-28,19.350000381469727,19.15999984741211,20.049999237060547,103.94999694824219,89.87000274658203,0.9901808511466713,0.9650873375447846,0
2019-08-29,17.8799991607666,16.850000381469727,19.030000686645508,99.80000305175781,86.94000244140625,0.9423938015860224,0.9395690234164873,0
2019-08-30,18.979999542236328,18.600000381469727,19.540000915527344,102.66000366210938,86.88999938964844,0.979978968918256,0.9713407703657775,0
2019-09-03,19.65999984741211,19.06999969482422,20.1200008392334,102.19000244140625,85.2699966430664,0.969989819065764,0.9771371285967195,0
2019-09-04,17.329999923706055,15.600000381469727,18.809999465942383,97.30000305175781,81.5999984741211,0.9001731361885451,0.9213184697364807,0
2019-09-05,16.270000457763672,14.59000015258789,18.079999923706055,95.51000213623047,79.91999816894531,0.8967424549533971,0.8998894096471121,0
2019-09-06,15.0,12.390000343322754,17.459999084472656,94.4000015258789,78.81999969482422,0.8260000228881836,0.8591065742574776,0
2019-09-09,15.270000457763672,13.65999984741211,17.549999237060547,94.5,76.44000244140625,0.8945644687565811,0.8700855339935187,0
2019-09-10,15.199999809265137,13.760000228881836,17.40999984741211,93.8499984741211,76.77999877929688,0.9052631843123082,0.8730614556280151,0
2019-09-11,14.609999656677246,13.130000114440918,17.100000381469727,97.79000091552734,76.69999694824219,0.8986995498278523,0.8543859257751392,0
2019-09-12,14.220000267028809,13.100000381469727,16.809999465942383,95.94000244140625,77.56999969482422,0.9212377029165063,0.8459250873766535,0
2019-09-13,13.739999771118164,12.619999885559082,16.670000076293945,98.93000030517578,85.52999877929688,0.9184861787324516,0.8242351354669475,0
2019-09-16,14.670000076293945,14.600000381469727,17.200000762939453,101.7300033569336,85.94999694824219,0.9952283780190748,0.8529069433475343,0
2019-09-17,14.4399995803833,14.539999961853027,17.229999542236328,101.66999816894531,84.76000213623047,1.0069252343750463,0.838073126176595,0
2019-09-18,13.949999809265137,14.130000114440918,16.860000610351562,99.08999633789062,79.66000366210938,1.0129032478592745,0.8274020939655383,0
2019-09-19,14.050000190734863,13.180000305175781,16.790000915527344,97.30000305175781,78.13999938964844,0.9380783008008217,0.8368075893159401,0
2019-09-20,15.319999694824219,14.680000305175781,17.709999084472656,101.02999877929688,80.06999969482422,0.9582245820889502,0.865048022970036,0
2019-09-23,14.90999984741211,9.829999923706055,17.8700008392334,97.5999984741211,81.01000213623047,0.659289069369925,0.8343592136088411,0
2019-09-24,17.049999237060547,17.729999542236328,18.549999237060547,104.95999908447266,83.06999969482422,1.0398827176307261,0.9191374629814976,0
2019-09-25,15.960000038146973,15.300000190734863,18.0,99.68000030517578,80.22000122070312,0.9586466262008394,0.8866666687859429,0
2019-09-26,16.06999969482422,15.199999809265137,18.1200008392334,100.30999755859375,79.87000274658203,0.9458618604803528,0.8868652842459852,0
2019-09-27,17.219999313354492,16.770000457763672,18.75,103.19999694824219,79.97000122070312,0.9738676612349318,0.9183999633789063,0
2019-09-30,16.239999771118164,15.279999732971191,17.959999084472656,97.62000274658203,77.19999694824219,0.940886696325312,0.9042316591852435,0
2019-10-01,18.559999465942383,18.940000534057617,19.350000381469727,102.73999786376953,85.61000061035156,1.0204741960694845,0.9591730801057824,0
2019-10-02,20.559999465942383,21.709999084472656,20.739999771118164,103.80999755859375,89.38999938964844,1.0559338350390157,0.9913211038012428,0
2019-10-03,19.1200008392334,19.479999542236328,19.780000686645508,98.19999694824219,87.94000244140625,1.018828383221837,0.9666329714610319,0
2019-10-04,17.040000915527344,16.270000457763672,18.59000015258789,95.19000244140625,83.1500015258789,0.9548121821365617,0.9166218814234505,0
2019-10-07,17.860000610351562,17.700000762939453,18.90999984741211,97.04000091552734,81.86000061035156,0.9910414422203673,0.9444738632716466,0
2019-10-08,20.280000686645508,20.290000915527344,20.389999389648438,102.2699966430664,80.47000122070312,1.0004931079163335,0.9946052620747613,0
2019-10-09,18.639999389648438,18.260000228881836,19.510000228881836,101.25,79.30999755859375,0.9796137782613002,0.9554074408494633,0
2019-10-10,17.56999969482422,17.780000686645508,18.790000915527344,99.66000366210938,80.13999938964844,1.0119522478923635,0.935071784924983,0
2019-10-11,15.579999923706055,15.279999732971191,17.549999237060547,97.69999694824219,79.86000061035156,0.9807445319509667,0.887749321994589,0
2019-10-14,14.569999694824219,14.010000228881836,17.1200008392334,94.43000030517578,,0.9615648951494958,0.8510513423243872,0
2019-10-15,13.539999961853027,12.300000190734863,16.479999542236328,93.9800033569336,80.05999755859375,0.9084195144304518,0.8216019622544029,0
2019-10-16,13.680000305175781,11.920000076293945,16.479999542236328,93.16000366210938,77.94000244140625,0.8713450153786951,0.8300971289541318,0
2019-10-17,13.789999961853027,11.899999618530273,16.440000534057617,90.2699966430664,77.61000061035156,0.8629441371609122,0.8388077563188172,0
2019-10-18,14.25,12.350000381469727,16.649999618530273,91.19999694824219,78.3499984741211,0.8666666934364721,0.8558558754644509,0
2019-10-21,14.0,12.609999656677246,16.280000686645508,88.0999984741211,80.25,0.9007142611912319,0.8599508236805056,0
2019-10-22,14.460000038146973,13.300000190734863,16.549999237060547,89.31999969482422,78.7300033569336,0.9197787106257324,0.8737160546670345,0
2019-10-23,14.010000228881836,12.270000457763672,16.290000915527344,87.58999633789062,73.02999877929688,0.8758030162247159,0.8600367981273561,0
2019-10-24,13.710000038146973,11.890000343322754,16.25,86.55000305175781,68.97000122070312,0.867250204977373,0.8436923100398137,0
2019-10-25,12.649999618530273,10.329999923706055,15.710000038146973,83.81999969482422,67.06999969482422,0.8166008091078689,0.8052195791097125,0
2019-10-28,13.109999656677246,11.699999809265137,15.989999771118164,86.4800033569336,67.41000366210938,0.8924485214083159,0.8198874199083542,0
2019-10-29,13.199999809265137,11.75,16.09000015258789,87.75,67.61000061035156,0.8901515280138583,0.8203853128703712,0
2019-10-30,12.329999923706055,10.670000076293945,15.6899995803833,86.47000122070312,63.31999969482422,0.8653690301959742,0.7858508765750291,0
2019-10-31,13.220000267028809,11.579999923706055,16.049999237060547,88.91999816894531,65.87999725341797,0.8759455136008599,0.8236760682519487,0
2019-11-01,12.300000190734863,9.84000015258789,15.420000076293945,85.69000244140625,57.279998779296875,0.8,0.7976653780724918,0
2019-11-04,12.829999923706055,11.079999923706055,15.619999885559082,88.75,60.18000030517578,0.8636009344967714,0.821382843643141,0
2019-11-05,13.100000381469727,10.989999771118164,15.90999984741211,90.9800033569336,61.47999954223633,0.8389312558084953,0.8233815529294646,0
2019-11-06,12.619999885559082,9.470000267028809,15.829999923706055,89.58999633789062,61.72999954223633,0.7503962244774043,0.7972204640797332,0
2019-11-07,12.729999542236328,10.15999984741211,15.800000190734863,90.1500015258789,67.08000183105469,0.7981147064226259,0.8056961638330368,0
2019-11-08,12.069999694824219,9.319999694824219,15.529999732971191,89.05999755859375,64.44000244140625,0.7721623803205863,0.77720540259887,0
2019-11-11,12.6899995803833,10.6899995803833,15.600000381469727,89.55999755859375,64.44000244140625,0.8423955818649767,0.8134614916713057,0
2019-11-12,12.680000305175781,10.800000190734863,15.489999771118164,90.3499984741211,69.81999969482422,0.8517350103159279,0.8185926722102501,0
2019-11-13,13.0,10.970000267028809,15.619999885559082,93.5,66.0999984741211,0.8438461743868314,0.8322663313217237,0
2019-11-14,13.050000190734863,11.229999542236328,15.600000381469727,93.44999694824219,64.16999816894531,0.8605363508124172,0.8365384533090237,0
2019-11-15,12.050000190734863,9.670000076293945,14.989999771118164,93.3499984741211,61.70000076293945,0.8024896201851616,0.8038692711625042,0
2019-11-18,12.460000038146973,10.180000305175781,15.170000076293945,93.98999786376953,64.12999725341797,0.8170144682190331,0.8213579416929687,0
2019-11-19,12.859999656677246,10.25,15.5,95.94999694824219,62.63999938964844,0.7970451223673193,0.8296773972049836,0
2019-11-20,12.779999732971191,10.199999809265137,15.640000343322754,95.36000061035156,65.58000183105469,0.7981220674793992,0.8171355148612517,0
2019-11-21,13.130000114440918,10.5600004196167,15.819999694824219,96.08999633789062,61.83000183105469,0.8042650668374612,0.8299620965692319,0
2019-11-22,12.34000015258789,9.220000267028809,15.399999618530273,94.4000015258789,62.16999816894531,0.7471637077002168,0.8012987310557856,0
2019-11-25,11.869999885559082,9.760000228881836,14.989999771118164,90.23999786376953,61.54999923706055,0.8222409707649408,0.7918612452836382,0
2019-11-26,11.539999961853027,9.5,14.850000381469727,89.87999725341797,60.38999938964844,0.823223572911914,0.7771043545731476,0
2019-11-27,11.75,9.899999618530273,14.960000038146973,90.19999694824219,57.619998931884766,0.8425531590238531,0.785427805483844,0
2019-11-29,12.619999885559082,11.359999656677246,15.510000228881836,91.05000305175781,56.56999969482422,0.9001584595635663,0.8136685815167713,0
2019-12-02,14.90999984741211,15.300000190734863,16.84000015258789,98.91000366210938,59.41999816894531,1.0261569649439295,0.8853919069068898,0
2019-12-03,15.960000038146973,16.860000610351562,17.6299991607666,102.6500015258789,64.62000274658203,1.0563910131612433,0.905275144519802,0
2019-12-04,14.800000190734863,14.920000076293945,16.979999542236328,98.72000122070312,63.0099983215332,1.0081081002711205,0.8716136978638369,0
2019-12-05,14.520000457763672,13.9399995803833,16.780000686645508,98.12000274658203,63.72999954223633,0.9600550372524093,0.865315844076188,0
2019-12-06,13.619999885559082,12.8100004196167,16.209999084472656,96.5199966430664,64.06999969482422,0.9405286730728094,0.8402221255277861,0
2019-12-09,15.859999656677246,17.059999465942383,17.299999237060547,101.88999938964844,67.29000091552734,1.0756620324868622,0.9167630263648513,0
2019-12-10,15.680000305175781,16.239999771118164,17.1299991607666,101.02999877929688,67.08999633789062,1.0357142509593915,0.9153532442131229,0
2019-12-11,14.989999771118164,15.270000457763672,16.90999984741211,104.81999969482422,61.29999923706055,1.0186791655050587,0.8864577117907082,0
2019-12-12,13.9399995803833,14.670000076293945,16.09000015258789,101.30000305175781,61.630001068115234,1.0523673255297596,0.8663765971525621,0
2019-12-13,12.630000114440918,12.40999984741211,15.279999732971191,96.61000061035156,56.439998626708984,0.9825811349932401,0.8265707025627689,0
2019-12-16,12.140000343322754,11.630000114440918,14.979999542236328,94.20999908447266,56.130001068115234,0.9579900976557759,0.8104139328638726,0
2019-12-17,12.289999961853027,11.15999984741211,15.149999618530273,98.55999755859375,55.380001068115234,0.9080553199391107,0.8112211400204181,0
2019-12-18,12.579999923706055,10.300000190734863,15.199999809265137,99.19999694824219,53.40999984741211,0.8187599565342838,0.8276315843134376,0
2019-12-19,12.5,9.390000343322754,15.140000343322754,97.25,53.70000076293945,0.7512000274658203,0.8256274581600599,0
2019-12-20,12.510000228881836,9.270000457763672,15.319999694824219,99.29000091552734,54.189998626708984,0.7410072172790232,0.8165796656711601,0
2019-12-23,12.609999656677246,9.829999923706055,15.5,99.81999969482422,55.310001373291016,0.7795400627549481,0.8135483649469191,0
2019-12-24,12.670000076293945,9.5600004196167,15.520000457763672,98.83000183105469,58.31999969482422,0.7545383079755323,0.8163659602185094,0
2019-12-26,12.649999618530273,9.9399995803833,15.520000457763672,97.45999908447266,56.41999816894531,0.7857707415123361,0.8150772709676231,0
2019-12-27,13.430000305175781,11.0,15.949999809265137,99.62999725341797,55.29999923706055,0.8190617833240641,0.8420062987947171,0
2019-12-30,14.819999694824219,13.770000457763672,16.68000030517578,100.0199966430664,59.630001068115234,0.9291498475922876,0.8884891740814653,0
2019-12-31,13.779999732971191,13.260000228881836,15.869999885559082,94.0999984741211,58.279998779296875,0.9622641861998618,0.8683049673812734,0
2020-01-02,12.470000267028809,10.600000381469727,15.1899995803833,89.66999816894531,57.20000076293945,0.850040108619449,0.8209348658003152,0
2020-01-03,14.020000457763672,12.779999732971191,16.010000228881836,93.79000091552734,60.119998931884766,0.9115548727314183,0.8757027018945178,0
2020-01-06,13.850000381469727,12.420000076293945,15.920000076293945,92.66000366210938,62.790000915527344,0.8967508833365077,0.869974894164316,0
2020-01-07,13.789999961853027,12.34000015258789,15.859999656677246,91.06999969482422,62.630001068115234,0.8948513550923685,0.869482992456893,0
2020-01-08,13.449999809265137,12.220000267028809,15.399999618530273,90.20999908447266,60.4900016784668,0.9085502186112275,0.8733766326254468,0
2020-01-09,12.539999961853027,10.859999656677246,14.949999809265137,87.80999755859375,57.65999984741211,0.8660286833902407,0.838795994771951,0
2020-01-10,12.5600004196167,10.569999694824219,14.949999809265137,88.33000183105469,53.31999969482422,0.8415604571410349,0.8401338180508032,0
2020-01-13,12.319999694824219,10.050000190734863,14.640000343322754,88.4800033569336,53.27000045776367,0.8157467889351483,0.8415300140647416,0
2020-01-14,12.390000343322754,10.180000305175781,14.640000343322754,86.87000274658203,52.349998474121094,0.8216303489177875,0.8463114790139867,0
2020-01-15,12.420000076293945,9.6899995803833,14.630000114440918,91.1500015258789,50.540000915527344,0.7801931981368183,0.8489405317252503,0
2020-01-16,12.319999694824219,9.710000038146973,14.449999809265137,90.37999725341797,50.369998931884766,0.788149373268756,0.8525951458438642,0
2020-01-17,12.100000381469727,9.039999961853027,14.40999984741211,91.75,49.66999816894531,0.7471074113102618,0.8396946918526695,0
2020-01-21,12.850000381469727,11.380000114440918,14.869999885559082,92.9800033569336,53.41999816894531,0.8856030954560425,0.8641560511341317,0
2020-01-22,12.90999984741211,11.029999732971191,14.979999542236328,91.11000061035156,51.310001373291016,0.8543764417768157,0.8618157704886557,0
2020-01-23,12.979999542236328,11.399999618530273,14.989999771118164,92.54000091552734,55.34000015258789,0.8782742696897017,0.8659105897550056,0
2020-01-24,14.5600004196167,14.649999618530273,16.06999969482422,98.43000030517578,59.939998626708984,1.0061812634835037,0.9060361354148715,0
2020-01-27,18.229999542236328,21.299999237060547,18.15999984741211,107.38999938964844,66.7300033569336,1.1684037176035833,1.003854608778215,1
2020-01-28,16.280000686645508,18.34000015258789,17.030000686645508,102.11000061035156,65.5999984741211,1.1265355883941823,0.9559600722395666,0
2020-01-29,16.389999389648438,18.1200008392334,17.030000686645508,99.06999969482422,66.16999816894531,1.105552258328795,0.9624191854848871,0
2020-01-30,15.489999771118164,16.40999984741211,16.59000015258789,96.48999786376953,71.06999969482422,1.0593931626783706,0.9336949746020263,0
2020-01-31,18.84000015258789,21.65999984741211,18.6299991607666,105.5999984741211,72.9800033569336,1.1496815112518382,1.0112721954525654,1
2020-02-03,17.969999313354492,19.229999542236328,18.040000915527344,102.94999694824219,72.80999755859375,1.0701168768518239,0.9961196453092971,0
2020-02-04,16.049999237060547,15.8100004196167,16.700000762939453,96.18000030517578,68.16999816894531,0.9850468019406708,0.9610777547195455,0
2020-02-05,15.149999618530273,13.6899995803833,16.110000610351562,92.81999969482422,64.06999969482422,0.9036303580918104,0.9404096241185469,0
2020-02-06,14.960000038146973,12.979999542236328,15.890000343322754,93.61000061035156,61.2400016784668,0.8676470260119131,0.9414726063510387,0
2020-02-07,15.470000267028809,13.729999542236328,16.290000915527344,96.01000213623047,65.58999633789062,0.8875241955553846,0.9496623325713306,0
2020-02-10,15.039999961853027,12.890000343322754,16.1299991607666,96.80999755859375,68.12999725341797,0.8570478973415251,0.9324241007051751,0
2020-02-11,15.180000305175781,13.039999961853027,16.139999389648438,96.95999908447266,64.88999938964844,0.859025013155428,0.9405205005714956,0
2020-02-12,13.739999771118164,10.84000015258789,15.359999656677246,96.6500015258789,63.52000045776367,0.7889374332722954,0.8945312550931704,0
2020-02-13,14.149999618530273,11.829999923706055,15.680000305175781,99.16999816894531,63.5099983215332,0.8360424199739172,0.902423427495695,0
2020-02-14,13.680000305175781,10.979999542236328,15.5,98.16999816894531,62.380001068115234,0.8026315275798702,0.8825806648500504,0
2020-02-18,14.829999923706055,13.020000457763672,16.100000381469727,101.0199966430664,67.66000366210938,0.8779501365304081,0.9211179858588465,0
2020-02-19,14.380000114440918,11.880000114440918,15.819999694824219,95.91999816894531,68.04000091552734,0.826147428365497,0.9089760045409848,0
2020-02-20,15.5600004196167,13.859999656677246,16.600000381469727,99.4800033569336,69.5999984741211,0.8907454551995873,0.9373494013280891,0
2020-02-21,17.079999923706055,15.770000457763672,17.610000610351562,104.86000061035156,74.54000091552734,0.9233021386537491,0.9699034259922762,0
2020-02-24,25.030000686645508,31.899999618530273,21.920000076293945,112.72000122070312,86.91999816894531,1.274470585034789,1.1418795893944804,1
2020-02-25,27.850000381469727,36.349998474121094,23.860000610351562,121.01000213623047,87.37999725341797,1.3052063905287026,1.1672254681077887,1
2020-02-26,27.559999465942383,34.84000015258789,23.700000762939453,113.44000244140625,87.0,1.2641509734295118,1.1628691383436134,1
2020-02-27,39.15999984741211,54.7400016784668,29.920000076293945,118.0,92.58999633789062,1.3978550023432723,1.308823520974492,1
2020-02-28,40.11000061035156,52.900001525878906,29.850000381469727,125.7300033569336,109.66999816894531,1.3188731169509509,1.3437185962399865,1
2020-03-02,33.41999816894531,42.16999816894531,27.700000762939453,114.69000244140625,104.88999938964844,1.2618192842431306,1.2064980956122857,1
2020-03-03,36.81999969482422,47.34000015258789,30.170000076293945,116.72000122070312,102.97000122070312,1.2857143005148495,1.2204176202092722,1
2020-03-04,31.989999771118164,37.060001373291016,27.510000228881836,113.97000122070312,89.58999633789062,1.1584870784134937,1.1628498547787334,1
2020-03-05,39.619998931884766,48.630001068115234,32.56999969482422,119.66000366210938,96.95999908447266,1.2274104588372299,1.2164568407466358,1
2020-03-06,41.939998626708984,48.54999923706055,35.459999084472656,127.16000366210938,125.20999908447266,1.157606123671689,1.1827411085600905,1
2020-03-09,54.459999084472656,70.30000305175781,43.04999923706055,137.19000244140625,163.6999969482422,1.2908557516263597,1.2650406515591657,1
2020-03-10,47.29999923706055,57.38999938964844,39.439998626708984,138.82000732421875,123.72000122070312,1.2133192455673902,1.1992900832666036,1
2020-03-11,53.900001525878906,68.20999908447266,44.369998931884766,146.92999267578125,127.83999633789062,1.2654915983949113,1.2147848281137952,1
2020-03-12,75.47000122070312,103.55999755859375,57.2400016784668,155.0500030517578,152.6199951171875,1.3722008199754063,1.3184835605812761,1
2020-03-13,57.83000183105469,69.87000274658203,48.310001373291016,171.27999877929688,138.39999389648438,1.2081964470743258,1.197060653842725,1
2020-03-16,82.69000244140625,106.66000366210938,67.69999694824219,207.58999633789062,124.52999877929688,1.2898778632602914,1.2214181118002734,1
2020-03-17,75.91000366210938,92.93000030517578,65.2699966430664,194.42999267578125,109.8499984741211,1.224212828638842,1.163015283687367,1
2020-03-18,76.44999694824219,97.22000122070312,72.9800033569336,181.3300018310547,124.13999938964844,1.2716809038792054,1.0475471832241143,1
2020-03-19,72.0,91.0199966430664,69.47000122070312,181.75999450683594,141.1300048828125,1.264166620042589,1.0364185797443588,1
2020-03-20,66.04000091552734,83.47000122070312,65.58999633789062,187.17999267578125,133.3699951171875,1.2639309519009658,1.006860872126269,1
2020-03-23,61.59000015258789,78.76000213623047,56.63999938964844,167.92999267578125,135.3800048828125,1.278779054085148,1.0873940822083434,1
2020-03-24,61.66999816894531,78.04000091552734,52.11000061035156,171.91000366210938,111.08999633789062,1.2654451634932162,1.1834580204686214,1
2020-03-25,63.95000076293945,81.30000305175781,53.849998474121094,171.88999938964844,87.13999938964844,1.2713057401380532,1.1875580793873588,1
2020-03-26,61.0,73.61000061035156,49.790000915527344,169.5800018310547,88.4800033569336,1.2067213214811732,1.225145589040886,1
2020-03-27,65.54000091552734,72.33000183105469,55.75,168.7100067138672,88.33000183105469,1.1036008669618236,1.1756053975879344,1
2020-03-30,57.08000183105469,62.79999923706055,51.2599983215332,157.66000366210938,90.69999694824219,1.1002101825948762,1.1135388938761754,1
2020-03-31,53.540000915527344,60.15999984741211,48.31999969482422,152.9199981689453,83.87000274658203,1.1236458501808668,1.1080298272696856,1
2020-04-01,57.060001373291016,61.33000183105469,51.16999816894531,156.99000549316406,83.12999725341797,1.0748335148088937,1.1151065744598816,1
2020-04-02,50.90999984741211,52.810001373291016,47.29999923706055,147.3300018310547,71.98999786376953,1.037320792213192,1.076321367200426,1
2020-04-03,46.79999923706055,46.65999984741211,44.84000015258789,143.52000427246094,65.01000213623047,0.9970085600014802,1.0437109517797256,1
2020-04-06,45.2400016784668,47.02000045776367,43.09000015258789,143.3000030517578,66.27999877929688,1.0393456833168977,1.0498956026517856,1
2020-04-07,46.70000076293945,48.34000015258789,43.41999816894531,134.4499969482422,72.20999908447266,1.0351177593759253,1.0755412881693776,1
2020-04-08,43.349998474121094,42.459999084472656,41.59000015258789,141.3699951171875,75.70999908447266,0.9794694481897215,1.0423178243586442,1
2020-04-09,41.66999816894531,40.41999816894531,40.61000061035156,137.75,74.38999938964844,0.9700023984898668,1.0261018848230097,1
2020-04-13,41.16999816894531,41.7400016784668,39.970001220703125,138.67999267578125,75.8499984741211,1.0138451186512667,1.0300224396195572,1
2020-04-14,37.7599983215332,38.810001373291016,36.459999084472656,131.77999877929688,69.5199966430664,1.0278072854457474,1.0356554928607824,1
2020-04-15,40.84000015258789,41.63999938964844,39.279998779296875,135.92999267578125,70.5,1.0195886198352488,1.0397149038129105,1
2020-04-16,40.11000061035156,40.4900016784668,39.209999084472656,129.5500030517578,69.93000030517578,1.009473973132206,1.0229533676840945,1
2020-04-17,38.150001525878906,36.18000030517578,37.279998779296875,127.1500015258789,69.83999633789062,0.9483617000810136,1.023336984309806,1
2020-04-20,43.83000183105469,44.0,40.970001220703125,132.0399932861328,70.5999984741211,1.0038785800101169,1.0698071888000418,1
2020-04-21,45.40999984741211,45.459999084472656,43.279998779296875,132.22000122070312,73.83000183105469,1.0011010622600431,1.049214443812187,1
2020-04-22,41.97999954223633,40.209999084472656,40.91999816894531,124.0999984741211,72.29000091552734,0.9578370539050897,1.0259042380430863,1
2020-04-23,41.380001068115234,39.349998474121094,40.86000061035156,121.86000061035156,67.25,0.9509424228710731,1.012726393783556,1
2020-04-24,35.93000030517578,31.719999313354492,37.810001373291016,119.87999725341797,66.08999633789062,0.8828276939587214,0.950277677867442,0
2020-04-27,33.290000915527344,31.40999984741211,35.33000183105469,120.55999755859375,62.70000076293945,0.9435265540278687,0.9422586807302624,0
2020-04-28,33.56999969482422,32.439998626708984,35.369998931884766,117.79000091552734,58.88999938964844,0.9663389610250889,0.9491094347917011,0
2020-04-29,31.229999542236328,29.65999984741211,33.33000183105469,115.9800033569336,57.150001525878906,0.9497278348435162,0.9369936341599082,0
2020-04-30,34.150001525878906,32.880001068115234,35.04999923706055,118.52999877929688,53.59000015258789,0.9628111156363708,0.9743224613189144,0
2020-05-01,37.189998626708984,35.56999969482422,37.970001220703125,122.1500015258789,48.11000061035156,0.9564399303117661,0.9794573987643476,0
2020-05-04,35.970001220703125,35.45000076293945,37.0,121.25,49.25,0.9855434962436316,0.9721621951541385,0
2020-05-05,33.61000061035156,33.189998626708984,35.52000045776367,118.87000274658203,49.650001525878906,0.987503660338726,0.9462274824663005,0
2020-05-06,34.119998931884766,33.97999954223633,35.68000030517578,119.16000366210938,51.310001373291016,0.9958968524609885,0.9562779887906918,0
2020-05-07,31.440000534057617,29.75,34.0099983215332,115.83000183105469,54.93000030517578,0.9462468032649392,0.9244340513287115,0
2020-05-08,27.979999542236328,24.889999389648438,31.639999389648438,115.6500015258789,57.400001525878906,0.8895639670070945,0.8843236435519799,0
2020-05-11,27.56999969482422,26.170000076293945,30.389999389648438,118.70999908447266,61.599998474121094,0.9492201801223416,0.9072063260460355,0
2020-05-12,33.040000915527344,33.36000061035156,34.2599983215332,130.75,61.2599983215332,1.0096852205192837,0.964390033106363,0
2020-05-13,35.279998779296875,34.630001068115234,36.5099983215332,142.75,57.560001373291016,0.9815760279571474,0.9663106108249014,0
2020-05-14,32.61000061035156,31.65999984741211,34.900001525878906,137.0500030517578,59.04999923706055,0.9708678091027729,0.9343839307906828,0
2020-05-15,31.889999389648438,29.709999084472656,34.5099983215332,133.02000427246094,56.529998779296875,0.9316400016651172,0.9240800040766747,0
2020-05-18,29.299999237060547,27.6200008392334,31.770000457763672,125.9000015258789,58.70000076293945,0.9426621692296095,0.9222536611547474,0
2020-05-19,30.530000686645508,28.030000686645508,32.810001373291016,125.5999984741211,60.09000015258789,0.9181133329913892,0.9305089731419047,0
2020-05-20,27.989999771118164,24.93000030517578,31.110000610351562,120.04000091552734,58.849998474121094,0.8906752593438789,0.8997106789449806,0
2020-05-21,29.530000686645508,26.149999618530273,32.380001068115234,122.08000183105469,55.619998931884766,0.8855400951736588,0.9119826964960747,0
2020-05-22,28.15999984741211,23.469999313354492,31.540000915527344,118.37999725341797,51.66999816894531,0.8334516846778809,0.892834465123581,0
2020-05-26,28.010000228881836,25.5,30.850000381469727,113.58999633789062,52.220001220703125,0.9103891392941258,0.9079416493526608,0
2020-05-27,27.6200008392334,25.170000076293945,30.190000534057617,109.81999969482422,52.97999954223633,0.911296137273852,0.9148724859436496,0
2020-05-28,28.59000015258789,26.020000457763672,31.209999084472656,108.98999786376953,50.56999969482422,0.9101084406747865,0.9160525790214379,0
2020-05-29,27.510000228881836,24.59000015258789,30.270000457763672,105.5999984741211,51.54999923706055,0.893856777462752,0.9088206082873068,0
2020-06-01,28.229999542236328,27.079999923706055,30.920000076293945,106.47000122070312,55.06999969482422,0.9592632080347823,0.9130012766034883,0
2020-06-02,26.84000015258789,25.059999465942383,29.93000030517578,104.83000183105469,55.349998474121094,0.9336810478194472,0.8967591005318654,0
2020-06-03,25.65999984741211,23.969999313354492,28.90999984741211,106.8499984741211,61.2400016784668,0.9341387161298811,0.8875821509113248,0
2020-06-04,25.809999465942383,23.559999465942383,28.850000381469727,109.87999725341797,61.18000030517578,0.912824484829262,0.89462735267484,0
2020-06-05,24.520000457763672,22.6299991607666,27.420000076293945,107.58999633789062,61.970001220703125,0.9229200137963844,0.8942377968467813,0
2020-06-08,25.809999465942383,25.18000030517578,28.079999923706055,110.05000305175781,62.77000045776367,0.9755908882680173,0.9191595276377739,0
2020-06-09,27.56999969482422,26.920000076293945,29.670000076293945,111.0,62.939998626708984,0.9764236624691621,0.9292214231186467,0
2020-06-10,27.56999969482422,27.100000381469727,29.56999969482422,116.52999877929688,60.02000045776367,0.9829525093015243,0.9323638816151198,0
2020-06-11,40.790000915527344,42.060001373291016,40.43000030517578,,56.470001220703125,1.031135092651597,1.008904294030032,1
2020-06-12,36.09000015258789,36.52000045776367,38.04999923706055,151.60000610351562,55.810001373291016,1.0119146662055347,0.9484888535145193,0
2020-06-15,34.400001525878906,35.97999954223633,36.43000030517578,141.8300018310547,58.09000015258789,1.045930172856789,0.9442767290065472,0
2020-06-16,33.66999816894531,35.380001068115234,35.79999923706055,143.24000549316406,60.4900016784668,1.050787139654409,0.9405027621925133,0
2020-06-17,33.470001220703125,33.97999954223633,35.720001220703125,139.94000244140625,58.15999984741211,1.0152374754386844,0.9370100805400894,0
2020-06-18,32.939998626708984,32.04999923706055,35.13999938964844,135.8300018310547,55.150001525878906,0.9729811953019697,0.9373932612079803,0
2020-06-19,35.119998931884766,33.91999816894531,36.68000030517578,138.35000610351562,53.45000076293945,0.9658314123167585,0.9574699738191963,0
2020-06-22,31.770000457763672,31.229999542236328,33.75,133.97999572753906,53.93000030517578,0.9830028042887426,0.9413333468967013,0
2020-06-23,31.3700008392334,30.290000915527344,33.060001373291016,130.72999572753906,54.040000915527344,0.9655722060945776,0.9488808087157867,0
2020-06-24,33.84000015258789,33.25,35.38999938964844,136.88999938964844,54.88999938964844,0.9825650073898486,0.9562023378414095,0
2020-06-25,32.220001220703125,30.920000076293945,34.09000015258789,127.19999694824219,51.56999969482422,0.9596523558300222,0.9451452354498506,0
2020-06-26,34.72999954223633,33.310001373291016,35.79999923706055,128.6300048828125,51.209999084472656,0.9591132108361129,0.9701117397310851,0
2020-06-29,31.780000686645508,30.420000076293945,33.90999984741211,121.31999969482422,52.959999084472656,0.9572057715240058,0.9371866950648436,0
2020-06-30,30.43000030517578,29.139999389648438,32.52000045776367,120.76000213623047,54.130001068115234,0.9576075943940122,0.9357318535311111,0
2020-07-01,28.6200008392334,25.200000762939453,31.68000030517578,120.83000183105469,53.279998779296875,0.8805031454923762,0.9034091086974374,0
2020-07-02,27.68000030517578,22.639999389648438,30.8700008392334,115.47000122070312,50.959999084472656,0.8179190440765662,0.8966634127847716,0
2020-07-06,27.940000534057617,25.229999542236328,30.979999542236328,116.56999969482422,52.029998779296875,0.9030064087322432,0.901872206162103,0
2020-07-07,29.43000030517578,26.84000015258789,32.06999969482422,118.12000274658203,50.97999954223633,0.911994559098513,0.9176800930847995,0
2020-07-08,28.079999923706055,23.670000076293945,31.190000534057617,113.33999633789062,49.79999923706055,0.8429487229560481,0.9002885361622348,0
2020-07-09,29.260000228881836,25.549999237060547,32.060001373291016,115.11000061035156,50.06999969482422,0.8732057087217916,0.9126637235037101,0
2020-07-10,27.290000915527344,22.59000015258789,31.020000457763672,109.70999908447266,49.189998626708984,0.8277757198511024,0.8797550133077839,0
2020-07-13,32.189998626708984,30.309999465942383,34.540000915527344,123.30000305175781,49.54999923706055,0.9415967927626219,0.9319628770547622,0
2020-07-14,29.520000457763672,27.780000686645508,32.560001373291016,112.75,50.810001373291016,0.9410569192365799,0.9066338824536704,0
2020-07-15,27.760000228881836,25.219999313354492,31.559999465942383,113.70999908447266,47.08000183105469,0.9085014086965065,0.8795944454574128,0
2020-07-16,28.0,25.850000381469727,31.549999237060547,115.62000274658203,46.43000030517578,0.9232142993382045,0.8874802116352984,0
2020-07-17,25.68000030517578,22.15999984741211,30.3700008392334,117.97000122070312,45.68000030517578,0.8629283327129004,0.8455712741371132,0
2020-07-20,24.459999084472656,22.520000457763672,29.100000381469727,112.51000213623047,46.81999969482422,0.9206868888257438,0.8405497856985691,0
2020-07-21,24.84000015258789,23.329999923706055,29.469999313354492,115.45999908447266,46.45000076293945,0.9392109412396875,0.842891100487115,0
2020-07-22,24.31999969482422,21.649999618530273,29.049999237060547,112.83999633789062,45.31999969482422,0.890213811274752,0.8371772920323513,0
2020-07-23,26.079999923706055,24.100000381469727,30.25,116.69999694824219,43.93000030517578,0.9240797719314194,0.8621487578084647,0
2020-07-24,25.84000015258789,22.700000762939453,30.559999465942383,117.22000122070312,42.47999954223633,0.87848299647421,0.8455497579895347,0
2020-07-27,24.739999771118164,22.3799991607666,30.0,112.70999908447266,42.61000061035156,0.9046078968397299,0.8246666590372721,0
2020-07-28,25.440000534057617,23.540000915527344,30.100000381469727,113.87999725341797,41.27000045776367,0.9253144819715446,0.84518273128392,0
2020-07-29,24.100000381469727,21.93000030517578,29.290000915527344,110.94999694824219,41.630001068115234,0.9099585044835751,0.8228064058780459,0
2020-07-30,24.760000228881836,22.790000915527344,29.760000228881836,112.16000366210938,40.65999984741211,0.9204362158665675,0.8319892486039855,0
2020-07-31,24.459999084472656,20.610000610351562,29.709999084472656,112.04000091552734,41.97999954223633,0.842600220023512,0.8232918154903677,0
2020-08-03,24.280000686645508,20.950000762939453,29.65999984741211,111.0199966430664,43.130001068115234,0.8628500893932173,0.8186109511650582,0
2020-08-04,23.760000228881836,20.440000534057617,29.09000015258789,109.0,44.11000061035156,0.8602693744594943,0.8167755278188993,0
2020-08-05,22.989999771118164,19.020000457763672,28.600000381469727,105.66999816894531,41.75,0.8273162525933595,0.8038461351215105,0
2020-08-06,22.649999618530273,19.399999618530273,28.200000762939453,105.83999633789062,42.599998474121094,0.8565121388637406,0.803191454104391,0
2020-08-07,22.209999084472656,18.079999923706055,28.280000686645508,108.18000030517578,41.459999084472656,0.8140477563705103,0.7853606274826135,0
2020-08-10,22.1299991607666,18.8799991607666,28.049999237060547,111.12999725341797,42.209999084472656,0.8531405276434987,0.788948298134987,0
2020-08-11,24.030000686645508,21.889999389648438,29.170000076293945,118.33999633789062,45.2599983215332,0.9109446010883238,0.8237915880629139,0
2020-08-12,22.280000686645508,18.899999618530273,28.1200008392334,115.7300033569336,44.22999954223633,0.8482943912052398,0.7923186351957769,0
2020-08-13,22.1299991607666,18.540000915527344,28.170000076293945,115.18000030517578,45.08000183105469,0.8377768467518144,0.7855874725179636,0
2020-08-14,22.049999237060547,17.8700008392334,28.3700008392334,114.3499984741211,43.09000015258789,0.810430905103996,0.7772294178633649,0
2020-08-17,21.350000381469727,17.600000381469727,27.450000762939453,110.3499984741211,45.810001373291016,0.8243559750352636,0.7777777700572817,0
2020-08-18,21.510000228881836,17.81999969482422,27.350000381469727,112.58999633789062,46.060001373291016,0.8284518598422425,0.7864716610188923,0
2020-08-19,22.540000915527344,19.229999542236328,28.110000610351562,114.72000122070312,44.599998474121094,0.8531499006723277,0.8018498906480616,0
2020-08-20,22.719999313354492,18.850000381469727,28.1299991607666,112.98999786376953,44.58000183105469,0.829665534822,0.8076786345959963,0
2020-08-21,22.540000915527344,18.010000228881836,28.170000076293945,111.25,45.13999938964844,0.7990239351088543,0.8001420253632002,0
2020-08-24,22.3700008392334,18.809999465942383,28.100000381469727,108.25,46.33000183105469,0.8408582369363463,0.7960854283114202,0
2020-08-25,22.030000686645508,18.09000015258789,27.90999984741211,103.87999725341797,47.88999938964844,0.8211529545504722,0.7893228522782736,0
2020-08-26,23.270000457763672,19.959999084472656,28.700000762939453,105.80000305175781,47.9900016784668,0.8577567121539662,0.8108013881244357,0
2020-08-27,24.469999313354492,20.190000534057617,29.93000030517578,114.73999786376953,49.290000915527344,0.8250919943033644,0.8175743088490015,0
2020-08-28,22.959999084472656,17.1299991607666,29.6200008392334,111.55999755859375,48.189998626708984,0.7460801325707039,0.7751518715036907,0
2020-08-31,26.40999984741211,21.100000381469727,31.850000381469727,119.01000213623047,47.02000045776367,0.7989398145921344,0.8291993573343064,0
2020-09-01,26.1200008392334,19.649999618530273,32.099998474121094,120.0999984741211,44.29999923706055,0.7522970515764725,0.8137072299330871,0
2020-09-02,26.56999969482422,20.709999084472656,32.66999816894531,122.01000213623047,44.86000061035156,0.7794504825872061,0.8132843949798721,0
2020-09-03,33.599998474121094,30.450000762939453,37.630001068115234,132.91000366210938,45.7599983215332,0.9062500638621223,0.8929045315013596,0
2020-09-04,30.75,29.40999984741211,34.75,122.13999938964844,47.040000915527344,0.9564227592654344,0.8848920863309353,0
2020-09-08,31.459999084472656,32.90999984741211,34.310001373291016,123.55999755859375,50.68000030517578,1.046090298955384,0.9169337751458975,0
2020-09-09,28.809999465942383,29.09000015258789,32.119998931884766,121.54000091552734,48.81999969482422,1.0097188716360967,0.8969489546695898,0
2020-09-10,29.709999084472656,30.43000030517578,32.91999816894531,120.58000183105469,45.209999084472656,1.0242343063914605,0.9024909093858707,0
2020-09-11,26.8700008392334,26.329999923706055,31.1299991607666,113.94999694824219,43.119998931884766,0.9799032043668984,0.8631545635599595,0
2020-09-14,25.850000381469727,25.059999465942383,30.479999542236328,111.2699966430664,44.209999084472656,0.9694390366008022,0.8480971381134444,0
2020-09-15,25.59000015258789,24.219999313354492,30.270000457763672,108.97000122070312,43.060001373291016,0.9464634298138193,0.8453914689659197,0
2020-09-16,26.040000915527344,23.770000457763672,30.56999969482422,103.4800033569336,42.43000030517578,0.9128264063765797,0.8518155438495524,0
2020-09-17,26.459999084472656,24.950000762939453,30.75,100.37000274658203,38.45000076293945,0.9429327901065837,0.8604877751048018,0
2020-09-18,25.829999923706055,24.020000457763672,30.459999084472656,101.19000244140625,37.2400016784668,0.9299264625904542,0.8479973965880124,0
2020-09-21,27.780000686645508,28.110000610351562,31.639999389648438,108.73999786376953,38.630001068115234,1.011879046636046,0.8780025670839363,0
2020-09-22,26.860000610351562,25.950000762939453,31.670000076293945,104.69000244140625,39.349998474121094,0.9661206319160914,0.8481212676237778,0
2020-09-23,28.579999923706055,27.969999313354492,33.279998779296875,107.3499984741211,38.630001068115234,0.9786563816662018,0.8587740676686972,0
2020-09-24,28.510000228881836,27.649999618530273,33.060001373291016,102.26000213623047,37.220001220703125,0.9698351243967952,0.862371416956894,0
2020-09-25,26.3799991607666,24.56999969482422,32.029998779296875,99.63999938964844,36.970001220703125,0.9313874327701159,0.8236028774942619,0
2020-09-28,26.190000534057617,25.209999084472656,31.739999771118164,101.8499984741211,37.400001525878906,0.9625810832531079,0.8251417997138496,0
2020-09-29,26.270000457763672,25.989999771118164,31.09000015258789,96.93000030517578,36.619998931884766,0.9893414281779064,0.8449662376594421,0
2020-09-30,26.3700008392334,25.770000457763672,31.639999389648438,101.58000183105469,39.209999084472656,0.9772468577028999,0.8334387278104939,0
2020-10-01,26.700000762939453,24.799999237060547,31.719999313354492,101.0,38.650001525878906,0.9288388961952325,0.8417402692596667,0
2020-10-02,27.6299991607666,24.639999389648438,32.38999938964844,102.72000122070312,39.970001220703125,0.8917842974326313,0.853041052220486,0
2020-10-05,27.959999084472656,23.510000228881836,31.280000686645508,103.22000122070312,39.810001373291016,0.8408440986658655,0.893861843692661,0
2020-10-06,29.479999542236328,25.079999923706055,31.8799991607666,106.13999938964844,57.75,0.8507462792790637,0.9247177013265466,0
2020-10-07,28.059999465942383,21.739999771118164,30.700000762939453,104.19000244140625,56.97999954223633,0.774768360117217,0.9140064745475825,0
2020-10-08,26.360000610351562,19.940000534057617,29.489999771118164,104.80000305175781,57.310001373291016,0.7564491681471049,0.893862353846742,0
2020-10-09,25.0,18.850000381469727,28.280000686645508,109.22000122070312,57.52000045776367,0.754000015258789,0.8840169516617302,0
2020-10-12,25.06999969482422,20.299999237060547,27.979999542236328,109.68000030517578,,0.8097327277292128,0.8959971445668035,0
2020-10-13,26.06999969482422,21.389999389648438,28.350000381469727,110.97000122070312,55.59000015258789,0.8204833003467614,0.9195766964385731,0
2020-10-14,26.399999618530273,21.299999237060547,28.239999771118164,116.93000030517578,53.5,0.8068181645771686,0.9348441867032269,0
2020-10-15,26.969999313354492,21.3799991607666,28.719999313354492,117.58999633789062,55.619998931884766,0.7927326549904679,0.9390668509108818,0
2020-10-16,27.40999984741211,21.639999389648438,29.209999084472656,115.91999816894531,57.25,0.7894928679356252,0.9383772922465655,0
2020-10-19,29.18000030517578,24.649999618530273,30.399999618530273,119.76000213623047,61.15999984741211,0.8447566607515764,0.9598684431360702,0
2020-10-20,29.350000381469727,24.56999969482422,30.110000610351562,119.58999633789062,60.41999816894531,0.8371379685002189,0.974759209117367,0
2020-10-21,28.649999618530273,23.200000762939453,29.610000610351562,117.47000122070312,59.06999969482422,0.8097731613208865,0.9675784879421557,0
2020-10-22,28.110000610351562,24.059999465942383,29.299999237060547,118.5999984741211,59.72999954223633,0.8559231214346626,0.9593857113414598,0
2020-10-23,27.549999237060547,24.290000915527344,28.989999771118164,118.94000244140625,58.459999084472656,0.881669749117531,0.9503276803923177,0
2020-10-26,32.459999084472656,35.90999984741211,32.06999969482422,133.0800018310547,58.95000076293945,1.1062846845423904,1.0121608791194152,1
2020-10-27,33.349998474121094,37.290000915527344,32.720001220703125,135.32000732421875,57.880001068115234,1.1181410081461807,1.0192541940682858,1
2020-10-28,40.279998779296875,47.900001525878906,37.75,152.00999450683594,57.130001068115234,1.1891758435330082,1.0670198352131623,1
2020-10-29,37.59000015258789,44.34000015258789,35.84000015258789,147.83999633789062,61.29999923706055,1.1795690335887188,1.0488281247921154,1
2020-10-30,38.02000045776367,44.33000183105469,36.27000045776367,145.24000549316406,61.90999984741211,1.1659653155528176,1.0482492411886752,1
2020-11-02,37.130001068115234,43.86000061035156,35.060001373291016,142.64999389648438,63.560001373291016,1.1812550322821187,1.0590416318808578,1
2020-11-03,35.54999923706055,43.20000076293945,33.52000045776367,136.27999877929688,64.37000274658203,1.2151899209579686,1.0605608219443416,1
2020-11-04,29.56999969482422,32.459999084472656,29.979999542236328,122.12000274658203,47.7400016784668,1.0977341704252466,0.9863242210249371,0
2020-11-05,27.579999923706055,28.09000015258789,29.049999237060547,117.68000030517578,43.7599983215332,1.0184916689736272,0.9493976126691549,0
2020-11-06,24.860000610351562,23.959999084472656,27.3700008392334,113.12999725341797,39.880001068115234,0.9637972041921773,0.9082937467329599,0
2020-11-09,25.75,26.709999084472656,26.8799991607666,116.77999877929688,44.939998626708984,1.0372815178435983,0.957961339432781,0
2020-11-10,24.799999237060547,24.43000030517578,26.489999771118164,116.05000305175781,46.189998626708984,0.98508068777148,0.936202319793894,0
2020-11-11,23.450000762939453,21.59000015258789,25.6200008392334,118.31999969482422,,0.9206822793246505,0.9153005462446786,0
2020-11-12,25.350000381469727,23.8799991607666,27.219999313354492,121.56999969482422,44.16999816894531,0.9420117870381706,0.9313005518347931,0
2020-11-13,23.100000381469727,21.010000228881836,25.690000534057617,114.38999938964844,42.95000076293945,0.9095238044123827,0.8991825574641663,0
2020-11-16,22.450000762939453,19.329999923706055,25.350000381469727,115.0,42.4900016784668,0.8610244662270164,0.8856015946788661,0
2020-11-17,22.709999084472656,18.809999465942383,25.3799991607666,116.25,43.08000183105469,0.828269494682772,0.8947990478888063,0
2020-11-18,23.84000015258789,19.59000015258789,26.389999389648438,117.9000015258789,43.619998931884766,0.8217281890604916,0.9033725162547449,0
2020-11-19,23.110000610351562,19.260000228881836,25.799999237060547,114.1500015258789,43.529998779296875,0.833405440078387,0.8957364842536537,0
2020-11-20,23.700000762939453,19.860000610351562,26.059999465942383,113.98999786376953,42.310001373291016,0.8379746823218404,0.909439802326658,0
2020-11-23,22.65999984741211,19.579999923706055,25.43000030517578,109.8499984741211,43.040000915527344,0.8640776723545386,0.8910735185009065,0
2020-11-24,21.639999389648438,18.399999618530273,24.84000015258789,104.55999755859375,42.380001068115234,0.8502772706792207,0.8711754934266347,0
2020-11-25,21.25,17.139999389648438,24.420000076293945,103.45999908447266,39.619998931884766,0.8065882065716912,0.8701883674696927,0
2020-11-27,20.84000015258789,18.25,24.43000030517578,106.12000274658203,39.63999938964844,0.8757197632617931,0.8530495248570542,0
2020-11-30,20.56999969482422,19.8700008392334,24.329999923706055,106.12000274658203,40.84000015258789,0.9659699141479835,0.8454582720644294,0
2020-12-01,20.770000457763672,19.8700008392334,24.489999771118164,108.43000030517578,41.529998779296875,0.956668290866895,0.8481012924409413,0
2020-12-02,21.170000076293945,19.290000915527344,24.540000915527344,107.5199966430664,43.91999816894531,0.9111951273504333,0.8626731575588052,0
2020-12-03,21.280000686645508,19.350000381469727,24.559999465942383,107.88999938964844,42.529998779296875,0.909304499863716,0.8664495581994908,0
2020-12-04,20.790000915527344,17.959999084472656,24.290000915527344,103.72000122070312,43.88999938964844,0.8638767817974912,0.8559077864108836,0
2020-12-07,21.299999237060547,18.739999771118164,24.520000457763672,104.41999816894531,49.66999816894531,0.8798122273409213,0.86867858235771,0
2020-12-08,20.68000030517578,18.170000076293945,23.8700008392334,102.81999969482422,49.099998474121094,0.8786266831798046,0.8663594293296193,0
2020-12-09,22.270000457763672,19.989999771118164,24.729999542236328,113.93000030517578,48.47999954223633,0.897620088020669,0.9005257124946069,0
2020-12-10,22.520000457763672,19.670000076293945,25.049999237060547,114.66000366210938,47.150001525878906,0.8734458115658164,0.8990020416625868,0
2020-12-11,23.309999465942383,20.450000762939453,26.049999237060547,120.7699966430664,47.52000045776367,0.8773059301360518,0.8948176640550511,0
2020-12-14,24.719999313354492,23.670000076293945,27.110000610351562,127.68000030517578,49.220001220703125,0.9575243015280626,0.911840603349729,0
2020-12-15,22.889999389648438,20.190000534057617,25.8700008392334,119.11000061035156,48.13999938964844,0.8820446077944483,0.8848086063814266,0
2020-12-16,22.5,18.799999237060547,25.469999313354492,111.8499984741211,46.959999084472656,0.8355555216471354,0.8833922499637739,0
2020-12-17,21.93000030517578,18.6200008392334,25.149999618530273,110.20999908447266,44.150001525878906,0.8490652339315664,0.8719682162149208,0
2020-12-18,21.56999969482422,16.700000762939453,25.170000076293945,110.30000305175781,44.63999938964844,0.7742235048314193,0.8569725716902026,0
2020-12-21,25.15999984741211,21.559999465942383,27.579999923706055,121.61000061035156,46.65999984741211,0.8569157232391632,0.9122552544239181,0
2020-12-22,24.229999542236328,19.90999984741211,27.25,120.56999969482422,43.56999969482422,0.8217086348972543,0.8891742951279387,0
2020-12-23,23.309999465942383,19.200000762939453,26.260000228881836,118.30999755859375,42.7400016784668,0.8236808752823894,0.8876618150332337,0
2020-12-24,21.530000686645508,17.1200008392334,25.3700008392334,115.26000213623047,42.11000061035156,0.7951695445069115,0.8486401251256749,0
2020-12-28,21.700000762939453,20.049999237060547,25.149999618530273,114.4000015258789,45.2599983215332,0.9239630659968973,0.8628231050528965,0
2020-12-29,23.079999923706055,21.469999313354492,26.239999771118164,116.2699966430664,46.099998474121094,0.9302426076397907,0.8795731754963558,0
2020-12-30,22.770000457763672,21.309999465942383,25.440000534057617,112.04000091552734,47.189998626708984,0.9358805023069955,0.895047169015602,0
2020-12-31,22.75,21.200000762939453,25.280000686645508,111.86000061035156,48.97999954223633,0.931868165403932,0.8999208616326496,0
2021-01-04,26.969999313354492,27.389999389648438,28.260000228881836,124.6500015258789,49.59000015258789,1.0155728619572482,0.9543524095867149,0
2021-01-05,25.34000015258789,24.290000915527344,27.25,120.06999969482422,48.95000076293945,0.9585635662692246,0.9299082624802896,0
2021-01-06,25.06999969482422,23.770000457763672,26.790000915527344,119.9000015258789,44.63999938964844,0.9481452232594587,0.9357968957848665,0
2021-01-07,22.3700008392334,19.420000076293945,25.020000457763672,109.37999725341797,45.20000076293945,0.8681269265861794,0.8940847493986364,0
2021-01-08,21.559999465942383,18.34000015258789,24.899999618530273,111.0,44.810001373291016,0.8506493787979439,0.865863445632252,0
2021-01-11,24.079999923706055,21.690000534057617,26.700000762939453,118.80000305175781,47.77000045776367,0.9007475333380066,0.9018726305480091,0
2021-01-12,23.329999923706055,20.649999618530273,26.200000762939453,115.79000091552734,50.119998931884766,0.8851264331787424,0.8904579864252109,0
2021-01-13,22.209999084472656,18.90999984741211,25.549999237060547,117.76000213623047,45.599998474121094,0.8514183082804526,0.8692759196742681,0
2021-01-14,23.25,21.170000076293945,26.31999969482422,122.77999877929688,46.22999954223633,0.9105376376900621,0.8833586728563706,0
2021-01-15,24.34000015258789,21.690000534057617,27.260000228881836,124.25,45.13999938964844,0.89112573533618,0.8928833436618896,0
2021-01-19,23.239999771118164,21.8799991607666,26.690000534057617,120.70999908447266,45.22999954223633,0.9414801797011323,0.8707380781601297,0
2021-01-20,21.579999923706055,18.850000381469727,25.719999313354492,114.16999816894531,42.529998779296875,0.8734939966687687,0.8390357892622944,0
2021-01-21,21.31999969482422,18.229999542236328,25.700000762939453,112.58999633789062,43.0099983215332,0.8550656568096462,0.8295719479342821,0
2021-01-22,21.90999984741211,18.420000076293945,25.989999771118164,,43.09000015258789,0.8407120129884262,0.843016546377964,0
2021-01-25,23.190000534057617,20.65999984741211,26.8799991607666,116.62999725341797,43.08000183105469,0.8909012234419804,0.8627232610894268,0
2021-01-26,23.020000457763672,20.459999084472656,26.889999389648438,115.30999755859375,43.13999938964844,0.8887922970293585,0.8560803637141562,0
2021-01-27,37.209999084472656,41.63999938964844,35.72999954223633,157.69000244140625,44.15999984741211,1.119054028867858,1.041421762138195,1
2021-01-28,30.209999084472656,30.0,31.770000457763672,133.22000122070312,45.529998779296875,0.9930486894790873,0.9508970301915813,0
2021-01-29,33.09000015258789,32.630001068115234,33.880001068115234,137.3300018310547,47.40999984741211,0.9860985469219866,0.9766823822130626,0
2021-02-01,30.239999771118164,28.989999771118164,32.529998779296875,129.44000244140625,46.279998779296875,0.9586640208511555,0.9296034708234868,0
2021-02-02,25.559999465942383,22.440000534057617,29.360000610351562,119.0999984741211,45.90999984741211,0.8779343115385416,0.8705721707965701,0
2021-02-03,22.90999984741211,18.969999313354492,27.56999969482422,111.02999877929688,46.93000030517578,0.828022673055466,0.8309757018863173,0
2021-02-04,21.770000457763672,17.479999542236328,26.790000915527344,108.47000122070312,47.25,0.802939787536962,0.8126166373195566,0
2021-02-05,20.8700008392334,15.520000457763672,26.520000457763672,107.63999938964844,47.20000076293945,0.7436511659639088,0.7869532608972393,0
2021-02-08,21.239999771118164,16.56999969482422,26.649999618530273,106.61000061035156,48.45000076293945,0.7801318207807073,0.7969981266472353,0
2021-02-09,21.6299991607666,17.09000015258789,27.110000610351562,108.13999938964844,46.75,0.7901063715058505,0.7978605191365248,0
2021-02-10,21.989999771118164,17.68000030517578,27.489999771118164,114.93000030517578,46.27000045776367,0.8040018412549885,0.799927244605565,0
2021-02-11,21.25,17.09000015258789,27.219999313354492,116.22000122070312,45.95000076293945,0.8042353012982537,0.7806759932420155,0
2021-02-12,19.969999313354492,15.050000190734863,26.5,118.58999633789062,47.0099983215332,0.7536304811322908,0.7535848797492262,0
2021-02-16,21.459999084472656,19.31999969482422,27.549999237060547,124.66000366210938,56.779998779296875,0.9002796141218463,0.778947356760883,0
2021-02-17,21.5,18.40999984741211,27.520000457763672,,55.970001220703125,0.8562790626703307,0.7812499870048015,0
2021-02-18,22.489999771118164,19.459999084472656,27.860000610351562,121.05000305175781,56.119998931884766,0.8652734229665641,0.8072505125057987,0
2021-02-19,22.049999237060547,18.329999923706055,27.09000015258789,117.44999694824219,60.43000030517578,0.8312925423098382,0.8139534556242564,0
2021-02-22,23.450000762939453,21.219999313354492,27.809999465942383,117.05999755859375,62.41999816894531,0.9049039924506411,0.8432219062663983,0
2021-02-23,23.110000610351562,21.299999237060547,27.1200008392334,112.77999877929688,61.72999954223633,0.9216788695158983,0.8521386392038479,0
2021-02-24,21.34000015258789,18.350000381469727,25.889999389648438,109.5999984741211,61.91999816894531,0.8598875468726007,0.8242564950047945,0
2021-02-25,28.889999389648438,31.809999465942383,30.239999771118164,127.83000183105469,74.16000366210938,1.1010730404286615,0.9553571299045083,0
2021-02-26,27.950000762939453,29.420000076293945,29.600000381469727,124.95999908447266,75.66000366210938,1.05259389170764,0.9442567703626379,0
2021-03-01,23.350000381469727,22.700000762939453,26.780000686645508,114.94000244140625,68.7300033569336,0.9721627576911688,0.8719193346814874,0
2021-03-02,24.100000381469727,23.170000076293945,27.15999984741211,114.91999816894531,57.70000076293945,0.9614107763296614,0.8873343341997865,0
2021-03-03,26.670000076293945,26.8799991607666,28.790000915527344,121.2300033569336,65.83000183105469,1.0078739813975224,0.9263632937889205,0
2021-03-04,28.56999969482422,29.299999237060547,30.079999923706055,124.62000274658203,68.12999725341797,1.025551261814279,0.9498005241784657,0
2021-03-05,24.65999984741211,23.829999923706055,27.889999389648438,116.20999908447266,69.37000274658203,0.9663422575489936,0.8841878948396404,0
2021-03-08,25.469999313354492,25.700000762939453,28.1299991607666,114.62000274658203,71.6500015258789,1.0090302888019462,0.9054390356640303,0
2021-03-09,24.030000686645508,24.110000610351562,27.280000686645508,108.70999908447266,67.44000244140625,1.0033291685984227,0.8808651056379561,0
2021-03-10,22.559999465942383,20.979999542236328,26.68000030517578,114.68000030517578,63.189998626708984,0.9299645407309829,0.8455771817051239,0
2021-03-11,21.90999984741211,20.010000228881836,26.09000015258789,112.87000274658203,63.900001525878906,0.9132816233791672,0.8397853476148346,0
2021-03-12,20.690000534057617,17.40999984741211,25.739999771118164,111.7300033569336,70.83000183105469,0.8414692797495906,0.8038073317029726,0
2021-03-15,20.030000686645508,17.739999771118164,24.889999389648438,110.48999786376953,70.79000091552734,0.8856714509723336,0.8047409071040731,0
2021-03-16,19.790000915527344,17.93000030517578,24.709999084472656,113.7300033569336,70.80999755859375,0.9060131114550786,0.8008903945270902,0
2021-03-17,19.229999542236328,16.690000534057617,23.8799991607666,109.9000015258789,66.75,0.8679147650211891,0.8052763910406687,0
2021-03-18,21.579999923706055,20.329999923706055,25.280000686645508,117.80000305175781,70.4800033569336,0.9420759960880792,0.8536392143021567,0
2021-03-19,20.950000762939453,18.280000686645508,24.989999771118164,115.94999694824219,68.80000305175781,0.8725537002835257,0.8383353723417044,0
2021-03-22,18.8799991607666,16.399999618530273,22.940000534057617,108.62999725341797,67.62000274658203,0.868644086203676,0.8230165092078625,0
2021-03-23,20.299999237060547,18.3700008392334,23.799999237060547,111.69000244140625,60.77000045776367,0.9049261837259747,0.8529411717564294,0
2021-03-24,21.200000762939453,19.06999969482422,24.399999618530273,110.66999816894531,60.709999084472656,0.8995282551197464,0.8688525038680484,0
2021-03-25,19.809999465942383,17.15999984741211,23.3700008392334,104.75,59.540000915527344,0.8662291928333371,0.8476678970710814,0
2021-03-26,18.860000610351562,16.31999969482422,22.31999969482422,103.26000213623047,61.4900016784668,0.8653233916581513,0.844982117751776,0
2021-03-29,20.739999771118164,18.850000381469727,23.200000762939453,105.83999633789062,65.95999908447266,0.9088717738425249,0.893965477977441,0
2021-03-30,19.610000610351562,17.280000686645508,22.309999465942383,101.9000015258789,67.44000244140625,0.8811830774509964,0.878978085153586,0
2021-03-31,19.399999618530273,15.619999885559082,22.149999618530273,100.04000091552734,71.2699966430664,0.8051546491083096,0.875846498990483,0
2021-04-01,17.329999923706055,12.970000267028809,20.969999313354492,98.97000122070312,64.98999786376953,0.748413175079527,0.8264187167936459,0
2021-04-05,17.90999984741211,15.649999618530273,20.959999084472656,99.23999786376953,61.790000915527344,0.8738134981498399,0.8544847628681429,0
2021-04-06,18.1200008392334,15.710000038146973,21.15999984741211,99.05999755859375,60.290000915527344,0.8669977544444537,0.8563327490500665,0
2021-04-07,17.15999984741211,14.130000114440918,20.65999984741211,97.08999633789062,62.540000915527344,0.82342658741759,0.8305905118175297,0
2021-04-08,16.950000762939453,13.9399995803833,20.59000015258789,100.72000122070312,60.08000183105469,0.8224188172818606,0.8232151839401061,0
2021-04-09,16.690000534057617,13.1899995803833,20.739999771118164,102.05999755859375,61.209999084472656,0.7902935385452976,0.8047252033869141,0
2021-04-12,16.90999984741211,14.239999771118164,20.81999969482422,102.08000183105469,63.5,0.8421052572213619,0.8121998124532095,0
2021-04-13,16.649999618530273,13.779999732971191,20.780000686645508,100.44000244140625,61.20000076293945,0.8276276305517164,0.8012511582461388,0
2021-04-14,16.989999771118164,14.100000381469727,21.059999465942383,107.47000122070312,60.08000183105469,0.8298999747745001,0.8067426496659649,0
2021-04-15,16.56999969482422,14.220000267028809,20.760000228881836,108.66000366210938,59.04999923706055,0.8581774610092809,0.7981695333399668,0
2021-04-16,16.25,12.970000267028809,20.530000686645508,107.80000305175781,62.56999969482422,0.7981538625863882,0.791524571675753,0
2021-04-19,17.290000915527344,15.420000076293945,21.3700008392334,111.9000015258789,63.959999084472656,0.8918449542964432,0.8090781580028981,0
2021-04-20,18.68000030517578,17.329999923706055,22.350000381469727,116.37000274658203,64.3499984741211,0.9277301734788691,0.8357941828342552,0
2021-04-21,17.5,14.789999961853027,21.489999771118164,112.9000015258789,62.27000045776367,0.8451428549630301,0.8143322562301472,0
2021-04-22,18.709999084472656,16.770000457763672,22.520000457763672,116.05000305175781,59.619998931884766,0.8963122008745056,0.8308169939677983,0
2021-04-23,17.329999923706055,14.069999694824219,21.56999969482422,108.36000061035156,59.97999954223633,0.8118868872917642,0.8034306986042488,0
2021-04-26,17.639999389648438,14.8100004196167,21.540000915527344,104.01000213623047,60.97999954223633,0.839569213834982,0.818941441034594,0
2021-04-27,17.559999465942383,14.550000190734863,21.31999969482422,103.38999938964844,60.150001525878906,0.8285877353786136,0.8236397615993101,0
2021-04-28,17.280000686645508,13.619999885559082,21.1299991607666,104.77999877929688,60.310001373291016,0.7881944065016744,0.8177946698043591,0
2021-04-29,17.610000610351562,13.960000038146973,21.309999465942383,105.45999908447266,59.02000045776367,0.7927313773027903,0.8263726443773894,0
2021-04-30,18.610000610351562,15.529999732971191,22.06999969482422,109.22000122070312,58.130001068115234,0.834497540227529,0.8432261380916972,0
2021-05-03,18.309999465942383,16.170000076293945,21.739999771118164,108.31999969482422,57.33000183105469,0.8831240058947596,0.8422262952489735,0
2021-05-04,19.479999542236328,17.75,22.670000076293945,111.22000122070312,58.5099983215332,0.9111909865046269,0.8592853761216611,0
2021-05-05,19.149999618530273,17.56999969482422,22.260000228881836,,56.93000030517578,0.9174934749253371,0.8602874852482523,0
2021-05-06,18.389999389648438,16.040000915527344,21.8799991607666,108.38999938964844,57.75,0.8722132380578606,0.8404936058052441,0
2021-05-07,16.690000534057617,14.09000015258789,20.790000915527344,107.02999877929688,54.130001068115234,0.8442180767960933,0.8027897931256186,0
2021-05-10,19.65999984741211,19.68000030517578,22.399999618530273,114.0999984741211,55.47999954223633,1.0010173172898729,0.8776785795633891,0
2021-05-11,21.84000015258789,22.030000686645508,24.229999542236328,,58.0099983215332,1.00869965809204,0.9013619713247485,0
2021-05-12,27.59000015258789,29.549999237060547,28.18000030517578,146.27999877929688,58.470001220703125,1.0710401983919096,0.979063160177485,0
2021-05-13,23.1299991607666,23.209999084472656,25.260000228881836,130.00999450683594,56.59000015258789,1.0034587084569269,0.9156769180991602,0
2021-05-14,18.809999465942383,17.40999984741211,22.260000228881836,117.55999755859375,54.9900016784668,0.925571522685839,0.8450134444085424,0
2021-05-17,19.719999313354492,18.829999923706055,23.139999389648438,120.69999694824219,58.59000015258789,0.9548681835376269,0.8522039686040845,0
2021-05-18,21.34000015258789,20.989999771118164,24.219999313354492,123.93000030517578,57.18000030517578,0.9835988575929189,0.8810900395369285,0
2021-05-19,22.18000030517578,21.209999084472656,25.270000457763672,130.1699981689453,57.310001373291016,0.956266852689052,0.8777206135095833,0
2021-05-20,20.670000076293945,18.559999465942383,23.809999465942383,,55.040000915527344,0.8979196612209265,0.868122660223497,0
2021-05-21,20.149999618530273,17.1200008392334,23.489999771118164,124.22000122070312,54.59000015258789,0.8496278492973053,0.8578118269420102,0
2021-05-24,18.399999618530273,14.670000076293945,22.229999542236328,116.12000274658203,54.939998626708984,0.7972826293713658,0.8277103012787216,0
2021-05-25,18.84000015258789,15.789999961853027,22.399999618530273,,53.720001220703125,0.8381103945842638,0.8410714497067494,0
2021-05-26,17.360000610351562,13.84000015258789,21.299999237060547,106.29000091552734,52.81999969482422,0.7972350038015127,0.8150235320265338,0
2021-05-27,16.739999771118164,13.029999732971191,20.309999465942383,103.87999725341797,53.470001220703125,0.7783751440338783,0.8242245303447343,0
2021-05-28,16.760000228881836,12.729999542236328,20.479999542236328,105.41000366210938,52.040000915527344,0.7595465016939099,0.818359404467629,0
2021-06-01,17.899999618530273,15.0,21.34000015258789,113.04000091552734,54.9900016784668,0.837988844674155,0.8388003510093485,0
2021-06-02,17.479999542236328,13.699999809265137,21.420000076293945,112.56999969482422,55.209999084472656,0.7837528700250989,0.816059732958726,0
2021-06-03,18.040000915527344,15.180000305175781,21.81999969482422,114.30999755859375,53.959999084472656,0.8414633888466209,0.8267644898183246,0
2021-06-04,16.420000076293945,12.699999809265137,20.6200008392334,108.16000366210938,49.779998779296875,0.7734470006245928,0.7963142292919713,0
2021-06-07,16.420000076293945,13.90999984741211,20.549999237060547,108.02999877929688,49.54999923706055,0.8471376237990644,0.7990267973675432,0
2021-06-08,17.06999969482422,15.430000305175781,20.850000381469727,109.62000274658203,49.93000030517578,0.9039250486837618,0.8187050063555417,0
2021-06-09,17.889999389648438,17.09000015258789,21.280000686645508,120.97000122070312,52.84000015258789,0.9552823217242006,0.8406954329130026,0
2021-06-10,16.100000381469727,13.829999923706055,20.079999923706055,116.76000213623047,48.2599983215332,0.8590061860882733,0.8017928507291666,0
2021-06-11,15.649999618530273,13.0600004196167,19.639999389648438,116.12000274658203,50.849998474121094,0.8345048394859446,0.7968431825297737,0
2021-06-14,16.389999389648438,14.920000076293945,20.139999389648438,119.80000305175781,54.029998779296875,0.9103112038989513,0.8138033707226712,0
2021-06-15,17.020000457763672,15.920000076293945,20.68000030517578,122.9000015258789,52.91999816894531,0.935370132086691,0.8230174181140565,0
2021-06-16,18.149999618530273,17.940000534057617,21.260000228881836,121.56999969482422,54.279998779296875,0.9884298022652156,0.8537158712667082,0
2021-06-17,17.75,16.670000076293945,20.979999542236328,120.62999725341797,54.90999984741211,0.9391549338757152,0.8460438697468136,0
2021-06-18,20.700000762939453,20.139999389648438,22.93000030517578,128.8300018310547,60.45000076293945,0.9729467945579199,0.9027475136259387,0
2021-06-21,17.889999389648438,16.829999923706055,21.1200008392334,121.25,61.86000061035156,0.940749049630727,0.8470643313808599,0
2021-06-22,16.65999984741211,14.579999923706055,20.06999969482422,114.01000213623047,58.63999938964844,0.8751500634599854,0.8300946736789686,0
2021-06-23,16.31999969482422,13.630000114440918,19.700000762939453,110.4800033569336,55.599998474121094,0.8351715912570503,0.8284263483647245,0
2021-06-24,15.970000267028809,12.770000457763672,19.260000228881836,107.87000274658203,54.83000183105469,0.7996243108478989,0.8291796509472819,0
2021-06-25,15.619999885559082,11.859999656677246,19.0,105.91000366210938,55.58000183105469,0.7592829541338211,0.8221052571346885,0
2021-06-28,15.760000228881836,11.920000076293945,19.020000457763672,106.31999969482422,56.33000183105469,0.756345171521591,0.8286014642259825,0
2021-06-29,16.020000457763672,11.859999656677246,19.489999771118164,107.01000213623047,56.79999923706055,0.7403245516718827,0.8219600126164899,0
2021-06-30,15.829999923706055,11.109999656677246,19.510000228881836,106.7300033569336,57.27000045776367,0.701831946318558,0.8113787666835568,0
2021-07-01,15.479999542236328,11.430000305175781,19.450000762939453,108.72000122070312,57.52000045776367,0.738372134572075,0.7958868347055456,0
2021-07-02,15.069999694824219,10.399999618530273,19.299999237060547,106.11000061035156,52.40999984741211,0.6901127955631046,0.7808290305984192,0
2021-07-06,16.440000534057617,13.760000228881836,20.260000228881836,112.23999786376953,56.54999923706055,0.8369829551024764,0.8114511524349056,0
2021-07-07,16.200000762939453,13.069999694824219,20.40999984741211,112.69999694824219,60.650001525878906,0.8067900666229781,0.7937286077438915,0
2021-07-08,19.0,17.239999771118164,21.979999542236328,120.02999877929688,61.68000030517578,0.9073684090062192,0.8644222200045991,0
2021-07-09,16.18000030517578,13.020000457763672,20.440000534057617,112.62000274658203,59.91999816894531,0.8046971700982438,0.7915851214493013,0
2021-07-12,16.170000076293945,13.520000457763672,20.459999084472656,111.58999633789062,60.779998779296875,0.8361162890521374,0.7903226197388032,0
2021-07-13,17.1200008392334,14.979999542236328,21.1299991607666,116.4000015258789,60.79999923706055,0.8749999303684091,0.8102225044580779,0
2021-07-14,16.329999923706055,13.449999809265137,20.6200008392334,117.66000366210938,57.310001373291016,0.823637469204145,0.7919495275982329,0
2021-07-15,17.010000228881836,14.550000190734863,21.09000015258789,121.02999877929688,56.97999954223633,0.8553791884158791,0.8065433905079697,0
2021-07-16,18.450000762939453,16.299999237060547,22.06999969482422,128.88999938964844,58.2400016784668,0.8834687568036519,0.8359764847330869,0
2021-07-19,22.5,22.149999618530273,24.899999618530273,139.5399932861328,67.58000183105469,0.9844444274902344,0.9036144716747616,0
2021-07-20,19.729999542236328,17.860000610351562,23.200000762939453,131.3000030517578,69.30999755859375,0.9052205283694189,0.8504309867848696,0
2021-07-21,17.90999984741211,14.649999618530273,21.8700008392334,122.52999877929688,65.27999877929688,0.8179787684725811,0.8189300027498263,0
2021-07-22,17.690000534057617,14.069999694824219,21.860000610351562,118.81999969482422,64.95999908447266,0.7953645715123635,0.8092406239769596,0
2021-07-23,17.200000762939453,12.869999885559082,21.649999618530273,114.91999816894531,65.27999877929688,0.7482557741096064,0.7944573240647054,0
2021-07-26,17.579999923706055,14.010000228881836,21.739999771118164,114.86000061035156,69.02999877929688,0.7969283441230173,0.8086476590980136,0
2021-07-27,19.360000610351562,17.15999984741211,23.0,121.11000061035156,70.06999969482422,0.886363600538156,0.841739156971807,0
2021-07-28,18.309999465942383,14.819999694824219,22.350000381469727,117.08000183105469,62.400001525878906,0.8093937808349062,0.81923933572382,0
2021-07-29,17.700000762939453,13.649999618530273,21.8799991607666,114.04000091552734,62.08000183105469,0.7711863858848449,0.8089580183658154,0
2021-07-30,18.239999771118164,14.359999656677246,22.18000030517578,116.18000030517578,61.189998626708984,0.7872806928109373,0.8223624670943668,0
2021-08-02,19.459999084472656,16.209999084472656,23.049999237060547,122.8499984741211,64.29000091552734,0.8329907423997152,0.8442516151230162,0
2021-08-03,18.040000915527344,13.680000305175781,22.18000030517578,117.55000305175781,65.41999816894531,0.7583148343080829,0.8133453862630311,0
2021-08-04,17.969999313354492,13.619999885559082,22.170000076293945,116.20999908447266,62.66999816894531,0.7579299057311212,0.8105547700276983,0
2021-08-05,17.280000686645508,13.25,21.520000457763672,113.3499984741211,63.56999969482422,0.7667823769382133,0.8029739925219881,0
2021-08-06,16.149999618530273,10.960000038146973,20.8700008392334,112.0,62.63999938964844,0.6786377892895817,0.7738379956444458,0
2021-08-09,16.719999313354492,12.75,21.270000457763672,115.08999633789062,65.72000122070312,0.7625598399287253,0.7860836367425463,0
2021-08-10,16.790000915527344,13.229999542236328,21.209999084472656,114.1500015258789,66.55000305175781,0.7879689589534962,0.7916078095363479,0
2021-08-11,16.170000076293945,11.6899995803833,20.81999969482422,118.05999755859375,60.65999984741211,0.7229436935823793,0.776657075567285,0
2021-08-12,15.59000015258789,11.539999961853027,20.25,117.72000122070312,57.38999938964844,0.7402180788264728,0.769876550745081,0
2021-08-13,15.449999809265137,11.210000038146973,20.260000228881836,117.80999755859375,55.45000076293945,0.7255663544684642,0.7625863590682611,0
2021-08-16,16.1200008392334,13.069999694824219,20.639999389648438,117.69000244140625,59.400001525878906,0.8107939835222598,0.7810078156939312,0
2021-08-17,17.90999984741211,16.290000915527344,21.700000762939453,120.52999877929688,60.279998779296875,0.9095477975607662,0.8253455860702027,0
2021-08-18,21.56999969482422,23.1200008392334,23.799999237060547,128.41000366210938,58.04999923706055,1.071859117586409,0.906302537238579,0
2021-08-19,21.670000076293945,21.239999771118164,24.200000762939453,130.41000366210938,59.380001068115234,0.9801568849256174,0.8954545203767093,0
2021-08-20,18.559999465942383,15.100000381469727,22.40999984741211,120.51000213623047,59.95000076293945,0.8135776301706389,0.8282016774795149,0
2021-08-23,17.149999618530273,14.020000457763672,21.200000762939453,113.33000183105469,62.22999954223633,0.8174927562456216,0.8089622170443906,0
2021-08-24,17.219999313354492,13.9399995803833,21.219999313354492,111.08999633789062,63.029998779296875,0.8095238174354933,0.8114985801397901,0
2021-08-25,16.790000915527344,12.989999771118164,20.790000915527344,108.83999633789062,64.51000213623047,0.7736747506133279,0.8075998160725171,0
2021-08-26,18.84000015258789,17.110000610351562,21.860000610351562,116.5999984741211,63.40999984741211,0.9081741227056894,0.8618481073448102,0
2021-08-27,16.389999389648438,12.319999694824219,20.610000610351562,109.62000274658203,57.97999954223633,0.751677861721292,0.7952449735210784,0
2021-08-30,16.190000534057617,12.0,20.399999618530273,107.9000015258789,60.13999938964844,0.7411982460875498,0.7936274920001215,0
2021-08-31,16.479999542236328,12.75,20.420000076293945,105.80999755859375,59.540000915527344,0.7736650700337235,0.8070518844595082,0
2021-09-01,16.110000610351562,11.75,20.079999923706055,105.19999694824219,58.09000015258789,0.7293606179288397,0.8022908700976842,0
2021-09-02,16.40999984741211,12.729999542236328,20.1299991607666,105.69999694824219,55.79999923706055,0.7757464753568463,0.8152012186565424,0
2021-09-03,16.40999984741211,11.65999984741211,20.31999969482422,105.4800033569336,53.2599983215332,0.7105423495327403,0.8075787447768495,0
2021-09-07,18.139999389648438,15.329999923706055,21.530000686645508,111.01000213623047,57.04999923706055,0.8450937397745502,0.8425452304281719,0
2021-09-08,17.959999084472656,14.75,21.59000015258789,115.05999755859375,57.02000045776367,0.8212695296155185,0.8318665566252845,0
2021-09-09,18.799999237060547,16.549999237060547,22.059999465942383,117.02999877929688,52.61000061035156,0.8803191440792953,0.8522212009154928,0
2021-09-10,20.950000762939453,22.579999923706055,23.309999465942383,124.9800033569336,51.72999954223633,1.0778042530504375,0.8987559520775168,0
2021-09-13,19.3700008392334,20.200000762939453,22.469999313354492,118.01000213623047,53.099998474121094,1.0428497618866859,0.862038336944733,0
2021-09-14,19.459999084472656,19.43000030517578,22.549999237060547,120.37000274658203,51.72999954223633,0.9984584388125274,0.8629711637635212,0
2021-09-15,18.18000030517578,16.200000762939453,21.760000228881836,112.4800033569336,53.93000030517578,0.8910891359186265,0.8354779464131459,0
2021-09-16,18.690000534057617,16.639999389648438,21.809999465942383,112.11000061035156,53.70000076293945,0.8903156187356126,0.8569464003537997,0
2021-09-17,20.809999465942383,19.65999984741211,23.219999313354492,118.9000015258789,56.060001373291016,0.9447381235923451,0.8962101671542234,0
2021-09-20,25.709999084472656,27.700000762939453,26.399999618530273,138.92999267578125,59.58000183105469,1.0774018572279391,0.9738636157565206,0
2021-09-21,24.360000610351562,25.1299991607666,25.469999313354492,130.75999450683594,59.20000076293945,1.031609135103545,0.9564193665909942,0
2021-09-22,20.8700008392334,19.459999084472656,23.049999237060547,117.62000274658203,55.91999816894531,0.932438826159025,0.9054230598705585,0
2021-09-23,18.6299991607666,17.079999923706055,21.3700008392334,108.30999755859375,56.790000915527344,0.9168008960341377,0.8717827996788657,0
2021-09-24,17.75,15.239999771118164,20.81999969482422,103.06999969482422,58.459999084472656,0.8585915364010234,0.852545641699149,0
2021-09-27,18.760000228881836,16.959999084472656,21.399999618530273,107.7300033569336,60.5,0.9040511128758943,0.8766355403407362,0
2021-09-28,23.25,24.559999465942383,24.030000686645508,121.05999755859375,62.709999084472656,1.0563440630512853,0.967540546635149,0
2021-09-29,22.559999465942383,21.790000915527344,23.719999313354492,119.04000091552734,61.209999084472656,0.9658688577729151,0.951096126433738,0
2021-09-30,23.139999389648438,23.030000686645508,23.8700008392334,118.01000213623047,61.06999969482422,0.9952463826316202,0.9694176194420107,0
2021-10-01,21.100000381469727,19.770000457763672,22.950000762939453,112.61000061035156,57.380001068115234,0.9369668293999617,0.9193899642714968,0
2021-10-04,22.959999084472656,23.040000915527344,24.110000610351562,117.16999816894531,60.61000061035156,1.0034844004462,0.9523018873178645,0
2021-10-05,21.299999237060547,20.31999969482422,23.110000610351562,110.75,62.83000183105469,0.9539906301718925,0.9216788695158983,0
2021-10-06,21.0,19.540000915527344,22.84000015258789,110.91999816894531,60.650001525878906,0.9304762340727306,0.9194395735422354,0
2021-10-07,19.540000915527344,18.1299991607666,22.1200008392334,107.43000030517578,60.90999984741211,0.927840241110721,0.883363479845353,0
2021-10-08,18.770000457763672,16.739999771118164,21.8799991607666,107.2699966430664,59.650001525878906,0.8918486607811532,0.8578611141549072,0
2021-10-11,20.0,19.75,22.389999389648438,110.29000091552734,,0.9875,0.893255942170619,0
2021-10-12,19.850000381469727,19.40999984741211,22.329999923706055,109.12000274658203,62.95000076293945,0.9778337266699317,0.8889386676798193,0
2021-10-13,18.639999389648438,17.450000762939453,21.540000915527344,108.72000122070312,60.84000015258789,0.936158869867247,0.8653666944002584,0
2021-10-14,16.860000610351562,14.800000190734863,20.3700008392334,107.97000122070312,59.349998474121094,0.8778172986333157,0.8276877720043369,0
2021-10-15,16.299999237060547,13.239999771118164,20.299999237060547,106.76000213623047,62.70000076293945,0.8122699626276666,0.8029556576190688,0
2021-10-18,16.309999465942383,13.90999984741211,20.290000915527344,104.37000274658203,70.7699966430664,0.852851030219724,0.8038441956629394,0
2021-10-19,15.699999809265137,13.34000015258789,19.979999542236328,103.05999755859375,68.25,0.8496815487039353,0.7857857942427091,0
2021-10-20,15.489999771118164,12.6899995803833,19.8700008392334,101.83999633789062,65.47000122070312,0.8192382032209196,0.7795671422687157,0
2021-10-21,15.010000228881836,11.8100004196167,19.479999542236328,102.13999938964844,69.41999816894531,0.7868088100953001,0.7705339107599727,0
2021-10-22,15.430000305175781,11.979999542236328,20.010000228881836,106.08000183105469,72.04000091552734,0.7764095466814607,0.7711144492094798,0
2021-10-25,15.239999771118164,13.09000015258789,19.559999465942383,102.36000061035156,68.95999908447266,0.8589239074265073,0.7791411138662787,0
2021-10-26,15.979999542236328,14.329999923706055,20.110000610351562,103.25,66.69999694824219,0.8967459533293977,0.7946294906630024,0
2021-10-27,16.979999542236328,15.15999984741211,20.889999389648438,109.61000061035156,70.05999755859375,0.8928150916437234,0.8128291066705526,0
2021-10-28,16.530000686645508,14.3100004196167,20.479999542236328,106.27999877929688,71.95999908447266,0.8656987190071725,0.8071289578183507,0
2021-10-29,16.260000228881836,13.670000076293945,20.3700008392334,105.16999816894531,75.44999694824219,0.8407133999919999,0.7982326734893627,0
2021-11-01,16.40999984741211,15.020000457763672,20.389999389648438,106.66000366210938,78.33999633789062,0.9152955878992501,0.8048062941945507,0
2021-11-02,16.030000686645508,14.739999771118164,20.100000381469727,105.44000244140625,71.04000091552734,0.9195258352919451,0.7975124568367487,0
2021-11-03,15.100000381469727,13.100000381469727,19.5,102.25,71.22000122070312,0.867549672220251,0.7743589939215244,0
2021-11-04,15.4399995803833,13.039999961853027,19.700000762939453,104.45999908447266,64.61000061035156,0.8445596059743744,0.7837562935240966,0
2021-11-05,16.479999542236328,13.149999618530273,20.489999771118164,110.20999908447266,66.9000015258789,0.7979368922206793,0.8042947645839331,0
2021-11-08,17.219999313354492,14.430000305175781,20.979999542236328,111.48999786376953,70.97000122070312,0.8379791452131473,0.8207816820342483,0
2021-11-09,17.780000686645508,15.1899995803833,21.40999984741211,110.55000305175781,73.0199966430664,0.8543306520675475,0.8304530973079213,0
2021-11-10,18.729999542236328,15.949999809265137,22.0,117.19000244140625,78.30999755859375,0.8515750239767884,0.8513636155561968,0
2021-11-11,17.65999984741211,14.300000190734863,21.3799991607666,114.66000366210938,,0.809739542145601,0.8260056380085887,0
2021-11-12,16.290000915527344,11.989999771118164,20.690000534057617,112.11000061035156,78.61000061035156,0.7360343215014498,0.7873369016454361,0
2021-11-15,16.489999771118164,12.199999809265137,20.8700008392334,110.66000366210938,81.58999633789062,0.7398423273863922,0.7901293295646977,0
2021-11-16,16.3700008392334,11.9399995803833,20.899999618530273,109.58000183105469,81.58000183105469,0.7293829546891121,0.7832536429675097,0
2021-11-17,17.110000610351562,11.510000228881836,21.579999923706055,111.52999877929688,81.58000183105469,0.6727060092515881,0.792863793829577,0
2021-11-18,17.59000015258789,12.430000305175781,21.899999618530273,112.1500015258789,74.51000213623047,0.7066515177572096,0.8031963679900909,0
2021-11-19,17.90999984741211,12.449999809265137,21.920000076293945,113.73999786376953,73.38999938964844,0.6951423738322415,0.817062033990658,0
2021-11-22,19.170000076293945,16.059999465942383,22.6299991607666,118.62000274658203,79.20999908447266,0.8377673136163698,0.8471056468057134,0
2021-11-23,19.3799991607666,16.350000381469727,22.450000762939453,115.02999877929688,80.56999969482422,0.8436533069913188,0.8632516036595944,0
2021-11-24,18.579999923706055,14.819999694824219,21.899999618530273,110.4800033569336,83.1500015258789,0.7976318490677449,0.8484018377783412,0
2021-11-26,28.6200008392334,30.600000381469727,29.170000076293945,149.74000549316406,89.44999694824219,1.0691823719139124,0.9811450382028787,0
2021-11-29,22.959999084472656,21.43000030517578,25.040000915527344,131.24000549316406,89.41000366210938,0.9333624198473257,0.9169328372602066,0
2021-11-30,27.190000534057617,28.3799991607666,28.1299991607666,142.5500030517578,84.04000091552734,1.043766039107591,0.9665837662725558,0
2021-12-01,31.1200008392334,33.93000030517578,30.790000915527344,155.02000427246094,82.97000122070312,1.0902956102237562,1.0107177627117132,1
2021-12-02,27.950000762939453,28.040000915527344,29.149999618530273,147.30999755859375,82.55000305175781,1.0032200411495955,0.9588336579315769,0
2021-12-03,30.670000076293945,31.700000762939453,31.780000686645508,156.10000610351562,79.13999938964844,1.0335833284670135,0.9650723541104893,0
2021-12-06,27.18000030517578,27.290000915527344,28.8799991607666,138.8800048828125,87.88999938964844,1.0040471158615336,0.9411357719878238,0
2021-12-07,21.889999389648438,20.829999923706055,24.959999084472656,117.91999816894531,88.13999938964844,0.951576085175971,0.8770032128433036,0
2021-12-08,19.899999618530273,17.5,23.6299991607666,114.29000091552734,80.29000091552734,0.879397001782077,0.8421498233301113,0
2021-12-09,21.579999923706055,20.489999771118164,24.65999984741211,121.79000091552734,79.54000091552734,0.9494902615180038,0.8751013810720165,0
2021-12-10,18.690000534057617,15.699999809265137,23.18000030517578,113.8499984741211,74.36000061035156,0.840021367610772,0.8062985456425724,0
2021-12-13,20.309999465942383,18.540000915527344,24.31999969482422,121.06999969482422,76.41000366210938,0.9128508814890355,0.8351151200986551,0
2021-12-14,21.889999389648438,21.020000457763672,25.350000381469727,126.56999969482422,78.9800033569336,0.9602558722639262,0.8635108110550377,0
2021-12-15,19.290000915527344,16.780000686645508,23.299999237060547,118.61000061035156,74.05999755859375,0.8698807615472206,0.827897062109986,0
2021-12-16,20.56999969482422,18.760000228881836,24.3700008392334,128.97000122070312,69.0999984741211,0.9120078029754268,0.8440705369902353,0
2021-12-17,21.56999969482422,19.350000381469727,25.3799991607666,136.05999755859375,72.45999908447266,0.8970793071505149,0.8498818127688503,0
2021-12-20,22.8700008392334,22.209999084472656,26.309999465942383,138.6699981689453,77.0199966430664,0.9711411573877815,0.8692512848142785,0
2021-12-21,21.010000228881836,18.829999923706055,25.0,131.41000366210938,79.5199966430664,0.8962398723737757,0.8404000091552735,0
2021-12-22,18.6299991607666,14.760000228881836,23.559999465942383,122.69999694824219,76.8499984741211,0.7922705793763697,0.7907470111660045,0
2021-12-23,17.959999084472656,13.710000038146973,23.239999771118164,120.45999908447266,77.29000091552734,0.7633630699903529,0.7728054759618671,0
2021-12-27,17.68000030517578,14.479999542236328,22.739999771118164,115.91999816894531,80.12000274658203,0.8190044848583707,0.7774846298649029,0
2021-12-28,17.540000915527344,14.399999618530273,22.329999923706055,114.83000183105469,77.5199966430664,0.820980551134557,0.7854904153809005,0
2021-12-29,16.950000762939453,12.850000381469727,21.829999923706055,109.5,78.0,0.7581120827773515,0.7764544581849853,0
2021-12-30,17.329999923706055,13.859999656677246,21.8799991607666,110.83999633789062,77.62000274658203,0.7997691700920249,0.7920475588856865,0
2021-12-31,17.219999313354492,13.260000228881836,21.8799991607666,109.66999816894531,77.0999984741211,0.7700348872022551,0.7870201084939695,0
2022-01-03,16.600000381469727,13.520000457763672,21.530000686645508,108.44999694824219,84.08000183105469,0.8144578401851001,0.7710171784511958,0
2022-01-04,16.90999984741211,13.880000114440918,21.6200008392334,109.30999755859375,83.11000061035156,0.8208160993310181,0.7821461235434302,0
2022-01-05,19.729999542236328,18.06999969482422,23.469999313354492,119.30999755859375,78.68000030517578,0.9158641720260297,0.8406476403691203,0
2022-01-06,19.610000610351562,17.059999465942383,23.5,117.81999969482422,77.7300033569336,0.8699642496154179,0.8344681110787899,0
2022-01-07,18.760000228881836,15.399999618530273,22.8700008392334,113.86000061035156,74.69000244140625,0.8208954920384971,0.8202885675762254,0
2022-01-10,19.399999618530273,17.90999984741211,22.68000030517578,113.0199966430664,78.12000274658203,0.9231958865764635,0.8553791603831248,0
2022-01-11,18.40999984741211,16.59000015258789,21.979999542236328,111.61000061035156,77.8499984741211,0.9011407001679006,0.8375796283360162,0
2022-01-12,17.6200008392334,14.680000305175781,21.579999923706055,113.94000244140625,74.55000305175781,0.833144132007571,0.8164967980318425,0
2022-01-13,20.309999465942383,18.790000915527344,23.40999984741211,123.44000244140625,72.56999969482422,0.9251600890997606,0.8675779409792512,0
2022-01-14,19.190000534057617,17.309999465942383,22.81999969482422,117.56999969482422,76.58999633789062,0.9020322555604579,0.8409290442896054,0
2022-01-18,22.790000915527344,24.170000076293945,25.1200008392334,127.94999694824219,84.62999725341797,1.0605528348103916,0.9072452290659573,0
2022-01-19,23.850000381469727,23.959999084472656,25.809999465942383,129.85000610351562,80.13999938964844,1.0046121048739434,0.9240604755897428,0
2022-01-20,25.59000015258789,26.729999542236328,27.25,135.60000610351562,80.95999908447266,1.044548627700307,0.939082574406895,0
2022-01-21,28.850000381469727,30.860000610351562,29.950000762939453,149.5,81.02999877929688,1.0696707175842137,0.9632721083990461,0
2022-01-24,29.899999618530273,35.81999969482422,30.81999969482422,154.3800048828125,83.7699966430664,1.1979933161144616,0.9701492509602962,0
2022-01-25,31.15999984741211,37.18000030517578,31.760000228881836,150.8000030517578,84.56999969482422,1.1931964212850805,0.9811083004677028,0
2022-01-26,31.959999084472656,37.400001525878906,31.950000762939453,148.5500030517578,85.75,1.1702128472228024,1.0003129365037386,1
2022-01-27,30.489999771118164,33.029998779296875,30.8700008392334,141.13999938964844,85.62000274658203,1.0833059700638221,0.9876902799551505,0
2022-01-28,27.65999984741211,28.1299991607666,28.81999969482422,132.44000244140625,85.29000091552734,1.0169920215454544,0.9597501783589389,0
2022-01-31,24.829999923706055,25.329999923706055,26.850000381469727,125.05999755859375,85.13999938964844,1.0201369311935693,0.9247672093458235,0
2022-02-01,21.959999084472656,21.100000381469727,24.760000228881836,117.98999786376953,85.22000122070312,0.9608379444964998,0.8869143328543649,0
2022-02-02,22.09000015258789,21.600000381469727,25.139999389648438,119.61000061035156,84.8499984741211,0.9778180277169097,0.878679422788037,0
2022-02-03,24.350000381469727,24.110000610351562,26.670000076293945,125.11000061035156,85.73999786376953,0.9901437467203983,0.9130108853323031,0
2022-02-04,23.219999313354492,21.860000610351562,26.25,124.88999938964844,87.68000030517578,0.9414298560198167,0.8845714024135045,0
2022-02-07,22.860000610351562,21.610000610351562,25.690000534057617,124.12999725341797,87.44000244140625,0.9453193365430633,0.8898404100866295,0
2022-02-08,21.440000534057617,20.06999969482422,24.540000915527344,118.86000061035156,82.72000122070312,0.9361007087170011,0.8736756207898817,0
2022-02-09,19.959999084472656,18.670000076293945,23.489999771118164,119.31999969482422,81.76000213623047,0.9353707882089919,0.8497232558092327,0
2022-02-10,23.90999984741211,23.709999084472656,26.06999969482422,129.10000610351562,88.5199966430664,0.9916352670758758,0.9171461498773649,0
2022-02-11,27.360000610351562,26.84000015258789,28.829999923706055,141.1699981689453,94.02999877929688,0.9809941357396413,0.9490114700921052,0
2022-02-14,28.329999923706055,27.6200008392334,29.440000534057617,140.58999633789062,102.27999877929688,0.974938260275866,0.9622961756040914,0
2022-02-15,25.700000762939453,24.489999771118164,27.280000686645508,129.0500030517578,94.0,0.9529182507431609,0.9420821156914589,0
2022-02-16,24.290000915527344,21.31999969482422,26.260000228881836,122.58000183105469,92.73999786376953,0.8777274142132883,0.9249809864362527,0
2022-02-17,28.110000610351562,27.690000534057617,29.31999969482422,134.49000549316406,96.16999816894531,0.9850586955825508,0.9587312722692063,0
2022-02-18,27.75,26.030000686645508,29.219999313354492,133.63999938964844,94.36000061035156,0.9380180427620003,0.949692014103414,0
2022-02-22,28.809999465942383,28.6200008392334,29.110000610351562,130.69000244140625,95.54000091552734,0.9934051152297455,0.9896942240426303,0
2022-02-23,31.020000457763672,30.709999084472656,30.8799991607666,131.24000549316406,95.1500015258789,0.9900064033295838,1.004533720880891,1
2022-02-24,30.31999969482422,30.040000915527344,30.049999237060547,128.5,100.75,0.9907652116716653,1.0089850404199239,1
2022-02-25,27.59000015258789,26.149999618530273,28.040000915527344,117.76000213623047,93.33999633789062,0.9478071574449576,0.9839514711752287,0
2022-02-28,30.149999618530273,31.5,29.649999618530273,123.63999938964844,100.4000015258789,1.044776132621906,1.016863406625055,1
2022-03-01,33.31999969482422,34.79999923706055,32.59000015258789,132.8000030517578,118.26000213623047,1.0444177537752566,1.022399494900842,1
2022-03-02,30.739999771118164,30.790000915527344,30.969999313354492,124.91999816894531,110.27999877929688,1.0016265824587338,0.9925734728015589,0
2022-03-03,30.479999542236328,30.020000457763672,30.799999237060547,122.36000061035156,115.18000030517578,0.9849081662932694,0.9896103992613359,0
2022-03-04,31.979999542236328,31.110000610351562,32.34000015258789,127.8499984741211,131.82000732421875,0.9727955301958104,0.9888682557621215,0
2022-03-07,36.45000076293945,38.56999969482422,35.7400016784668,133.66000366210938,140.02999877929688,1.0581618350483075,1.0198656701490987,1
2022-03-08,35.130001068115234,36.65999984741211,35.0,139.7100067138672,133.3699951171875,1.0435524831419813,1.0037143162318638,1
2022-03-09,32.45000076293945,33.439998626708984,33.060001373291016,130.86000061035156,110.9000015258789,1.0305084080275335,0.9815486816390644,0
2022-03-10,30.229999542236328,30.010000228881836,31.520000457763672,125.47000122070312,105.30999755859375,0.9927224837351679,0.9590735756093682,0
2022-03-11,30.75,30.6299991607666,32.34000015258789,125.58000183105469,99.02999877929688,0.9960975336834668,0.9508348749200406,0
2022-03-14,31.770000457763672,34.22999954223633,33.31999969482422,126.26000213623047,105.08000183105469,1.0774315092548732,0.9534814150283045,0
2022-03-15,29.829999923706055,30.709999084472656,31.959999084472656,122.18000030517578,101.02999877929688,1.0295004747910597,0.9333542170906559,0
2022-03-16,26.670000076293945,26.510000228881836,28.959999084472656,115.0999984741211,100.56999969482422,0.9940007556447543,0.9209254461127891,0
2022-03-17,25.670000076293945,24.940000534057617,28.219999313354492,109.25,91.76000213623047,0.9715621527048425,0.9096385790536212,0
2022-03-18,23.8700008392334,22.190000534057617,26.549999237060547,106.73999786376953,91.7699966430664,0.9296187580180355,0.8990584378591545,0
2022-03-21,23.530000686645508,22.729999542236328,26.3799991607666,108.95999908447266,101.94000244140625,0.9660008023347308,0.8919636631998182,0
2022-03-22,22.940000534057617,22.56999969482422,25.850000381469727,108.22000122070312,105.37999725341797,0.9838709315335856,0.8874274737149285,0
2022-03-23,23.56999969482422,23.209999084472656,26.40999984741211,108.7699966430664,105.72000122070312,0.9847263209583064,0.8924649689891543,0
2022-03-24,21.670000076293945,20.420000076293945,25.299999237060547,106.05000305175781,113.13999938964844,0.942316566885136,0.8565217679750274,0
2022-03-25,20.809999465942383,18.450000762939453,24.719999313354492,109.20999908447266,125.2699966430664,0.886593043557483,0.8418284807435327,0
2022-03-28,19.6299991607666,17.81999969482422,24.18000030517578,108.29000091552734,129.27999877929688,0.9077942158265636,0.811827912035417,0
2022-03-29,18.899999618530273,17.540000915527344,23.190000534057617,104.3499984741211,117.91999816894531,0.9280423952141493,0.8150064330862389,0
2022-03-30,19.329999923706055,17.43000030517578,23.56999969482422,107.41000366210938,112.9800033569336,0.9017072102416235,0.8201103170973212,0
2022-03-31,20.559999465942383,18.399999618530273,24.459999084472656,111.44999694824219,106.87999725341797,0.8949416389338849,0.8405560194396731,0
2022-04-01,19.6299991607666,16.0,24.209999084472656,112.22000122070312,108.33999633789062,0.8150789956210654,0.8108219703881159,0
2022-04-04,18.56999969482422,15.760000228881836,23.030000686645508,107.11000061035156,108.37000274658203,0.8486806940160813,0.8063395198069826,0
2022-04-05,21.030000686645508,18.6200008392334,24.899999618530273,116.2699966430664,116.37000274658203,0.8854018179399057,0.8445783537681358,0
2022-04-06,22.100000381469727,19.639999389648438,25.799999237060547,114.83999633789062,123.91999816894531,0.8886877398480076,0.856589187402923,0
2022-04-07,21.549999237060547,19.049999237060547,25.229999542236328,113.33000183105469,122.66999816894531,0.883990715150438,0.854141879827811,0
2022-04-08,21.15999984741211,17.299999237060547,25.170000076293945,112.13999938964844,124.86000061035156,0.8175803101046031,0.8406833445877259,0
2022-04-11,24.3700008392334,22.850000381469727,27.0,117.3499984741211,129.8699951171875,0.9376282147960942,0.902592623675311,0
2022-04-12,24.260000228881836,22.489999771118164,27.170000076293945,117.26000213623047,117.79000091552734,0.9270403775323768,0.8928965830238952,0
2022-04-13,21.81999969482422,19.149999618530273,25.540000915527344,113.76000213623047,116.33000183105469,0.8776351918589954,0.8543460811529765,0
2022-04-14,22.700000762939453,19.34000015258789,26.030000686645508,114.75,119.66000366210938,0.8519823569417153,0.8720706939737237,0
2022-04-18,22.170000076293945,20.8799991607666,25.75,110.9000015258789,122.31999969482422,0.9418132200681982,0.8609708767492794,0
2022-04-19,21.3700008392334,20.700000762939453,25.059999465942383,106.05999755859375,122.73999786376953,0.9686476345352366,0.8527534435216628,0
2022-04-20,20.31999969482422,19.299999237060547,24.149999618530273,103.02999877929688,125.12000274658203,0.949803126324678,0.8414078681488965,0
2022-04-21,22.68000030517578,22.209999084472656,26.110000610351562,110.93000030517578,130.69000244140625,0.9792768423995185,0.8686326991575816,0
2022-04-22,28.209999084472656,29.06999969482422,29.8700008392334,122.37000274658203,128.1199951171875,1.0304856660142512,0.944425788144593,0
2022-04-25,27.020000457763672,28.950000762939453,29.06999969482422,116.9800033569336,131.6300048828125,1.071428581512893,0.9294805896600838,0
2022-04-26,33.52000045776367,37.7400016784668,33.13999938964844,127.5,129.27000427246094,1.1258950227647064,1.0114665381748296,1
2022-04-27,31.600000381469727,34.81999969482422,32.20000076293945,123.70999908447266,130.11000061035156,1.1018987112178233,0.9813664482219424,0
2022-04-28,29.989999771118164,32.25,31.149999618530273,119.75,128.74000549316406,1.0753584610246756,0.9627608391133957,0
2022-04-29,33.400001525878906,36.11000061035156,33.18000030517578,121.9800033569336,128.39999389648438,1.0811376934331245,1.0066305370307307,1
2022-05-02,32.34000015258789,35.400001525878906,33.0099983215332,124.4800033569336,135.1699981689453,1.0946197080659614,0.9797031747042454,0
2022-05-03,29.25,31.610000610351562,30.809999465942383,117.55000305175781,126.45999908447266,1.0806837815504808,0.9493671050638343,0
2022-05-04,25.420000076293945,26.15999984741211,28.09000015258789,106.62000274658203,121.98999786376953,1.0291109271792753,0.9049483780067562,0
2022-05-05,31.200000762939453,33.25,32.68000030517578,119.18000030517578,122.72000122070312,1.0657051021452415,0.9547123767314675,0
2022-05-06,30.190000534057617,29.790000915527344,32.310001373291016,116.77999877929688,121.41999816894531,0.9867505925321521,0.9343856159354456,0
2022-05-09,34.75,36.650001525878906,35.04999923706055,125.93000030517578,125.22000122070312,1.0546763029029902,0.9914408204396381,0
2022-05-10,32.9900016784668,34.70000076293945,33.970001220703125,120.9800033569336,126.76000213623047,1.0518338586684222,0.9711510301142096,0
2022-05-11,32.560001373291016,33.91999816894531,33.630001068115234,125.88999938964844,118.05000305175781,1.0417689415937772,0.9681831798739164,0
2022-05-12,31.770000457763672,33.31999969482422,33.08000183105469,122.11000061035156,118.7300033569336,1.0487881402180392,0.9603989933258946,0
2022-05-13,28.8700008392334,29.3799991607666,30.700000762939453,113.88999938964844,114.61000061035156,1.0176653379531646,0.940390883445345,0
2022-05-16,27.469999313354492,28.520000457763672,29.510000228881836,108.26000213623047,117.94999694824219,1.0382235591792943,0.9308708607351766,0
2022-05-17,26.100000381469727,26.920000076293945,28.3700008392334,101.19999694824219,119.45999908447266,1.0314176123693237,0.9199858868306959,0
2022-05-18,30.959999084472656,32.29999923706055,32.79999923706055,114.95999908447266,114.86000061035156,1.0432816599552144,0.9439024330674715,0
2022-05-19,29.350000381469727,30.690000534057617,30.790000915527344,104.88999938964844,115.05000305175781,1.0456558819479234,0.9532315527366085,0
2022-05-20,29.43000030517578,29.190000534057617,31.139999389648438,107.80000305175781,111.0999984741211,0.9918450639269631,0.9450867335263631,0
2022-05-23,28.479999542236328,28.979999542236328,30.290000915527344,102.68000030517578,110.19000244140625,1.0175561800574642,0.9402442615192141,0
2022-05-24,29.450000762939453,29.479999542236328,30.739999771118164,104.29000091552734,111.1500015258789,1.0010186342451517,0.9580351653290924,0
2022-05-25,28.3700008392334,27.3700008392334,29.729999542236328,98.79000091552734,105.69000244140625,0.9647514991040437,0.9542550042400495,0
2022-05-26,27.5,25.670000076293945,29.280000686645508,96.25,102.48999786376953,0.9334545482288708,0.9392076282478586,0
2022-05-27,25.719999313354492,23.1299991607666,28.020000457763672,93.66000366210938,98.4800033569336,0.8993001468999614,0.9179157349452539,0
2022-05-31,26.190000534057617,25.90999984741211,27.989999771118164,93.0999984741211,107.12000274658203,0.9893088705255506,0.9356913450596774,0
2022-06-01,25.690000534057617,25.1200008392334,27.719999313354492,91.38999938964844,109.37999725341797,0.9778123906977517,0.9267677189905666,0
2022-06-02,24.719999313354492,23.56999969482422,27.059999465942383,91.08000183105469,99.2699966430664,0.953478978540707,0.9135254915458144,0
2022-06-03,24.790000915527344,23.049999237060547,27.329999923706055,90.5,97.7300033569336,0.92981034230713,0.907061872840493,0
2022-06-06,25.06999969482422,25.56999969482422,27.219999313354492,89.52999877929688,102.26000213623047,1.019944156604965,0.9210139723451258,0
2022-06-07,24.020000457763672,24.229999542236328,26.520000457763672,87.81999969482422,102.61000061035156,1.0087426761228384,0.9057315250057573,0
2022-06-08,23.959999084472656,23.90999984741211,26.540000915527344,92.68000030517578,105.29000091552734,0.9979132204102232,0.9027881785209266,0
2022-06-09,26.09000015258789,27.540000915527344,28.010000228881836,98.81999969482422,105.29000091552734,1.055576878285132,0.9314530503175725,0
2022-06-10,27.75,28.780000686645508,29.719999313354492,99.75,114.2300033569336,1.0371171418610994,0.9337146918280955,0
2022-06-13,34.02000045776367,38.86000061035156,34.2400016784668,113.72000122070312,139.2100067138672,1.1422692559512697,0.9935747310187347,0
2022-06-14,32.689998626708984,36.95000076293945,33.279998779296875,111.01000213623047,144.08999633789062,1.130315151887155,0.9822716293801392,0
2022-06-15,29.6200008392334,32.529998779296875,30.780000686645508,105.37000274658203,135.92999267578125,1.0982443571105176,0.9623131961814608,0
2022-06-16,32.95000076293945,36.58000183105469,33.4900016784668,114.36000061035156,138.10000610351562,1.1101669494405015,0.9838757572868516,0
2022-06-17,31.1299991607666,30.399999618530273,32.36000061035156,110.05999755859375,133.75,0.9765499658876845,0.9619900671697917,0
2022-06-21,30.190000534057617,30.3799991607666,31.25,104.37000274658203,138.91000366210938,1.0062934290608787,0.9660800170898437,0
2022-06-22,28.950000762939453,28.299999237060547,30.239999771118164,99.66000366210938,129.94000244140625,0.9775474435665297,0.9573413023167159,0
2022-06-23,29.049999237060547,28.290000915527344,30.190000534057617,98.30999755859375,125.9800033569336,0.9738382670742506,0.9622391097439358,0
2022-06-24,27.229999542236328,26.040000915527344,28.950000762939453,91.33999633789062,127.0,0.9562982502124842,0.9405871787435323,0
2022-06-27,26.950000762939453,25.809999465942383,28.18000030517578,87.58000183105469,133.22000122070312,0.9576993964851848,0.9563520394281041,0
2022-06-28,28.360000610351562,27.18000030517578,29.149999618530273,90.62000274658203,135.22000122070312,0.9583920916861661,0.9728988329839799,0
2022-06-29,28.15999984741211,26.559999465942383,29.0,88.91999816894531,130.42999267578125,0.9431818043274327,0.9710344774969693,0
2022-06-30,28.709999084472656,26.860000610351562,29.709999084472656,89.38999938964844,135.5,0.9355625728625803,0.9663412981886415,0
2022-07-01,26.700000762939453,23.559999465942383,28.520000457763672,85.51000213623047,144.1699981689453,0.8823969585290985,0.9361851449645128,0
2022-07-05,27.540000915527344,27.34000015258789,28.899999618530273,87.30000305175781,156.16000366210938,0.9927378084135542,0.9529412207282204,0
2022-07-06,26.729999542236328,25.950000762939453,28.389999389648438,85.87999725341797,151.13999938964844,0.9708193493208112,0.9415287114089415,0
2022-07-07,26.079999923706055,24.790000915527344,28.030000686645508,85.87999725341797,149.7100067138672,0.9505368477012097,0.9304316548280178,0
2022-07-08,24.639999389648438,21.90999984741211,27.299999237060547,84.73999786376953,145.25,0.8892045612881292,0.9025641054304103,0
2022-07-11,26.170000076293945,24.459999084472656,28.25,88.05000305175781,147.72000122070312,0.9346579676409595,0.9263716841165999,0
2022-07-12,27.290000915527344,27.1299991607666,28.81999969482422,90.05999755859375,148.11000061035156,0.9941369824333826,0.9469119085531549,0
2022-07-13,26.81999969482422,25.940000534057617,28.559999465942383,90.48999786376953,136.10000610351562,0.9671886960932209,0.9390756371269158,0
2022-07-14,26.399999618530273,25.219999313354492,28.610000610351562,90.7300033569336,137.75999450683594,0.9553030180974876,0.9227542487006563,0
2022-07-15,24.229999542236328,22.139999389648438,27.079999923706055,89.37000274658203,129.85000610351562,0.9137432855108097,0.8947562633124377,0
2022-07-18,25.299999237060547,25.600000381469727,27.81999969482422,91.86000061035156,127.69000244140625,1.0118577531010249,0.9094176676704815,0
2022-07-19,24.5,26.200000762939453,27.309999465942383,88.61000061035156,124.69999694824219,1.0693877862424266,0.8971073042514459,0
2022-07-20,23.8799991607666,25.18000030517578,26.700000762939453,86.75,122.9000015258789,1.0544389108080456,0.89438196548342,0
2022-07-21,23.110000610351562,23.440000534057617,26.219999313354492,85.04000091552734,121.1500015258789,1.0142795289913684,0.8813882996015591,0
2022-07-22,23.030000686645508,22.09000015258789,25.969999313354492,84.52999877929688,123.69999694824219,0.9591836514966889,0.8867925027168886,0
2022-07-25,23.360000610351562,23.09000015258789,25.799999237060547,83.81999969482422,128.27000427246094,0.9884417615278646,0.9054264070208174,0
2022-07-26,24.690000534057617,24.950000762939453,26.420000076293945,84.83000183105469,128.5500030517578,1.010530588224297,0.9345193210734084,0
2022-07-27,23.239999771118164,22.139999389648438,25.309999465942383,81.7699966430664,117.27999877929688,0.9526677972330806,0.9182141549386578,0
2022-07-28,22.329999923706055,20.809999465942383,24.329999923706055,80.87999725341797,119.93000030517578,0.9319301180941786,0.917796958229692,0
2022-07-29,21.329999923706055,18.56999969482422,23.790000915527344,80.29000091552734,116.36000061035156,0.8706047708038487,0.8965951703593383,0
2022-08-01,22.84000015258789,21.940000534057617,24.860000610351562,86.33999633789062,120.5,0.9605954635500167,0.918744955423591,0
2022-08-02,23.93000030517578,23.25,25.65999984741211,88.47000122070312,129.22999572753906,0.9715837736521589,0.9325799083194147,0
2022-08-03,21.950000762939453,20.559999465942383,24.3700008392334,84.5999984741211,122.04000091552734,0.9366742027934706,0.9006975792796046,0
2022-08-04,21.440000534057617,19.690000534057617,24.31999969482422,83.69000244140625,120.56999969482422,0.9183768677048254,0.8815789803903853,0
2022-08-05,21.149999618530273,19.31999969482422,24.18000030517578,84.12999725341797,122.58000183105469,0.9134751793516476,0.8746897994870194,0
2022-08-08,21.290000915527344,19.93000030517578,24.479999542236328,86.94999694824219,124.12000274658203,0.9361202183246653,0.8696895961454104,0
2022-08-09,21.770000457763672,20.809999465942383,24.690000534057617,87.48999786376953,125.12000274658203,0.9559025736502026,0.8817334948103355,0
2022-08-10,19.739999771118164,17.59000015258789,23.459999084472656,90.04000091552734,115.26000213623047,0.8910841112735997,0.8414322481446034,0
2022-08-11,20.200000762939453,18.030000686645508,23.709999084472656,90.83999633789062,111.11000061035156,0.8925742577062075,0.8519612628820449,0
2022-08-12,19.530000686645508,16.780000686645508,23.309999465942383,91.01000213623047,106.27999877929688,0.8591909931738798,0.8378378864907428,0
2022-08-15,19.950000762939453,18.540000915527344,23.31999969482422,88.7300033569336,113.81999969482422,0.9293233186220511,0.8554888946832738,0
2022-08-16,19.690000534057617,18.600000381469727,23.31999969482422,88.05000305175781,116.83000183105469,0.9446419439805231,0.8443396565921797,0
2022-08-17,19.899999618530273,18.639999389648438,23.600000381469727,87.47000122070312,117.69999694824219,0.9366834043700905,0.8432203091892904,0
2022-08-18,19.559999465942383,17.670000076293945,23.389999389648438,86.45999908447266,120.26000213623047,0.9033742616946754,0.8362548087367171,0
2022-08-19,20.600000381469727,18.239999771118164,24.31999969482422,89.7699966430664,123.80999755859375,0.885436865696641,0.8470394999985883,0
2022-08-22,23.799999237060547,22.850000381469727,26.0,94.75,135.88999938964844,0.9600840804183088,0.9153845860407903,0
2022-08-23,24.110000610351562,23.350000381469727,25.920000076293945,93.33999633789062,133.85000610351562,0.9684778013420899,0.9301697738960355,0
2022-08-24,22.81999969482422,21.200000762939453,24.889999389648438,86.44999694824219,133.1300048828125,0.9290096865228181,0.9168340801291817,0
2022-08-25,21.780000686645508,20.34000015258789,24.1299991607666,83.31999969482422,126.33000183105469,0.9338842750845018,0.9026109177018954,0
2022-08-26,25.559999465942383,23.899999618530273,26.559999465942383,91.66000366210938,122.94999694824219,0.9350547776957512,0.9623493968332986,0
2022-08-29,26.209999084472656,24.760000228881836,26.81999969482422,91.56999969482422,130.13999938964844,0.9446776456985903,0.977255756253074,0
2022-08-30,26.209999084472656,24.40999984741211,26.90999984741211,91.11000061035156,127.69000244140625,0.931323948876942,0.9739873367926916,0
2022-08-31,25.8700008392334,23.690000534057617,26.649999618530273,88.4000015258789,124.83999633789062,0.9157324996344924,0.970731752703121,0
2022-09-01,25.559999465942383,23.760000228881836,26.43000030517578,87.73999786376953,126.58000183105469,0.9295774931662667,0.9670828290129446,0
2022-09-02,25.469999313354492,22.969999313354492,26.479999542236328,89.19000244140625,120.72000122070312,0.9018453055595806,0.9618579967393558,0
2022-09-06,26.90999984741211,26.989999771118164,27.59000015258789,94.08000183105469,133.5399932861328,1.0029728697197948,0.9753533779842333,0
2022-09-07,24.639999389648438,24.049999237060547,26.100000381469727,88.26000213623047,133.1199951171875,0.9760551880193732,0.9440612654987603,0
2022-09-08,23.610000610351562,22.84000015258789,25.520000457763672,85.56999969482422,124.13999938964844,0.9673866820051639,0.9251567471335584,0
2022-09-09,22.790000915527344,21.709999084472656,25.139999389648438,84.08999633789062,121.54000091552734,0.9526107157670688,0.9065235270018057,0
2022-09-12,23.8700008392334,25.260000228881836,25.3700008392334,84.52999877929688,123.06999969482422,1.0582320628729847,0.9408750512266312,0
2022-09-13,27.270000457763672,29.139999389648438,27.950000762939453,93.88999938964844,128.8699951171875,1.0685734836998282,0.9756708305325904,0
2022-09-14,26.15999984741211,27.280000686645508,27.459999084472656,93.58000183105469,125.3499984741211,1.0428134879880053,0.9526584384412585,0
2022-09-15,26.270000457763672,27.110000610351562,27.600000381469727,92.61000061035156,124.06999969482422,1.0319756428607005,0.9518115976332016,0
2022-09-16,26.299999237060547,27.059999465942383,27.6299991607666,92.41999816894531,124.94999694824219,1.0288973479440595,0.9518639173324841,0
2022-09-19,25.760000228881836,27.780000686645508,27.010000228881836,88.98999786376953,133.7899932861328,1.0784161661419114,0.9537208445239711,0
2022-09-20,27.15999984741211,30.389999389648438,27.8799991607666,91.12000274658203,134.66000366210938,1.1189248733572468,0.974175059719238,0
2022-09-21,27.989999771118164,30.34000015258789,28.760000228881836,92.05000305175781,130.5399932861328,1.083958570942705,0.9732266880516083,0
2022-09-22,27.350000381469727,27.670000076293945,28.219999313354492,89.18000030517578,131.92999267578125,1.0117001714940022,0.9691708379499124,0
2022-09-23,29.920000076293945,30.25,30.31999969482422,101.55000305175781,137.27999877929688,1.0110294091866503,0.9868074003114665,0
2022-09-26,32.2599983215332,34.13999938964844,31.770000457763672,109.08999633789062,153.61000061035156,1.0582765395514715,1.0154232879039757,1
2022-09-27,32.599998474121094,33.4900016784668,32.119998931884766,113.76000213623047,158.1199951171875,1.0273007130675855,1.0149439463947132,1
2022-09-28,30.18000030517578,31.15999984741211,30.579999923706055,105.83000183105469,158.99000549316406,1.0324718201566174,0.9869195677067288,0
2022-09-29,31.84000015258789,32.66999816894531,31.739999771118164,108.30999755859375,148.13999938964844,1.0260677767707223,1.003150610655036,1
2022-09-30,31.6200008392334,31.190000534057617,31.860000610351562,106.19000244140625,141.88999938964844,0.9864010027272914,0.9924670506427993,0
2022-10-03,30.100000381469727,30.649999618530273,30.690000534057617,103.02999877929688,152.94000244140625,1.01827239967077,0.9807754922671588,0
2022-10-04,29.06999969482422,29.81999969482422,29.670000076293945,96.83000183105469,151.2100067138672,1.0257997938724965,0.979777540278838,0
2022-10-05,28.549999237060547,28.809999465942383,29.43000030517578,92.79000091552734,152.00999450683594,1.00910683838283,0.9700985029225273,0
2022-10-06,30.520000457763672,31.299999237060547,30.790000915527344,97.7300033569336,153.2899932861328,1.0255569714153938,0.9912309045230489,0
2022-10-07,31.360000610351562,30.549999237060547,32.099998474121094,103.37000274658203,148.4600067138672,0.9741708750788849,0.976947105951855,0
2022-10-10,32.45000076293945,32.220001220703125,32.72999954223633,107.11000061035156,,0.9929121868465715,0.991445194524505,0
2022-10-11,33.630001068115234,34.65999984741211,33.36000061035156,105.26000213623047,155.57000732421875,1.0306273787268303,1.00809353875371,1
2022-10-12,33.56999969482422,34.61000061035156,33.130001068115234,109.19000244140625,160.72000122070312,1.0309800692577216,1.0132809723067726,1
2022-10-13,31.940000534057617,31.510000228881836,31.799999237060547,101.26000213623047,155.0800018310547,0.9865372480279933,1.004402556614967,1
2022-10-14,32.02000045776367,29.670000076293945,32.45000076293945,101.94000244140625,152.88999938964844,0.9266083589046314,0.9867488352830217,0
2022-10-17,31.3700008392334,30.600000381469727,31.739999771118164,97.31999969482422,150.4199981689453,0.9754542417225358,0.9883428186971367,0
2022-10-18,30.5,28.989999771118164,30.979999542236328,92.30000305175781,145.7899932861328,0.950491795774366,0.9845061475361895,0
2022-10-19,30.760000228881836,28.670000076293945,31.350000381469727,90.69000244140625,147.72999572753906,0.9320546119298951,0.9811802186472499,0
2022-10-20,29.979999542236328,27.8700008392334,30.809999465942383,88.3499984741211,155.61000061035156,0.929619788685109,0.9730606965889907,0
2022-10-21,29.690000534057617,28.459999084472656,30.469999313354492,87.31999969482422,156.9499969482422,0.9585718616551044,0.9744010896989087,0
2022-10-24,29.850000381469727,31.65999984741211,30.329999923706055,86.05999755859375,154.02000427246094,1.060636497246613,0.9841741001172519,0
2022-10-25,28.459999084472656,30.670000076293945,29.290000915527344,82.20999908447266,147.77999877929688,1.077652883447457,0.9716626218808111,0
2022-10-26,27.280000686645508,29.31999969482422,28.459999084472656,80.41999816894531,140.1999969482422,1.0747800204117062,0.9585383543293599,0
2022-10-27,27.389999389648438,29.770000457763672,28.280000686645508,82.51000213623047,142.77999877929688,1.0868930675849051,0.9685289506581466,0
2022-10-28,25.75,27.809999465942383,26.899999618530273,78.12000274658203,144.60000610351562,1.0799999792598984,0.9572490842067489,0
2022-10-31,25.8799991607666,29.799999237060547,26.920000076293945,78.86000061035156,147.9199981689453,1.1514683231611755,0.9613669794732587,0
2022-11-01,25.809999465942383,30.510000228881836,26.690000534057617,80.23999786376953,148.4199981689453,1.1820999945831594,0.9670288103969007,0
2022-11-02,25.860000610351562,29.3700008392334,27.219999313354492,80.93000030517578,141.1699981689453,1.1357308641159432,0.9500367840811922,0
2022-11-03,25.299999237060547,28.399999618530273,26.700000762939453,79.16999816894531,136.27999877929688,1.1225296630415984,0.9475654874204289,0
2022-11-04,24.549999237060547,27.040000915527344,26.389999389648438,79.23999786376953,128.44000244140625,1.1014257334357838,0.9302766125371857,0
2022-11-07,24.350000381469727,27.15999984741211,26.260000228881836,79.94999694824219,128.3300018310547,1.1154003869371922,0.927265809948036,0
2022-11-08,25.540000915527344,28.700000762939453,27.100000381469727,84.5999984741211,126.33000183105469,1.1237274758863047,0.9424354448714669,0
2022-11-09,26.09000015258789,28.899999618530273,27.90999984741211,90.11000061035156,124.4000015258789,1.1077040800884648,0.9347904082846861,0
2022-11-10,23.530000686645508,24.459999084472656,26.18000030517578,85.77999877929688,111.69000244140625,1.0395239426556826,0.898777708646307,0
2022-11-11,22.520000457763672,21.309999465942383,25.739999771118164,85.88999938964844,,0.9462699392883828,0.8749029004667076,0
2022-11-14,23.729999542236328,21.190000534057617,26.1299991607666,84.56999969482422,119.98999786376953,0.8929625344636927,0.9081515615915595,0
2022-11-15,24.540000915527344,21.799999237060547,26.59000015258789,88.30999755859375,128.6199951171875,0.888345494040585,0.922903376258122,0
2022-11-16,24.110000610351562,19.670000076293945,26.030000686645508,81.37999725341797,130.8300018310547,0.8158440306239015,0.9262389540666056,0
2022-11-17,23.93000030517578,19.739999771118164,25.829999923706055,81.16000366210938,132.17999267578125,0.8249059556780963,0.9264421361152809,0
2022-11-18,23.1200008392334,18.34000015258789,25.329999923706055,77.68000030517578,129.3300018310547,0.7932525729612386,0.9127517137335502,0
2022-11-21,22.360000610351562,19.510000228881836,24.719999313354492,77.11000061035156,132.1300048828125,0.8725402368660795,0.9045307941522479,0
2022-11-22,21.290000915527344,19.030000686645508,23.829999923706055,77.80999755859375,133.52999877929688,0.8938468702820224,0.8934117072467163,0
2022-11-23,20.350000381469727,16.90999984741211,23.3799991607666,81.72000122070312,136.1999969482422,0.8309582078833764,0.8704021005962463,0
2022-11-25,20.5,17.059999465942383,23.59000015258789,82.5,129.60000610351562,0.8321950958996285,0.8690122877235799,0
2022-11-28,22.209999084472656,20.06999969482422,24.899999618530273,87.33000183105469,131.72999572753906,0.9036470293623495,0.8919678483827866,0
2022-11-29,21.889999389648438,20.389999389648438,24.649999618530273,85.43000030517578,131.22999572753906,0.931475557705619,0.8880324433430398,0
2022-11-30,20.579999923706055,18.8700008392334,23.530000686645508,81.79000091552734,127.2699966430664,0.9169096651694876,0.874628105531092,0
2022-12-01,19.84000015258789,18.3799991607666,23.309999465942383,82.19000244140625,119.7699966430664,0.9264112408975537,0.8511368771833557,0
2022-12-02,19.059999465942383,17.950000762939453,22.959999084472656,81.56999969482422,118.62000274658203,0.9417629205611288,0.8301393826636623,0
2022-12-05,20.75,23.809999465942383,23.889999389648438,84.70999908447266,126.5,1.1474698537803558,0.868564275015888,0
2022-12-06,22.170000076293945,27.079999923706055,24.719999313354492,86.58999633789062,129.08999633789062,1.221470447925812,0.8968446881920842,0
2022-12-07,22.68000030517578,28.06999969482422,25.18000030517578,87.18000030517578,131.10000610351562,1.2376542908783996,0.9007148542612955,0
2022-12-08,22.290000915527344,26.739999771118164,24.729999542236328,84.9000015258789,129.5399932861328,1.1996410351195153,0.9013344653508095,0
2022-12-09,22.829999923706055,26.479999542236328,25.209999084472656,87.26000213623047,132.7899932861328,1.1598773381834404,0.9055930485046114,0
2022-12-12,25.0,29.540000915527344,25.670000076293945,91.7300033569336,141.92999267578125,1.1816000366210937,0.9738994906777314,0
2022-12-13,22.549999237060547,23.700000762939453,24.290000915527344,88.73999786376953,135.0800018310547,1.0509978520969925,0.928365516143126,0
2022-12-14,21.139999389648438,20.200000762939453,23.459999084472656,88.3499984741211,120.26000213623047,0.9555345953714043,0.9011082785438067,0
2022-12-15,22.829999923706055,21.729999542236328,25.079999923706055,92.26000213623047,111.26000213623047,0.951817766747887,0.9102870810668041,0
2022-12-16,22.6200008392334,20.510000228881836,25.149999618530273,89.1500015258789,113.6500015258789,0.9067196935425458,0.8994036255399067,0
2022-12-19,22.420000076293945,20.829999923706055,25.079999923706055,87.54000091552734,118.31999969482422,0.9290811709555212,0.8939393997008018,0
2022-12-20,21.479999542236328,19.780000686645508,24.399999618530273,83.0,119.91999816894531,0.9208566623920035,0.8803278638547032,0
2022-12-21,20.06999969482422,17.579999923706055,23.350000381469727,77.63999938964844,115.0,0.8759342397120065,0.8595288808111337,0
2022-12-22,21.969999313354492,19.84000015258789,24.780000686645508,81.94000244140625,112.05000305175781,0.9030496482777822,0.8866020461893939,0
2022-12-23,20.8700008392334,17.489999771118164,24.1299991607666,78.83999633789062,113.16999816894531,0.8380449960614669,0.8648985314995911,0
2022-12-27,21.649999618530273,19.770000457763672,24.43000030517578,78.6500015258789,124.88999938964844,0.9131640095200044,0.8862054583742051,0
2022-12-28,22.139999389648438,20.8799991607666,24.579999923706055,79.9000015258789,120.06999969482422,0.9430894189874752,0.9007322806496687,0
2022-12-29,21.440000534057617,20.489999771118164,23.950000762939453,77.27999877929688,120.25,0.9556902640263293,0.8951983236357202,0
2022-12-30,21.670000076293945,21.139999389648438,24.290000915527344,77.05000305175781,121.61000061035156,0.9755421926728415,0.8921366512770048,0
2023-01-03,22.899999618530273,25.079999923706055,24.579999923706055,80.33999633789062,129.97000122070312,1.0951965214624617,0.9316517367619878,0
2023-01-04,22.010000228881836,23.920000076293945,23.809999465942383,76.6500015258789,125.77999877929688,1.0867787291026823,0.9244015423169055,0
2023-01-05,22.459999084472656,24.540000915527344,24.06999969482422,75.95999908447266,119.52999877929688,1.092609168114021,0.9331117311689139,0
2023-01-06,21.1299991607666,21.56999969482422,23.18000030517578,73.87999725341797,113.87000274658203,1.0208234998359391,0.9115616429068191,0
2023-01-09,21.969999313354492,23.040000915527344,23.739999771118164,77.2699966430664,116.66999816894531,1.048702850961058,0.9254422714899502,0
2023-01-10,20.579999923706055,21.5,22.739999771118164,76.0199966430664,119.5199966430664,1.0447035995969174,0.905013198366189,0
2023-01-11,21.09000015258789,22.40999984741211,22.739999771118164,78.94000244140625,115.16999816894531,1.062588889771167,0.9274406492903347,0
2023-01-12,18.829999923706055,16.459999084472656,21.579999923706055,78.79000091552734,112.33999633789062,0.8741369703220401,0.8725671913937743,0
2023-01-13,18.350000381469727,14.819999694824219,21.139999389648438,80.88999938964844,113.55000305175781,0.807629394372646,0.8680227488774251,0
2023-01-17,19.360000610351562,16.610000610351562,21.450000762939453,83.44000244140625,122.2699966430664,0.8579545499327305,0.9025640989160747,0
2023-01-18,20.34000015258789,17.239999771118164,22.270000457763672,85.33000183105469,112.61000061035156,0.8475909361743388,0.9133363149751103,0
2023-01-19,20.520000457763672,18.280000686645508,22.450000762939453,85.13999938964844,114.52999877929688,0.8908382202169656,0.9140311697288744,0
2023-01-20,19.850000381469727,18.260000228881836,21.719999313354492,81.02999877929688,114.76000213623047,0.9198992381847922,0.9139042821822282,0
2023-01-23,19.809999465942383,21.25,21.600000381469727,78.33999633789062,114.69000244140625,1.0726905892417253,0.9171295887076486,0
2023-01-24,19.200000762939453,21.84000015258789,20.90999984741211,79.37000274658203,112.76000213623047,1.1374999627470985,0.9182209901027669,0
2023-01-25,19.079999923706055,22.010000228881836,20.940000534057617,80.73999786376953,107.73999786376953,1.1535639579083743,0.9111747582180628,0
2023-01-26,18.729999542236328,21.049999237060547,20.700000762939453,81.5999984741211,104.27999877929688,1.1238654432207857,0.9048308624108775,0
2023-01-27,18.510000228881836,20.030000686645508,20.469999313354492,83.30999755859375,100.69999694824219,1.0821177978913237,0.9042501636434367,0
2023-01-30,19.940000534057617,22.420000076293945,21.3700008392334,86.12999725341797,103.7699966430664,1.1243730930699063,0.9330837506309111,0
2023-01-31,19.399999618530273,21.739999771118164,20.809999465942383,83.9000015258789,99.54000091552734,1.1206185669381559,0.9322441190005932,0
2023-02-01,17.8700008392334,18.559999465942383,19.969999313354492,81.19999694824219,97.33000183105469,1.0386121205542476,0.8948423361879253,0
2023-02-02,18.729999542236328,19.1299991607666,20.84000015258789,84.97000122070312,97.76000213623047,1.021356093342569,0.8987523706860653,0
2023-02-03,18.329999923706055,17.760000228881836,20.780000686645508,83.48999786376953,98.98999786376953,0.9689034535080907,0.8820981384993903,0
2023-02-06,19.43000030517578,20.670000076293945,21.43000030517578,85.0999984741211,105.62999725341797,1.0638188240680497,0.9066728898031345,0
2023-02-07,18.65999984741211,19.6200008392334,20.780000686645508,84.54000091552734,103.1500015258789,1.051446998910583,0.8979787887785856,0
2023-02-08,19.6299991607666,21.0,21.81999969482422,94.83000183105469,100.75,1.0697911817526484,0.8996333380070077,0
2023-02-09,20.709999084472656,22.739999771118164,22.5,97.95999908447266,102.44999694824219,1.0980203175463925,0.9204444037543402,0
2023-02-10,20.530000686645508,21.5,22.549999237060547,95.62999725341797,109.62999725341797,1.0472478948325348,0.9104213472834534,0
2023-02-13,20.34000015258789,21.40999984741211,21.969999313354492,93.94999694824219,110.66999816894531,1.0526056876498144,0.9258079557710407,0
2023-02-14,18.90999984741211,17.719999313354492,21.139999389648438,89.19999694824219,110.58999633789062,0.9370703044071959,0.8945127906045123,0
2023-02-15,18.229999542236328,16.020000457763672,20.68000030517578,84.80999755859375,108.63999938964844,0.8787713033479567,0.8815280112773369,0
2023-02-16,20.170000076293945,19.329999923706055,21.8799991607666,88.25,111.01000213623047,0.9583539836682919,0.9218464739459915,0
2023-02-17,20.020000457763672,16.940000534057617,21.770000457763672,87.97000122070312,110.11000061035156,0.8461538534824736,0.9196141496002629,0
2023-02-21,22.8700008392334,21.139999389648438,23.3799991607666,95.98999786376953,119.62000274658203,0.9243549896763821,0.9781865551822166,0
2023-02-22,22.290000915527344,19.200000762939453,22.68000030517578,91.23999786376953,118.20999908447266,0.8613728117689139,0.9828042599470584,0
2023-02-23,21.139999389648438,18.110000610351562,21.739999771118164,85.16000366210938,117.44999694824219,0.8566698738515307,0.972401086118371,0
2023-02-24,21.670000076293945,18.3799991607666,22.43000030517578,85.26000213623047,122.83999633789062,0.8481771617930697,0.9661167981033659,0
2023-02-27,20.950000762939453,19.3700008392334,21.59000015258789,83.20999908447266,120.02999877929688,0.9245823452903603,0.9703566750752559,0
2023-02-28,20.700000762939453,19.59000015258789,21.31999969482422,80.76000213623047,123.5999984741211,0.9463767840850099,0.970919374260813,0
2023-03-01,20.579999923706055,19.59000015258789,21.360000610351562,80.55000305175781,121.08000183105469,0.9518950546750107,0.9634831149645426,0
2023-03-02,19.59000015258789,18.709999084472656,20.6299991607666,77.33999633789062,124.12000274658203,0.9550790678274199,0.9495880246977157,0
2023-03-03,18.489999771118164,17.760000228881836,19.979999542236328,75.93000030517578,122.5199966430664,0.9605192238359783,0.9254254351723878,0
2023-03-06,18.610000610351562,19.600000381469727,19.989999771118164,76.41000366210938,128.19000244140625,1.0531971917597622,0.9309655239335999,0
2023-03-07,19.59000015258789,20.959999084472656,20.59000015258789,78.54000091552734,133.3300018310547,1.069933584543836,0.951432734696978,0
2023-03-08,19.110000610351562,20.56999969482422,20.190000534057617,74.66999816894531,129.75999450683594,1.0763997403370986,0.9465081775562982,0
2023-03-09,22.610000610351562,25.459999084472656,22.8700008392334,92.04000091552734,129.27999877929688,1.1260503492784637,0.988631385249632,0
2023-03-10,24.799999237060547,26.860000610351562,25.389999389648438,108.62000274658203,140.05999755859375,1.0830645740590426,0.9767624983548272,0
2023-03-13,26.520000457763672,30.93000030517578,26.639999389648438,114.54000091552734,173.58999633789062,1.1662895841361531,0.995495535486709,0
2023-03-14,23.729999542236328,25.969999313354492,24.8700008392334,104.9000015258789,169.64999389648438,1.0943952724116683,0.9541615899265,0
2023-03-15,26.139999389648438,29.309999465942383,27.200000762939453,122.75,169.64999389648438,1.121270089912446,0.9610293623691626,0
2023-03-16,22.989999771118164,24.610000610351562,24.559999465942383,110.7699966430664,167.9600067138672,1.0704654569535303,0.9360749296024475,0
2023-03-17,25.510000228881836,27.010000228881836,27.420000076293945,124.75,180.11000061035156,1.0588004698761913,0.9303428212218202,0
2023-03-20,24.149999618530273,25.899999618530273,25.850000381469727,110.16000366210938,182.63999938964844,1.0724637692605687,0.9342359482455529,0
2023-03-21,21.3799991607666,22.84000015258789,23.56999969482422,101.19000244140625,162.30999755859375,1.0682881688087464,0.9070852540342407,0
2023-03-22,22.260000228881836,23.75,24.3799991607666,102.63999938964844,142.83999633789062,1.0669361974751879,0.9130435190786895,0
2023-03-23,22.610000610351562,23.110000610351562,24.530000686645508,102.91999816894531,151.39999389648438,1.0221141082044503,0.9217284948002785,0
2023-03-24,21.739999771118164,20.6200008392334,23.959999084472656,99.72000122070312,173.66000366210938,0.9484821093065191,0.9073456010775406,0
2023-03-27,20.600000381469727,19.309999465942383,22.8700008392334,95.06999969482422,161.6699981689453,0.9373785974932439,0.9007433155022235,0
2023-03-28,19.969999313354492,18.329999923706055,22.3799991607666,91.41000366210938,155.9600067138672,0.9178768429625471,0.8923145693572243,0
2023-03-29,19.1200008392334,17.170000076293945,21.489999771118164,87.77999877929688,150.5800018310547,0.8980125168750968,0.8897161955734423,0
2023-03-30,19.020000457763672,17.299999237060547,21.450000762939453,85.33999633789062,141.24000549316406,0.9095688128650361,0.8867132765153907,0
2023-03-31,18.700000762939453,16.510000228881836,21.229999542236328,87.52999877929688,135.92999267578125,0.8828876767535826,0.880829070473434,0
2023-04-03,18.549999237060547,17.030000686645508,20.829999923706055,84.06999969482422,138.1699981689453,0.9180593739659959,0.8905424534327193,0
2023-04-04,19.0,17.420000076293945,21.34000015258789,84.72000122070312,147.75,0.9168421092786287,0.8903467602691596,0
2023-04-05,19.079999923706055,16.989999771118164,21.479999542236328,85.91999816894531,153.89999389648438,0.8904612074976396,0.8882681718027446,0
2023-04-06,18.399999618530273,15.680000305175781,21.0,84.63999938964844,147.72999572753906,0.8521739472964317,0.8761904580252511,0
2023-04-10,18.969999313354492,16.799999237060547,21.06999969482422,85.94000244140625,143.0,0.8856088479261931,0.9003322063651674,0
2023-04-11,19.100000381469727,16.860000610351562,21.010000228881836,85.91999816894531,139.77999877929688,0.8827225274146409,0.9090909173438995,0
2023-04-12,19.09000015258789,15.899999618530273,21.049999237060547,87.05999755859375,129.67999267578125,0.8328967779696339,0.9068884011633649,0
2023-04-13,17.799999237060547,14.649999618530273,20.260000228881836,84.7300033569336,119.94999694824219,0.8230337217109647,0.8785784321801531,0
2023-04-14,17.06999969482422,13.350000381469727,20.030000686645508,84.01000213623047,118.83999633789062,0.7820738500374765,0.8522216230479316,0
2023-04-17,16.950000762939453,14.510000228881836,19.649999618530273,83.1500015258789,122.69000244140625,0.8560471726117802,0.8625954754195172,0
2023-04-18,16.829999923706055,14.710000038146973,19.81999969482422,88.01000213623047,122.77999877929688,0.8740344684985449,0.8491422897499352,0
2023-04-19,16.459999084472656,14.300000190734863,20.020000457763672,95.04000091552734,124.0199966430664,0.8687728424131322,0.8221777576478295,0
2023-04-20,17.170000076293945,15.130000114440918,20.549999237060547,98.45999908447266,120.61000061035156,0.8811881215615376,0.8355231490874705,0
2023-04-21,16.770000457763672,14.880000114440918,20.389999389648438,96.94000244140625,120.83999633789062,0.8872987303677873,0.8224620382420138,0
2023-04-24,16.889999389648438,16.649999618530273,20.399999618530273,93.95999908447266,126.27999877929688,0.9857904215635878,0.8279411620334768,0
2023-04-25,18.760000228881836,19.079999923706055,21.649999618530273,94.3499984741211,137.1300048828125,1.0170575528208985,0.8665127279182545,0
2023-04-26,18.84000015258789,19.280000686645508,21.540000915527344,90.6500015258789,130.38999938964844,1.0233545929136938,0.8746517804930487,0
2023-04-27,17.030000686645508,17.219999313354492,20.3700008392334,85.79000091552734,122.43000030517578,1.0111567010597937,0.8360333816896599,0
2023-04-28,15.779999732971191,15.529999732971191,19.540000915527344,86.9000015258789,122.45999908447266,0.9841571606951525,0.8075741552515338,0
2023-05-01,16.079999923706055,16.06999969482422,19.670000076293945,88.20999908447266,128.17999267578125,0.9993780952158405,0.8174885542113182,0
2023-05-02,17.780000686645508,18.610000610351562,20.75,91.45999908447266,137.5500030517578,1.0466816586981047,0.8568675029708679,0
2023-05-03,18.34000015258789,18.489999771118164,21.290000915527344,91.54000091552734,134.5,1.0081788231887832,0.8614372646274552,0
2023-05-04,20.09000015258789,19.8799991607666,22.770000457763672,98.73999786376953,140.7100067138672,0.9895469890380146,0.8823012625692764,0
2023-05-05,17.190000534057617,15.34000015258789,20.780000686645508,91.80000305175781,130.2100067138672,0.8923792714372276,0.8272377269508445,0
2023-05-08,16.979999542236328,15.239999771118164,20.709999084472656,91.9800033569336,135.07000732421875,0.8975265124836982,0.8198937852666107,0
2023-05-09,17.709999084472656,16.399999618530273,21.170000076293945,92.44999694824219,133.92999267578125,0.9260305175797027,0.8365611252077519,0
2023-05-10,16.940000534057617,14.59000015258789,20.690000534057617,97.52999877929688,125.5999984741211,0.8612750704024427,0.8187530254613982,0
2023-05-11,16.93000030517578,14.489999771118164,20.6200008392334,97.31999969482422,128.2100067138672,0.8558771122223979,0.8210475080565126,0
2023-05-12,17.030000686645508,14.09000015258789,20.65999984741211,100.54000091552734,120.5199966430664,0.827363451819289,0.8242982000204953,0
2023-05-15,17.1200008392334,14.640000343322754,20.309999465942383,94.6500015258789,127.88999938964844,0.8551401650502668,0.8429345785036451,0
2023-05-16,17.989999771118164,15.989999771118164,20.899999618530273,97.62999725341797,130.3000030517578,0.8888271247667898,0.8607655549987638,0
2023-05-17,16.8700008392334,14.670000076293945,20.049999237060547,92.76000213623047,120.77999877929688,0.869590951185784,0.8413965826018976,0
2023-05-18,16.049999237060547,14.0600004196167,19.329999923706055,89.05999755859375,122.5,0.8760125288449357,0.8303155354582822,0
2023-05-19,16.809999465942383,14.25,20.040000915527344,94.7699966430664,127.51000213623047,0.8477097235410966,0.8388222903182455,0
2023-05-22,17.209999084472656,15.520000457763672,20.360000610351562,97.63999938964844,132.2899932861328,0.901801352898749,0.8452848019917366,0
2023-05-23,18.530000686645508,17.3700008392334,21.059999465942383,101.91000366210938,131.6999969482422,0.9373988232904861,0.879867101450391,0
2023-05-24,20.030000686645508,19.770000457763672,22.020000457763672,106.5199966430664,132.2899932861328,0.9870194598118419,0.909627623535469,0
2023-05-25,19.139999389648438,18.459999084472656,21.3799991607666,103.87999725341797,139.5399932861328,0.9644722922225615,0.8952291927481139,0
2023-05-26,17.950000762939453,17.239999771118164,20.440000534057617,97.56999969482422,145.3699951171875,0.9604456288777884,0.878180053519604,0
2023-05-30,17.459999084472656,16.510000228881836,20.1299991607666,91.91000366210938,141.36000061035156,0.945589982508323,0.867362136730846,0
2023-05-31,17.940000534057617,16.850000381469727,20.209999084472656,91.38999938964844,136.02000427246094,0.939241910806044,0.8876794332880955,0
2023-06-01,15.649999618530273,13.979999542236328,18.75,85.06999969482422,124.62999725341797,0.8932907273482235,0.8346666463216146,0
2023-06-02,14.600000381469727,12.739999771118164,17.920000076293945,86.16000366210938,120.94999694824219,0.8726027012497706,0.8147321606758144,0
2023-06-05,14.729999542236328,14.140000343322754,17.899999618530273,85.7699966430664,119.08000183105469,0.9599457422098466,0.8229050198966302,0
2023-06-06,13.960000038146973,13.829999923706055,17.040000915527344,85.73999786376953,114.41999816894531,0.9906876709107678,0.8192487845130463,0
2023-06-07,13.9399995803833,13.859999656677246,17.139999389648438,84.0,120.5,0.9942611243820529,0.8133022215159617,0
2023-06-08,13.649999618530273,13.59000015258789,16.860000610351562,87.62999725341797,115.11000061035156,0.995604434606655,0.8096084889907751,0
2023-06-09,13.829999923706055,13.289999961853027,16.959999084472656,89.69999694824219,115.7699966430664,0.960954449397544,0.8154481527282509,0
2023-06-12,15.010000228881836,15.350000381469727,17.280000686645508,92.83000183105469,119.80000305175781,1.0226515754432617,0.8686342379883124,0
2023-06-13,14.609999656677246,14.399999618530273,17.229999542236328,92.0999984741211,118.80000305175781,0.9856262804187681,0.8479396427645508,0
2023-06-14,13.880000114440918,12.710000038146973,16.860000610351562,91.91000366210938,114.37000274658203,0.9157060470715225,0.8232502735450076,0
2023-06-15,14.5,13.579999923706055,17.18000030517578,93.94999694824219,107.33999633789062,0.9365517188762796,0.8440046415849956,0
2023-06-16,13.539999961853027,11.329999923706055,16.75,90.69000244140625,104.43000030517578,0.8367799080965048,0.8083582066777927,0
2023-06-20,13.880000114440918,12.920000076293945,17.299999237060547,96.26000213623047,104.43000030517578,0.930835732692237,0.8023121807258112,0
2023-06-21,13.199999809265137,12.029999732971191,16.889999389648438,92.7300033569336,110.83999633789062,0.9113636293030309,0.7815275480326641,0
2023-06-22,12.90999984741211,11.149999618530273,16.559999465942383,90.63999938964844,107.69999694824219,0.8636715530841281,0.7795893879080773,0
2023-06-23,13.4399995803833,11.609999656677246,16.8700008392334,92.33999633789062,105.73999786376953,0.8638392871397795,0.7966804334192338,0
2023-06-26,14.25,12.680000305175781,17.049999237060547,95.41999816894531,109.0199966430664,0.8898245828193531,0.8357771634983796,0
2023-06-27,13.739999771118164,12.050000190734863,16.440000534057617,91.33000183105469,110.8499984741211,0.877001484094947,0.8357663822853261,0
2023-06-28,13.430000305175781,11.739999771118164,15.899999618530273,85.79000091552734,108.30000305175781,0.8741622862505588,0.8446541275085384,0
2023-06-29,13.539999961853027,11.75,16.100000381469727,85.26000213623047,113.44999694824219,0.8677991161819726,0.8409937665241842,0
2023-06-30,13.59000015258789,11.529999732971191,16.020000457763672,83.11000061035156,110.63999938964844,0.8484179252033032,0.8483145920262352,0
2023-07-03,13.569999694824219,12.0,16.06999969482422,84.16999816894531,110.7699966430664,0.8843036307935189,0.844430613100435,0
2023-07-05,14.180000305175781,12.569999694824219,16.510000228881836,87.76000213623047,110.52999877929688,0.886459761939222,0.8588734166320567,0
2023-07-06,15.4399995803833,13.960000038146973,17.520000457763672,95.30000305175781,134.6300048828125,0.9041451047630412,0.8812784918359602,0
2023-07-07,14.829999923706055,12.600000381469727,17.239999771118164,94.48999786376953,130.41000366210938,0.8496291602354206,0.8602088237002453,0
2023-07-10,15.069999694824219,13.5,17.25,95.33000183105469,131.72999572753906,0.8958195270990328,0.8736231707144475,0
2023-07-11,14.84000015258789,13.699999809265137,16.969999313354492,95.20999908447266,127.06999969482422,0.9231805706468302,0.8744844285827162,0
2023-07-12,13.539999961853027,11.380000114440918,16.110000610351562,95.8499984741211,114.06999969482422,0.8404726843797937,0.8404717224624332,0
2023-07-13,13.609999656677246,12.130000114440918,16.1200008392334,96.43000030517578,111.75,0.8912564599874754,0.8442927387170336,0
2023-07-14,13.34000015258789,11.899999618530273,16.040000915527344,94.88999938964844,112.4800033569336,0.8920539342139164,0.8316707849856949,0
2023-07-17,13.479999542236328,13.09000015258789,16.270000457763672,95.9800033569336,113.5,0.971068293553982,0.8285186947123889,0
2023-07-18,13.300000190734863,13.149999618530273,16.1299991607666,92.98999786376953,112.44999694824219,0.9887217616501176,0.8245505816940638,0
2023-07-19,13.760000228881836,13.359999656677246,16.559999465942383,93.56999969482422,107.19000244140625,0.9709301914570466,0.8309179150144854,0
2023-07-20,13.989999771118164,13.569999694824219,16.65999984741211,94.05999755859375,112.8499984741211,0.9699785501668828,0.8397358883104257,0
2023-07-21,13.600000381469727,12.5,16.399999618530273,93.36000061035156,106.66000366210938,0.9191176212782686,0.829268335232347,0
2023-07-24,13.90999984741211,13.40999984741211,16.260000228881836,91.73999786376953,109.94999694824219,0.964054636557525,0.8554735333093331,0
2023-07-25,13.859999656677246,13.489999771118164,16.219999313354492,90.0,113.0199966430664,0.9733044809001254,0.8545006315299795,0
2023-07-26,13.1899995803833,11.739999771118164,15.789999961853027,85.37999725341797,104.87999725341797,0.890068244473515,0.8353387974825173,0
2023-07-27,14.40999984741211,13.470000267028809,16.6299991607666,94.05000305175781,111.1500015258789,0.9347675509828604,0.866506348443366,0
2023-07-28,13.329999923706055,11.229999542236328,15.920000076293945,87.37999725341797,109.76000213623047,0.8424605856347315,0.8373115489839354,0
2023-07-31,13.630000114440918,12.619999885559082,16.010000228881836,86.68000030517578,112.02999877929688,0.9258987365809523,0.8513429056579632,0
2023-08-01,13.930000305175781,13.010000228881836,16.34000015258789,87.48999786376953,116.37999725341797,0.9339554877143748,0.8525091906421788,0
2023-08-02,16.09000015258789,15.399999618530273,17.959999084472656,96.19999694824219,115.1500015258789,0.9571161884702258,0.8958797869036933,0
2023-08-03,15.920000076293945,15.0600004196167,17.719999313354492,94.04000091552734,124.5999984741211,0.9459799213218693,0.8984199036788904,0
2023-08-04,17.100000381469727,16.09000015258789,18.610000610351562,99.62999725341797,115.91000366210938,0.9409356604473346,0.9188608178743466,0
2023-08-07,15.770000457763672,14.680000305175781,17.719999313354492,92.98999786376953,120.94000244140625,0.9308814127490227,0.8899549135918293,0
2023-08-08,15.989999771118164,14.8100004196167,18.1299991607666,94.91000366210938,118.73999786376953,0.9262039169235743,0.8819636244507167,0
2023-08-09,15.960000038146973,15.329999923706055,18.049999237060547,97.43000030517578,112.55000305175781,0.9605263087133386,0.884210565803108,0
2023-08-10,15.850000381469727,15.380000114440918,18.15999984741211,99.77999877929688,108.63999938964844,0.9703469870210043,0.8727973851678436,0
2023-08-11,14.84000015258789,13.630000114440918,17.559999465942383,96.68000030517578,112.12999725341797,0.9184636101276613,0.8451025400866367,0
2023-08-14,14.819999694824219,14.569999694824219,17.40999984741211,95.33000183105469,119.94000244140625,0.9831309038361646,0.8512349123901413,0
2023-08-15,16.459999084472656,16.559999465942383,18.59000015258789,103.27999877929688,121.80000305175781,1.006075357656858,0.8854222135216755,0
2023-08-16,16.780000686645508,16.360000610351562,18.969999313354492,104.54000091552734,117.23999786376953,0.9749701990996815,0.8845546280453859,0
2023-08-17,17.889999389648438,17.469999313354492,19.829999923706055,106.73999786376953,121.13999938964844,0.9765231922513666,0.9021684043609897,0
2023-08-18,17.299999237060547,16.540000915527344,19.239999771118164,97.27999877929688,120.51000213623047,0.956069459245691,0.899168370211219,0
2023-08-21,17.1299991607666,16.81999969482422,18.770000457763672,95.23999786376953,130.69000244140625,0.981903124277298,0.9126264647309196,0
2023-08-22,16.969999313354492,16.389999389648438,18.719999313354492,92.62000274658203,126.6500015258789,0.9658220420050562,0.9065170905881613,0
2023-08-23,15.979999542236328,15.34000015258789,17.940000534057617,88.98999786376953,118.4000015258789,0.9599499744692187,0.8907468821920942,0
2023-08-24,17.200000762939453,16.100000381469727,18.75,92.16999816894531,117.55999755859375,0.9360464922862167,0.9173333740234375,0
2023-08-25,15.680000305175781,13.779999732971191,17.719999313354492,84.31999969482422,110.37000274658203,0.8788264964779737,0.884875898011955,0
2023-08-28,15.079999923706055,13.529999732971191,17.1200008392334,82.2300033569336,110.44999694824219,0.8972148409431865,0.8808410738595097,0
2023-08-29,14.449999809265137,13.300000190734863,16.559999465942383,79.05000305175781,110.68000030517578,0.9204152502622934,0.8725845576857226,0
2023-08-30,13.880000114440918,12.420000076293945,16.18000030517578,78.62999725341797,109.83999633789062,0.8948126782342046,0.8578491874317752,0
2023-08-31,13.569999694824219,11.789999961853027,15.920000076293945,80.80000305175781,107.93000030517578,0.8688283144435068,0.8523869114191117,0
2023-09-01,13.09000015258789,10.449999809265137,15.739999771118164,82.6500015258789,102.91999816894531,0.7983193038541847,0.8316391577468226,0
2023-09-05,14.010000228881836,12.890000343322754,16.239999771118164,86.43000030517578,109.63999938964844,0.9200571115444963,0.8626847553161765,0
2023-09-06,14.449999809265137,13.100000381469727,16.610000610351562,87.8499984741211,111.30999755859375,0.9065744328294171,0.869957813262193,0
2023-09-07,14.399999618530273,13.100000381469727,16.579999923706055,87.6500015258789,105.19999694824219,0.9097222728125857,0.8685162656690474,0
2023-09-08,13.84000015258789,12.380000114440918,16.139999389648438,85.2699966430664,104.33999633789062,0.8945086689270034,0.8574969439877627,0
2023-09-11,13.800000190734863,13.270000457763672,16.020000457763672,85.19000244140625,107.2300033569336,0.9615942227792847,0.8614232082650819,0
2023-09-12,14.229999542236328,14.050000190734863,16.25,85.62999725341797,105.11000061035156,0.9873507127693711,0.8756922795222356,0
2023-09-13,13.479999542236328,12.470000267028809,15.920000076293945,84.97000122070312,101.86000061035156,0.9250742351998655,0.8467336355298793,0
2023-09-14,12.819999694824219,11.800000190734863,15.34000015258789,82.4800033569336,97.11000061035156,0.9204368542613026,0.8357235702283522,0
2023-09-15,13.789999961853027,12.510000228881836,16.020000457763672,84.83999633789062,96.61000061035156,0.9071791344081199,0.8607989742703201,0
2023-09-18,14.0,13.619999885559082,16.1299991607666,84.7699966430664,99.31999969482422,0.9728571346827916,0.8679479682833803,0
2023-09-19,14.109999656677246,14.229999542236328,16.1299991607666,83.54000091552734,101.30999755859375,1.0085045987582497,0.8747675381780149,0
2023-09-20,15.140000343322754,15.270000457763672,16.809999465942383,88.05000305175781,97.04000091552734,1.0085865331237098,0.9006544214351045,0
2023-09-21,17.540000915527344,18.8799991607666,18.239999771118164,94.44000244140625,106.0,1.07639670326659,0.9616228692777057,0
2023-09-22,17.200000762939453,17.510000228881836,18.09000015258789,90.54000091552734,101.11000061035156,1.018023223964637,0.9508015819711799,0
2023-09-25,16.899999618530273,17.559999465942383,18.020000457763672,91.73999786376953,117.33000183105469,1.039053246290517,0.9378467918544996,0
2023-09-26,18.940000534057617,19.850000381469727,19.719999313354492,103.04000091552734,117.72000122070312,1.0480464531020346,0.9604463079890345,0
2023-09-27,18.219999313354492,18.920000076293945,19.110000610351562,97.08999633789062,122.08999633789062,1.0384193627508198,0.9534274584734983,0
2023-09-28,17.34000015258789,17.6299991607666,18.3799991607666,93.72000122070312,115.23999786376953,1.0167242794479117,0.9434168087233289,0
2023-09-29,17.520000457763672,17.200000762939453,18.510000228881836,94.0999984741211,113.55000305175781,0.981735177713285,0.9465154101093186,0
2023-10-02,17.610000610351562,17.610000610351562,18.6200008392334,95.38999938964844,127.58999633789062,1.0,0.9457572404210794,0
2023-10-03,19.780000686645508,19.899999618530273,20.40999984741211,104.38999938964844,141.6699981689453,1.0060666798644644,0.9691328189379441,0
2023-10-04,18.579999923706055,18.299999237060547,19.520000457763672,95.58000183105469,128.22999572753906,0.9849299952747439,0.9518442360648741,0
2023-10-05,18.489999771118164,18.360000610351562,19.5,95.58999633789062,130.17999267578125,0.9929692178271595,0.9482051164675982,0
2023-10-06,17.450000762939453,16.290000915527344,18.729999542236328,91.16000366210938,126.63999938964844,0.9335243669515629,0.9316605013037792,0
2023-10-09,17.700000762939453,17.8799991607666,18.809999465942383,92.02999877929688,,1.0101694005688424,0.940988903002751,0
2023-10-10,17.030000686645508,17.110000610351562,18.270000457763672,90.0999984741211,136.1699981689453,1.004697587814473,0.9321291877367612,0
2023-10-11,16.09000015258789,15.170000076293945,17.6299991607666,90.56999969482422,127.18000030517578,0.94282162414113,0.9126489460302534,0
2023-10-12,16.690000534057617,15.869999885559082,18.09000015258789,91.87000274658203,126.37000274658203,0.9508687464194359,0.9226091980806316,0
2023-10-13,19.31999969482422,18.760000228881836,20.56999969482422,108.0999984741211,128.3300018310547,0.9710145199385067,0.9392318902019954,0
2023-10-16,17.209999084472656,17.190000534057617,18.790000915527344,95.69000244140625,130.16000366210938,0.998837969118018,0.9159126261803939,0
2023-10-17,17.8799991607666,17.709999084472656,19.260000228881836,95.80000305175781,130.1699981689453,0.990492165309103,0.9283488550511116,0
2023-10-18,19.219999313354492,18.899999618530273,20.469999313354492,105.88999938964844,129.1699981689453,0.9833506916619984,0.9389350248202252,0
2023-10-19,21.399999618530273,21.459999084472656,22.190000534057617,116.47000122070312,134.6199951171875,1.0028037134117718,0.9643983372458763,0
2023-10-20,21.709999084472656,20.760000228881836,22.440000534057617,115.43000030517578,135.4499969482422,0.9562414142951173,0.9674687418800626,0
2023-10-23,20.3700008392334,20.690000534057617,21.329999923706055,109.0,131.8300018310547,1.0157093609052723,0.9549930104122636,0
2023-10-24,18.969999313354492,19.309999465942383,20.209999084472656,98.54000091552734,128.1300048828125,1.0179230450656125,0.938644244072685,0
2023-10-25,20.190000534057617,20.489999771118164,21.329999923706055,102.91999816894531,131.2100067138672,1.0148588028293755,0.9465541775093281,0
2023-10-26,20.68000030517578,20.799999237060547,21.56999969482422,101.97000122070312,130.94000244140625,1.0058026561950646,0.9587390170495925,0
2023-10-27,21.270000457763672,21.360000610351562,22.270000457763672,102.04000091552734,129.16000366210938,1.0042313187894192,0.9550965433567656,0
2023-10-30,19.75,20.649999618530273,20.799999237060547,95.2300033569336,131.89999389648438,1.0455696009382416,0.9495192655973899,0
2023-10-31,18.139999389648438,19.020000457763672,19.489999771118164,87.94000244140625,126.86000061035156,1.0485116371402639,0.9307336892086441,0
2023-11-01,16.8700008392334,16.8700008392334,18.549999237060547,85.08000183105469,120.55000305175781,1.0,0.909434044909785,0
2023-11-02,15.65999984741211,15.15999984741211,17.799999237060547,83.23999786376953,118.63999938964844,0.9680715194845531,0.8797753100352473,0
2023-11-03,14.90999984741211,13.710000038146973,17.219999313354492,82.83000183105469,118.73999786376953,0.91951711458445,0.8658536842013155,0
2023-11-06,14.890000343322754,14.529999732971191,17.030000686645508,84.33000183105469,121.73999786376953,0.9758226593652833,0.8743393859636842,0
2023-11-07,14.8100004196167,14.430000305175781,16.920000076293945,83.43000030517578,120.08999633789062,0.9743416540395512,0.8752955291274793,0
2023-11-08,14.449999809265137,13.829999923706055,16.639999389648438,85.04000091552734,117.0999984741211,0.9570934329589716,0.8683894434668263,0
2023-11-09,15.289999961853027,14.699999809265137,17.299999237060547,88.73999786376953,117.05000305175781,0.9614126779555343,0.8838150656734342,0
2023-11-10,14.170000076293945,12.779999732971191,16.520000457763672,85.66000366210938,116.79000091552734,0.9019054103148391,0.8577481648697334,0
2023-11-13,14.760000228881836,13.800000190734863,16.610000610351562,85.51000213623047,124.47000122070312,0.9349593480175915,0.8886212935888285,0
2023-11-14,14.15999984741211,12.869999885559082,16.290000915527344,83.7699966430664,124.11000061035156,0.9088983067970309,0.8692448773231833,0
2023-11-15,14.180000305175781,11.890000343322754,16.280000686645508,84.91000366210938,122.19000244140625,0.8385049426961462,0.8710073530161238,0
2023-11-16,14.319999694824219,11.8100004196167,16.139999389648438,83.2300033569336,116.08000183105469,0.824720717269657,0.887236693702015,0
2023-11-17,13.800000190734863,10.670000076293945,15.850000381469727,81.83000183105469,113.11000061035156,0.7731884006391276,0.8706624516469083,0
2023-11-20,13.40999984741211,11.140000343322754,15.6899995803833,81.80999755859375,115.08999633789062,0.8307233758449725,0.8546845255609948,0
2023-11-21,13.350000381469727,11.470000267028809,15.5,81.7699966430664,112.79000091552734,0.8591760254141697,0.8612903471915953,0
2023-11-22,12.850000381469727,9.960000038146973,15.479999542236328,83.37999725341797,111.56999969482422,0.7750972562234112,0.8301034083631079,0
2023-11-24,12.460000038146973,9.829999923706055,15.119999885559082,83.0,107.43000030517578,0.7889245500490346,0.82407408283431,0
2023-11-27,12.6899995803833,11.270000457763672,15.34000015258789,85.1500015258789,109.30999755859375,0.8881009322636448,0.8272489865811684,0
2023-11-28,12.6899995803833,11.520000457763672,15.239999771118164,85.13999938964844,110.05999755859375,0.9078014845305228,0.8326771503259827,0
2023-11-29,12.979999542236328,12.050000190734863,15.510000228881836,87.79000091552734,114.58999633789062,0.9283513571417865,0.8368793907601442,0
2023-11-30,12.920000076293945,12.300000190734863,15.4399995803833,86.70999908447266,115.31999969482422,0.9520123930419568,0.8367875924497404,0
2023-12-01,12.630000114440918,11.979999542236328,15.359999656677246,85.9000015258789,111.51000213623047,0.9485351887319945,0.8222656508296501,0
2023-12-04,13.079999923706055,13.460000038146973,15.680000305175781,87.76000213623047,118.25,1.0290519966863463,0.834183652368202,0
2023-12-05,12.850000381469727,13.529999732971191,15.569999694824219,85.76000213623047,127.19999694824219,1.0529182358999813,0.8253051145364714,0
2023-12-06,12.970000267028809,13.670000076293945,15.739999771118164,86.8499984741211,124.9800033569336,1.0539706858021132,0.8240152767236937,0
2023-12-07,13.0600004196167,13.729999542236328,15.649999618530273,86.0,129.74000549316406,1.0513016157038755,0.8345048394859446,0
2023-12-08,12.350000381469727,12.210000038146973,15.15999984741211,81.11000061035156,121.6500015258789,0.9886639401620737,0.8146438328347303,0
2023-12-11,12.630000114440918,12.680000305175781,15.1899995803833,82.3499984741211,126.66000366210938,1.0039588432527164,0.8314681016022922,0
2023-12-12,12.069999694824219,11.640000343322754,14.829999923706055,83.54000091552734,118.62000274658203,0.9643745350146236,0.8138907455778257,0
2023-12-13,12.1899995803833,12.430000305175781,14.65999984741211,80.83000183105469,113.7699966430664,1.0196883292086982,0.8315143047245781,0
2023-12-14,12.479999542236328,12.289999961853027,14.789999961853027,80.83000183105469,118.04000091552734,0.984775674090349,0.8438133586494424,0
2023-12-15,12.279999732971191,10.869999885559082,15.130000114440918,88.04000091552734,115.75,0.8851791630234055,0.8116324943877874,0
2023-12-18,12.5600004196167,11.4399995803833,15.470000267028809,88.66999816894531,118.45999908447266,0.9108279616389074,0.8118940014749587,0
2023-12-19,12.529999732971191,11.25,15.640000343322754,88.7699966430664,115.02999877929688,0.897845190722309,0.8011508604806823,0
2023-12-20,13.670000076293945,13.670000076293945,16.579999923706055,92.18000030517578,111.87000274658203,1.0,0.8244873425330119,0
2023-12-21,13.649999618530273,13.109999656677246,16.299999237060547,89.8499984741211,111.93000030517578,0.9604395621286347,0.8374233286769062,0
2023-12-22,13.029999732971191,11.5600004196167,15.989999771118164,88.62000274658203,111.37999725341797,0.8871834732555829,0.8148842976537465,0
2023-12-26,12.989999771118164,12.449999809265137,15.880000114440918,88.87000274658203,116.0,0.9584295634051004,0.8180100552584598,0
2023-12-27,12.430000305175781,11.229999542236328,15.270000457763672,86.22000122070312,114.52999877929688,0.9034593134772668,0.8140144029174564,0
2023-12-28,12.470000267028809,11.229999542236328,15.229999542236328,86.69000244140625,113.77999877929688,0.9005612912398171,0.8187787683411677,0
2023-12-29,12.449999809265137,10.670000076293945,15.260000228881836,86.95999908447266,114.62000274658203,0.8570281317075573,0.815858428737219,0
2024-01-02,13.199999809265137,12.59000015258789,15.479999542236328,88.08999633789062,127.0199966430664,0.9537879041294315,0.8527131911890348,0
2024-01-03,14.039999961853027,13.239999771118164,16.040000915527344,89.6500015258789,124.56999969482422,0.9430199292800228,0.8753116683591808,0
2024-01-04,14.130000114440918,13.0600004196167,16.040000915527344,87.58999633789062,121.12000274658203,0.9242746152754326,0.8809226501204579,0
2024-01-05,13.350000381469727,11.710000038146973,15.510000228881836,82.87000274658203,116.19000244140625,0.8771535358456519,0.860735021564353,0
2024-01-08,13.079999923706055,11.699999809265137,15.140000343322754,81.26000213623047,117.72000122070312,0.8944954034793364,0.8639365671794567,0
2024-01-09,12.760000228881836,11.350000381469727,14.899999618530273,78.58999633789062,114.91999816894531,0.8894984465422954,0.8563758762123025,0
2024-01-10,12.6899995803833,11.09000015258789,14.729999542236328,77.08999633789062,109.62999725341797,0.873916510582967,0.8615071265953813,0
2024-01-11,12.4399995803833,10.75,14.5600004196167,75.54000091552734,103.44999694824219,0.8641479391166323,0.8543955509522432,0
2024-01-12,12.699999809265137,10.520000457763672,14.9399995803833,86.06999969482422,106.51000213623047,0.8283465051778133,0.8500669455132144,0
2024-01-16,13.84000015258789,12.640000343322754,15.739999771118164,89.58999633789062,113.44000244140625,0.9132948124252186,0.879288459583294,0
2024-01-17,14.789999961853027,13.319999694824219,16.3799991607666,91.36000061035156,105.86000061035156,0.9006085009587361,0.9029304468633953,0
2024-01-18,14.130000114440918,12.65999984741211,15.84000015258789,86.33999633789062,107.22000122070312,0.895966011668573,0.8920454531771203,0
2024-01-19,13.300000190734863,11.819999694824219,15.260000228881836,81.94999694824219,104.97000122070312,0.888721768820601,0.871559632454174,0
2024-01-22,13.1899995803833,13.180000305175781,14.970000267028809,79.16999816894531,106.87000274658203,0.9992419048123101,0.8810954806349649,0
2024-01-23,12.550000190734863,12.489999771118164,14.520000457763672,76.66999816894531,107.69999694824219,0.9952190901430428,0.8643250547574554,0
2024-01-24,13.140000343322754,13.579999923706055,14.970000267028809,80.94000244140625,105.77999877929688,1.0334855075256442,0.8777555182990476,0
2024-01-25,13.449999809265137,13.739999771118164,15.100000381469727,81.38999938964844,105.88999938964844,1.0215613357595186,0.8907284416873643,0
2024-01-26,13.260000228881836,13.069999694824219,15.029999732971191,82.19999694824219,100.2300033569336,0.9856711515250374,0.8822355598445872,0
2024-01-29,13.600000381469727,13.949999809265137,15.220000267028809,83.4000015258789,106.33999633789062,1.0257352513219258,0.8935611131973171,0
2024-01-30,13.3100004196167,13.720000267028809,15.140000343322754,82.23999786376953,104.26000213623047,1.030803894401674,0.8791281451645974,0
2024-01-31,14.350000381469727,14.550000190734863,15.960000038146973,87.55999755859375,107.27999877929688,1.0139372685678392,0.8991228287701073,0
2024-02-01,13.880000114440918,13.279999732971191,15.5,84.83000183105469,113.91999816894531,0.9567723071669517,0.8954838783510269,0
2024-02-02,13.850000381469727,13.039999961853027,15.609999656677246,83.30999755859375,106.72000122070312,0.9415162168009454,0.8872518056427585,0
2024-02-05,13.670000076293945,13.350000381469727,15.329999923706055,79.58000183105469,108.68000030517578,0.9765910978026144,0.8917155997603683,0
2024-02-06,13.0600004196167,12.460000038146973,14.989999771118164,76.97000122070312,110.5999984741211,0.9540581652226826,0.8712475396283813,0
2024-02-07,12.829999923706055,11.960000038146973,14.850000381469727,80.54000091552734,107.86000061035156,0.9321901877839002,0.8639730366415149,0
2024-02-08,12.789999961853027,11.600000381469727,14.930000305175781,83.06999969482422,108.5999984741211,0.9069585939067593,0.8566644139597988,0
2024-02-09,12.930000305175781,11.609999656677246,15.079999923706055,81.94000244140625,106.20999908447266,0.8979117852015712,0.8574270802780024,0
2024-02-12,13.930000305175781,13.029999732971191,15.670000076293945,84.62999725341797,109.77999877929688,0.9353912022622003,0.8889598109351328,0
2024-02-13,15.850000381469727,15.0,16.81999969482422,93.19000244140625,113.22000122070312,0.9463722169708296,0.9423305986353272,0
2024-02-14,14.380000114440918,12.920000076293945,15.930000305175781,83.16999816894531,111.97000122070312,0.8984700955126705,0.902699299369677,0
2024-02-15,14.010000228881836,12.470000267028809,15.760000228881836,82.4000015258789,112.08999633789062,0.890078519864811,0.8889593924755824,0
2024-02-16,14.239999771118164,12.569999694824219,15.859999656677246,82.62999725341797,109.19999694824219,0.8827247118584179,0.8978562471231175,0
2024-02-20,15.420000076293945,14.850000381469727,16.40999984741211,86.0999984741211,111.0199966430664,0.9630350394290521,0.939670945745055,0
2024-02-21,15.34000015258789,14.649999618530273,16.229999542236328,84.66000366210938,114.2699966430664,0.9550195223471877,0.9451633139401923,0
2024-02-22,14.539999961853027,13.170000076293945,15.770000457763672,80.87999725341797,115.58999633789062,0.9057771740609768,0.9220037755100313,0
2024-02-23,13.75,11.920000076293945,15.25,78.86000061035156,108.30999755859375,0.8669090964577415,0.9016393442622951,0
2024-02-26,13.739999771118164,13.130000114440918,15.220000267028809,80.5,110.7699966430664,0.9556040999389621,0.9027594960614568,0
2024-02-27,13.430000305175781,12.84000015258789,14.890000343322754,78.54000091552734,110.80000305175781,0.9560684929872629,0.9019476155484649,0
2024-02-28,13.84000015258789,13.520000457763672,15.220000267028809,80.36000061035156,108.70999908447266,0.9768786350219524,0.9093298232437997,0
2024-02-29,13.399999618530273,12.479999542236328,14.930000305175781,77.44999694824219,109.0999984741211,0.9313432759339995,0.8975217243555512,0
2024-03-01,13.109999656677246,11.819999694824219,14.930000305175781,77.68000030517578,106.4800033569336,0.9016018309965402,0.8780977487409967,0
2024-03-04,13.489999771118164,13.229999542236328,15.229999542236328,79.41000366210938,109.56999969482422,0.9807264467536544,0.8857518172411798,0
2024-03-05,14.460000038146973,14.880000114440918,15.90999984741211,83.91000366210938,110.33000183105469,1.029045648353108,0.9088623618371064,0
2024-03-06,14.5,14.880000114440918,15.970000267028809,83.11000061035156,105.33000183105469,1.0262069044442013,0.9079523955886383,0
2024-03-07,14.4399995803833,14.550000190734863,15.90999984741211,82.12999725341797,105.44999694824219,1.007617771021337,0.9076052620284647,0
2024-03-08,14.739999771118164,14.630000114440918,16.299999237060547,86.55999755859375,100.87999725341797,0.9925373366088661,0.9042945068122773,0
2024-03-11,15.220000267028809,16.459999084472656,16.459999084472656,88.97000122070312,106.62999725341797,1.081471668573493,0.9246659242761692,0
2024-03-12,13.84000015258789,14.069999694824219,15.65999984741211,83.76000213623047,101.36000061035156,1.016618463851196,0.883780350411371,0
2024-03-13,13.75,14.100000381469727,15.600000381469727,86.2699966430664,97.02999877929688,1.0254545731977982,0.8814102348569666,0
2024-03-14,14.399999618530273,14.869999885559082,16.1200008392334,88.75,98.66999816894531,1.0326389082971918,0.8933001779679236,0
2024-03-15,14.40999984741211,14.15999984741211,16.40999984741211,92.16999816894531,97.81999969482422,0.9826509366657005,0.8781230945401012,0
2024-03-18,14.329999923706055,14.5,16.219999313354492,86.77999877929688,102.87000274658203,1.011863229392815,0.8834772213527571,0
2024-03-19,13.819999694824219,13.640000343322754,15.770000457763672,83.9000015258789,99.98999786376953,0.986975444610981,0.8763474504542924,0
2024-03-20,13.039999961853027,11.579999923706055,15.279999732971191,78.87000274658203,92.72000122070312,0.8880368065630345,0.8534031537785507,0
2024-03-21,12.920000076293945,11.170000076293945,15.180000305175781,77.30000305175781,90.81999969482422,0.8645510843911712,0.8511198825133577,0
2024-03-22,13.0600004196167,10.859999656677246,15.300000190734863,76.48999786376953,91.04000091552734,0.8315466544981918,0.853594788026563,0
2024-03-25,13.1899995803833,11.470000267028809,15.380000114440918,76.5999984741211,92.23999786376953,0.8695982283492606,0.8576072485200221,0
2024-03-26,13.239999771118164,11.59000015258789,15.289999961853027,76.7699966430664,90.62999725341797,0.87537767016208,0.8659254286560234,0
2024-03-27,12.779999732971191,10.529999732971191,15.010000228881836,76.0,86.27999877929688,0.8239436582932618,0.8514323476411587,0
2024-03-28,13.010000228881836,10.5600004196167,15.1899995803833,76.56999969482422,86.37999725341797,0.8116833384963202,0.8564845680235065,0
2024-04-01,13.649999618530273,12.619999885559082,15.520000457763672,78.44999694824219,94.19999694824219,0.9245421419958916,0.8795102587578884,0
2024-04-02,14.609999656677246,14.029999732971191,16.09000015258789,82.76000213623047,96.56999969482422,0.9603011678757312,0.9080173721643748,0
2024-04-03,14.329999923706055,13.270000457763672,15.90999984741211,81.08000183105469,97.87999725341797,0.9260293460163367,0.9006913929063893,0
2024-04-04,16.350000381469727,17.139999389648438,17.15999984741211,90.04000091552734,96.12999725341797,1.048317981024273,0.9527972334997113,0
2024-04-05,16.030000686645508,15.460000038146973,17.18000030517578,90.58000183105469,94.30999755859375,0.9644416329330916,0.9330617230441017,0
2024-04-08,15.1899995803833,14.5600004196167,16.559999465942383,86.26000213623047,99.37000274658203,0.9585253997254749,0.9172705356436364,0
2024-04-09,14.979999542236328,14.699999809265137,16.420000076293945,84.44999694824219,98.7300033569336,0.9813084284694583,0.9123020385282099,0
2024-04-10,15.800000190734863,15.8100004196167,17.040000915527344,91.76000213623047,109.58999633789062,1.0006329258709565,0.9272300083233824,0
2024-04-11,14.90999984741211,14.180000305175781,16.489999771118164,89.4000015258789,108.86000061035156,0.9510396009586122,0.9041843574507874,0
2024-04-12,17.309999465942383,17.329999923706055,18.200000762939453,102.72000122070312,112.81999969482422,1.0011554279827115,0.9510988318852506,0
2024-04-15,19.229999542236328,20.760000228881836,19.549999237060547,109.63999938964844,121.1500015258789,1.0795632201282714,0.9836317285262293,0
2024-04-16,18.399999618530273,19.239999771118164,18.84000015258789,99.25,119.58999633789062,1.0456521831523269,0.9766454070863063,0
2024-04-17,18.209999084472656,18.100000381469727,18.770000457763672,98.76000213623047,113.29000091552734,0.9939594339081146,0.9701650847291595,0
2024-04-18,18.0,17.8799991607666,18.65999984741211,95.98999786376953,108.66000366210938,0.9933332867092557,0.9646302329684294,0
2024-04-19,18.709999084472656,18.1299991607666,19.25,99.08999633789062,111.26000213623047,0.9690005370343714,0.97194800438819,0
2024-04-22,16.940000534057617,17.450000762939453,17.6299991607666,89.54000091552734,108.55999755859375,1.030106269941166,0.9608622427932673,0
2024-04-23,15.6899995803833,16.25,16.68000030517578,82.36000061035156,106.8499984741211,1.0356915509619802,0.940647439647511,0
2024-04-24,15.970000267028809,16.290000915527344,16.84000015258789,83.61000061035156,110.20999908447266,1.0200376107168387,0.9483372994254169,0
2024-04-25,15.369999885559082,15.8100004196167,16.3700008392334,82.54000091552734,108.55000305175781,1.0286272307959494,0.9389125899567672,0
2024-04-26,15.029999732971191,14.670000076293945,16.270000457763672,79.55999755859375,104.4000015258789,0.9760479266085735,0.9237860670003374,0
2024-04-29,14.670000076293945,15.109999656677246,16.0,78.22000122070312,105.41999816894531,1.029993154607703,0.9168750047683716,0
2024-04-30,15.649999618530273,16.65999984741211,16.59000015258789,81.81999969482422,107.45999908447266,1.0645367574121825,0.9433393293904832,0
2024-05-01,15.390000343322754,15.90999984741211,16.56999969482422,81.93000030517578,100.63999938964844,1.033788141162386,0.9287870022188324,0
2024-05-02,14.680000305175781,14.859999656677246,16.049999237060547,78.58999633789062,100.69999694824219,1.0122615359509224,0.9146418070400063,0
2024-05-03,13.489999771118164,12.0,15.270000457763672,74.56999969482422,95.95999908447266,0.8895478282877198,0.8834315236879703,0
2024-05-06,13.489999771118164,13.130000114440918,15.020000457763672,73.45999908447266,94.5,0.9733135906015359,0.8981357762972193,0
2024-05-07,13.229999542236328,12.760000228881836,14.949999809265137,74.54000091552734,98.04000091552734,0.9644747294318465,0.8849498134466294,0
2024-05-08,13.0,12.479999542236328,14.899999618530273,74.5,95.58000183105469,0.9599999647874099,0.8724832438138218,0
2024-05-09,12.6899995803833,11.920000076293945,14.710000038146973,73.7699966430664,93.8499984741211,0.9393223380968703,0.8626784192708858,0
2024-05-10,12.550000190734863,11.819999694824219,14.65999984741211,73.26000213623047,94.2300033569336,0.9418326306919442,0.8560709632579077,0
2024-05-13,13.600000381469727,13.710000038146973,14.890000343322754,77.55000305175781,105.3499984741211,1.0080882098229293,0.9133646788375319,0
2024-05-14,13.420000076293945,13.3100004196167,14.699999809265137,77.6500015258789,106.55000305175781,0.9918033043180411,0.9129251871034426,0
2024-05-15,12.449999809265137,11.420000076293945,14.079999923706055,76.30999755859375,93.77999877929688,0.9172690964858747,0.8842329457902526,0
2024-05-16,12.420000076293945,10.960000038146973,14.220000267028809,77.73999786376953,91.83000183105469,0.8824476627070499,0.873417710482859,0
2024-05-17,11.989999771118164,9.670000076293945,13.989999771118164,78.43000030517578,89.3499984741211,0.806505442943152,0.8570407410492653,0
2024-05-20,12.149999618530273,10.529999732971191,14.109999656677246,79.44999694824219,88.12999725341797,0.8666666718994477,0.861091418438168,0
2024-05-21,11.859999656677246,10.079999923706055,13.949999809265137,77.62000274658203,85.33999633789062,0.8499157011384025,0.8501791984828716,0
2024-05-22,12.289999961853027,11.140000343322754,14.3100004196167,79.95999908447266,82.48999786376953,0.9064280209845597,0.858839944197725,0
2024-05-23,12.770000457763672,10.789999961853027,14.670000076293945,84.62000274658203,86.1500015258789,0.8449490661758842,0.8704840075903894,0
2024-05-24,11.930000305175781,9.1899995803833,14.170000076293945,79.08999633789062,83.56999969482422,0.7703268520786423,0.8419195653452658,0
2024-05-28,12.920000076293945,11.510000228881836,14.720000267028809,81.63999938964844,89.66999816894531,0.8908668855196661,0.8777173805650896,0
2024-05-29,14.279999732971191,13.40999984741211,15.449999809265137,83.79000091552734,93.44999694824219,0.9390756371269158,0.924271838787188,0
2024-05-30,14.470000267028809,13.670000076293945,15.59000015258789,83.44000244140625,91.08999633789062,0.9447131875624263,0.9281590843747897,0
2024-05-31,12.920000076293945,11.680000305175781,14.65999984741211,78.2699966430664,91.13999938964844,0.9040247860839136,0.8813097005983038,0
2024-06-03,13.109999656677246,13.90999984741211,14.800000190734863,78.79000091552734,93.91999816894531,1.0610221366655341,0.8858107761974492,0
2024-06-04,13.15999984741211,14.279999732971191,14.880000114440918,77.6500015258789,100.11000061035156,1.0851063752693986,0.8844085850940577,0
2024-06-05,12.630000114440918,13.989999771118164,14.539999961853027,75.23999786376953,102.43000030517578,1.1076800985236925,0.8686382494894661,0
2024-06-06,12.579999923706055,13.470000267028809,14.539999961853027,77.91000366210938,100.98999786376953,1.0707472455262592,0.8651994468164232,0
2024-06-07,12.220000267028809,12.329999923706055,14.40999984741211,76.6500015258789,91.81999969482422,1.0090016083693583,0.8480222343113625,0
2024-06-10,12.739999771118164,12.850000381469727,14.600000381469727,78.97000122070312,94.16000366210938,1.0086342709833431,0.8726027012497706,0
2024-06-11,12.850000381469727,12.869999885559082,14.489999771118164,79.94999694824219,97.2699966430664,1.0015563815949917,0.8868185358486116,0
2024-06-12,12.039999961853027,10.399999618530273,14.119999885559082,77.5999984741211,91.7300033569336,0.8637873464685337,0.8526912223396454,0
2024-06-13,11.9399995803833,10.279999732971191,14.170000076293945,78.19999694824219,91.93000030517578,0.860971532181677,0.8426252304937261,0
2024-06-14,12.65999984741211,11.0,14.84000015258789,83.72000122070312,100.16000366210938,0.8688783675023948,0.8530997114042739,0
2024-06-17,12.75,11.9399995803833,14.789999961853027,83.33999633789062,99.06999969482422,0.9364705553241804,0.862068967740725,0
2024-06-18,12.300000190734863,11.119999885559082,14.6899995803833,80.62999725341797,97.98999786376953,0.9040650173270215,0.8373043255331342,0
2024-06-20,13.279999732971191,12.359999656677246,15.40999984741211,85.72000122070312,94.13999938964844,0.9307228844282431,0.8617780573957228,0
2024-06-21,13.199999809265137,10.960000038146973,15.170000076293945,83.30999755859375,94.08999633789062,0.8303030451905083,0.8701384141647227,0
2024-06-24,13.329999923706055,11.829999923706055,15.229999542236328,84.80000305175781,95.19999694824219,0.8874718673229396,0.8752462458543657,0
2024-06-25,12.84000015258789,11.100000381469727,14.859999656677246,82.87000274658203,96.97000122070312,0.8644860007445195,0.8640646331925262,0
2024-06-26,12.550000190734863,10.510000228881836,14.710000038146973,81.44999694824219,97.91000366210938,0.837450204713218,0.8531611256416961,0
2024-06-27,12.239999771118164,10.489999771118164,14.420000076293945,79.5,95.69000244140625,0.8570261411173105,0.8488210614672854,0
2024-06-28,12.4399995803833,10.539999961853027,14.520000457763672,79.4800033569336,98.58999633789062,0.8472669065418303,0.8567492553853041,0
2024-07-01,12.220000267028809,10.930000305175781,14.1899995803833,76.05000305175781,106.2300033569336,0.8944353573106197,0.8611698821980318,0
2024-07-02,12.029999732971191,10.600000381469727,14.010000228881836,77.05999755859375,107.51000213623047,0.8811305583339127,0.858672343785631,0
2024-07-03,12.09000015258789,10.720000267028809,14.020000457763672,78.06999969482422,102.83000183105469,0.8866832201597755,0.862339497706148,0
2024-07-05,12.479999542236328,10.8100004196167,14.350000381469727,78.80000305175781,98.77999877929688,0.8661859628305422,0.8696863561308231,0
2024-07-08,12.369999885559082,11.050000190734863,14.289999961853027,78.58999633789062,97.95999908447266,0.8932902419534211,0.8656403022099818,0
2024-07-09,12.510000228881836,11.109999656677246,14.390000343322754,78.58000183105469,95.62000274658203,0.8880894846850276,0.8693537130238308,0
2024-07-10,12.850000381469727,12.0,14.5,83.41000366210938,92.97000122070312,0.933852112355151,0.8862069228599811,0
2024-07-11,12.920000076293945,11.420000076293945,14.670000076293945,84.47000122070312,89.66999816894531,0.8839009294781468,0.8807089304090788,0
2024-07-12,12.460000038146973,10.550000190734863,14.369999885559082,81.61000061035156,86.79000091552734,0.8467094830205024,0.8670842127610916,0
2024-07-15,13.119999885559082,12.180000305175781,14.869999885559082,83.86000061035156,94.5,0.9283536898946212,0.8823133817439028,0
2024-07-16,13.1899995803833,11.800000190734863,14.90999984741211,82.4000015258789,93.87000274658203,0.8946171771138113,0.8846411613258772,0
2024-07-17,14.479999542236328,13.15999984741211,15.789999961853027,88.27999877929688,91.0,0.9088397971993061,0.9170360720214362,0
2024-07-18,15.930000305175781,14.899999618530273,16.559999465942383,94.70999908447266,91.97000122070312,0.935342079917547,0.9619565711905806,0
2024-07-19,16.520000457763672,15.039999961853027,17.15999984741211,97.93000030517578,94.29000091552734,0.9104115947396897,0.962703997940597,0
2024-07-22,14.90999984741211,14.789999961853027,16.09000015258789,93.66000366210938,94.44999694824219,0.9919517178546511,0.9266625050350922,0
2024-07-23,14.720000267028809,14.609999656677246,16.010000228881836,88.51000213623047,95.04000091552734,0.9925271325845046,0.919425362685137,0
2024-07-24,18.040000915527344,19.790000915527344,18.43000030517578,106.12000274658203,94.80999755859375,1.0970066469616275,0.9788388831692579,0
2024-07-25,18.459999084472656,19.81999969482422,18.690000534057617,104.37999725341797,99.08000183105469,1.0736728427844564,0.9876938767783423,0
2024-07-26,16.389999389648438,16.809999465942383,17.239999771118164,94.61000061035156,97.76000213623047,1.0256253869392582,0.9506960329028707,0
2024-07-29,16.600000381469727,17.389999389648438,17.15999984741211,93.51000213623047,98.6500015258789,1.0475903006038827,0.9673659981980224,0
2024-07-30,17.690000534057617,18.899999618530273,18.010000228881836,99.97000122070312,100.41999816894531,1.068400172297514,0.9822321104521116,0
2024-07-31,16.360000610351562,16.510000228881836,16.969999313354492,94.25,99.41000366210938,1.0091686804971978,0.9640542882919922,0
2024-08-01,18.59000015258789,19.540000915527344,19.139999389648438,111.18000030517578,101.81999969482422,1.0511027840312956,0.9712644067607439,0
2024-08-02,23.389999389648438,23.309999465942383,23.34000015258789,136.80999755859375,112.26000213623047,0.9965797381020258,1.0021422123707657,1
2024-08-05,38.56999969482422,42.790000915527344,33.709999084472656,173.32000732421875,121.22000122070312,1.1094114921984148,1.1441708911997615,1
2024-08-06,27.709999084472656,28.93000030517578,26.760000228881836,150.08999633789062,119.23999786376953,1.0440274724291403,1.0355007043148488,1
2024-08-07,27.850000381469727,29.260000228881836,27.010000228881836,151.24000549316406,112.69000244140625,1.0506283600753652,1.0310995981292024,1
2024-08-08,23.790000915527344,23.899999618530273,24.1299991607666,134.33999633789062,110.41999816894531,1.0046237368125166,0.9859097282609083,0
2024-08-09,20.3700008392334,20.059999465942383,21.18000030517578,114.62999725341797,108.26000213623047,0.9847814746922375,0.9617563997039017,0
2024-08-12,20.709999084472656,21.920000076293945,21.6299991607666,121.94000244140625,118.26000213623047,1.058425931690576,0.9574664765608184,0
2024-08-13,18.1200008392334,18.56999969482422,19.860000610351562,113.88999938964844,118.44000244140625,1.0248343727786415,0.9123867211659988,0
2024-08-14,16.190000534057617,15.789999961853027,18.450000762939453,107.80999755859375,106.33999633789062,0.9752933564539952,0.8775067677275384,0
2024-08-15,15.229999542236328,14.369999885559082,17.8799991607666,105.41999816894531,103.73999786376953,0.943532522486802,0.851789723550711,0
2024-08-16,14.800000190734863,12.970000267028809,17.809999465942383,103.41999816894531,102.80999755859375,0.8763513580998684,0.8309938593224854,0
2024-08-19,14.649999618530273,14.119999885559082,17.59000015258789,98.81999969482422,110.12999725341797,0.9638225428824713,0.832859550394883,0
2024-08-20,15.880000114440918,15.850000381469727,18.280000686645508,101.73999786376953,111.56999969482422,0.9981108480632874,0.8687089451830319,0
2024-08-21,16.270000457763672,15.649999618530273,18.579999923706055,106.72000122070312,111.37999725341797,0.9618930041924155,0.8756727946486654,0
2024-08-22,17.549999237060547,16.549999237060547,19.360000610351562,112.52999877929688,108.5,0.9430199405428868,0.9065081964758188,0
2024-08-23,15.859999656677246,13.6899995803833,18.190000534057617,99.22000122070312,105.62999725341797,0.8631777980284918,0.8719075970878698,0
2024-08-26,16.149999618530273,14.869999885559082,18.25,100.68000030517578,106.66000366210938,0.9207430487179369,0.8849314859468643,0
2024-08-27,15.430000305175781,14.170000076293945,17.729999542236328,93.44999694824219,109.22000122070312,0.9183408811431335,0.8702764074200059,0
2024-08-28,17.110000610351562,16.639999389648438,18.899999618530273,106.31999969482422,108.76000213623047,0.972530613446105,0.9052910558567563,0
2024-08-29,15.649999618530273,13.729999542236328,18.0,97.08000183105469,106.69999694824219,0.8773162860642768,0.8694444232516818,0
2024-08-30,15.0,12.899999618530273,17.43000030517578,93.7300033569336,107.7699966430664,0.8599999745686849,0.8605851828669102,0
2024-09-03,20.719999313354492,20.06999969482422,21.700000762939453,129.7899932861328,114.19999694824219,0.9686293610004449,0.9548386444640746,0
2024-09-04,21.31999969482422,20.43000030517578,22.06999969482422,123.47000122070312,119.1500015258789,0.958255187505256,0.9660172174730076,0
2024-09-05,19.899999618530273,19.540000915527344,20.93000030517578,115.01000213623047,114.80999755859375,0.981909612567645,0.9507883100034739,0
2024-09-06,22.3799991607666,22.260000228881836,22.739999771118164,119.33000183105469,107.23999786376953,0.9946381172303558,0.9841688384355749,0
2024-09-09,19.450000762939453,19.670000076293945,20.8799991607666,110.8499984741211,104.61000061035156,1.0113110182377825,0.9315134839414119,0
2024-09-10,19.079999923706055,19.690000534057617,20.549999237060547,107.19999694824219,108.36000061035156,1.0319706820120929,0.9284671840423504,0
2024-09-11,17.690000534057617,17.8799991607666,19.59000015258789,102.9000015258789,103.79000091552734,1.010740453418483,0.9030117609121469,0
2024-09-12,17.06999969482422,16.75,19.479999542236328,103.94000244140625,98.02999877929688,0.9812536789370156,0.876283372482285,0
2024-09-13,16.559999465942383,15.800000190734863,19.280000686645508,101.87999725341797,100.5999984741211,0.954106322480834,0.8589211035356881,0
2024-09-16,17.139999389648438,17.190000534057617,19.809999465942383,106.66999816894531,101.22000122070312,1.0029172197310214,0.865219578582814,0
2024-09-17,17.610000610351562,18.09000015258789,20.1299991607666,107.19000244140625,101.58000183105469,1.0272572132651814,0.8748137776713613,0
2024-09-18,18.229999542236328,17.950000762939453,20.350000381469727,105.43000030517578,98.61000061035156,0.984640768714878,0.8958230565359682,0
2024-09-19,16.329999923706055,14.65999984741211,19.06999969482422,97.45999908447266,92.63999938964844,0.8977342263260132,0.8563188350830532,0
2024-09-20,16.149999618530273,13.199999809265137,18.940000534057617,94.2699966430664,91.0,0.8173374687959528,0.8526926696485353,0
2024-09-23,15.890000343322754,14.350000381469727,18.700000762939453,94.41000366210938,93.87000274658203,0.9030837049352135,0.8497326040122046,0
2024-09-24,15.390000343322754,14.119999885559082,18.469999313354492,90.93000030517578,93.30000305175781,0.9174788544878307,0.8332431464789073,0
2024-09-25,15.40999984741211,14.239999771118164,18.56999969482422,90.4800033569336,91.63999938964844,0.9240752700922038,0.8298330695022652,0
2024-09-26,15.369999885559082,14.5600004196167,18.450000762939453,89.86000061035156,90.13999938964844,0.9472999692925554,0.833062289971978,0
2024-09-27,16.959999084472656,15.739999771118164,19.540000915527344,101.33999633789062,92.52999877929688,0.928066074338917,0.8679630649861175,0
2024-09-30,16.729999542236328,16.649999618530273,19.219999313354492,99.33999633789062,94.61000061035156,0.9952181753798566,0.870447457852506,0
2024-10-01,19.260000228881836,19.549999237060547,20.889999389648438,110.13999938964844,104.13999938964844,1.015057061512587,0.9219722734135497,0
2024-10-02,18.899999618530273,18.760000228881836,20.59000015258789,107.97000122070312,102.16999816894531,0.9925926247368186,0.9179212957001748,0
2024-10-03,20.489999771118164,20.40999984741211,21.6299991607666,115.63999938964844,101.16000366210938,0.9960956600976238,0.947295449196493,0
2024-10-04,19.209999084472656,16.479999542236328,20.649999618530273,110.62999725341797,100.1500015258789,0.8578865344953102,0.9302663166751135,0
2024-10-07,22.639999389648438,20.0,22.59000015258789,122.58000183105469,124.2300033569336,0.8833922499637739,1.0022133349589561,1
2024-10-08,21.420000076293945,18.0,21.520000457763672,114.81999969482422,123.7699966430664,0.8403361314606649,0.9953531422238585,0
2024-10-09,20.860000610351562,16.40999984741211,20.90999984741211,119.36000061035156,122.38999938964844,0.7866730281526845,0.997608836086781,0
2024-10-10,20.93000030517578,15.489999771118164,21.020000457763672,117.43000030517578,116.55999755859375,0.7400859792289464,0.9957183562974353,0
2024-10-11,20.459999084472656,14.329999923706055,20.770000457763672,113.98999786376953,118.47000122070312,0.700391034454213,0.9850745610756527,0
2024-10-14,19.700000762939453,14.640000343322754,20.1200008392334,107.22000122070312,,0.7431471967688548,0.979125245587716,0
2024-10-15,20.639999389648438,14.880000114440918,20.799999237060547,112.9000015258789,127.2300033569336,0.7209302594216002,0.9923076993614967,0
2024-10-16,19.579999923706055,14.25,20.31999969482422,111.62000274658203,121.86000061035156,0.7277834553383795,0.9635826878822911,0
2024-10-17,19.110000610351562,13.850000381469727,19.809999465942383,105.88999938964844,122.13999938964844,0.7247514358512065,0.9646643677707176,0
2024-10-18,18.030000686645508,12.380000114440918,19.190000534057617,100.94999694824219,123.12999725341797,0.6866333689942984,0.9395518595555331,0
2024-10-21,18.3700008392334,14.390000343322754,19.239999771118164,102.95999908447266,128.9499969482422,0.7833423889992193,0.9547817597591268,0
2024-10-22,18.200000762939453,14.550000190734863,19.170000076293945,100.5,129.25999450683594,0.7994505264177206,0.9494001403498159,0
2024-10-23,19.239999771118164,16.489999771118164,20.040000915527344,108.11000061035156,129.0500030517578,0.8570686053682744,0.9600797850368697,0
2024-10-24,19.079999923706055,16.670000076293945,19.850000381469727,109.83999633789062,127.4800033569336,0.8736897349555127,0.9612090456944031,0
2024-10-25,20.329999923706055,18.489999771118164,20.940000534057617,117.5,128.39999389648438,0.909493351721938,0.9708691215475647,0
2024-10-28,19.799999237060547,21.170000076293945,20.170000076293945,112.2300033569336,130.9199981689453,1.0691919642435697,0.9816558831019409,0
2024-10-29,19.34000015258789,21.770000457763672,19.959999084472656,108.69999694824219,131.8699951171875,1.125646343640314,0.9689379278395319,0
2024-10-30,20.350000381469727,23.59000015258789,20.760000228881836,112.7699966430664,130.8000030517578,1.1592137449819626,0.9802504892634005,0
2024-10-31,23.15999984741211,26.049999237060547,22.639999389648438,121.88999938964844,135.17999267578125,1.124784085003842,1.022968218718302,1
2024-11-01,21.8799991607666,23.469999313354492,21.90999984741211,119.12000274658203,132.5800018310547,1.072669113965916,0.998630730860135,0
2024-11-04,21.979999542236328,25.770000457763672,21.56999969482422,121.80000305175781,136.25,1.1724295265905058,1.0190078745114906,1
2024-11-05,20.489999771118164,24.700000762939453,20.190000534057617,114.31999969482422,130.42999267578125,1.2054661317154103,1.0148588028293755,1
2024-11-06,16.270000457763672,15.850000381469727,17.670000076293945,97.23999786376953,117.63999938964844,0.9741856137383493,0.920769688031382,0
2024-11-07,15.199999809265137,13.84000015258789,16.950000762939453,88.5999984741211,104.08000183105469,0.9105263372537504,0.8967551106250904,0
2024-11-08,14.9399995803833,13.09000015258789,16.829999923706055,87.76000213623047,99.8499984741211,0.8761713868971912,0.8877005138508304,0
2024-11-11,14.970000267028809,14.0,16.799999237060547,90.7300033569336,,0.9352037241331773,0.8910714849322857,0
2024-11-12,14.710000038146973,13.920000076293945,16.709999084472656,89.44999694824219,108.55000305175781,0.9462950401220703,0.8803112414180722,0
2024-11-13,14.020000457763672,12.8100004196167,16.510000228881836,91.76000213623047,102.08000183105469,0.9136947219229992,0.8491823297032866,0
2024-11-14,14.3100004196167,13.130000114440918,16.68000030517578,90.43000030517578,99.43000030517578,0.9175401627830708,0.8579136785253131,0
2024-11-15,16.139999389648438,14.8100004196167,17.809999465942383,98.93000030517578,102.47000122070312,0.9175960953948519,0.9062324465821886,0
2024-11-18,15.579999923706055,13.979999542236328,17.190000534057617,93.80999755859375,102.01000213623047,0.897304211212786,0.9063408632732876,0
2024-11-19,16.350000381469727,14.239999771118164,17.690000534057617,97.37000274658203,105.12000274658203,0.87094797791302,0.9242509829206585,0
2024-11-20,17.15999984741211,15.079999923706055,18.260000228881836,102.19999694824219,106.69000244140625,0.8787878821560865,0.9397590160086714,0
2024-11-21,16.8700008392334,14.149999618530273,18.18000030517578,101.30000305175781,101.9000015258789,0.8387669777480149,0.9279428248651113,0
2024-11-22,15.239999771118164,11.460000038146973,17.299999237060547,95.12999725341797,99.13999938964844,0.7519685177335241,0.8809248811104342,0
2024-11-25,14.600000381469727,12.3100004196167,16.8700008392334,88.79000091552734,99.95999908447266,0.8431506916424819,0.8654415918886923,0
2024-11-26,14.100000381469727,11.729999542236328,16.530000686645508,87.70999908447266,99.18000030517578,0.8319148386443973,0.8529945429984789,0
2024-11-27,14.100000381469727,10.75,16.600000381469727,88.36000061035156,97.73999786376953,0.7624113268910042,0.8493975938223047,0
2024-11-29,13.510000228881836,10.890000343322754,16.260000228881836,86.31999969482422,95.22000122070312,0.806069589846637,0.8308733111137778,0
2024-12-02,13.34000015258789,11.859999656677246,16.34000015258789,87.11000061035156,97.80999755859375,0.8890554363581823,0.8164014705027486,0
2024-12-03,13.300000190734863,11.869999885559082,16.239999771118164,86.43000030517578,95.5999984741211,0.8924811816038952,0.818965540528399,0
2024-12-04,13.449999809265137,11.600000381469727,16.389999389648438,86.4800033569336,92.25,0.8624535721910551,0.8206223496115479,0
2024-12-05,13.539999961853027,11.680000305175781,16.579999923706055,86.94999694824219,91.4800033569336,0.8626292716456777,0.8166465635801095,0
2024-12-06,12.770000457763672,10.380000114440918,16.31999969482422,87.37999725341797,83.19999694824219,0.8128425796672759,0.7824755328772215,0
2024-12-09,14.1899995803833,12.970000267028809,17.09000015258789,93.83999633789062,85.62999725341797,0.9140240063825613,0.8303100909121144,0
2024-12-10,14.180000305175781,13.289999961853027,16.979999542236328,94.3499984741211,90.0999984741211,0.9372355201573657,0.8351001582717489,0
2024-12-11,13.579999923706055,12.039999961853027,16.8799991607666,98.12000274658203,82.4000015258789,0.88659794031628,0.8045024051464065,0
2024-12-12,13.920000076293945,11.930000305175781,17.350000381469727,99.43000030517578,82.66000366210938,0.8570402471112644,0.8023054622615965,0
2024-12-13,13.8100004196167,10.899999618530273,17.149999618530273,96.5,85.66000366210938,0.7892830765629192,0.8052478557897597,0
2024-12-16,14.6899995803833,12.0600004196167,17.56999969482422,98.3499984741211,90.87999725341797,0.8209666959910167,0.8360842251301057,0
2024-12-17,15.869999885559082,13.390000343322754,18.1299991607666,100.7300033569336,90.41999816894531,0.8437303364763723,0.8753447666948508,0
2024-12-18,27.6200008392334,35.41999816894531,24.239999771118164,129.7899932861328,87.20999908447266,1.2824039497722335,1.1394389892751768,1
2024-12-19,24.09000015258789,23.719999313354492,24.139999389648438,136.2899932861328,90.41000366210938,0.9846408951062771,0.9979287805167888,0
2024-12-20,18.360000610351562,15.949999809265137,20.100000381469727,114.01000213623047,91.75,0.8687363441737773,0.9134328488509743,0
2024-12-23,16.780000686645508,14.760000228881836,18.649999618530273,102.33999633789062,95.8499984741211,0.879618571209517,0.8997319587059524,0
2024-12-24,14.270000457763672,10.890000343322754,17.200000762939453,91.05000305175781,96.94999694824219,0.7631394529772415,0.8296511526040742,0
2024-12-26,14.729999542236328,11.630000114440918,17.360000610351562,92.7699966430664,95.19999694824219,0.7895451782665321,0.848502247946524,0
2024-12-27,15.949999809265137,13.3100004196167,18.06999969482422,98.80999755859375,94.80000305175781,0.8344827949079411,0.8826784769583415,0
2024-12-30,17.399999618530273,15.8100004196167,18.940000534057617,103.05000305175781,99.08000183105469,0.9086207336912645,0.9186905558551522,0
2024-12-31,17.350000381469727,15.149999618530273,18.979999542236328,104.33000183105469,98.80000305175781,0.8731988060767356,0.9141201685943483,0
2025-01-02,17.93000030517578,16.260000228881836,19.329999923706055,106.58999633789062,96.66999816894531,0.9068600084846695,0.9275737390555634,0
2025-01-03,16.1299991607666,13.4399995803833,18.139999389648438,94.36000061035156,93.3499984741211,0.8332300235373692,0.8891951324965953,0
2025-01-06,16.040000915527344,14.199999809265137,18.030000686645508,95.88999938964844,97.88999938964844,0.885286720621006,0.8896284140137543,0
2025-01-07,17.81999969482422,16.100000381469727,19.190000534057617,106.37000274658203,102.77999877929688,0.9034792736919035,0.9286086085926898,0
2025-01-08,17.700000762939453,16.149999618530273,19.34000015258789,103.93000030517578,100.76000213623047,0.9124293176498276,0.9152016868299254,0
2025-01-10,19.540000915527344,17.829999923706055,20.969999313354492,115.48999786376953,96.56999969482422,0.9124871590736494,0.9318074179946935,0
2025-01-13,19.190000534057617,18.700000762939453,20.43000030517578,110.94000244140625,103.51000213623047,0.974465880277151,0.9393049558200927,0
2025-01-14,18.709999084472656,18.149999618530273,19.989999771118164,107.93000030517578,101.98999786376953,0.9700695086400553,0.9359679489093906,0
2025-01-15,16.1200008392334,13.9399995803833,18.229999542236328,97.79000091552734,93.0999984741211,0.8647641969382324,0.88425678793275,0
2025-01-16,16.600000381469727,14.880000114440918,18.350000381469727,99.83999633789062,92.72000122070312,0.8963855284636733,0.9046321545711142,0
2025-01-17,15.970000267028809,14.130000114440918,18.190000534057617,101.61000061035156,95.5999984741211,0.8847839623154734,0.8779549091891314,0
2025-01-21,15.0600004196167,14.3100004196167,17.5,98.26000213623047,96.77999877929688,0.9501992045748503,0.8605714525495257,0
2025-01-22,15.100000381469727,13.569999694824219,17.809999465942383,100.55999755859375,89.9000015258789,0.8986754537752807,0.8478383399362297,0
2025-01-23,15.020000457763672,13.420000076293945,17.520000457763672,99.5199966430664,88.51000213623047,0.8934753440275227,0.8573059398013788,0
2025-01-24,14.850000381469727,12.880000114440918,17.549999237060547,100.41000366210938,86.75,0.8673400527661242,0.8461539046742976,0
2025-01-27,17.899999618530273,18.450000762939453,18.969999313354492,110.30999755859375,95.05000305175781,1.0307263215715274,0.9435951642828495,0
2025-01-28,16.40999984741211,16.639999389648438,18.1299991607666,103.73999786376953,92.83000183105469,1.0140158162324784,0.9051296528972501,0
2025-01-29,16.559999465942383,16.40999984741211,18.149999618530273,101.68000030517578,90.7300033569336,0.9909420517290012,0.9123966839666169,0
2025-01-30,15.84000015258789,14.979999542236328,17.90999984741211,98.31999969482422,90.54000091552734,0.9457070326977832,0.8844221266074817,0
2025-01-31,16.43000030517578,15.850000381469727,18.43000030517578,101.5,91.76000213623047,0.9646987271495459,0.8914812823178125,0
2025-02-03,18.6200008392334,19.3799991607666,19.549999237060547,109.01000213623047,94.1500015258789,1.0408162345477365,0.9524297476153263,0
2025-02-04,17.209999084472656,17.0,18.639999389648438,100.87999725341797,90.27999877929688,0.9877978445296883,0.9232832429184563,0
2025-02-05,15.770000457763672,14.880000114440918,17.959999084472656,97.29000091552734,94.68000030517578,0.9435637084661845,0.8780624310497682,0
2025-02-06,15.5,14.149999618530273,17.940000534057617,96.7699966430664,93.9000015258789,0.9129032011955015,0.8639910556621514,0
2025-02-07,16.540000915527344,14.670000076293945,18.6299991607666,101.48999786376953,93.12999725341797,0.8869407052161715,0.8878154407198987,0
2025-02-10,15.8100004196167,13.760000228881836,18.229999542236328,99.1500015258789,87.68000030517578,0.8703352222438104,0.8672518275706572,0
2025-02-11,16.020000457763672,13.829999923706055,18.280000686645508,99.81999969482422,85.58000183105469,0.8632958507191371,0.8763676070027239,0
2025-02-12,15.890000343322754,13.510000228881836,18.309999465942383,98.73999786376953,86.58000183105469,0.8502202603512823,0.8678318299724169,0
2025-02-13,15.100000381469727,12.3100004196167,17.84000015258789,95.4800033569336,84.56999969482422,0.8152317952735397,0.8464125701971646,0
2025-02-14,14.770000457763672,11.5600004196167,17.809999465942383,96.9000015258789,84.66999816894531,0.7826675735504345,0.8293094273252493,0
2025-02-18,15.350000381469727,13.199999809265137,17.81999969482422,98.5,84.51000213623047,0.859934819623846,0.8613917308835927,0
2025-02-19,15.270000457763672,13.0600004196167,17.93000030517578,95.55000305175781,83.86000061035156,0.8552717765621709,0.851645298263366,0
2025-02-20,15.65999984741211,13.460000038146973,18.010000228881836,94.98999786376953,86.26000213623047,0.859514697911782,0.8695169155133526,0
2025-02-21,18.209999084472656,17.0,19.479999542236328,105.70999908447266,91.83000183105469,0.9335530397964489,0.9348049031002249,0
2025-02-24,18.979999542236328,18.299999237060547,19.860000610351562,106.80000305175781,88.44000244140625,0.9641727965449856,0.955689776381147,0
2025-02-25,19.43000030517578,19.290000915527344,20.030000686645508,108.47000122070312,96.61000061035156,0.9927946789784072,0.9700449145830653,0
2025-02-26,19.100000381469727,18.8799991607666,19.75,106.05000305175781,97.5199966430664,0.9884816117115598,0.9670886269098595,0
2025-02-27,21.1299991607666,20.950000762939453,21.219999313354492,114.79000091552734,96.2699966430664,0.9914813816859319,0.9957587108623868,0
2025-02-28,19.6299991607666,18.8799991607666,20.18000030517578,108.98999786376953,104.45999908447266,0.9617931720802626,0.9727452360707787,0
2025-03-03,22.780000686645508,23.959999084472656,22.18000030517578,118.73999786376953,105.6500015258789,1.051799752513568,1.0270514144821592,1
2025-03-04,23.510000228881836,24.790000915527344,22.780000686645508,118.55999755859375,108.87000274658203,1.0544449457330518,1.0320456330216128,1
2025-03-05,21.93000030517578,22.899999618530273,21.719999313354492,109.62999725341797,104.31999969482422,1.0442316142205232,1.0096685542569133,1
2025-03-06,24.8700008392334,26.790000915527344,23.700000762939453,120.81999969482422,108.94999694824219,1.077201447989703,1.0493670902375463,1
2025-03-07,23.3700008392334,23.790000915527344,22.59000015258789,115.7300033569336,104.41000366210938,1.0179717612841868,1.0345285826196045,1
2025-03-10,27.860000610351562,31.190000534057617,25.719999313354492,128.4600067138672,112.5,1.119526197083742,1.083203785152744,1
2025-03-11,26.920000076293945,28.93000030517578,25.34000015258789,129.50999450683594,114.5999984741211,1.074665684367953,1.0623520092419847,1
2025-03-12,24.229999542236328,25.260000228881836,23.670000076293945,115.88999938964844,104.11000061035156,1.042509315150835,1.0236586169893271,1
2025-03-13,24.65999984741211,25.360000610351562,24.059999465942383,112.88999938964844,106.19000244140625,1.0283860813978436,1.024937672268823,1
2025-03-14,21.770000457763672,21.770000457763672,22.170000076293945,98.2300033569336,101.01000213623047,1.0,0.9819576176295106,0
2025-03-17,20.510000228881836,21.299999237060547,21.299999237060547,95.93000030517578,99.77999877929688,1.0385177474092002,0.9629108433579582,0
2025-03-18,21.700000762939453,22.59000015258789,21.969999313354492,99.68000030517578,96.68000030517578,1.041013795316009,0.9877105799338409,0
2025-03-19,19.899999618530273,19.790000915527344,20.829999923706055,93.2300033569336,91.4000015258789,0.9944724268788175,0.9553528416427226,0
2025-03-20,19.799999237060547,19.459999084472656,20.709999084472656,89.94999694824219,95.73999786376953,0.9828282744601577,0.9560598798821588,0
2025-03-21,19.280000686645508,18.579999923706055,20.350000381469727,87.98999786376953,94.54000091552734,0.9636929077795979,0.9474201634021325,0
2025-03-24,17.479999542236328,18.559999465942383,19.040000915527344,81.88999938964844,95.22000122070312,1.0617848942785433,0.9180671587038204,0
2025-03-25,17.149999618530273,18.010000228881836,19.049999237060547,87.45999908447266,93.56999969482422,1.0501458092991645,0.9002624832218393,0
2025-03-26,18.329999923706055,19.959999084472656,19.84000015258789,90.23999786376953,91.41000366210938,1.088925213723462,0.9238911180812227,0
2025-03-27,18.690000534057617,20.030000686645508,19.889999389648438,89.51000213623047,91.02999877929688,1.0716961002834693,0.9396682306478427,0
2025-03-28,21.649999618530273,22.690000534057617,22.010000228881836,102.44000244140625,96.83000183105469,1.0480369946351964,0.9836437707129524,0
2025-03-31,22.280000686645508,25.139999389648438,21.969999313354492,99.12000274658203,101.3499984741211,1.1283661855862148,1.0141102131533788,1
2025-04-01,21.770000457763672,24.459999084472656,21.81999969482422,97.55000305175781,104.7300033569336,1.123564472675501,0.9977085592227388,0
2025-04-02,21.510000228881836,24.290000915527344,21.450000762939453,118.37000274658203,106.38999938964844,1.129242243471144,1.002797177799921,1
2025-04-03,30.020000457763672,34.099998474121094,27.3799991607666,119.4800033569336,112.0,1.1359093255877106,1.0964207953950555,1
2025-04-04,45.310001373291016,57.16999816894531,36.709999084472656,147.16000366210938,125.70999908447266,1.2617522938908017,1.2342686598555632,1
2025-04-07,46.97999954223633,62.58000183105469,36.880001068115234,152.6300048828125,137.3000030517578,1.3320562460796435,1.2738611220608964,1
2025-04-08,52.33000183105469,67.62999725341797,41.5,170.9199981689453,139.8800048828125,1.292375212822631,1.2609638995434864,1
2025-04-09,33.619998931884766,40.060001373291016,29.920000076293945,142.5,128.8300018310547,1.1915527259371397,1.1236630630399758,1
2025-04-10,40.720001220703125,50.43000030517578,35.709999084472656,157.24000549316406,128.35000610351562,1.2384577306823812,1.1402968990388158,1
2025-04-11,37.560001373291016,43.31999969482422,33.90999984741211,147.35000610351562,137.25999450683594,1.1533545822932036,1.1076379104188483,1
2025-04-14,30.889999389648438,34.20000076293945,29.6299991607666,122.31999969482422,132.4600067138672,1.1071544654805086,1.0425244773732636,1
2025-04-15,30.1200008392334,29.940000534057617,29.0,115.88999938964844,122.55999755859375,0.9940238944169842,1.038620718594255,1
2025-04-16,32.63999938964844,33.220001220703125,30.940000534057617,122.91000366210938,119.4000015258789,1.0177696642739102,1.05494501700863,1
2025-04-17,29.649999618530273,27.649999618530273,29.350000381469727,116.26000213623047,114.63999938964844,0.9325463734997802,1.0102214389492803,1
2025-04-21,33.81999969482422,36.560001373291016,31.829999923706055,124.11000061035156,128.55999755859375,1.0810171999760876,1.0625196285230296,1
2025-04-22,30.56999969482422,33.13999938964844,29.450000762939453,112.95999908447266,118.3499984741211,1.0840693398914016,1.0380305230176496,1
2025-04-23,28.450000762939453,30.739999771118164,28.020000457763672,109.0199966430664,116.5999984741211,1.0804920543679488,1.0153461919397164,1
2025-04-24,26.469999313354492,28.280000686645508,26.440000534057617,102.9800033569336,108.27999877929688,1.0683793509725497,1.001134598286344,1
2025-04-25,24.84000015258789,24.639999389648438,25.3700008392334,98.94999694824219,105.79000091552734,0.9919484395446505,0.9791091577014893,0
2025-04-28,25.149999618530273,26.469999313354492,25.729999542236328,103.38999938964844,110.01000213623047,1.052485078125077,0.9774582225408138,0
2025-04-29,24.170000076293945,24.950000762939453,25.219999313354492,101.30999755859375,112.2699966430664,1.0322714391470167,0.9583664050099894,0
2025-04-30,24.700000762939453,25.06999969482422,25.540000915527344,102.29000091552734,112.4800033569336,1.0149797133787914,0.9671104102397583,0
2025-05-01,24.600000381469727,24.81999969482422,25.489999771118164,102.30999755859375,107.33000183105469,1.008943061379796,0.965084370433896,0
2025-05-02,22.68000030517578,21.219999313354492,24.0,97.26000213623047,101.4000015258789,0.9356260594278695,0.9450000127156576,0
2025-05-05,23.639999389648438,22.729999542236328,24.549999237060547,101.16999816894531,104.44999694824219,0.9615059276266064,0.9629327952874891,0
2025-05-06,24.760000228881836,24.139999389648438,25.40999984741211,104.31999969482422,106.18000030517578,0.9749595786146162,0.9744195347330364,0
2025-05-07,23.549999237060547,22.690000534057617,24.700000762939453,99.81999969482422,99.87000274658203,0.963482007181998,0.9534412352082029,0
2025-05-08,22.479999542236328,21.6299991607666,23.760000228881836,96.29000091552734,98.66000366210938,0.9621885943603908,0.9461279177476781,0
2025-05-09,21.899999618530273,20.8700008392334,23.3799991607666,96.3499984741211,100.4000015258789,0.9529680914503139,0.9366980498134543,0
2025-05-12,18.389999389648438,17.969999313354492,20.219999313354492,87.93000030517578,102.9000015258789,0.9771614959090015,0.9094955496612004,0
2025-05-13,18.219999313354492,17.40999984741211,20.09000015258789,91.58999633789062,100.12999725341797,0.9555433865824196,0.9069188240403018,0
2025-05-14,18.6200008392334,17.530000686645508,20.579999923706055,97.16000366210938,100.7300033569336,0.9414607892878717,0.9047619488951049,0
2025-05-15,17.829999923706055,15.880000114440918,20.25,94.11000061035156,98.6500015258789,0.890633773549685,0.8804938233928916,0
2025-05-16,17.239999771118164,14.350000381469727,20.079999923706055,94.94000244140625,96.69999694824219,0.8323666225048334,0.8585657289154148,0
2025-05-19,18.139999389648438,16.809999465942383,20.690000534057617,96.88999938964844,103.80999755859375,0.926681368883341,0.8767520020015637,0
2025-05-20,18.09000015258789,16.56999969482422,20.719999313354492,96.62000274658203,101.37000274658203,0.9159756525736554,0.8730695343666585,0
2025-05-21,20.8700008392334,19.559999465942383,22.65999984741211,106.30000305175781,102.0999984741211,0.937230411087078,0.9210062215254985,0
2025-05-22,20.280000686645508,18.420000076293945,22.31999969482422,104.0999984741211,99.47000122070312,0.9082839966777524,0.9086021937244128,0
2025-05-23,22.290000915527344,20.6299991607666,23.799999237060547,109.76000213623047,100.91000366210938,0.9255270665509764,0.936554690338734,0
2025-05-27,18.959999084472656,17.899999618530273,21.290000915527344,96.48999786376953,97.93000030517578,0.9440928524722096,0.890558866563723,0
2025-05-28,19.309999465942383,18.190000534057617,21.670000076293945,97.1500015258789,93.19999694824219,0.9419990179771811,0.8910936501133979,0
2025-05-29,19.18000030517578,17.84000015258789,21.6200008392334,95.31999969482422,92.66999816894531,0.9301355510288346,0.887141515294033,0
2025-05-30,18.56999969482422,16.739999771118164,21.3799991607666,95.1500015258789,92.11000061035156,0.901453960485734,0.8685687756667981,0
2025-06-02,18.360000610351562,17.639999389648438,21.09000015258789,91.83999633789062,95.76000213623047,0.9607842485420627,0.8705547879334018,0
2025-06-03,17.690000534057617,16.6200008392334,20.719999313354492,90.88999938964844,100.0,0.9395138687099412,0.8537645328325868,0
2025-06-04,17.610000610351562,16.040000915527344,20.65999984741211,90.79000091552734,96.9800033569336,0.910846130584383,0.8523717686550423,0
2025-06-05,18.479999542236328,17.34000015258789,21.110000610351562,93.19999694824219,94.6500015258789,0.9383117198113046,0.875414448504299,0
2025-06-06,16.770000457763672,14.199999809265137,20.020000457763672,89.44999694824219,89.6500015258789,0.8467501145887714,0.8376623413742399,0
2025-06-09,17.15999984741211,15.380000114440918,20.09000015258789,88.97000122070312,92.62000274658203,0.896270410909145,0.8541562825822899,0
2025-06-10,16.950000762939453,15.15999984741211,19.940000534057617,92.05999755859375,91.22000122070312,0.8943952309759705,0.8500501659460225,0
2025-06-11,17.260000228881836,15.420000076293945,20.299999237060547,99.0199966430664,89.36000061035156,0.8933951258292021,0.8502463486486858,0
2025-06-12,18.020000457763672,16.1200008392334,20.649999618530273,103.04000091552734,88.98999786376953,0.894561622071897,0.8726392634696917,0
2025-06-13,20.81999969482422,19.260000228881836,22.6200008392334,113.37000274658203,95.30999755859375,0.9250720706624125,0.9204243555425888,0
2025-06-16,19.110000610351562,17.8700008392334,21.229999542236328,106.19000244140625,93.4800033569336,0.9351125205905814,0.9001413576261693,0
2025-06-17,21.600000381469727,21.860000610351562,22.90999984741211,115.5,97.18000030517578,1.0120370474208364,0.9428197523060936,0
2025-06-18,20.139999389648438,19.1299991607666,21.969999313354492,106.19999694824219,93.63999938964844,0.9498510298167657,0.916704598047316,0
2025-06-20,20.6200008392334,18.31999969482422,22.479999542236328,108.86000061035156,90.0999984741211,0.888457756993249,0.917259842487617,0
2025-06-23,19.829999923706055,17.920000076293945,21.81999969482422,104.31999969482422,95.02999877929688,0.9036812982974965,0.9087992759417775,0
2025-06-24,17.479999542236328,15.399999618530273,20.049999237060547,92.29000091552734,92.62000274658203,0.8810068662370258,0.871820459221075,0
2025-06-25,16.760000228881836,13.8100004196167,19.670000076293945,89.6500015258789,91.23999786376953,0.8239856939750203,0.8520589813866241,0
2025-06-26,16.59000015258789,13.489999771118164,19.450000762939453,89.5999984741211,89.47000122070312,0.813140424776539,0.8529562725878611,0
2025-06-27,16.31999969482422,12.8100004196167,19.450000762939453,91.83999633789062,87.93000030517578,0.7849265109777733,0.8390745015249963,0
2025-06-30,16.729999542236328,13.770000457763672,19.440000534057617,89.73999786376953,90.26000213623047,0.8230723750469997,0.8605966606290189,0
2025-07-01,16.829999923706055,13.789999961853027,19.510000228881836,89.54000091552734,93.4800033569336,0.8193701737591212,0.8626345323559549,0
2025-07-02,16.639999389648438,13.069999694824219,19.350000381469727,89.80000305175781,91.37000274658203,0.7854567412397216,0.85994827191753,0
2025-07-03,16.3799991607666,12.850000381469727,19.209999084472656,90.5999984741211,86.08999633789062,0.7844933479757475,0.8526808923175051,0
2025-07-07,17.790000915527344,15.710000038146973,20.209999084472656,96.30000305175781,88.52999877929688,0.883080338935513,0.880257383544139,0
2025-07-08,16.809999465942383,13.899999618530273,19.579999923706055,91.30999755859375,88.05000305175781,0.82688876026987,0.8585290874077096,0
2025-07-09,15.9399995803833,12.529999732971191,19.020000457763672,91.76000213623047,84.30999755859375,0.7860727768394263,0.8380651523000798,0
2025-07-10,15.779999732971191,12.460000038146973,18.920000076293945,90.94000244140625,81.58000183105469,0.7896071133710278,0.8340380374914979,0
2025-07-11,16.399999618530273,13.029999732971191,19.3700008392334,93.52999877929688,85.4800033569336,0.794512197320338,0.8466700520380221,0
2025-07-14,17.200000762939453,14.270000457763672,19.84000015258789,95.75,90.7300033569336,0.8296511526040742,0.8669355156580439,0
2025-07-15,17.3799991607666,14.6899995803833,20.059999465942383,94.66000366210938,88.94999694824219,0.8452244125272645,0.8664007788372152,0
2025-07-16,17.15999984741211,13.770000457763672,20.09000015258789,95.55999755859375,89.5199966430664,0.8024475862591758,0.8541562825822899,0
2025-07-17,16.520000457763672,13.140000343322754,19.690000534057617,92.9000015258789,85.56999969482422,0.7953995144804934,0.8390045713401163,0
2025-07-18,16.40999984741211,12.699999809265137,19.579999923706055,93.1500015258789,83.29000091552734,0.7739183380472702,0.8381000976176748,0
2025-07-21,16.649999618530273,14.949999809265137,19.510000228881836,92.26000213623047,86.62000274658203,0.8978979070141745,0.8534084788929048,0
2025-07-22,16.5,15.029999732971191,19.530000686645508,90.58000183105469,89.88999938964844,0.9109090747255267,0.8448540409567213,0
2025-07-23,15.369999885559082,14.050000190734863,18.559999465942383,88.04000091552734,85.94999694824219,0.9141184317077043,0.8281250176630148,0
2025-07-24,15.390000343322754,14.079999923706055,18.559999465942383,89.75,82.75,0.9148797667061087,0.8292026285649102,0
2025-07-25,14.930000305175781,12.829999923706055,18.31999969482422,90.58999633789062,82.08999633789062,0.8593435808074485,0.8149563621113933,0
2025-07-28,15.029999732971191,13.369999885559082,18.15999984741211,88.58999633789062,83.7300033569336,0.8895542330735655,0.8276431640561408,0
2025-07-29,15.979999542236328,14.619999885559082,18.770000457763672,95.13999938964844,85.06999969482422,0.9148936360678444,0.8513585057280412,0
2025-07-30,15.479999542236328,13.460000038146973,18.350000381469727,94.33000183105469,81.87999725341797,0.869509072104434,0.8435966877618382,0
2025-07-31,16.719999313354492,15.149999618530273,19.139999389648438,98.37000274658203,79.83999633789062,0.906100492864839,0.8735632103727881,0
2025-08-01,20.3799991607666,19.530000686645508,21.239999771118164,109.79000091552734,83.83000183105469,0.958292516726035,0.9595103286431773,0
2025-08-04,17.520000457763672,16.43000030517578,19.610000610351562,95.8499984741211,87.94999694824219,0.9377853810440469,0.8934217191464727,0
2025-08-05,17.850000381469727,16.809999465942383,20.030000686645508,97.6500015258789,89.19999694824219,0.9417366446329615,0.8911632436124058,0
2025-08-06,16.770000457763672,15.0,19.469999313354492,97.80999755859375,83.88999938964844,0.8944543584109296,0.8613251694498577,0
2025-08-07,16.56999969482422,14.760000228881836,19.350000381469727,97.37000274658203,80.1500015258789,0.890766475601822,0.8563307167007739,0
2025-08-08,15.149999618530273,12.859999656677246,18.700000762939453,93.13999938964844,79.19999694824219,0.8488448832003875,0.8101603743543829,0
2025-08-11,16.25,15.75,19.25,97.08999633789062,81.76000213623047,0.9692307692307692,0.8441558441558441,0
2025-08-12,14.729999542236328,13.109999656677246,18.34000015258789,92.86000061035156,77.41999816894531,0.8900203709501859,0.8031624547264702,0
2025-08-13,14.489999771118164,12.380000114440918,18.329999923706055,98.16999816894531,77.30999755859375,0.8543823540368198,0.790507355779001,0
2025-08-14,14.829999923706055,12.979999542236328,18.489999771118164,98.04000091552734,76.7699966430664,0.8752528394479312,0.8020551707561879,0
2025-08-15,15.09000015258789,13.270000457763672,18.639999389648438,97.8499984741211,76.66000366210938,0.8793903461616537,0.8095493909172546,0
2025-08-18,14.989999771118164,13.789999961853027,18.450000762939453,96.62999725341797,81.81999969482422,0.9199466425891997,0.8124660786588476,0
2025-08-19,15.569999694824219,14.699999809265137,18.899999618530273,102.08999633789062,82.1500015258789,0.9441233203204051,0.8238095242900854,0
2025-08-20,15.6899995803833,15.09000015258789,19.100000381469727,98.5999984741211,80.75,0.9617591176646321,0.8214659302104145,0
2025-08-21,16.600000381469727,16.3700008392334,19.40999984741211,99.98999786376953,80.5199966430664,0.9861446062077762,0.8552292896428315,0
2025-08-22,14.220000267028809,11.850000381469727,17.760000228881836,89.77999877929688,78.0999984741211,0.8333333445109505,0.8006756803923811,0
2025-08-25,14.789999961853027,13.010000228881836,18.020000457763672,92.30000305175781,77.55999755859375,0.8796484288328439,0.8207546940145031,0
2025-08-26,14.619999885559082,12.90999984741211,17.899999618530273,91.6500015258789,79.36000061035156,0.883036932179731,0.8167597875490623,0
2025-08-27,14.850000381469727,13.270000457763672,17.940000534057617,94.93000030517578,77.66000366210938,0.8936027014734877,0.8277591939464116,0
2025-08-28,14.430000305175781,11.680000305175781,17.719999313354492,92.02999877929688,77.55000305175781,0.8094248134552274,0.8143341345561319,0
2025-08-29,15.359999656677246,12.720000267028809,18.350000381469727,97.16999816894531,79.38999938964844,0.8281250358947251,0.8370571845975624,0
2025-09-02,17.170000076293945,16.170000076293945,19.3799991607666,103.87999725341797,85.27999877929688,0.9417588820293212,0.8859649545833501,0
2025-09-03,16.350000381469727,14.449999809265137,18.93000030517578,99.62000274658203,89.66999816894531,0.8837920166437454,0.8637084055935995,0
2025-09-04,15.300000190734863,13.319999694824219,18.389999389648438,95.27999877929688,88.26000213623047,0.8705882044949474,0.8319739368423847,0
2025-09-05,15.180000305175781,12.65999984741211,18.420000076293945,93.05999755859375,85.29000091552734,0.8339920680433418,0.8241042476819553,0
2025-09-08,15.109999656677246,13.5,18.290000915527344,92.29000091552734,84.0,0.8934480679510953,0.8261344396024373,0
2025-09-09,15.039999961853027,13.609999656677246,18.270000457763672,93.16000366210938,82.19999694824219,0.9049201922338572,0.8232074211832827,0
2025-09-10,15.350000381469727,14.289999961853027,18.440000534057617,100.52999877929688,79.58000183105469,0.9309445997867001,0.8324294976629291,0
2025-09-11,14.710000038146973,12.989999771118164,18.030000686645508,96.31999969482422,75.06999969482422,0.8830727217832504,0.8158624225146259,0
2025-09-12,14.760000228881836,12.850000381469727,18.059999465942383,96.77999877929688,73.37000274658203,0.870596218306644,0.8172757843496231,0
2025-09-15,15.6899995803833,14.710000038146973,18.530000686645508,99.55000305175781,76.87999725341797,0.937539861794414,0.8467349702631698,0
2025-09-16,16.360000610351562,15.789999961853027,18.90999984741211,104.0999984741211,77.08999633789062,0.9651588858659409,0.8651507531656843,0
2025-09-17,15.720000267028809,14.529999732971191,18.440000534057617,96.16999816894531,75.94999694824219,0.9243002217656746,0.8524945667975917,0
2025-09-18,15.699999809265137,13.529999732971191,18.520000457763672,97.27999877929688,71.91000366210938,0.8617834329518049,0.8477321501730105,0
2025-09-19,15.449999809265137,12.40999984741211,18.479999542236328,96.9000015258789,72.51000213623047,0.8032362459946449,0.8360389714271323,0
2025-09-22,16.100000381469727,14.25,18.950000762939453,99.75,75.80000305175781,0.8850931467306683,0.8496042075605887,0
2025-09-23,16.639999389648438,14.670000076293945,19.440000534057617,101.2300033569336,75.66000366210938,0.8816106138453342,0.8559670232774037,0
2025-09-24,16.18000030517578,13.390000343322754,19.139999389648438,99.98999786376953,75.12999725341797,0.8275649005420265,0.8453500951481993,0
2025-09-25,16.739999771118164,14.170000076293945,19.459999084472656,100.33999633789062,75.44000244140625,0.8464755238970619,0.8602261335395021,0
2025-09-26,15.289999961853027,12.270000457763672,18.40999984741211,93.4000015258789,74.37999725341797,0.8024853164405531,0.8305268923726982,0
2025-09-29,16.1200008392334,13.510000228881836,18.760000228881836,96.73999786376953,75.51000213623047,0.838089300591148,0.8592750875565532,0
2025-09-30,16.280000686645508,13.949999809265137,18.770000457763672,95.88999938964844,77.93000030517578,0.8568795590228893,0.8673415178267485,0
2025-10-01,16.290000915527344,13.529999732971191,18.760000228881836,93.22000122070312,73.5,0.8305708393223374,0.8683369252015348,0
2025-10-02,16.6299991607666,13.789999961853027,18.889999389648438,94.0999984741211,71.20999908447266,0.8292243329985437,0.8803599628425453,0
2025-10-03,16.649999618530273,13.470000267028809,19.079999923706055,94.79000091552734,69.52999877929688,0.809009043582058,0.8726414929301644,0
2025-10-06,16.3700008392334,13.569999694824219,19.1200008392334,95.37999725341797,72.98999786376953,0.8289553450908496,0.8561715544302111,0
2025-10-07,17.239999771118164,14.989999771118164,19.709999084472656,98.69999694824219,75.43000030517578,0.8694895574320494,0.8746829310966162,0
2025-10-08,16.299999237060547,13.170000076293945,19.260000228881836,96.22000122070312,74.87000274658203,0.8079755026214929,0.8463135536528944,0
2025-10-09,16.43000030517578,13.920000076293945,19.3799991607666,97.25,74.12000274658203,0.847230664500284,0.8477812702096046,0
2025-10-10,21.65999984741211,21.700000762939453,22.809999465942383,116.25,81.6500015258789,1.0018467643494524,0.9495835315451305,0
2025-10-13,19.030000686645508,18.020000457763672,20.93000030517578,106.44999694824219,,0.9469258963510908,0.9092212331186434,0
2025-10-14,20.809999465942383,20.3799991607666,22.030000686645508,113.19000244140625,79.94999694824219,0.9793368420850025,0.9446209177177791,0
2025-10-15,20.639999389648438,19.280000686645508,21.940000534057617,117.30000305175781,75.11000061035156,0.9341085880222938,0.9407474424446263,0
2025-10-16,25.309999465942383,25.8700008392334,24.8700008392334,134.25,81.2300033569336,1.0221256967644177,1.017691942575847,1
2025-10-17,20.780000686645508,19.799999237060547,22.09000015258789,115.62999725341797,78.62000274658203,0.9528392003271314,0.9406971726168634,0
2025-10-20,18.229999542236328,17.350000381469727,20.309999465942383,103.18000030517578,77.22000122070312,0.9517279658330343,0.8975873964352395,0
2025-10-21,17.8700008392334,16.8799991607666,19.989999771118164,103.36000061035156,77.18000030517578,0.9445997967558424,0.8939470257049342,0
2025-10-22,18.600000381469727,18.350000381469727,20.309999465942383,104.87000274658203,75.48999786376953,0.9865591400606065,0.9158050650203051,0
2025-10-23,17.299999237060547,16.6200008392334,19.649999618530273,98.5999984741211,74.05000305175781,0.9606937324962167,0.8804071029470333,0
2025-10-24,16.3700008392334,14.850000381469727,19.200000762939453,98.02999877929688,68.94000244140625,0.9071471973220221,0.8526041764972935,0
2025-10-27,15.789999961853027,14.640000343322754,18.989999771118164,97.4000015258789,66.87000274658203,0.9271691183465135,0.831490266043499,0
2025-10-28,16.420000076293945,15.630000114440918,19.549999237060547,101.51000213623047,67.30000305175781,0.9518879440814635,0.8398977348892616,0
2025-10-29,16.920000076293945,15.609999656677246,19.829999923706055,103.56999969482422,65.75,0.9225768077003677,0.8532526546339867,0
2025-10-30,16.90999984741211,14.899999618530273,19.979999542236328,102.83999633789062,66.87999725341797,0.8811354082188567,0.8463463581000363,0
2025-10-31,17.440000534057617,14.710000038146973,20.489999771118164,104.45999908447266,66.61000061035156,0.8434632791106068,0.8511469364992529,0
2025-11-03,17.170000076293945,14.970000267028809,20.3799991607666,101.43000030517578,67.2300033569336,0.8718695515731183,0.8424926782797811,0
2025-11-04,19.0,17.75,21.290000915527344,104.44000244140625,68.0199966430664,0.9342105263157895,0.8924377258313226,0
2025-11-05,18.010000228881836,15.869999885559082,20.600000381469727,100.7699966430664,72.41999816894531,0.8811771062672764,0.8742718395812425,0
2025-11-06,19.5,18.1200008392334,21.350000381469727,105.70999908447266,72.44000244140625,0.9292308122683794,0.9133489298166292,0
2025-11-07,19.079999923706055,17.309999465942383,21.190000534057617,103.5999984741211,74.41000366210938,0.9072326800397664,0.9004247023514574,0
2025-11-10,17.600000381469727,16.040000915527344,20.239999771118164,98.91000366210938,78.86000061035156,0.9113636686289599,0.8695652460720067,0
2025-11-11,17.280000686645508,15.180000305175781,20.190000534057617,99.5999984741211,,0.8784722049755086,0.8558692535691933,0
2025-11-12,17.510000228881836,15.369999885559082,20.34000015258789,103.47000122070312,81.12000274658203,0.8777841053483864,0.8608652948635308,0
2025-11-13,20.0,19.170000076293945,21.850000381469727,111.25,79.0999984741211,0.9585000038146972,0.9153317917999374,0
2025-11-14,19.829999923706055,18.610000610351562,21.579999923706055,107.94999694824219,79.70999908447266,0.9384770893571196,0.9189063945233109,0
2025-11-17,22.3799991607666,22.329999923706055,23.18000030517578,117.86000061035156,82.58000183105469,0.9977658963835799,0.9654874402986721,0
2025-11-18,24.690000534057617,25.18000030517578,24.540000915527344,124.31999969482422,83.18000030517578,1.019846081835529,1.0061124536647985,1
2025-11-19,23.65999984741211,23.100000381469727,23.989999771118164,119.56999969482422,84.31999969482422,0.9763313833662752,0.9862442714941855,0
2025-11-20,26.420000076293945,26.350000381469727,25.760000228881836,128.64999389648438,77.80999755859375,0.9973505036100652,1.0256211118613316,1
2025-11-21,23.43000030517578,21.510000228881836,23.959999084472656,118.33999633789062,78.80999755859375,0.9180537750198061,0.9778798497684275,0
2025-11-24,20.520000457763672,18.549999237060547,21.850000381469727,103.95999908447266,76.81999969482422,0.9039960440177387,0.9391304393370179,0
2025-11-25,18.559999465942383,15.390000343322754,20.729999542236328,96.8499984741211,72.81999969482422,0.8292026285649102,0.8953207851320653,0
2025-11-26,17.190000534057617,13.329999923706055,20.020000457763672,92.16999816894531,71.9000015258789,0.7754508149837487,0.8586413656844551,0
2025-11-28,16.350000381469727,13.609999656677246,19.639999389648438,90.33999633789062,68.94999694824219,0.8324158617208437,0.8324847703451175,0
2025-12-01,17.239999771118164,16.549999237060547,20.219999313354492,93.76000213623047,71.3499984741211,0.9599767666346747,0.8526211847955821,0
2025-12-02,16.59000015258789,15.420000076293945,19.84000015258789,91.70999908447266,69.91000366210938,0.9294755837532988,0.8361895173888859,0
2025-12-03,16.079999923706055,14.460000038146973,19.709999084472656,92.38999938964844,66.45999908447266,0.8992537379822505,0.815829562182665,0
2025-12-04,15.779999732971191,14.300000190734863,19.489999771118164,91.27999877929688,65.69000244140625,0.9062104203244076,0.8096459681007926,0
2025-12-05,15.40999984741211,13.899999618530273,19.270000457763672,90.6500015258789,67.27999877929688,0.9020116649037203,0.7996886082690045,0
2025-12-08,16.65999984741211,16.290000915527344,19.90999984741211,97.3499984741211,72.30000305175781,0.9777911803557285,0.8367654432492407,0
2025-12-09,16.93000030517578,16.299999237060547,20.079999923706055,98.13999938964844,75.37999725341797,0.9627878879646191,0.8431275084413,0
2025-12-10,15.770000457763672,14.680000305175781,19.350000381469727,99.11000061035156,68.62000274658203,0.9308814127490227,0.8149870876935799,0
2025-12-11,14.850000381469727,12.460000038146973,19.049999237060547,95.41000366210938,69.23999786376953,0.8390572200721915,0.7795276102993226,0
2025-12-12,15.739999771118164,13.479999542236328,19.25,97.33000183105469,69.25,0.8564167559246866,0.8176623257723722,0
2025-12-15,16.5,14.199999809265137,19.68000030517578,100.37000274658203,73.30999755859375,0.860606049046372,0.8384146211451302,0
2025-12-16,16.479999542236328,13.880000114440918,19.670000076293945,98.36000061035156,67.13999938964844,0.8422330400476097,0.8378240710887354,0
2025-12-17,17.6200008392334,15.75,20.079999923706055,99.88999938964844,62.7400016784668,0.8938705590144139,0.8774900849691524,0
2025-12-18,16.8700008392334,13.920000076293945,19.59000015258789,92.61000061035156,60.0099983215332,0.825133336325696,0.8611536859536383,0
2025-12-19,14.90999984741211,10.489999771118164,18.25,83.87000274658203,59.40999984741211,0.7035546531503746,0.8169862930088827,0
2025-12-22,14.079999923706055,10.5,17.790000915527344,81.97000122070312,61.70000076293945,0.7457386404044988,0.7914558290672626,0
2025-12-23,14.0,10.0600004196167,17.84000015258789,85.13999938964844,61.16999816894531,0.7185714585440499,0.7847533565165998,0
2025-12-24,13.470000267028809,9.170000076293945,17.770000457763672,85.23999786376953,59.47999954223633,0.6807720782856859,0.7580191288708604,0
2025-12-26,13.600000381469727,9.649999618530273,17.770000457763672,84.23999786376953,58.5,0.7095587755775795,0.7653348357415443,0
2025-12-29,14.199999809265137,11.369999885559082,17.81999969482422,85.87999725341797,59.209999084472656,0.8007042280479784,0.7968574664672692,0
2025-12-30,14.329999923706055,11.460000038146973,17.770000457763672,87.12999725341797,63.97999954223633,0.7997208722373226,0.8064152816296248,0
2025-12-31,14.949999809265137,12.0,18.18000030517578,92.66999816894531,63.959999084472656,0.8026755955249646,0.8223322089279023,0
2026-01-02,14.510000228881836,11.720000267028809,18.020000457763672,90.0999984741211,62.36000061035156,0.8077188202726838,0.8052164184396787,0
2026-01-05,14.899999618530273,12.4399995803833,18.31999969482422,90.51000213623047,64.70999908447266,0.8348993220719542,0.8133187700183114,0
2026-01-06,14.75,12.130000114440918,18.149999618530273,89.01000213623047,65.81999969482422,0.8223728891146385,0.8126721933889719,0
2026-01-07,15.380000114440918,12.539999961853027,18.59000015258789,91.86000061035156,66.1500015258789,0.8153445948338259,0.827326518999511,0
2026-01-08,15.449999809265137,12.829999923706055,18.389999389648438,89.8499984741211,66.94000244140625,0.8304207172877823,0.8401305232213222,0
2026-01-09,14.489999771118164,10.859999656677246,17.8799991607666,88.19000244140625,61.54999923706055,0.7494823898012527,0.8104027098006256,0
2026-01-12,15.119999885559082,11.9399995803833,18.229999542236328,93.12999725341797,62.900001525878906,0.7896825179070961,0.829402099025191,0
2026-01-13,15.979999542236328,12.510000228881836,18.850000381469727,101.06999969482422,60.790000915527344,0.7828536037073702,0.8477453166497164,0
2026-01-14,16.75,13.180000305175781,19.3700008392334,104.8499984741211,58.11000061035156,0.7868656898612407,0.8647392500919948,0
2026-01-15,15.84000015258789,12.319999694824219,18.899999618530273,100.9000015258789,56.13999938964844,0.7777777510192394,0.8380952630844372,0
2026-01-16,15.859999656677246,12.09000015258789,18.989999771118164,102.05000305175781,58.04999923706055,0.7622951080896057,0.8351764006231677,0
2026-01-20,20.09000015258789,19.93000030517578,21.280000686645508,117.05000305175781,66.66999816894531,0.9920358463814397,0.9440789240761437,0
2026-01-21,16.899999618530273,15.880000114440918,19.360000610351562,102.56999969482422,59.560001373291016,0.9396449983956827,0.8729338370730239,0
2026-01-22,15.640000343322754,14.380000114440918,18.75,96.12000274658203,56.5,0.9194373272875423,0.8341333516438802,0
2026-01-23,16.09000015258789,15.0,19.149999618530273,101.83000183105469,56.25,0.9322560508234317,0.8402089019896685,0
2026-01-26,16.149999618530273,15.050000190734863,19.06999969482422,99.75,55.77000045776367,0.9318885787134454,0.8468799096474836,0
2026-01-27,16.350000381469727,14.850000381469727,19.219999313354492,101.26000213623047,56.119998931884766,0.9082568828744478,0.8506764290105554,0
2026-01-28,16.350000381469727,14.539999961853027,19.299999237060547,100.45999908447266,57.43000030517578,0.8892966130038711,0.847150312320939,0
2026-01-29,16.8799991607666,15.220000267028809,19.670000076293945,101.76000213623047,60.72999954223633,0.9016588284200836,0.8581595879661525,0
2026-01-30,17.440000534057617,15.6899995803833,20.06999969482422,108.18000030517578,59.20000076293945,0.8996559116923858,0.8689586845661565,0
2026-02-02,16.34000015258789,14.449999809265137,19.3700008392334,98.7699966430664,59.29999923706055,0.8843329054055473,0.8435725061762349,0
2026-02-03,18.0,17.06999969482422,20.350000381469727,103.81999969482422,57.540000915527344,0.9483333163791232,0.8845208679401507,0
2026-02-04,18.639999389648438,18.670000076293945,20.6200008392334,106.16000366210938,57.5099983215332,1.0016094789499923,0.9039766552376837,0
2026-02-05,21.770000457763672,22.290000915527344,22.450000762939453,117.06999969482422,62.15999984741211,1.0238861022889059,0.9697104551417954,0
2026-02-06,20.3700008392334,15.430000305175781,20.3700008392334,100.98999786376953,63.619998931884766,0.757486483528121,1.0,0
2026-02-09,17.360000610351562,14.75,20.09000015258789,98.5999984741211,62.7400016784668,0.8496543480076119,0.8641115220755903,0
2026-02-10,17.790000915527344,14.9399995803833,20.43000030517578,100.80999755859375,64.55000305175781,0.8397975723173502,0.8707782990595642,0
2026-02-11,17.649999618530273,14.180000305175781,20.3700008392334,102.1500015258789,61.349998474121094,0.8033994680820599,0.8664702450348308,0
2026-02-12,20.81999969482422,19.799999237060547,22.170000076293945,112.30000305175781,68.56999969482422,0.9510086228283068,0.9391068842208412,0
2026-02-13,20.600000381469727,18.770000457763672,22.170000076293945,115.5199966430664,70.0999984741211,0.9111650538923198,0.9291835954252884,0
2026-02-17,20.290000915527344,20.309999465942383,21.600000381469727,107.08999633789062,68.83999633789062,1.0009856357571545,0.9393518776478259,0
2026-02-18,19.6200008392334,19.079999923706055,21.389999389648438,108.69000244140625,64.19000244140625,0.9724770187344985,0.9172511173014984,0
2026-02-19,20.229999542236328,19.8700008392334,21.8799991607666,111.66999816894531,68.02999877929688,0.9822047102743962,0.9245886799900378,0
2026-02-20,19.09000015258789,18.020000457763672,21.09000015258789,108.70999908447266,64.2699966430664,0.9439497283252161,0.9051683269070728,0
2026-02-23,21.010000228881836,21.110000610351562,22.139999389648438,115.66000366210938,68.02999877929688,1.0047596563722192,0.948961192776955,0
2026-02-24,19.549999237060547,18.600000381469727,21.34000015258789,108.61000061035156,65.2699966430664,0.9514067062575672,0.9161199202095474,0
2026-02-25,17.93000030517578,16.280000686645508,20.360000610351562,103.9800033569336,62.43000030517578,0.9079754829644942,0.8806483186478735,0
2026-02-26,18.6299991607666,16.649999618530273,20.809999465942383,104.1500015258789,63.93000030517578,0.8937198265469566,0.8952426544391043,0
2026-02-27,19.860000610351562,18.59000015258789,21.559999465942383,110.88999938964844,73.37999725341797,0.936052345481716,0.9211503294201722,0
2026-03-02,21.440000534057617,21.18000030517578,22.440000534057617,113.44000244140625,73.20999908447266,0.9878731239549727,0.95543672120318,0
2026-03-03,23.56999969482422,24.549999237060547,23.540000915527344,116.0199966430664,77.75,1.041578258588248,1.0012743746019606,1
2026-03-04,21.149999618530273,20.600000381469727,22.290000915527344,106.94000244140625,70.02999877929688,0.9739953074713688,0.9488559331461068,0
2026-03-05,23.75,23.549999237060547,23.860000610351562,115.93000030517578,74.52999877929688,0.9915789152446546,0.9953897482171966,0
2026-03-06,29.489999771118164,30.440000534057617,27.559999465942383,140.44000244140625,81.26000213623047,1.032214336056722,1.0700290400063615,1
2026-03-09,25.5,27.850000381469727,25.34000015258789,122.5999984741211,79.73999786376953,1.092156877704695,1.0063141218014464,1
2026-03-10,24.93000030517578,25.540000915527344,25.510000228881836,125.36000061035156,76.33000183105469,1.0244685360162198,0.9772638213052859,0
2026-03-11,24.229999542236328,24.440000534057617,24.969999313354492,122.48999786376953,78.58999633789062,1.0086669829050234,0.97036444567612,0
2026-03-12,27.290000915527344,28.979999542236328,26.950000762939453,130.17999267578125,95.30000305175781,1.0619273935512188,1.0126159607778358,1
2026-03-13,27.190000534057617,28.0,27.280000686645508,131.0500030517578,91.16999816894531,1.029790343877625,0.9967008742550381,0
2026-03-16,23.510000228881836,24.329999923706055,24.920000076293945,116.77999877929688,85.25,1.034878761669124,0.9434189469062875,0
2026-03-17,22.3700008392334,22.360000610351562,24.329999923706055,110.55000305175781,79.2300033569336,0.9995529625164655,0.9194410566946644,0
2026-03-18,25.09000015258789,26.030000686645508,26.559999465942383,126.5,81.25,1.0374651466058544,0.9446536391975664,0
2026-03-19,24.059999465942383,24.09000015258789,25.540000915527344,118.08999633789062,84.87999725341797,1.0012469113595772,0.9420516289533422,0
2026-03-20,26.780000686645508,26.950000762939453,27.43000030517578,126.27999877929688,108.83999633789062,1.006348023597278,0.9763033317062113,0
2026-03-23,26.149999618530273,27.760000228881836,26.100000381469727,122.81999969482422,98.1500015258789,1.0615679018676043,1.001915679552865,1
2026-03-24,26.950000762939453,28.209999084472656,26.559999465942383,124.13999938964844,103.01000213623047,1.0467531831489185,1.0146837840677356,1
2026-03-25,25.329999923706055,25.260000228881836,25.6299991607666,119.37000274658203,97.58999633789062,0.997236490523685,0.9882949962199072,0
2026-03-26,27.440000534057617,27.049999237060547,27.15999984741211,124.43000030517578,115.0199966430664,0.9857871250216262,1.010309303689933,1
2026-03-27,31.049999237060547,30.639999389648438,29.270000457763672,133.17999267578125,111.94999694824219,0.986795495733129,1.0608130765787105,1
2026-03-30,30.610000610351562,30.56999969482422,29.1299991607666,127.83999633789062,108.33000183105469,0.9986932076207207,1.0508067796849883,1
2026-03-31,25.25,24.18000030517578,25.549999237060547,116.05000305175781,96.05000305175781,0.9576237744624072,0.988258346535471,0
2026-04-01,24.540000915527344,23.610000610351562,24.860000610351562,114.83000183105469,90.19000244140625,0.962102678464558,0.9871279289232611,0
2026-04-02,23.8700008392334,21.709999084472656,24.719999313354492,115.33000183105469,84.41000366210938,0.909509774661989,0.9656149475027737,0
2026-04-06,24.170000076293945,23.899999618530273,24.770000457763672,113.52999877929688,81.68000030517578,0.988829108112892,0.9757771348251361,0
2026-04-07,25.780000686645508,27.270000457763672,25.56999969482422,117.30000305175781,83.1500015258789,1.0577967312425252,1.0082127882020975,1
2026-04-08,21.040000915527344,19.15999984741211,22.68000030517578,111.06999969482422,78.73999786376953,0.9106463409548708,0.927689622240694,0
2026-04-09,19.489999771118164,16.809999465942383,21.809999465942383,105.37000274658203,74.01000213623047,0.8624935691817083,0.8936267880956605,0
2026-04-10,19.229999542236328,16.360000610351562,21.860000610351562,107.30000305175781,72.1500015258789,0.8507540821526716,0.8796888840492609,0
2026-04-13,19.1200008392334,17.329999923706055,21.34000015258789,102.62999725341797,74.41999816894531,0.9063807093640738,0.8959700422923721,0
2026-04-14,18.360000610351562,16.700000762939453,20.81999969482422,95.4000015258789,74.3499984741211,0.9095860679614475,0.8818444226450107,0
2026-04-15,18.170000076293945,16.010000228881836,20.780000686645508,97.6500015258789,67.94000244140625,0.8811227386712992,0.8743984348360052,0
2026-04-16,17.940000534057617,15.460000038146973,20.770000457763672,96.80000305175781,65.88999938964844,0.8617614034513228,0.863745793869339,0
2026-04-17,17.479999542236328,14.8100004196167,20.510000228881836,95.12999725341797,65.69999694824219,0.8472540507699556,0.8522671549082329,0
2026-04-20,18.8700008392334,17.790000915527344,21.239999771118164,98.1500015258789,67.9000015258789,0.9427663022960454,0.8884181281815523,0
2026-04-21,19.5,18.68000030517578,21.510000228881836,101.88999938964844,70.77999877929688,0.957948733598758,0.9065550810091124,0
2026-04-22,18.920000076293945,17.290000915527344,21.239999771118164,98.7300033569336,69.87999725341797,0.9138478248311992,0.890772141251201,0
2026-04-23,19.309999465942383,18.040000915527344,21.479999542236328,98.56999969482422,67.69999694824219,0.934231041660308,0.8989757857290893,0
2026-04-24,18.709999084472656,16.709999084472656,21.299999237060547,97.18000030517578,66.97000122070312,0.8931052860574541,0.8784037443493675,0
2026-04-27,18.020000457763672,16.690000534057617,20.770000457763672,93.86000061035156,68.41999816894531,0.9261931248657076,0.8675974993071283,0
2026-04-28,17.829999923706055,16.690000534057617,20.489999771118164,91.02999877929688,68.68000030517578,0.9360628494376638,0.8701805818874858,0
2026-04-29,18.809999465942383,17.610000610351562,21.190000534057617,96.0199966430664,74.33000183105469,0.9362042057596252,0.8876828217021524,0
2026-04-30,16.889999389648438,14.369999885559082,20.079999923706055,93.69999694824219,72.06999969482422,0.8507993134899806,0.84113543096723,0
2026-05-01,16.989999771118164,14.149999618530273,20.3700008392334,95.16999816894531,70.41000366210938,0.8328428375016405,0.8340696647589123,0
2026-05-04,18.290000915527344,16.600000381469727,21.049999237060547,98.29000091552734,77.86000061035156,0.9075997567270274,0.8688836854362464,0
2026-05-05,17.3799991607666,14.640000343322754,20.81999969482422,95.26000213623047,76.77999877929688,0.8423475863204247,0.8347742274505033,0
2026-05-06,17.389999389648438,14.760000228881836,20.56999969482422,93.69999694824219,70.62999725341797,0.8487637002257669,0.8454059138379119,0
2026-05-07,17.079999923706055,14.5600004196167,20.350000381469727,93.61000061035156,72.23999786376953,0.852459044768979,0.8393120198296771,0
2026-05-08,17.190000534057617,14.210000038146973,20.5,96.77999877929688,67.25,0.8266433738610693,0.8385366114174447,0
2026-05-11,18.3799991607666,16.889999389648438,21.239999771118164,98.05999755859375,70.73999786376953,0.9189336322550725,0.8653483690597517,0
2026-05-12,17.989999771118164,16.34000015258789,21.040000915527344,98.55000305175781,71.68000030517578,0.9082823991371447,0.8550379747294448,0
2026-05-13,17.8700008392334,15.869999885559082,21.18000030517578,98.36000061035156,70.23999786376953,0.8880805338697391,0.8437205184962384,0
2026-05-14,17.260000228881836,15.140000343322754,20.850000381469727,94.26000213623047,69.62999725341797,0.8771726617933873,0.8278177416352244,0
2026-05-15,18.43000030517578,16.3700008392334,21.360000610351562,92.94000244140625,79.87000274658203,0.8882257497649708,0.8628277049881808,0
2026-05-18,17.81999969482422,16.860000610351562,20.920000076293945,91.18000030517578,86.06999969482422,0.9461279965817572,0.851816425900372,0
2026-05-19,18.059999465942383,16.639999389648438,21.1200008392334,94.61000061035156,85.31999969482422,0.9213731938934003,0.8551135770976567,0
2026-05-20,17.440000534057617,15.140000343322754,20.760000228881836,96.44999694824219,81.52999877929688,0.868119259156941,0.8400770877542982,0
2026-05-21,16.760000228881836,14.079999923706055,20.0,91.87999725341797,79.72000122070312,0.8400954493689419,0.8380000114440918,0
2026-05-22,16.700000762939453,14.069999694824219,20.030000686645508,91.16000366210938,78.43000030517578,0.8425149132955899,0.8337493854442927,0
2026-05-25,16.59000015258789,,,,,,,0
2026-05-26,17.010000228881836,14.84000015258789,19.889999389648438,89.55000305175781,74.94999694824219,0.8724279807704276,0.8552036576599661,0
2026-05-27,16.290000915527344,13.270000457763672,19.450000762939453,87.52999877929688,70.9000015258789,0.8146101726191396,0.8375321478941401,0
2026-05-28,15.739999771118164,12.979999542236328,19.110000610351562,86.02999877929688,69.73999786376953,0.8246505547003724,0.8236524996546611,0
2026-05-29,15.319999694824219,12.59000015258789,18.65999984741211,86.05999755859375,70.22000122070312,0.8218015929100414,0.8210074930385863,0
2026-06-01,16.049999237060547,13.760000228881836,19.43000030517578,91.5999984741211,73.33000183105469,0.8573209272875885,0.8260421505389856,0
2026-06-02,15.770000457763672,13.1899995803833,19.489999771118164,90.52999877929688,73.43000030517578,0.8363981735897655,0.8091329216500514,0
2026-06-03,16.059999465942383,13.40999984741211,19.760000228881836,89.80000305175781,73.58000183105469,0.8349937916156229,0.8127529999958494,0
2026-06-04,15.399999618530273,12.649999618530273,19.229999542236328,85.75,71.16000366210938,0.821428567005221,0.8008320325076488,0
2026-06-05,21.510000228881836,23.920000076293945,21.81999969482422,102.04000091552734,75.19999694824219,1.1120409029180838,0.9857928748726832,0
2026-06-08,18.920000076293945,19.690000534057617,20.790000915527344,92.4000015258789,76.9800033569336,1.0406976984491905,0.9100528736467367,0
2026-06-09,19.8700008392334,22.139999389648438,21.309999465942383,95.80999755859375,77.02999877929688,1.1142424989702526,0.9324261537870806,0
2026-06-10,22.219999313354492,25.670000076293945,22.889999389648438,108.16000366210938,73.94999694824219,1.1552655656864022,0.9707295721206117,0
2026-06-11,19.440000534057617,20.65999984741211,21.420000076293945,100.62999725341797,69.44999694824219,1.0627571646007485,0.9075630469101799,0
2026-06-12,17.68000030517578,17.260000228881836,20.510000228881836,93.81999969482422,69.36000061035156,0.9762443399861825,0.8620185328071865,0
2026-06-15,16.200000762939453,15.579999923706055,19.360000610351562,87.58000183105469,69.37999725341797,0.9617283450596023,0.8367768725315796,0
2026-06-16,16.40999984741211,15.770000457763672,19.530000686645508,87.69000244140625,67.27999877929688,0.9609994274467122,0.8402457383748667,0
2026-06-17,18.440000534057617,18.6299991607666,20.6200008392334,94.52999877929688,70.66000366210938,1.0103036128636802,0.894277390084877,0
2026-06-18,16.399999618530273,13.930000305175781,19.56999969482422,88.43000030517578,65.38999938964844,0.849390282267833,0.8380173671064322,0
2026-06-22,17.280000686645508,16.290000915527344,19.760000228881836,91.72000122070312,70.0199966430664,0.9427083488553756,0.8744939517454315,0
2026-06-23,19.489999771118164,19.469999313354492,21.059999465942383,99.5,68.77999877929688,0.9989738092355799,0.9254511047180616,0
2026-06-24,18.6299991607666,18.06999969482422,20.3700008392334,95.58000183105469,69.05999755859375,0.9699409827606594,0.9145801862160218,0
2026-06-25,18.889999389648438,17.920000076293945,20.329999923706055,91.19000244140625,67.0999984741211,0.9486501140976191,0.9291686896477316,0
2026-06-26,18.40999984741211,16.799999237060547,20.1299991607666,89.0199966430664,66.79000091552734,0.9125474946390139,0.9145554205135401,0
2026-06-29,17.649999618530273,15.510000228881836,19.530000686645508,88.70999908447266,68.13999938964844,0.8787535730368113,0.9037377879151449,0
2026-06-30,16.450000762939453,13.729999542236328,19.0,86.87000274658203,71.95999908447266,0.8346503893889736,0.8657895138389186,0
2026-07-01,16.59000015258789,13.140000343322754,19.15999984741211,89.04000091552734,68.55999755859375,0.7920434130480121,0.8658664031685083,0
2026-07-02,16.149999618530273,12.369999885559082,19.040000915527344,88.80000305175781,65.4000015258789,0.7659442834516185,0.8482142248932225,0
2026-07-06,15.569999694824219,12.319999694824219,18.780000686645508,87.08999633789062,65.76000213623047,0.7912652496017476,0.8290734358649983,0
2026-07-07,16.1299991607666,13.420000076293945,19.010000228881836,87.9000015258789,70.25,0.8319901286130098,0.8485007346954337,0
2026-07-08,16.899999618530273,14.40999984741211,19.459999084472656,91.37999725341797,72.41000366210938,0.8526627321110727,0.8684481199187191,0
2026-07-09,15.84000015258789,12.5,18.989999771118164,88.77999877929688,68.88999938964844,0.7891414065395567,0.8341232408374697,0
2026-07-10,15.029999732971191,11.149999618530273,18.56999969482422,87.27999877929688,69.55000305175781,0.741849621864637,0.8093699504561819,0
2026-07-13,17.15999984741211,15.130000114440918,19.639999389648438,95.27999877929688,77.7699966430664,0.881701646210834,0.8737271069599193,0
2026-07-14,16.5,13.460000038146973,19.299999237060547,93.52999877929688,75.02999877929688,0.8157575780695135,0.8549223135882882,0
2026-07-15,15.670000076293945,12.0600004196167,18.90999984741211,91.8499984741211,68.4800033569336,0.7696235073962403,0.8286620942748676,0
2026-07-16,16.729999542236328,13.979999542236328,19.5,97.30999755859375,68.16000366210938,0.8356246219219918,0.8579486944736578,0
2026-07-17,18.770000457763672,16.850000381469727,20.540000915527344,104.87000274658203,70.87999725341797,0.897709108712366,0.9138266612040106,0
2026-07-20,18.649999618530273,,,102.81999969482422,,,,0
2026-07-21,17.049999237060547,,,96.33999633789062,,,,0
2026-07-22,16.639999389648438,,,95.55000305175781,,,,0
2026-07-23,18.700000762939453,,,102.16999816894531,,,,0
2026-07-24,18.579999923706055,,,100.7300033569336,,,,0
