{
  "id": "HYP-067",
  "verdict": "NOT_ROBUST",
  "passes": {
    "holdout_permutation_p<0.05": false,
    "deflated_sr>0": false,
    "bh_survivors>=1": false,
    "forward_non_degrade": false,
    "prove_band_cleared": false
  },
  "standalone": true,
  "hyp066_prior": "NOT_SIGNIFICANT",
  "reconcile_weighted_sharpe": 0.6886,
  "n_trades_decade": 411,
  "n_trades_holdout": 57,
  "terciles": {
    "vix": [
      0.2222222222222222,
      0.5965608465608465
    ],
    "atr": [
      0.19047619047619047,
      0.6441798941798942
    ]
  },
  "cell_visit_counts": [
    359,
    565,
    4610,
    233,
    563,
    4409,
    88,
    301,
    1798,
    207,
    385,
    3441,
    211,
    406,
    3436,
    223,
    413,
    3395,
    108,
    211,
    1765,
    248,
    431,
    3841,
    378,
    835,
    5718
  ],
  "min_cell_visits": 30,
  "ga": {
    "pop": 200,
    "generations": 50,
    "n_generations_run": 50,
    "n_unique_policies": 10100,
    "best_history": [
      0.4838916739103039,
      0.5323758100117014,
      0.5682846937656835,
      0.5786445244604932,
      0.6087703530152685,
      0.6186958474399219,
      0.6714431877735786,
      0.6714431877735786,
      0.6833198828277492,
      0.7070117378222057,
      0.7174194770847033,
      0.7418499331177097,
      0.7418499331177097,
      0.7418499331177097,
      0.7628580871527305,
      0.7670264442594849,
      0.7717147139112571,
      0.7717147139112571,
      0.7800899248221225,
      0.7861871634881632,
      0.7861871634881632,
      0.7951990400166594,
      0.8009057677567429,
      0.8009057677567429,
      0.8017816369918496,
      0.8017816369918496,
      0.8046561652804851,
      0.8046561652804851,
      0.8082716092993234,
      0.8134418219482993,
      0.8141616571818518,
      0.8212083086980995,
      0.8212083086980995,
      0.825011160885319,
      0.825011160885319,
      0.825011160885319,
      0.825011160885319,
      0.825011160885319,
      0.825011160885319,
      0.8271051946133843,
      0.8271051946133843,
      0.8271051946133843,
      0.8271051946133843,
      0.8271051946133843,
      0.8271051946133843,
      0.8289667658734234,
      0.8322812222489954,
      0.8322812222489954,
      0.8322812222489954,
      0.8322812222489954
    ],
    "seed": 42
  },
  "winner": {
    "fitness": 0.8286771387682972,
    "mean_path_sharpe": 0.9037666666666666,
    "robustness_std": 0.25029842632789806,
    "full_decade_sharpe": 1.1023,
    "oos_sharpe": -0.4007
  },
  "static_baseline": {
    "full_decade_sharpe": 0.7109,
    "oos_sharpe": 0.0057
  },
  "deflated_sharpe": {
    "deflated_sr": -0.03800418140129591,
    "prob": 0.4495965986885112,
    "n_trials": 10100
  },
  "permutation": {
    "n": 57,
    "obs_sharpe": -0.4007,
    "portfolio_p": 0.26036981509245377,
    "marginal_p": {
      "0": 0.49375312343828087,
      "3": 0.28385807096451776,
      "4": 0.7411294352823589,
      "5": 0.12343828085957022,
      "6": 0.21389305347326337,
      "7": 0.23938030984507747,
      "8": 0.09295352323838081
    },
    "n_perm": 2000
  },
  "benjamini_hochberg": {
    "marginal_p": {
      "0": 0.49375312343828087,
      "3": 0.28385807096451776,
      "4": 0.7411294352823589,
      "5": 0.12343828085957022,
      "6": 0.21389305347326337,
      "7": 0.23938030984507747,
      "8": 0.09295352323838081
    },
    "survive": {
      "0": false,
      "3": false,
      "4": false,
      "5": false,
      "6": false,
      "7": false,
      "8": false
    },
    "n_survive": 0
  },
  "forward_gate": {
    "n": 57,
    "winner_sharpe": -0.4007,
    "static_sharpe": 0.0057,
    "non_degrade": false
  },
  "prove_gate": {
    "winner_full_decade": 1.1023,
    "full_decade_band": [
      0.68,
      0.7
    ],
    "full_decade_ok": false,
    "winner_oos": -0.4007,
    "oos_band": [
      1.17,
      1.25
    ],
    "oos_ok": false,
    "cleared": false
  }
}