,UK_US,EU_US,AU_US,US_JP
2015-01-01,,-0.26,2.64,-0.010000000000000009
2015-01-02,0.3116,-0.32,2.58,0.04999999999999999
2015-01-03,0.3116,-0.32,2.58,0.04999999999999999
2015-01-04,0.3116,-0.32,2.58,0.04999999999999999
2015-01-05,0.3135,-0.32,2.58,0.04999999999999999
2015-01-06,0.31,-0.32,2.58,0.04999999999999999
2015-01-07,0.30920000000000003,-0.32,2.58,0.04999999999999999
2015-01-08,0.3139,-0.32,2.58,0.04999999999999999
2015-01-09,0.3127,-0.32,2.58,0.04999999999999999
2015-01-10,0.3127,-0.32,2.58,0.04999999999999999
2015-01-11,0.3127,-0.32,2.58,0.04999999999999999
2015-01-12,0.3152,-0.32,2.58,0.04999999999999999
2015-01-13,0.3148,-0.32,2.58,0.04999999999999999
2015-01-14,0.3134,-0.32,2.58,0.04999999999999999
2015-01-15,0.3184,-0.32,2.58,0.04999999999999999
2015-01-16,0.3072,-0.33,2.5700000000000003,0.06
2015-01-17,0.3072,-0.33,2.5700000000000003,0.06
2015-01-18,0.3072,-0.33,2.5700000000000003,0.06
2015-01-19,0.3122,-0.33,2.5700000000000003,0.06
2015-01-20,0.3138,-0.32,2.58,0.04999999999999999
2015-01-21,0.3166,-0.32,2.58,0.04999999999999999
2015-01-22,0.3125,-0.32,2.58,0.04999999999999999
2015-01-23,0.3261,-0.32,2.58,0.04999999999999999
2015-01-24,0.3261,-0.32,2.58,0.04999999999999999
2015-01-25,0.3261,-0.32,2.58,0.04999999999999999
2015-01-26,0.3243,-0.32,2.58,0.04999999999999999
2015-01-27,0.3222,-0.31,2.5900000000000003,0.039999999999999994
2015-01-28,0.3274,-0.32,2.58,0.04999999999999999
2015-01-29,0.3307,-0.31,2.5900000000000003,0.039999999999999994
2015-01-30,0.3595,-0.26,2.64,-0.010000000000000009
2015-01-31,0.3595,-0.26,2.64,-0.010000000000000009
2015-02-01,0.3595,-0.26,2.3,-0.020000000000000004
2015-02-02,0.3243,-0.32,2.2399999999999998,0.039999999999999994
2015-02-03,0.33,-0.32,2.2399999999999998,0.039999999999999994
2015-02-04,0.3245,-0.31,2.25,0.03
2015-02-05,0.3227,-0.32,2.2399999999999998,0.039999999999999994
2015-02-06,0.3353,-0.31,2.25,0.03
2015-02-07,0.3353,-0.31,2.25,0.03
2015-02-08,0.3353,-0.31,2.25,0.03
2015-02-09,0.3227,-0.32,2.2399999999999998,0.039999999999999994
2015-02-10,0.321,-0.32,2.2399999999999998,0.039999999999999994
2015-02-11,0.3231,-0.32,2.2399999999999998,0.039999999999999994
2015-02-12,0.32230000000000003,-0.32,2.2399999999999998,0.039999999999999994
2015-02-13,0.33240000000000003,-0.32,2.2399999999999998,0.039999999999999994
2015-02-14,0.33240000000000003,-0.32,2.2399999999999998,0.039999999999999994
2015-02-15,0.33240000000000003,-0.32,2.2399999999999998,0.039999999999999994
2015-02-16,0.3362,-0.32,2.2399999999999998,0.039999999999999994
2015-02-17,0.3425,-0.32,2.2399999999999998,0.039999999999999994
2015-02-18,0.3443,-0.32,2.2399999999999998,0.039999999999999994
2015-02-19,0.3454,-0.32,2.2399999999999998,0.039999999999999994
2015-02-20,0.3368,-0.32,2.2399999999999998,0.039999999999999994
2015-02-21,0.3368,-0.32,2.2399999999999998,0.039999999999999994
2015-02-22,0.3368,-0.32,2.2399999999999998,0.039999999999999994
2015-02-23,0.3405,-0.31,2.25,0.03
2015-02-24,0.3498,-0.31,2.25,0.03
2015-02-25,0.3474,-0.31,2.25,0.03
2015-02-26,0.3569,-0.31,2.25,0.03
2015-02-27,0.3842,-0.26,2.3,-0.020000000000000004
2015-02-28,0.3842,-0.26,2.3,-0.020000000000000004
2015-03-01,0.3842,-0.26,2.2399999999999998,-0.010000000000000009
2015-03-02,0.3439,-0.32,2.1799999999999997,0.04999999999999999
2015-03-03,0.3405,-0.32,2.1799999999999997,0.04999999999999999
2015-03-04,0.34750000000000003,-0.31,2.19,0.039999999999999994
2015-03-05,0.3528,-0.31,2.19,0.039999999999999994
2015-03-06,0.3376,-0.32,2.1799999999999997,0.04999999999999999
2015-03-07,0.3376,-0.32,2.1799999999999997,0.04999999999999999
2015-03-08,0.3376,-0.32,2.1799999999999997,0.04999999999999999
2015-03-09,0.3427,-0.32,2.1799999999999997,0.04999999999999999
2015-03-10,0.3389,-0.32,2.1799999999999997,0.04999999999999999
2015-03-11,0.34590000000000004,-0.31,2.19,0.039999999999999994
2015-03-12,0.3421,-0.31,2.19,0.039999999999999994
2015-03-13,0.34290000000000004,-0.31,2.19,0.039999999999999994
2015-03-14,0.34290000000000004,-0.31,2.19,0.039999999999999994
2015-03-15,0.34290000000000004,-0.31,2.19,0.039999999999999994
2015-03-16,0.3296,-0.32,2.1799999999999997,0.04999999999999999
2015-03-17,0.332,-0.32,2.1799999999999997,0.04999999999999999
2015-03-18,0.3507,-0.31,2.19,0.039999999999999994
2015-03-19,0.337,-0.32,2.1799999999999997,0.04999999999999999
2015-03-20,0.3399,-0.32,2.1799999999999997,0.04999999999999999
2015-03-21,0.3399,-0.32,2.1799999999999997,0.04999999999999999
2015-03-22,0.3399,-0.32,2.1799999999999997,0.04999999999999999
2015-03-23,0.3407,-0.32,2.1799999999999997,0.04999999999999999
2015-03-24,0.35400000000000004,-0.31,2.19,0.039999999999999994
2015-03-25,0.3386,-0.32,2.1799999999999997,0.04999999999999999
2015-03-26,0.34540000000000004,-0.31,2.19,0.039999999999999994
2015-03-27,0.3437,-0.32,2.1799999999999997,0.04999999999999999
2015-03-28,0.3437,-0.32,2.1799999999999997,0.04999999999999999
2015-03-29,0.3437,-0.32,2.1799999999999997,0.04999999999999999
2015-03-30,0.3415,-0.32,2.1799999999999997,0.04999999999999999
2015-03-31,0.3617,-0.26,2.2399999999999998,-0.010000000000000009
2015-04-01,0.3373,-0.32,2.13,0.06
2015-04-02,0.3355,-0.32,2.13,0.06
2015-04-03,0.3355,-0.32,2.13,0.06
2015-04-04,0.3355,-0.32,2.13,0.06
2015-04-05,0.3355,-0.32,2.13,0.06
2015-04-06,0.3255,-0.33,2.12,0.07
2015-04-07,0.3361,-0.32,2.13,0.06
2015-04-08,0.3341,-0.32,2.13,0.06
2015-04-09,0.3326,-0.32,2.13,0.06
2015-04-10,0.3347,-0.32,2.13,0.06
2015-04-11,0.3347,-0.32,2.13,0.06
2015-04-12,0.3347,-0.32,2.13,0.06
2015-04-13,0.3237,-0.33,2.12,0.07
2015-04-14,0.3275,-0.33,2.12,0.07
2015-04-15,0.3277,-0.33,2.12,0.07
2015-04-16,0.3301,-0.33,2.12,0.07
2015-04-17,0.33089999999999997,-0.33,2.12,0.07
2015-04-18,0.33089999999999997,-0.33,2.12,0.07
2015-04-19,0.33089999999999997,-0.33,2.12,0.07
2015-04-20,0.3247,-0.33,2.12,0.07
2015-04-21,0.3293,-0.33,2.12,0.07
2015-04-22,0.329,-0.33,2.12,0.07
2015-04-23,0.3285,-0.33,2.12,0.07
2015-04-24,0.331,-0.33,2.12,0.07
2015-04-25,0.331,-0.33,2.12,0.07
2015-04-26,0.331,-0.33,2.12,0.07
2015-04-27,0.3351,-0.33,2.12,0.07
2015-04-28,0.3266,-0.33,2.12,0.07
2015-04-29,0.3308,-0.33,2.12,0.07
2015-04-30,0.3729,-0.28,2.17,0.020000000000000004
2015-05-01,0.3323,-0.33,2.02,0.06
2015-05-02,0.3323,-0.33,2.02,0.06
2015-05-03,0.3323,-0.33,2.02,0.06
2015-05-04,0.3323,-0.33,2.02,0.06
2015-05-05,0.3355,-0.33,2.02,0.06
2015-05-06,0.3332,-0.33,2.02,0.06
2015-05-07,0.3311,-0.33,2.02,0.06
2015-05-08,0.3321,-0.33,2.02,0.06
2015-05-09,0.3321,-0.33,2.02,0.06
2015-05-10,0.3321,-0.33,2.02,0.06
2015-05-11,0.3283,-0.33,2.02,0.06
2015-05-12,0.331,-0.33,2.02,0.06
2015-05-13,0.3313,-0.33,2.02,0.06
2015-05-14,0.3315,-0.33,2.02,0.06
2015-05-15,0.3305,-0.33,2.02,0.06
2015-05-16,0.3305,-0.33,2.02,0.06
2015-05-17,0.3305,-0.33,2.02,0.06
2015-05-18,0.3305,-0.33,2.02,0.06
2015-05-19,0.3444,-0.32,2.03,0.04999999999999999
2015-05-20,0.3461,-0.32,2.03,0.04999999999999999
2015-05-21,0.3396,-0.32,2.03,0.04999999999999999
2015-05-22,0.33999999999999997,-0.33,2.02,0.06
2015-05-23,0.33999999999999997,-0.33,2.02,0.06
2015-05-24,0.33999999999999997,-0.33,2.02,0.06
2015-05-25,0.33999999999999997,-0.33,2.02,0.06
2015-05-26,0.3424,-0.32,2.03,0.04999999999999999
2015-05-27,0.3429,-0.32,2.03,0.04999999999999999
2015-05-28,0.3438,-0.32,2.03,0.04999999999999999
2015-05-29,0.3706,-0.28,2.07,0.009999999999999995
2015-05-30,0.3706,-0.28,2.07,0.009999999999999995
2015-05-31,0.3706,-0.28,2.07,0.009999999999999995
2015-06-01,0.3403,-0.32,2.03,0.04999999999999999
2015-06-02,0.33540000000000003,-0.32,2.03,0.04999999999999999
2015-06-03,0.3302,-0.33,2.02,0.06
2015-06-04,0.3325,-0.33,2.02,0.06
2015-06-05,0.3292,-0.33,2.02,0.06
2015-06-06,0.3292,-0.33,2.02,0.06
2015-06-07,0.3292,-0.33,2.02,0.06
2015-06-08,0.32989999999999997,-0.33,2.02,0.06
2015-06-09,0.3293,-0.33,2.02,0.06
2015-06-10,0.3339,-0.33,2.02,0.06
2015-06-11,0.3321,-0.33,2.02,0.06
2015-06-12,0.3296,-0.33,2.02,0.06
2015-06-13,0.3296,-0.33,2.02,0.06
2015-06-14,0.3296,-0.33,2.02,0.06
2015-06-15,0.3287,-0.33,2.02,0.06
2015-06-16,0.3226,-0.34,2.01,0.07
2015-06-17,0.3213,-0.34,2.01,0.07
2015-06-18,0.3203,-0.34,2.01,0.07
2015-06-19,0.32839999999999997,-0.33,2.02,0.06
2015-06-20,0.32839999999999997,-0.33,2.02,0.06
2015-06-21,0.32839999999999997,-0.33,2.02,0.06
2015-06-22,0.3302,-0.33,2.02,0.06
2015-06-23,0.3313,-0.33,2.02,0.06
2015-06-24,0.3261,-0.33,2.02,0.06
2015-06-25,0.3273,-0.33,2.02,0.06
2015-06-26,0.3277,-0.33,2.02,0.06
2015-06-27,0.3277,-0.33,2.02,0.06
2015-06-28,0.3277,-0.33,2.02,0.06
2015-06-29,0.3151,-0.34,2.01,0.07
2015-06-30,0.3147,-0.28,2.07,0.009999999999999995
2015-07-01,0.3281,-0.33,2.0100000000000002,0.06
2015-07-02,0.3228,-0.33,2.0100000000000002,0.06
2015-07-03,0.32639999999999997,-0.33,2.0100000000000002,0.06
2015-07-04,0.32639999999999997,-0.33,2.0100000000000002,0.06
2015-07-05,0.32639999999999997,-0.33,2.0100000000000002,0.06
2015-07-06,0.3215,-0.33,2.0100000000000002,0.06
2015-07-07,0.3239,-0.33,2.0100000000000002,0.06
2015-07-08,0.327,-0.33,2.0100000000000002,0.06
2015-07-09,0.3249,-0.33,2.0100000000000002,0.06
2015-07-10,0.3225,-0.33,2.0100000000000002,0.06
2015-07-11,0.3225,-0.33,2.0100000000000002,0.06
2015-07-12,0.3225,-0.33,2.0100000000000002,0.06
2015-07-13,0.3221,-0.33,2.0100000000000002,0.06
2015-07-14,0.3245,-0.33,2.0100000000000002,0.06
2015-07-15,0.3261,-0.33,2.0100000000000002,0.06
2015-07-16,0.31779999999999997,-0.34,2.0,0.07
2015-07-17,0.327,-0.33,2.0100000000000002,0.06
2015-07-18,0.327,-0.33,2.0100000000000002,0.06
2015-07-19,0.327,-0.33,2.0100000000000002,0.06
2015-07-20,0.3166,-0.34,2.0,0.07
2015-07-21,0.3297,-0.33,2.0100000000000002,0.06
2015-07-22,0.3224,-0.33,2.0100000000000002,0.06
2015-07-23,0.3248,-0.33,2.0100000000000002,0.06
2015-07-24,0.3235,-0.33,2.0100000000000002,0.06
2015-07-25,0.3235,-0.33,2.0100000000000002,0.06
2015-07-26,0.3235,-0.33,2.0100000000000002,0.06
2015-07-27,0.3136,-0.34,2.0,0.07
2015-07-28,0.31629999999999997,-0.34,2.0,0.07
2015-07-29,0.3151,-0.34,2.0,0.07
2015-07-30,0.3171,-0.34,2.0,0.07
2015-07-31,0.3681,-0.28,2.06,0.009999999999999995
2015-08-01,0.3681,-0.28,2.06,0.0
2015-08-02,0.3681,-0.28,2.06,0.0
2015-08-03,0.31729999999999997,-0.34,2.0,0.06000000000000001
2015-08-04,0.3175,-0.34,2.0,0.06000000000000001
2015-08-05,0.31629999999999997,-0.34,2.0,0.06000000000000001
2015-08-06,0.3191,-0.34,2.0,0.06000000000000001
2015-08-07,0.31939999999999996,-0.34,2.0,0.06000000000000001
2015-08-08,0.31939999999999996,-0.34,2.0,0.06000000000000001
2015-08-09,0.31939999999999996,-0.34,2.0,0.06000000000000001
2015-08-10,0.319,-0.34,2.0,0.06000000000000001
2015-08-11,0.3107,-0.35,1.9900000000000002,0.06999999999999999
2015-08-12,0.30889999999999995,-0.35,1.9900000000000002,0.06999999999999999
2015-08-13,0.3087,-0.35,1.9900000000000002,0.06999999999999999
2015-08-14,0.3213,-0.34,2.0,0.06000000000000001
2015-08-15,0.3213,-0.34,2.0,0.06000000000000001
2015-08-16,0.3213,-0.34,2.0,0.06000000000000001
2015-08-17,0.3114,-0.35,1.9900000000000002,0.06999999999999999
2015-08-18,0.3025,-0.35,1.9900000000000002,0.06999999999999999
2015-08-19,0.30500000000000005,-0.35,1.9900000000000002,0.06999999999999999
2015-08-20,0.3107,-0.35,1.9900000000000002,0.06999999999999999
2015-08-21,0.31279999999999997,-0.35,1.9900000000000002,0.06999999999999999
2015-08-22,0.31279999999999997,-0.35,1.9900000000000002,0.06999999999999999
2015-08-23,0.31279999999999997,-0.35,1.9900000000000002,0.06999999999999999
2015-08-24,0.31120000000000003,-0.35,1.9900000000000002,0.06999999999999999
2015-08-25,0.31120000000000003,-0.35,1.9900000000000002,0.06999999999999999
2015-08-26,0.3238,-0.34,2.0,0.06000000000000001
2015-08-27,0.32039999999999996,-0.34,2.0,0.06000000000000001
2015-08-28,0.3126,-0.34,2.0,0.06000000000000001
2015-08-29,0.3126,-0.34,2.0,0.06000000000000001
2015-08-30,0.3126,-0.34,2.0,0.06000000000000001
2015-08-31,0.3726,-0.28,2.06,0.0
2015-09-01,0.3186,-0.34,2.03,0.07
2015-09-02,0.31939999999999996,-0.34,2.03,0.07
2015-09-03,0.31789999999999996,-0.34,2.03,0.07
2015-09-04,0.3111,-0.34,2.03,0.07
2015-09-05,0.3111,-0.34,2.03,0.07
2015-09-06,0.3111,-0.34,2.03,0.07
2015-09-07,0.3191,-0.34,2.03,0.07
2015-09-08,0.3136,-0.34,2.03,0.07
2015-09-09,0.32189999999999996,-0.34,2.03,0.07
2015-09-10,0.3241,-0.34,2.03,0.07
2015-09-11,0.3236,-0.34,2.03,0.07
2015-09-12,0.3236,-0.34,2.03,0.07
2015-09-13,0.3236,-0.34,2.03,0.07
2015-09-14,0.3206,-0.34,2.03,0.07
2015-09-15,0.31529999999999997,-0.34,2.03,0.07
2015-09-16,0.31279999999999997,-0.34,2.03,0.07
2015-09-17,0.31479999999999997,-0.34,2.03,0.07
2015-09-18,0.3182,-0.34,2.03,0.07
2015-09-19,0.3182,-0.34,2.03,0.07
2015-09-20,0.3182,-0.34,2.03,0.07
2015-09-21,0.3272,-0.34,2.03,0.07
2015-09-22,0.323,-0.34,2.03,0.07
2015-09-23,0.322,-0.34,2.03,0.07
2015-09-24,0.3215,-0.34,2.03,0.07
2015-09-25,0.3315,-0.33,2.04,0.06
2015-09-26,0.3315,-0.33,2.04,0.06
2015-09-27,0.3315,-0.33,2.04,0.06
2015-09-28,0.32839999999999997,-0.33,2.04,0.06
2015-09-29,0.3297,-0.33,2.04,0.06
2015-09-30,0.2818,-0.27,2.1,0.0
2015-10-01,0.3296,-0.33,2.02,0.05
2015-10-02,0.32989999999999997,-0.33,2.02,0.05
2015-10-03,0.32989999999999997,-0.33,2.02,0.05
2015-10-04,0.32989999999999997,-0.33,2.02,0.05
2015-10-05,0.3291,-0.33,2.02,0.05
2015-10-06,0.335,-0.33,2.02,0.05
2015-10-07,0.3321,-0.33,2.02,0.05
2015-10-08,0.3429,-0.33,2.02,0.05
2015-10-09,0.3392,-0.33,2.02,0.05
2015-10-10,0.3392,-0.33,2.02,0.05
2015-10-11,0.3392,-0.33,2.02,0.05
2015-10-12,0.3406,-0.33,2.02,0.05
2015-10-13,0.3277,-0.33,2.02,0.05
2015-10-14,0.3283,-0.33,2.02,0.05
2015-10-15,0.3303,-0.33,2.02,0.05
2015-10-16,0.3313,-0.33,2.02,0.05
2015-10-17,0.3313,-0.33,2.02,0.05
2015-10-18,0.3313,-0.33,2.02,0.05
2015-10-19,0.3342,-0.33,2.02,0.05
2015-10-20,0.3319,-0.33,2.02,0.05
2015-10-21,0.335,-0.33,2.02,0.05
2015-10-22,0.3449,-0.32,2.03,0.039999999999999994
2015-10-23,0.3403,-0.32,2.03,0.039999999999999994
2015-10-24,0.3403,-0.32,2.03,0.039999999999999994
2015-10-25,0.3403,-0.32,2.03,0.039999999999999994
2015-10-26,0.342,-0.32,2.03,0.039999999999999994
2015-10-27,0.3433,-0.32,2.03,0.039999999999999994
2015-10-28,0.34,-0.32,2.03,0.039999999999999994
2015-10-29,0.3417,-0.32,2.03,0.039999999999999994
2015-10-30,0.3782,-0.27,2.08,-0.009999999999999995
2015-10-31,0.3782,-0.27,2.08,-0.009999999999999995
2015-11-01,0.3782,-0.27,2.1500000000000004,-0.009999999999999995
2015-11-02,0.3438,-0.32,2.1,0.039999999999999994
2015-11-03,0.3429,-0.32,2.1,0.039999999999999994
2015-11-04,0.3441,-0.32,2.1,0.039999999999999994
2015-11-05,0.3446,-0.32,2.1,0.039999999999999994
2015-11-06,0.3433,-0.32,2.1,0.039999999999999994
2015-11-07,0.3433,-0.32,2.1,0.039999999999999994
2015-11-08,0.3433,-0.32,2.1,0.039999999999999994
2015-11-09,0.34400000000000003,-0.32,2.1,0.039999999999999994
2015-11-10,0.3467,-0.32,2.1,0.039999999999999994
2015-11-11,0.3441,-0.32,2.1,0.039999999999999994
2015-11-12,0.3411,-0.32,2.1,0.039999999999999994
2015-11-13,0.3442,-0.32,2.1,0.039999999999999994
2015-11-14,0.3442,-0.32,2.1,0.039999999999999994
2015-11-15,0.3442,-0.32,2.1,0.039999999999999994
2015-11-16,0.3325,-0.33,2.0900000000000003,0.05
2015-11-17,0.3328,-0.33,2.0900000000000003,0.05
2015-11-18,0.3439,-0.32,2.1,0.039999999999999994
2015-11-19,0.3434,-0.32,2.1,0.039999999999999994
2015-11-20,0.3427,-0.32,2.1,0.039999999999999994
2015-11-21,0.3427,-0.32,2.1,0.039999999999999994
2015-11-22,0.3427,-0.32,2.1,0.039999999999999994
2015-11-23,0.3435,-0.32,2.1,0.039999999999999994
2015-11-24,0.3428,-0.32,2.1,0.039999999999999994
2015-11-25,0.3461,-0.32,2.1,0.039999999999999994
2015-11-26,0.3421,-0.32,2.1,0.039999999999999994
2015-11-27,0.3523,-0.32,2.1,0.039999999999999994
2015-11-28,0.3523,-0.32,2.1,0.039999999999999994
2015-11-29,0.3523,-0.32,2.1,0.039999999999999994
2015-11-30,0.3739,-0.28,2.14,0.0
2015-12-01,0.3317,-0.33,2.21,0.06
2015-12-02,0.3338,-0.33,2.21,0.06
2015-12-03,0.3326,-0.33,2.21,0.06
2015-12-04,0.3322,-0.33,2.21,0.06
2015-12-05,0.3322,-0.33,2.21,0.06
2015-12-06,0.3322,-0.33,2.21,0.06
2015-12-07,0.34149999999999997,-0.33,2.21,0.06
2015-12-08,0.3315,-0.33,2.21,0.06
2015-12-09,0.3238,-0.44,2.1999999999999997,0.07
2015-12-10,0.3213,-0.44,2.1999999999999997,0.07
2015-12-11,0.3223,-0.44,2.1999999999999997,0.07
2015-12-12,0.3223,-0.44,2.1999999999999997,0.07
2015-12-13,0.3223,-0.44,2.1999999999999997,0.07
2015-12-14,0.31420000000000003,-0.44999999999999996,2.19,0.07999999999999999
2015-12-15,0.3114,-0.44999999999999996,2.19,0.07999999999999999
2015-12-16,0.3144,-0.44999999999999996,2.19,0.07999999999999999
2015-12-17,0.09289999999999998,-0.6699999999999999,1.9699999999999998,0.3
2015-12-18,0.0973,-0.6699999999999999,1.9699999999999998,0.3
2015-12-19,0.0973,-0.6699999999999999,1.9699999999999998,0.3
2015-12-20,0.0973,-0.6699999999999999,1.9699999999999998,0.3
2015-12-21,0.10189999999999999,-0.6599999999999999,1.98,0.29
2015-12-22,0.10170000000000001,-0.6599999999999999,1.98,0.29
2015-12-23,0.10070000000000001,-0.6599999999999999,1.98,0.29
2015-12-24,0.10039999999999999,-0.6599999999999999,1.98,0.29
2015-12-25,0.10039999999999999,-0.6599999999999999,1.98,0.29
2015-12-26,0.10039999999999999,-0.6599999999999999,1.98,0.29
2015-12-27,0.10039999999999999,-0.6599999999999999,1.98,0.29
2015-12-28,0.10039999999999999,-0.6599999999999999,1.98,0.29
2015-12-29,0.1018,-0.6599999999999999,1.98,0.29
2015-12-30,0.11180000000000001,-0.6499999999999999,1.9899999999999998,0.27999999999999997
2015-12-31,0.14749999999999996,-0.5,2.1399999999999997,0.13
2016-01-01,0.14749999999999996,-0.5,2.0999999999999996,0.13
2016-01-02,0.14749999999999996,-0.5,2.0999999999999996,0.13
2016-01-03,0.14749999999999996,-0.5,2.0999999999999996,0.13
2016-01-04,0.1048,-0.6599999999999999,1.94,0.29
2016-01-05,0.10760000000000003,-0.6599999999999999,1.94,0.29
2016-01-06,0.11170000000000002,-0.6599999999999999,1.94,0.29
2016-01-07,0.1068,-0.6599999999999999,1.94,0.29
2016-01-08,0.10600000000000004,-0.6599999999999999,1.94,0.29
2016-01-09,0.10600000000000004,-0.6599999999999999,1.94,0.29
2016-01-10,0.10600000000000004,-0.6599999999999999,1.94,0.29
2016-01-11,0.1038,-0.6599999999999999,1.94,0.29
2016-01-12,0.10360000000000003,-0.6599999999999999,1.94,0.29
2016-01-13,0.10360000000000003,-0.6599999999999999,1.94,0.29
2016-01-14,0.10350000000000004,-0.6599999999999999,1.94,0.29
2016-01-15,0.10800000000000004,-0.6599999999999999,1.94,0.29
2016-01-16,0.10800000000000004,-0.6599999999999999,1.94,0.29
2016-01-17,0.10800000000000004,-0.6599999999999999,1.94,0.29
2016-01-18,0.10439999999999999,-0.6599999999999999,1.94,0.29
2016-01-19,0.10320000000000001,-0.6599999999999999,1.94,0.29
2016-01-20,0.0938,-0.6699999999999999,1.9299999999999997,0.3
2016-01-21,0.0993,-0.6699999999999999,1.9299999999999997,0.3
2016-01-22,0.09160000000000001,-0.6799999999999999,1.92,0.31
2016-01-23,0.09160000000000001,-0.6799999999999999,1.92,0.31
2016-01-24,0.09160000000000001,-0.6799999999999999,1.92,0.31
2016-01-25,0.09199999999999997,-0.6799999999999999,1.92,0.31
2016-01-26,0.08689999999999998,-0.6799999999999999,1.92,0.31
2016-01-27,0.08800000000000002,-0.6799999999999999,1.92,0.31
2016-01-28,0.08679999999999999,-0.6799999999999999,1.92,0.31
2016-01-29,0.1617,-0.59,2.01,0.21999999999999997
2016-01-30,0.1617,-0.59,2.01,0.21999999999999997
2016-01-31,0.1617,-0.59,2.01,0.21999999999999997
2016-02-01,0.08600000000000002,-0.6799999999999999,1.9,0.35
2016-02-02,0.08629999999999999,-0.6799999999999999,1.9,0.35
2016-02-03,0.08710000000000001,-0.6799999999999999,1.9,0.35
2016-02-04,0.08860000000000001,-0.6799999999999999,1.9,0.35
2016-02-05,0.0872,-0.6799999999999999,1.9,0.35
2016-02-06,0.0872,-0.6799999999999999,1.9,0.35
2016-02-07,0.0872,-0.6799999999999999,1.9,0.35
2016-02-08,0.08739999999999998,-0.6799999999999999,1.9,0.35
2016-02-09,0.08710000000000001,-0.6799999999999999,1.9,0.35
2016-02-10,0.08660000000000001,-0.6799999999999999,1.9,0.35
2016-02-11,0.08700000000000002,-0.6799999999999999,1.9,0.35
2016-02-12,0.08779999999999999,-0.6799999999999999,1.9,0.35
2016-02-13,0.08779999999999999,-0.6799999999999999,1.9,0.35
2016-02-14,0.08779999999999999,-0.6799999999999999,1.9,0.35
2016-02-15,0.08689999999999998,-0.6799999999999999,1.9,0.35
2016-02-16,0.09199999999999997,-0.6799999999999999,1.9,0.35
2016-02-17,0.0927,-0.6699999999999999,1.9099999999999997,0.33999999999999997
2016-02-18,0.08179999999999998,-0.6799999999999999,1.9,0.35
2016-02-19,0.08239999999999997,-0.6799999999999999,1.9,0.35
2016-02-20,0.08239999999999997,-0.6799999999999999,1.9,0.35
2016-02-21,0.08239999999999997,-0.6799999999999999,1.9,0.35
2016-02-22,0.08679999999999999,-0.6799999999999999,1.9,0.35
2016-02-23,0.08079999999999998,-0.6799999999999999,1.9,0.35
2016-02-24,0.0837,-0.6799999999999999,1.9,0.35
2016-02-25,0.0932,-0.6699999999999999,1.9099999999999997,0.33999999999999997
2016-02-26,0.1028,-0.6699999999999999,1.9099999999999997,0.33999999999999997
2016-02-27,0.1028,-0.6699999999999999,1.9099999999999997,0.33999999999999997
2016-02-28,0.1028,-0.6699999999999999,1.9099999999999997,0.33999999999999997
2016-02-29,0.16450000000000004,-0.59,1.9899999999999998,0.26
2016-03-01,0.10720000000000002,-0.6599999999999999,1.9500000000000002,0.363
2016-03-02,0.09600000000000003,-0.6699999999999999,1.94,0.373
2016-03-03,0.09660000000000002,-0.6699999999999999,1.94,0.373
2016-03-04,0.11120000000000002,-0.6599999999999999,1.9500000000000002,0.363
2016-03-05,0.11120000000000002,-0.6599999999999999,1.9500000000000002,0.363
2016-03-06,0.11120000000000002,-0.6599999999999999,1.9500000000000002,0.363
2016-03-07,0.10880000000000001,-0.6599999999999999,1.9500000000000002,0.363
2016-03-08,0.10660000000000003,-0.6599999999999999,1.9500000000000002,0.363
2016-03-09,0.10650000000000004,-0.6599999999999999,1.9500000000000002,0.363
2016-03-10,0.10810000000000003,-0.6599999999999999,1.9500000000000002,0.363
2016-03-11,0.11199999999999999,-0.6599999999999999,1.9500000000000002,0.363
2016-03-12,0.11199999999999999,-0.6599999999999999,1.9500000000000002,0.363
2016-03-13,0.11199999999999999,-0.6599999999999999,1.9500000000000002,0.363
2016-03-14,0.1089,-0.6599999999999999,1.9500000000000002,0.363
2016-03-15,0.09600000000000003,-0.6699999999999999,1.94,0.373
2016-03-16,0.09700000000000003,-0.77,1.94,0.373
2016-03-17,0.09360000000000002,-0.77,1.94,0.373
2016-03-18,0.09639999999999999,-0.77,1.94,0.373
2016-03-19,0.09639999999999999,-0.77,1.94,0.373
2016-03-20,0.09639999999999999,-0.77,1.94,0.373
2016-03-21,0.09850000000000003,-0.77,1.94,0.373
2016-03-22,0.09400000000000003,-0.77,1.94,0.373
2016-03-23,0.09939999999999999,-0.77,1.94,0.373
2016-03-24,0.09789999999999999,-0.77,1.94,0.373
2016-03-25,0.09789999999999999,-0.77,1.94,0.373
2016-03-26,0.09789999999999999,-0.77,1.94,0.373
2016-03-27,0.09789999999999999,-0.77,1.94,0.373
2016-03-28,0.09789999999999999,-0.77,1.94,0.373
2016-03-29,0.09560000000000002,-0.77,1.94,0.373
2016-03-30,0.0938,-0.77,1.94,0.373
2016-03-31,0.1628,-0.65,2.06,0.253
2016-04-01,0.09510000000000002,-0.77,1.8899999999999997,0.40599999999999997
2016-04-02,0.09510000000000002,-0.77,1.8899999999999997,0.40599999999999997
2016-04-03,0.09510000000000002,-0.77,1.8899999999999997,0.40599999999999997
2016-04-04,0.0932,-0.77,1.8899999999999997,0.40599999999999997
2016-04-05,0.09689999999999999,-0.77,1.8899999999999997,0.40599999999999997
2016-04-06,0.09660000000000002,-0.77,1.8899999999999997,0.40599999999999997
2016-04-07,0.0943,-0.77,1.8899999999999997,0.40599999999999997
2016-04-08,0.09600000000000003,-0.77,1.8899999999999997,0.40599999999999997
2016-04-09,0.09600000000000003,-0.77,1.8899999999999997,0.40599999999999997
2016-04-10,0.09600000000000003,-0.77,1.8899999999999997,0.40599999999999997
2016-04-11,0.09650000000000003,-0.77,1.8899999999999997,0.40599999999999997
2016-04-12,0.10220000000000001,-0.77,1.8899999999999997,0.40599999999999997
2016-04-13,0.09960000000000002,-0.77,1.8899999999999997,0.40599999999999997
2016-04-14,0.10170000000000001,-0.77,1.8899999999999997,0.40599999999999997
2016-04-15,0.10189999999999999,-0.77,1.8899999999999997,0.40599999999999997
2016-04-16,0.10189999999999999,-0.77,1.8899999999999997,0.40599999999999997
2016-04-17,0.10189999999999999,-0.77,1.8899999999999997,0.40599999999999997
2016-04-18,0.09989999999999999,-0.77,1.8899999999999997,0.40599999999999997
2016-04-19,0.10060000000000002,-0.77,1.8899999999999997,0.40599999999999997
2016-04-20,0.09460000000000002,-0.77,1.8899999999999997,0.40599999999999997
2016-04-21,0.09410000000000002,-0.77,1.8899999999999997,0.40599999999999997
2016-04-22,0.10110000000000002,-0.77,1.8899999999999997,0.40599999999999997
2016-04-23,0.10110000000000002,-0.77,1.8899999999999997,0.40599999999999997
2016-04-24,0.10110000000000002,-0.77,1.8899999999999997,0.40599999999999997
2016-04-25,0.09789999999999999,-0.77,1.8899999999999997,0.40599999999999997
2016-04-26,0.09129999999999999,-0.77,1.8899999999999997,0.40599999999999997
2016-04-27,0.08939999999999998,-0.77,1.8899999999999997,0.40599999999999997
2016-04-28,0.09160000000000001,-0.77,1.8899999999999997,0.40599999999999997
2016-04-29,0.15839999999999999,-0.7,1.9599999999999997,0.33599999999999997
2016-04-30,0.15839999999999999,-0.7,1.9599999999999997,0.33599999999999997
2016-05-01,0.15839999999999999,-0.7,1.7,0.359
2016-05-02,0.08839999999999998,-0.77,1.63,0.429
2016-05-03,0.09089999999999998,-0.77,1.63,0.429
2016-05-04,0.10070000000000001,-0.77,1.63,0.429
2016-05-05,0.09189999999999998,-0.77,1.63,0.429
2016-05-06,0.09310000000000002,-0.77,1.63,0.429
2016-05-07,0.09310000000000002,-0.77,1.63,0.429
2016-05-08,0.09310000000000002,-0.77,1.63,0.429
2016-05-09,0.09300000000000003,-0.77,1.63,0.429
2016-05-10,0.09060000000000001,-0.77,1.63,0.429
2016-05-11,0.09089999999999998,-0.77,1.63,0.429
2016-05-12,0.09100000000000003,-0.77,1.63,0.429
2016-05-13,0.09350000000000003,-0.77,1.63,0.429
2016-05-14,0.09350000000000003,-0.77,1.63,0.429
2016-05-15,0.09350000000000003,-0.77,1.63,0.429
2016-05-16,0.0933,-0.77,1.63,0.429
2016-05-17,0.09289999999999998,-0.77,1.63,0.429
2016-05-18,0.0948,-0.77,1.63,0.429
2016-05-19,0.09489999999999998,-0.77,1.63,0.429
2016-05-20,0.0942,-0.77,1.63,0.429
2016-05-21,0.0942,-0.77,1.63,0.429
2016-05-22,0.0942,-0.77,1.63,0.429
2016-05-23,0.0923,-0.77,1.63,0.429
2016-05-24,0.09689999999999999,-0.77,1.63,0.429
2016-05-25,0.09510000000000002,-0.77,1.63,0.429
2016-05-26,0.0953,-0.77,1.63,0.429
2016-05-27,0.09660000000000002,-0.77,1.63,0.429
2016-05-28,0.09660000000000002,-0.77,1.63,0.429
2016-05-29,0.09660000000000002,-0.77,1.63,0.429
2016-05-30,0.09660000000000002,-0.77,1.63,0.429
2016-05-31,0.1642,-0.69,1.71,0.349
2016-06-01,0.0933,-0.77,1.62,0.425
2016-06-02,0.09100000000000003,-0.77,1.62,0.425
2016-06-03,0.09510000000000002,-0.77,1.62,0.425
2016-06-04,0.09510000000000002,-0.77,1.62,0.425
2016-06-05,0.09510000000000002,-0.77,1.62,0.425
2016-06-06,0.09239999999999998,-0.77,1.62,0.425
2016-06-07,0.0932,-0.77,1.62,0.425
2016-06-08,0.0907,-0.77,1.62,0.425
2016-06-09,0.0912,-0.77,1.62,0.425
2016-06-10,0.0907,-0.77,1.62,0.425
2016-06-11,0.0907,-0.77,1.62,0.425
2016-06-12,0.0907,-0.77,1.62,0.425
2016-06-13,0.08779999999999999,-0.77,1.62,0.425
2016-06-14,0.08929999999999999,-0.77,1.62,0.425
2016-06-15,0.0897,-0.77,1.62,0.425
2016-06-16,0.08400000000000002,-0.78,1.6099999999999999,0.435
2016-06-17,0.08129999999999998,-0.78,1.6099999999999999,0.435
2016-06-18,0.08129999999999998,-0.78,1.6099999999999999,0.435
2016-06-19,0.08129999999999998,-0.78,1.6099999999999999,0.435
2016-06-20,0.08039999999999997,-0.78,1.6099999999999999,0.435
2016-06-21,0.07889999999999997,-0.78,1.6099999999999999,0.435
2016-06-22,0.08179999999999998,-0.78,1.6099999999999999,0.435
2016-06-23,0.07039999999999996,-0.79,1.6,0.445
2016-06-24,0.058099999999999985,-0.8,1.5899999999999999,0.455
2016-06-25,0.058099999999999985,-0.8,1.5899999999999999,0.455
2016-06-26,0.058099999999999985,-0.8,1.5899999999999999,0.455
2016-06-27,0.0484,-0.81,1.58,0.46499999999999997
2016-06-28,0.04850000000000004,-0.81,1.58,0.46499999999999997
2016-06-29,0.0469,-0.81,1.58,0.46499999999999997
2016-06-30,0.1416,-0.7,1.69,0.355
2016-07-01,0.05350000000000005,-0.81,1.52,0.45299999999999996
2016-07-02,0.05350000000000005,-0.81,1.52,0.45299999999999996
2016-07-03,0.05350000000000005,-0.81,1.52,0.45299999999999996
2016-07-04,0.05550000000000005,-0.81,1.52,0.45299999999999996
2016-07-05,0.06009999999999999,-0.8,1.5299999999999998,0.443
2016-07-06,0.060799999999999965,-0.8,1.5299999999999998,0.443
2016-07-07,0.06119999999999998,-0.8,1.5299999999999998,0.443
2016-07-08,0.061,-0.8,1.5299999999999998,0.443
2016-07-09,0.061,-0.8,1.5299999999999998,0.443
2016-07-10,0.061,-0.8,1.5299999999999998,0.443
2016-07-11,0.060299999999999965,-0.8,1.5299999999999998,0.443
2016-07-12,0.059799999999999964,-0.8,1.5299999999999998,0.443
2016-07-13,0.059299999999999964,-0.8,1.5299999999999998,0.443
2016-07-14,-0.0046000000000000485,-0.8,1.5299999999999998,0.443
2016-07-15,0.06659999999999999,-0.8,1.5299999999999998,0.443
2016-07-16,0.06659999999999999,-0.8,1.5299999999999998,0.443
2016-07-17,0.06659999999999999,-0.8,1.5299999999999998,0.443
2016-07-18,0.06169999999999998,-0.8,1.5299999999999998,0.443
2016-07-19,0.058099999999999985,-0.8,1.5299999999999998,0.443
2016-07-20,0.0615,-0.8,1.5299999999999998,0.443
2016-07-21,0.06709999999999999,-0.8,1.5299999999999998,0.443
2016-07-22,0.06319999999999998,-0.8,1.5299999999999998,0.443
2016-07-23,0.06319999999999998,-0.8,1.5299999999999998,0.443
2016-07-24,0.06319999999999998,-0.8,1.5299999999999998,0.443
2016-07-25,0.056499999999999995,-0.8,1.5299999999999998,0.443
2016-07-26,0.060299999999999965,-0.8,1.5299999999999998,0.443
2016-07-27,0.05889999999999995,-0.8,1.5299999999999998,0.443
2016-07-28,0.057499999999999996,-0.8,1.5299999999999998,0.443
2016-07-29,0.15340000000000004,-0.7,1.63,0.34299999999999997
2016-07-30,0.15340000000000004,-0.7,1.63,0.34299999999999997
2016-07-31,0.15340000000000004,-0.7,1.63,0.34299999999999997
2016-08-01,0.056999999999999995,-0.8,1.3599999999999999,0.443
2016-08-02,0.060399999999999954,-0.8,1.3599999999999999,0.443
2016-08-03,0.056499999999999995,-0.8,1.3599999999999999,0.443
2016-08-04,-0.15400000000000003,-0.8,1.3599999999999999,0.443
2016-08-05,-0.18610000000000002,-0.8,1.3599999999999999,0.443
2016-08-06,-0.18610000000000002,-0.8,1.3599999999999999,0.443
2016-08-07,-0.18610000000000002,-0.8,1.3599999999999999,0.443
2016-08-08,-0.18250000000000002,-0.8,1.3599999999999999,0.443
2016-08-09,-0.18930000000000002,-0.8,1.3599999999999999,0.443
2016-08-10,-0.18780000000000002,-0.8,1.3599999999999999,0.443
2016-08-11,-0.1859,-0.8,1.3599999999999999,0.443
2016-08-12,-0.1889,-0.8,1.3599999999999999,0.443
2016-08-13,-0.1889,-0.8,1.3599999999999999,0.443
2016-08-14,-0.1889,-0.8,1.3599999999999999,0.443
2016-08-15,-0.18900000000000003,-0.8,1.3599999999999999,0.443
2016-08-16,-0.18850000000000003,-0.8,1.3599999999999999,0.443
2016-08-17,-0.19020000000000004,-0.8,1.3599999999999999,0.443
2016-08-18,-0.18820000000000003,-0.8,1.3599999999999999,0.443
2016-08-19,-0.1854,-0.8,1.3599999999999999,0.443
2016-08-20,-0.1854,-0.8,1.3599999999999999,0.443
2016-08-21,-0.1854,-0.8,1.3599999999999999,0.443
2016-08-22,-0.18670000000000003,-0.8,1.3599999999999999,0.443
2016-08-23,-0.18620000000000003,-0.8,1.3599999999999999,0.443
2016-08-24,-0.18470000000000003,-0.8,1.3599999999999999,0.443
2016-08-25,-0.1826,-0.8,1.3599999999999999,0.443
2016-08-26,-0.18480000000000002,-0.8,1.3599999999999999,0.443
2016-08-27,-0.18480000000000002,-0.8,1.3599999999999999,0.443
2016-08-28,-0.18480000000000002,-0.8,1.3599999999999999,0.443
2016-08-29,-0.18480000000000002,-0.8,1.3599999999999999,0.443
2016-08-30,-0.18390000000000004,-0.8,1.3599999999999999,0.443
2016-08-31,-0.09819999999999998,-0.7,1.46,0.34299999999999997
2016-09-01,-0.18560000000000001,-0.8,1.33,0.452
2016-09-02,-0.18600000000000003,-0.8,1.33,0.452
2016-09-03,-0.18600000000000003,-0.8,1.33,0.452
2016-09-04,-0.18600000000000003,-0.8,1.33,0.452
2016-09-05,-0.18320000000000003,-0.8,1.33,0.452
2016-09-06,-0.1841,-0.8,1.33,0.452
2016-09-07,-0.18270000000000003,-0.8,1.33,0.452
2016-09-08,-0.1811,-0.8,1.33,0.452
2016-09-09,-0.18100000000000002,-0.8,1.33,0.452
2016-09-10,-0.18100000000000002,-0.8,1.33,0.452
2016-09-11,-0.18100000000000002,-0.8,1.33,0.452
2016-09-12,-0.18020000000000003,-0.8,1.33,0.452
2016-09-13,-0.18000000000000002,-0.8,1.33,0.452
2016-09-14,-0.18030000000000002,-0.8,1.33,0.452
2016-09-15,-0.1844,-0.8,1.33,0.452
2016-09-16,-0.1859,-0.8,1.33,0.452
2016-09-17,-0.1859,-0.8,1.33,0.452
2016-09-18,-0.1859,-0.8,1.33,0.452
2016-09-19,-0.18660000000000002,-0.8,1.33,0.452
2016-09-20,-0.18700000000000003,-0.8,1.33,0.452
2016-09-21,-0.18450000000000003,-0.8,1.33,0.452
2016-09-22,-0.1927,-0.8,1.33,0.452
2016-09-23,-0.18480000000000002,-0.8,1.33,0.452
2016-09-24,-0.18480000000000002,-0.8,1.33,0.452
2016-09-25,-0.18480000000000002,-0.8,1.33,0.452
2016-09-26,-0.18760000000000002,-0.8,1.33,0.452
2016-09-27,-0.18610000000000002,-0.8,1.33,0.452
2016-09-28,-0.18560000000000001,-0.8,1.33,0.452
2016-09-29,-0.1864,-0.8,1.33,0.452
2016-09-30,-0.1276,-0.69,1.44,0.34199999999999997
2016-10-01,-0.1276,-0.69,1.45,0.32699999999999996
2016-10-02,-0.1276,-0.69,1.45,0.32699999999999996
2016-10-03,-0.18610000000000002,-0.8,1.3399999999999999,0.437
2016-10-04,-0.18610000000000002,-0.8,1.3399999999999999,0.437
2016-10-05,-0.18960000000000002,-0.8,1.3399999999999999,0.437
2016-10-06,-0.18430000000000002,-0.8,1.3399999999999999,0.437
2016-10-07,-0.18660000000000002,-0.8,1.3399999999999999,0.437
2016-10-08,-0.18660000000000002,-0.8,1.3399999999999999,0.437
2016-10-09,-0.18660000000000002,-0.8,1.3399999999999999,0.437
2016-10-10,-0.18340000000000004,-0.8,1.3399999999999999,0.437
2016-10-11,-0.19519999999999998,-0.81,1.33,0.44699999999999995
2016-10-12,-0.19259999999999997,-0.81,1.33,0.44699999999999995
2016-10-13,-0.19599999999999998,-0.81,1.33,0.44699999999999995
2016-10-14,-0.19909999999999997,-0.81,1.33,0.44699999999999995
2016-10-15,-0.19909999999999997,-0.81,1.33,0.44699999999999995
2016-10-16,-0.19909999999999997,-0.81,1.33,0.44699999999999995
2016-10-17,-0.1987,-0.81,1.33,0.44699999999999995
2016-10-18,-0.19879999999999998,-0.81,1.33,0.44699999999999995
2016-10-19,-0.19639999999999996,-0.81,1.33,0.44699999999999995
2016-10-20,-0.19749999999999998,-0.81,1.33,0.44699999999999995
2016-10-21,-0.19879999999999998,-0.81,1.33,0.44699999999999995
2016-10-22,-0.19879999999999998,-0.81,1.33,0.44699999999999995
2016-10-23,-0.19879999999999998,-0.81,1.33,0.44699999999999995
2016-10-24,-0.19849999999999998,-0.81,1.33,0.44699999999999995
2016-10-25,-0.19829999999999998,-0.81,1.33,0.44699999999999995
2016-10-26,-0.19949999999999998,-0.81,1.33,0.44699999999999995
2016-10-27,-0.20099999999999998,-0.81,1.33,0.44699999999999995
2016-10-28,-0.20079999999999998,-0.81,1.33,0.44699999999999995
2016-10-29,-0.20079999999999998,-0.81,1.33,0.44699999999999995
2016-10-30,-0.20079999999999998,-0.81,1.33,0.44699999999999995
2016-10-31,-0.1101,-0.71,1.43,0.347
2016-11-01,-0.19779999999999998,-0.81,1.35,0.45899999999999996
2016-11-02,-0.20179999999999998,-0.81,1.35,0.45899999999999996
2016-11-03,-0.19789999999999996,-0.81,1.35,0.45899999999999996
2016-11-04,-0.19939999999999997,-0.81,1.35,0.45899999999999996
2016-11-05,-0.19939999999999997,-0.81,1.35,0.45899999999999996
2016-11-06,-0.19939999999999997,-0.81,1.35,0.45899999999999996
2016-11-07,-0.1992,-0.81,1.35,0.45899999999999996
2016-11-08,-0.19839999999999997,-0.81,1.35,0.45899999999999996
2016-11-09,-0.19979999999999998,-0.81,1.35,0.45899999999999996
2016-11-10,-0.19629999999999997,-0.81,1.35,0.45899999999999996
2016-11-11,-0.19599999999999998,-0.81,1.35,0.45899999999999996
2016-11-12,-0.19599999999999998,-0.81,1.35,0.45899999999999996
2016-11-13,-0.19599999999999998,-0.81,1.35,0.45899999999999996
2016-11-14,-0.19939999999999997,-0.81,1.35,0.45899999999999996
2016-11-15,-0.19939999999999997,-0.81,1.35,0.45899999999999996
2016-11-16,-0.1997,-0.81,1.35,0.45899999999999996
2016-11-17,-0.19989999999999997,-0.81,1.35,0.45899999999999996
2016-11-18,-0.19829999999999998,-0.81,1.35,0.45899999999999996
2016-11-19,-0.19829999999999998,-0.81,1.35,0.45899999999999996
2016-11-20,-0.19829999999999998,-0.81,1.35,0.45899999999999996
2016-11-21,-0.20009999999999997,-0.81,1.35,0.45899999999999996
2016-11-22,-0.1992,-0.81,1.35,0.45899999999999996
2016-11-23,-0.19809999999999997,-0.81,1.35,0.45899999999999996
2016-11-24,-0.1982,-0.81,1.35,0.45899999999999996
2016-11-25,-0.19939999999999997,-0.81,1.35,0.45899999999999996
2016-11-26,-0.19939999999999997,-0.81,1.35,0.45899999999999996
2016-11-27,-0.19939999999999997,-0.81,1.35,0.45899999999999996
2016-11-28,-0.19709999999999997,-0.81,1.35,0.45899999999999996
2016-11-29,-0.19839999999999997,-0.81,1.35,0.45899999999999996
2016-11-30,-0.1076,-0.71,1.45,0.359
2016-12-01,-0.19529999999999997,-0.81,1.37,0.45399999999999996
2016-12-02,-0.19849999999999998,-0.81,1.37,0.45399999999999996
2016-12-03,-0.19849999999999998,-0.81,1.37,0.45399999999999996
2016-12-04,-0.19849999999999998,-0.81,1.37,0.45399999999999996
2016-12-05,-0.19659999999999997,-0.81,1.37,0.45399999999999996
2016-12-06,-0.19859999999999997,-0.81,1.37,0.45399999999999996
2016-12-07,-0.1982,-0.81,1.37,0.45399999999999996
2016-12-08,-0.1939,-0.81,1.37,0.45399999999999996
2016-12-09,-0.19729999999999998,-0.81,1.37,0.45399999999999996
2016-12-10,-0.19729999999999998,-0.81,1.37,0.45399999999999996
2016-12-11,-0.19729999999999998,-0.81,1.37,0.45399999999999996
2016-12-12,-0.19749999999999998,-0.81,1.37,0.45399999999999996
2016-12-13,-0.19369999999999998,-0.81,1.37,0.45399999999999996
2016-12-14,-0.19779999999999998,-0.81,1.37,0.45399999999999996
2016-12-15,-0.43990000000000007,-1.06,1.12,0.7040000000000001
2016-12-16,-0.4456,-1.06,1.12,0.7040000000000001
2016-12-17,-0.4456,-1.06,1.12,0.7040000000000001
2016-12-18,-0.4456,-1.06,1.12,0.7040000000000001
2016-12-19,-0.4423,-1.06,1.12,0.7040000000000001
2016-12-20,-0.4393,-1.06,1.12,0.7040000000000001
2016-12-21,-0.43970000000000004,-1.06,1.12,0.7040000000000001
2016-12-22,-0.44630000000000003,-1.06,1.12,0.7040000000000001
2016-12-23,-0.4449,-1.06,1.12,0.7040000000000001
2016-12-24,-0.4449,-1.06,1.12,0.7040000000000001
2016-12-25,-0.4449,-1.06,1.12,0.7040000000000001
2016-12-26,-0.4449,-1.06,1.12,0.7040000000000001
2016-12-27,-0.4449,-1.06,1.12,0.7040000000000001
2016-12-28,-0.4415,-1.06,1.12,0.7040000000000001
2016-12-29,-0.44500000000000006,-1.06,1.12,0.7040000000000001
2016-12-30,-0.38820000000000005,-0.9500000000000001,1.23,0.5940000000000001
2016-12-31,-0.38820000000000005,-0.9500000000000001,1.23,0.5940000000000001
2017-01-01,-0.38820000000000005,-0.9500000000000001,1.23,0.5950000000000001
2017-01-02,-0.38820000000000005,-0.9500000000000001,1.23,0.5950000000000001
2017-01-03,-0.4423,-1.06,1.12,0.7050000000000001
2017-01-04,-0.44570000000000004,-1.06,1.12,0.7050000000000001
2017-01-05,-0.44680000000000003,-1.06,1.12,0.7050000000000001
2017-01-06,-0.4474,-1.06,1.12,0.7050000000000001
2017-01-07,-0.4474,-1.06,1.12,0.7050000000000001
2017-01-08,-0.4474,-1.06,1.12,0.7050000000000001
2017-01-09,-0.44600000000000006,-1.06,1.12,0.7050000000000001
2017-01-10,-0.44780000000000003,-1.06,1.12,0.7050000000000001
2017-01-11,-0.44870000000000004,-1.06,1.12,0.7050000000000001
2017-01-12,-0.44720000000000004,-1.06,1.12,0.7050000000000001
2017-01-13,-0.44730000000000003,-1.06,1.12,0.7050000000000001
2017-01-14,-0.44730000000000003,-1.06,1.12,0.7050000000000001
2017-01-15,-0.44730000000000003,-1.06,1.12,0.7050000000000001
2017-01-16,-0.4475,-1.06,1.12,0.7050000000000001
2017-01-17,-0.44710000000000005,-1.06,1.12,0.7050000000000001
2017-01-18,-0.44610000000000005,-1.06,1.12,0.7050000000000001
2017-01-19,-0.44610000000000005,-1.06,1.12,0.7050000000000001
2017-01-20,-0.4446,-1.06,1.12,0.7050000000000001
2017-01-21,-0.4446,-1.06,1.12,0.7050000000000001
2017-01-22,-0.4446,-1.06,1.12,0.7050000000000001
2017-01-23,-0.44480000000000003,-1.06,1.12,0.7050000000000001
2017-01-24,-0.4469,-1.06,1.12,0.7050000000000001
2017-01-25,-0.44620000000000004,-1.06,1.12,0.7050000000000001
2017-01-26,-0.44680000000000003,-1.06,1.12,0.7050000000000001
2017-01-27,-0.44380000000000003,-1.06,1.12,0.7050000000000001
2017-01-28,-0.44380000000000003,-1.06,1.12,0.7050000000000001
2017-01-29,-0.44380000000000003,-1.06,1.12,0.7050000000000001
2017-01-30,-0.44500000000000006,-1.06,1.12,0.7050000000000001
2017-01-31,-0.35220000000000007,-0.9600000000000001,1.22,0.6050000000000001
2017-02-01,-0.44900000000000007,-1.06,1.12,0.6980000000000001
2017-02-02,-0.44770000000000004,-1.06,1.12,0.6980000000000001
2017-02-03,-0.44820000000000004,-1.06,1.12,0.6980000000000001
2017-02-04,-0.44820000000000004,-1.06,1.12,0.6980000000000001
2017-02-05,-0.44820000000000004,-1.06,1.12,0.6980000000000001
2017-02-06,-0.44800000000000006,-1.06,1.12,0.6980000000000001
2017-02-07,-0.44970000000000004,-1.06,1.12,0.6980000000000001
2017-02-08,-0.4495,-1.06,1.12,0.6980000000000001
2017-02-09,-0.45200000000000007,-1.06,1.12,0.6980000000000001
2017-02-10,-0.4499,-1.06,1.12,0.6980000000000001
2017-02-11,-0.4499,-1.06,1.12,0.6980000000000001
2017-02-12,-0.4499,-1.06,1.12,0.6980000000000001
2017-02-13,-0.45100000000000007,-1.06,1.12,0.6980000000000001
2017-02-14,-0.45030000000000003,-1.06,1.12,0.6980000000000001
2017-02-15,-0.4517,-1.06,1.12,0.6980000000000001
2017-02-16,-0.44910000000000005,-1.06,1.12,0.6980000000000001
2017-02-17,-0.4485,-1.06,1.12,0.6980000000000001
2017-02-18,-0.4485,-1.06,1.12,0.6980000000000001
2017-02-19,-0.4485,-1.06,1.12,0.6980000000000001
2017-02-20,-0.44880000000000003,-1.06,1.12,0.6980000000000001
2017-02-21,-0.4469,-1.06,1.12,0.6980000000000001
2017-02-22,-0.4428,-1.06,1.12,0.6980000000000001
2017-02-23,-0.45010000000000006,-1.06,1.12,0.6980000000000001
2017-02-24,-0.44800000000000006,-1.06,1.12,0.6980000000000001
2017-02-25,-0.44800000000000006,-1.06,1.12,0.6980000000000001
2017-02-26,-0.44800000000000006,-1.06,1.12,0.6980000000000001
2017-02-27,-0.4489,-1.06,1.12,0.6980000000000001
2017-02-28,-0.36699999999999994,-0.97,1.21,0.608
2017-03-01,-0.44810000000000005,-1.06,1.13,0.7020000000000001
2017-03-02,-0.44880000000000003,-1.06,1.13,0.7020000000000001
2017-03-03,-0.44980000000000003,-1.06,1.13,0.7020000000000001
2017-03-04,-0.44980000000000003,-1.06,1.13,0.7020000000000001
2017-03-05,-0.44980000000000003,-1.06,1.13,0.7020000000000001
2017-03-06,-0.44820000000000004,-1.06,1.13,0.7020000000000001
2017-03-07,-0.44910000000000005,-1.06,1.13,0.7020000000000001
2017-03-08,-0.4489,-1.06,1.13,0.7020000000000001
2017-03-09,-0.4486,-1.06,1.13,0.7020000000000001
2017-03-10,-0.44700000000000006,-1.06,1.13,0.7020000000000001
2017-03-11,-0.44700000000000006,-1.06,1.13,0.7020000000000001
2017-03-12,-0.44700000000000006,-1.06,1.13,0.7020000000000001
2017-03-13,-0.4499,-1.06,1.13,0.7020000000000001
2017-03-14,-0.4494,-1.06,1.13,0.7020000000000001
2017-03-15,-0.4495,-1.06,1.13,0.7020000000000001
2017-03-16,-0.7006,-1.31,0.88,0.9520000000000001
2017-03-17,-0.7001000000000001,-1.31,0.88,0.9520000000000001
2017-03-18,-0.7001000000000001,-1.31,0.88,0.9520000000000001
2017-03-19,-0.7001000000000001,-1.31,0.88,0.9520000000000001
2017-03-20,-0.6991,-1.31,0.88,0.9520000000000001
2017-03-21,-0.6976,-1.31,0.88,0.9520000000000001
2017-03-22,-0.6996,-1.31,0.88,0.9520000000000001
2017-03-23,-0.6974,-1.31,0.88,0.9520000000000001
2017-03-24,-0.6973,-1.31,0.88,0.9520000000000001
2017-03-25,-0.6973,-1.31,0.88,0.9520000000000001
2017-03-26,-0.6973,-1.31,0.88,0.9520000000000001
2017-03-27,-0.7008000000000001,-1.31,0.88,0.9520000000000001
2017-03-28,-0.7000000000000001,-1.31,0.88,0.9520000000000001
2017-03-29,-0.6984,-1.31,0.88,0.9520000000000001
2017-03-30,-0.6964,-1.31,0.88,0.9520000000000001
2017-03-31,-0.6459999999999999,-1.22,0.9700000000000001,0.862
2017-04-01,-0.6459999999999999,-1.22,0.9500000000000001,0.874
2017-04-02,-0.6459999999999999,-1.22,0.9500000000000001,0.874
2017-04-03,-0.6993,-1.31,0.86,0.9640000000000001
2017-04-04,-0.6988000000000001,-1.31,0.86,0.9640000000000001
2017-04-05,-0.7005,-1.31,0.86,0.9640000000000001
2017-04-06,-0.6990000000000001,-1.31,0.86,0.9640000000000001
2017-04-07,-0.6992,-1.31,0.86,0.9640000000000001
2017-04-08,-0.6992,-1.31,0.86,0.9640000000000001
2017-04-09,-0.6992,-1.31,0.86,0.9640000000000001
2017-04-10,-0.6984,-1.31,0.86,0.9640000000000001
2017-04-11,-0.6988000000000001,-1.31,0.86,0.9640000000000001
2017-04-12,-0.6999,-1.31,0.86,0.9640000000000001
2017-04-13,-0.6978,-1.31,0.86,0.9640000000000001
2017-04-14,-0.6978,-1.31,0.86,0.9640000000000001
2017-04-15,-0.6978,-1.31,0.86,0.9640000000000001
2017-04-16,-0.6978,-1.31,0.86,0.9640000000000001
2017-04-17,-0.6978,-1.31,0.86,0.9640000000000001
2017-04-18,-0.6988000000000001,-1.31,0.86,0.9640000000000001
2017-04-19,-0.6983,-1.31,0.86,0.9640000000000001
2017-04-20,-0.6976,-1.31,0.86,0.9640000000000001
2017-04-21,-0.6979,-1.31,0.86,0.9640000000000001
2017-04-22,-0.6979,-1.31,0.86,0.9640000000000001
2017-04-23,-0.6979,-1.31,0.86,0.9640000000000001
2017-04-24,-0.6982,-1.31,0.86,0.9640000000000001
2017-04-25,-0.6978,-1.31,0.86,0.9640000000000001
2017-04-26,-0.6973,-1.31,0.86,0.9640000000000001
2017-04-27,-0.6989000000000001,-1.31,0.86,0.9640000000000001
2017-04-28,-0.6192,-1.23,0.9400000000000001,0.884
2017-04-29,-0.6192,-1.23,0.9400000000000001,0.884
2017-04-30,-0.6192,-1.23,0.9400000000000001,0.884
2017-05-01,-0.6992,-1.31,0.82,0.9630000000000001
2017-05-02,-0.6989000000000001,-1.31,0.82,0.9630000000000001
2017-05-03,-0.6996,-1.31,0.82,0.9630000000000001
2017-05-04,-0.6994,-1.31,0.82,0.9630000000000001
2017-05-05,-0.6964,-1.31,0.82,0.9630000000000001
2017-05-06,-0.6964,-1.31,0.82,0.9630000000000001
2017-05-07,-0.6964,-1.31,0.82,0.9630000000000001
2017-05-08,-0.6964,-1.31,0.82,0.9630000000000001
2017-05-09,-0.6958,-1.31,0.82,0.9630000000000001
2017-05-10,-0.6945,-1.31,0.82,0.9630000000000001
2017-05-11,-0.6969000000000001,-1.31,0.82,0.9630000000000001
2017-05-12,-0.6954,-1.31,0.82,0.9630000000000001
2017-05-13,-0.6954,-1.31,0.82,0.9630000000000001
2017-05-14,-0.6954,-1.31,0.82,0.9630000000000001
2017-05-15,-0.6963,-1.31,0.82,0.9630000000000001
2017-05-16,-0.6958,-1.31,0.82,0.9630000000000001
2017-05-17,-0.6953,-1.31,0.82,0.9630000000000001
2017-05-18,-0.6967000000000001,-1.31,0.82,0.9630000000000001
2017-05-19,-0.6963,-1.31,0.82,0.9630000000000001
2017-05-20,-0.6963,-1.31,0.82,0.9630000000000001
2017-05-21,-0.6963,-1.31,0.82,0.9630000000000001
2017-05-22,-0.6986,-1.31,0.82,0.9630000000000001
2017-05-23,-0.6988000000000001,-1.31,0.82,0.9630000000000001
2017-05-24,-0.6994,-1.31,0.82,0.9630000000000001
2017-05-25,-0.6978,-1.31,0.82,0.9630000000000001
2017-05-26,-0.6970000000000001,-1.31,0.82,0.9630000000000001
2017-05-27,-0.6970000000000001,-1.31,0.82,0.9630000000000001
2017-05-28,-0.6970000000000001,-1.31,0.82,0.9630000000000001
2017-05-29,-0.6970000000000001,-1.31,0.82,0.9630000000000001
2017-05-30,-0.6981,-1.31,0.82,0.9630000000000001
2017-05-31,-0.6213,-1.23,0.9,0.883
2017-06-01,-0.6969000000000001,-1.31,0.8099999999999999,0.9660000000000001
2017-06-02,-0.6970000000000001,-1.31,0.8099999999999999,0.9660000000000001
2017-06-03,-0.6970000000000001,-1.31,0.8099999999999999,0.9660000000000001
2017-06-04,-0.6970000000000001,-1.31,0.8099999999999999,0.9660000000000001
2017-06-05,-0.6986,-1.31,0.8099999999999999,0.9660000000000001
2017-06-06,-0.6978,-1.31,0.8099999999999999,0.9660000000000001
2017-06-07,-0.6986,-1.31,0.8099999999999999,0.9660000000000001
2017-06-08,-0.6982,-1.31,0.8099999999999999,0.9660000000000001
2017-06-09,-0.6984,-1.31,0.8099999999999999,0.9660000000000001
2017-06-10,-0.6984,-1.31,0.8099999999999999,0.9660000000000001
2017-06-11,-0.6984,-1.31,0.8099999999999999,0.9660000000000001
2017-06-12,-0.6992,-1.31,0.8099999999999999,0.9660000000000001
2017-06-13,-0.6978,-1.31,0.8099999999999999,0.9660000000000001
2017-06-14,-0.6977,-1.31,0.8099999999999999,0.9660000000000001
2017-06-15,-0.9477,-1.56,0.56,1.216
2017-06-16,-0.9475999999999999,-1.56,0.56,1.216
2017-06-17,-0.9475999999999999,-1.56,0.56,1.216
2017-06-18,-0.9475999999999999,-1.56,0.56,1.216
2017-06-19,-0.947,-1.56,0.56,1.216
2017-06-20,-0.9426999999999999,-1.56,0.56,1.216
2017-06-21,-0.9450999999999999,-1.56,0.56,1.216
2017-06-22,-0.9452999999999999,-1.56,0.56,1.216
2017-06-23,-0.9442999999999999,-1.56,0.56,1.216
2017-06-24,-0.9442999999999999,-1.56,0.56,1.216
2017-06-25,-0.9442999999999999,-1.56,0.56,1.216
2017-06-26,-0.9468999999999999,-1.56,0.56,1.216
2017-06-27,-0.9460999999999999,-1.56,0.56,1.216
2017-06-28,-0.9483999999999999,-1.56,0.56,1.216
2017-06-29,-0.9470999999999999,-1.56,0.56,1.216
2017-06-30,-0.8660000000000001,-1.46,0.6599999999999999,1.116
2017-07-01,-0.8660000000000001,-1.46,0.6399999999999999,1.114
2017-07-02,-0.8660000000000001,-1.46,0.6399999999999999,1.114
2017-07-03,-0.9462999999999999,-1.56,0.54,1.214
2017-07-04,-0.9481999999999999,-1.56,0.54,1.214
2017-07-05,-0.948,-1.56,0.54,1.214
2017-07-06,-0.9470999999999999,-1.56,0.54,1.214
2017-07-07,-0.9457,-1.56,0.54,1.214
2017-07-08,-0.9457,-1.56,0.54,1.214
2017-07-09,-0.9457,-1.56,0.54,1.214
2017-07-10,-0.9475999999999999,-1.56,0.54,1.214
2017-07-11,-0.9458,-1.56,0.54,1.214
2017-07-12,-0.9451999999999999,-1.56,0.54,1.214
2017-07-13,-0.9454999999999999,-1.56,0.54,1.214
2017-07-14,-0.9455999999999999,-1.56,0.54,1.214
2017-07-15,-0.9455999999999999,-1.56,0.54,1.214
2017-07-16,-0.9455999999999999,-1.56,0.54,1.214
2017-07-17,-0.9465999999999999,-1.56,0.54,1.214
2017-07-18,-0.9482999999999999,-1.56,0.54,1.214
2017-07-19,-0.9497,-1.56,0.54,1.214
2017-07-20,-0.9480999999999999,-1.56,0.54,1.214
2017-07-21,-0.9458,-1.56,0.54,1.214
2017-07-22,-0.9458,-1.56,0.54,1.214
2017-07-23,-0.9458,-1.56,0.54,1.214
2017-07-24,-0.9477,-1.56,0.54,1.214
2017-07-25,-0.9480999999999999,-1.56,0.54,1.214
2017-07-26,-0.9479,-1.56,0.54,1.214
2017-07-27,-0.9484999999999999,-1.56,0.54,1.214
2017-07-28,-0.948,-1.56,0.54,1.214
2017-07-29,-0.948,-1.56,0.54,1.214
2017-07-30,-0.948,-1.56,0.54,1.214
2017-07-31,-0.8666,-1.4700000000000002,0.6299999999999999,1.124
2017-08-01,-0.9484999999999999,-1.56,0.54,1.2089999999999999
2017-08-02,-0.9457,-1.56,0.54,1.2089999999999999
2017-08-03,-0.9457,-1.56,0.54,1.2089999999999999
2017-08-04,-0.9470999999999999,-1.56,0.54,1.2089999999999999
2017-08-05,-0.9470999999999999,-1.56,0.54,1.2089999999999999
2017-08-06,-0.9470999999999999,-1.56,0.54,1.2089999999999999
2017-08-07,-0.9474999999999999,-1.56,0.54,1.2089999999999999
2017-08-08,-0.9440999999999999,-1.56,0.54,1.2089999999999999
2017-08-09,-0.9451999999999999,-1.56,0.54,1.2089999999999999
2017-08-10,-0.9473999999999999,-1.56,0.54,1.2089999999999999
2017-08-11,-0.9466999999999999,-1.56,0.54,1.2089999999999999
2017-08-12,-0.9466999999999999,-1.56,0.54,1.2089999999999999
2017-08-13,-0.9466999999999999,-1.56,0.54,1.2089999999999999
2017-08-14,-0.9477,-1.56,0.54,1.2089999999999999
2017-08-15,-0.947,-1.56,0.54,1.2089999999999999
2017-08-16,-0.9462999999999999,-1.56,0.54,1.2089999999999999
2017-08-17,-0.9443999999999999,-1.56,0.54,1.2089999999999999
2017-08-18,-0.9477,-1.56,0.54,1.2089999999999999
2017-08-19,-0.9477,-1.56,0.54,1.2089999999999999
2017-08-20,-0.9477,-1.56,0.54,1.2089999999999999
2017-08-21,-0.9484999999999999,-1.56,0.54,1.2089999999999999
2017-08-22,-0.9483999999999999,-1.56,0.54,1.2089999999999999
2017-08-23,-0.948,-1.56,0.54,1.2089999999999999
2017-08-24,-0.949,-1.56,0.54,1.2089999999999999
2017-08-25,-0.9440999999999999,-1.56,0.54,1.2089999999999999
2017-08-26,-0.9440999999999999,-1.56,0.54,1.2089999999999999
2017-08-27,-0.9440999999999999,-1.56,0.54,1.2089999999999999
2017-08-28,-0.9440999999999999,-1.56,0.54,1.2089999999999999
2017-08-29,-0.9458,-1.56,0.54,1.2089999999999999
2017-08-30,-0.9466999999999999,-1.56,0.54,1.2089999999999999
2017-08-31,-0.8591000000000001,-1.4700000000000002,0.6299999999999999,1.119
2017-09-01,-0.9477,-1.56,0.56,1.218
2017-09-02,-0.9477,-1.56,0.56,1.218
2017-09-03,-0.9477,-1.56,0.56,1.218
2017-09-04,-0.9478,-1.56,0.56,1.218
2017-09-05,-0.9481999999999999,-1.56,0.56,1.218
2017-09-06,-0.9487999999999999,-1.56,0.56,1.218
2017-09-07,-0.9491999999999999,-1.56,0.56,1.218
2017-09-08,-0.9455999999999999,-1.56,0.56,1.218
2017-09-09,-0.9455999999999999,-1.56,0.56,1.218
2017-09-10,-0.9455999999999999,-1.56,0.56,1.218
2017-09-11,-0.9467999999999999,-1.56,0.56,1.218
2017-09-12,-0.9453999999999999,-1.56,0.56,1.218
2017-09-13,-0.9451999999999999,-1.56,0.56,1.218
2017-09-14,-0.9451999999999999,-1.56,0.56,1.218
2017-09-15,-0.9430999999999999,-1.56,0.56,1.218
2017-09-16,-0.9430999999999999,-1.56,0.56,1.218
2017-09-17,-0.9430999999999999,-1.56,0.56,1.218
2017-09-18,-0.9448999999999999,-1.56,0.56,1.218
2017-09-19,-0.9447999999999999,-1.56,0.56,1.218
2017-09-20,-0.9427999999999999,-1.56,0.56,1.218
2017-09-21,-0.9454999999999999,-1.56,0.56,1.218
2017-09-22,-0.9486999999999999,-1.56,0.56,1.218
2017-09-23,-0.9486999999999999,-1.56,0.56,1.218
2017-09-24,-0.9486999999999999,-1.56,0.56,1.218
2017-09-25,-0.9493999999999999,-1.56,0.56,1.218
2017-09-26,-0.9502999999999999,-1.56,0.56,1.218
2017-09-27,-0.9505999999999999,-1.56,0.56,1.218
2017-09-28,-0.9499,-1.56,0.56,1.218
2017-09-29,-0.8609,-1.46,0.6599999999999999,1.118
2017-09-30,-0.8609,-1.46,0.6599999999999999,1.118
2017-10-01,-0.8609,-1.46,0.6399999999999999,1.097
2017-10-02,-0.9491999999999999,-1.56,0.54,1.1969999999999998
2017-10-03,-0.9505999999999999,-1.56,0.54,1.1969999999999998
2017-10-04,-0.9514999999999999,-1.56,0.54,1.1969999999999998
2017-10-05,-0.9506999999999999,-1.56,0.54,1.1969999999999998
2017-10-06,-0.9521999999999999,-1.56,0.54,1.1969999999999998
2017-10-07,-0.9521999999999999,-1.56,0.54,1.1969999999999998
2017-10-08,-0.9521999999999999,-1.56,0.54,1.1969999999999998
2017-10-09,-0.9501,-1.56,0.54,1.1969999999999998
2017-10-10,-0.9534999999999999,-1.56,0.54,1.1969999999999998
2017-10-11,-0.9513999999999999,-1.56,0.54,1.1969999999999998
2017-10-12,-0.9527999999999999,-1.56,0.54,1.1969999999999998
2017-10-13,-0.9518,-1.56,0.54,1.1969999999999998
2017-10-14,-0.9518,-1.56,0.54,1.1969999999999998
2017-10-15,-0.9518,-1.56,0.54,1.1969999999999998
2017-10-16,-0.9506999999999999,-1.56,0.54,1.1969999999999998
2017-10-17,-0.9481999999999999,-1.56,0.54,1.1969999999999998
2017-10-18,-0.9471999999999999,-1.56,0.54,1.1969999999999998
2017-10-19,-0.9459,-1.56,0.54,1.1969999999999998
2017-10-20,-0.9459,-1.56,0.54,1.1969999999999998
2017-10-21,-0.9459,-1.56,0.54,1.1969999999999998
2017-10-22,-0.9459,-1.56,0.54,1.1969999999999998
2017-10-23,-0.9468999999999999,-1.56,0.54,1.1969999999999998
2017-10-24,-0.9473999999999999,-1.56,0.54,1.1969999999999998
2017-10-25,-0.9452999999999999,-1.56,0.54,1.1969999999999998
2017-10-26,-0.946,-1.56,0.54,1.1969999999999998
2017-10-27,-0.9468999999999999,-1.56,0.54,1.1969999999999998
2017-10-28,-0.9468999999999999,-1.56,0.54,1.1969999999999998
2017-10-29,-0.9468999999999999,-1.56,0.54,1.1969999999999998
2017-10-30,-0.944,-1.56,0.54,1.1969999999999998
2017-10-31,-0.8604,-1.4700000000000002,0.6299999999999999,1.107
2017-11-01,-0.9454999999999999,-1.56,0.56,1.208
2017-11-02,-0.7545,-1.56,0.56,1.208
2017-11-03,-0.6971999999999999,-1.56,0.56,1.208
2017-11-04,-0.6971999999999999,-1.56,0.56,1.208
2017-11-05,-0.6971999999999999,-1.56,0.56,1.208
2017-11-06,-0.6950999999999999,-1.56,0.56,1.208
2017-11-07,-0.6976,-1.56,0.56,1.208
2017-11-08,-0.6967999999999999,-1.56,0.56,1.208
2017-11-09,-0.6971999999999999,-1.56,0.56,1.208
2017-11-10,-0.6978,-1.56,0.56,1.208
2017-11-11,-0.6978,-1.56,0.56,1.208
2017-11-12,-0.6978,-1.56,0.56,1.208
2017-11-13,-0.6938,-1.56,0.56,1.208
2017-11-14,-0.6956,-1.56,0.56,1.208
2017-11-15,-0.6967999999999999,-1.56,0.56,1.208
2017-11-16,-0.6978,-1.56,0.56,1.208
2017-11-17,-0.6961999999999999,-1.56,0.56,1.208
2017-11-18,-0.6961999999999999,-1.56,0.56,1.208
2017-11-19,-0.6961999999999999,-1.56,0.56,1.208
2017-11-20,-0.6977,-1.56,0.56,1.208
2017-11-21,-0.6982999999999999,-1.56,0.56,1.208
2017-11-22,-0.6978,-1.56,0.56,1.208
2017-11-23,-0.6976,-1.56,0.56,1.208
2017-11-24,-0.6964999999999999,-1.56,0.56,1.208
2017-11-25,-0.6964999999999999,-1.56,0.56,1.208
2017-11-26,-0.6964999999999999,-1.56,0.56,1.208
2017-11-27,-0.6981999999999999,-1.56,0.56,1.208
2017-11-28,-0.6965999999999999,-1.56,0.56,1.208
2017-11-29,-0.6937,-1.56,0.56,1.208
2017-11-30,-0.6077000000000001,-1.4700000000000002,0.6499999999999999,1.118
2017-12-01,-0.6939,-1.56,0.6100000000000001,1.202
2017-12-02,-0.6939,-1.56,0.6100000000000001,1.202
2017-12-03,-0.6939,-1.56,0.6100000000000001,1.202
2017-12-04,-0.6932999999999999,-1.56,0.6100000000000001,1.202
2017-12-05,-0.6944999999999999,-1.56,0.6100000000000001,1.202
2017-12-06,-0.7005999999999999,-1.56,0.6100000000000001,1.202
2017-12-07,-0.6936,-1.56,0.6100000000000001,1.202
2017-12-08,-0.6970999999999999,-1.56,0.6100000000000001,1.202
2017-12-09,-0.6970999999999999,-1.56,0.6100000000000001,1.202
2017-12-10,-0.6970999999999999,-1.56,0.6100000000000001,1.202
2017-12-11,-0.6977,-1.56,0.6100000000000001,1.202
2017-12-12,-0.7087999999999999,-1.5699999999999998,0.6000000000000001,1.212
2017-12-13,-0.7072999999999999,-1.5699999999999998,0.6000000000000001,1.212
2017-12-14,-0.9476,-1.81,0.3600000000000001,1.452
2017-12-15,-0.9462999999999999,-1.81,0.3600000000000001,1.452
2017-12-16,-0.9462999999999999,-1.81,0.3600000000000001,1.452
2017-12-17,-0.9462999999999999,-1.81,0.3600000000000001,1.452
2017-12-18,-0.9541,-1.8199999999999998,0.3500000000000001,1.462
2017-12-19,-0.951,-1.8199999999999998,0.3500000000000001,1.462
2017-12-20,-0.9516,-1.8199999999999998,0.3500000000000001,1.462
2017-12-21,-0.9557,-1.8199999999999998,0.3500000000000001,1.462
2017-12-22,-0.9552999999999999,-1.8199999999999998,0.3500000000000001,1.462
2017-12-23,-0.9552999999999999,-1.8199999999999998,0.3500000000000001,1.462
2017-12-24,-0.9552999999999999,-1.8199999999999998,0.3500000000000001,1.462
2017-12-25,-0.9552999999999999,-1.8199999999999998,0.3500000000000001,1.462
2017-12-26,-0.9552999999999999,-1.8199999999999998,0.3500000000000001,1.462
2017-12-27,-0.954,-1.8199999999999998,0.3500000000000001,1.462
2017-12-28,-0.9534999999999999,-1.8199999999999998,0.3500000000000001,1.462
2017-12-29,-0.9177000000000001,-1.73,0.43999999999999995,1.372
2017-12-30,-0.9177000000000001,-1.73,0.43999999999999995,1.372
2017-12-31,-0.9177000000000001,-1.73,0.43999999999999995,1.372
2018-01-01,-0.9177000000000001,-1.73,0.45999999999999996,1.37
2018-01-02,-0.9578,-1.8199999999999998,0.3700000000000001,1.46
2018-01-03,-0.9558,-1.8199999999999998,0.3700000000000001,1.46
2018-01-04,-0.9581999999999999,-1.8199999999999998,0.3700000000000001,1.46
2018-01-05,-0.9574999999999999,-1.8199999999999998,0.3700000000000001,1.46
2018-01-06,-0.9574999999999999,-1.8199999999999998,0.3700000000000001,1.46
2018-01-07,-0.9574999999999999,-1.8199999999999998,0.3700000000000001,1.46
2018-01-08,-0.9567999999999999,-1.8199999999999998,0.3700000000000001,1.46
2018-01-09,-0.9572999999999999,-1.8199999999999998,0.3700000000000001,1.46
2018-01-10,-0.9552999999999999,-1.8199999999999998,0.3700000000000001,1.46
2018-01-11,-0.9544999999999999,-1.8199999999999998,0.3700000000000001,1.46
2018-01-12,-0.952,-1.8199999999999998,0.3700000000000001,1.46
2018-01-13,-0.952,-1.8199999999999998,0.3700000000000001,1.46
2018-01-14,-0.952,-1.8199999999999998,0.3700000000000001,1.46
2018-01-15,-0.9561999999999999,-1.8199999999999998,0.3700000000000001,1.46
2018-01-16,-0.9594999999999999,-1.8199999999999998,0.3700000000000001,1.46
2018-01-17,-0.9584999999999999,-1.8199999999999998,0.3700000000000001,1.46
2018-01-18,-0.9581,-1.8199999999999998,0.3700000000000001,1.46
2018-01-19,-0.9565999999999999,-1.8199999999999998,0.3700000000000001,1.46
2018-01-20,-0.9565999999999999,-1.8199999999999998,0.3700000000000001,1.46
2018-01-21,-0.9565999999999999,-1.8199999999999998,0.3700000000000001,1.46
2018-01-22,-0.9569999999999999,-1.8199999999999998,0.3700000000000001,1.46
2018-01-23,-0.9581,-1.8199999999999998,0.3700000000000001,1.46
2018-01-24,-0.958,-1.8199999999999998,0.3700000000000001,1.46
2018-01-25,-0.9581999999999999,-1.8199999999999998,0.3700000000000001,1.46
2018-01-26,-0.9566999999999999,-1.8199999999999998,0.3700000000000001,1.46
2018-01-27,-0.9566999999999999,-1.8199999999999998,0.3700000000000001,1.46
2018-01-28,-0.9566999999999999,-1.8199999999999998,0.3700000000000001,1.46
2018-01-29,-0.9586999999999999,-1.8199999999999998,0.3700000000000001,1.46
2018-01-30,-0.9572999999999999,-1.8199999999999998,0.3700000000000001,1.46
2018-01-31,-0.8732000000000001,-1.7400000000000002,0.44999999999999996,1.3800000000000001
2018-02-01,-0.9563999999999999,-1.8199999999999998,0.3500000000000001,1.462
2018-02-02,-0.9567999999999999,-1.8199999999999998,0.3500000000000001,1.462
2018-02-03,-0.9567999999999999,-1.8199999999999998,0.3500000000000001,1.462
2018-02-04,-0.9567999999999999,-1.8199999999999998,0.3500000000000001,1.462
2018-02-05,-0.9581,-1.8199999999999998,0.3500000000000001,1.462
2018-02-06,-0.9573999999999999,-1.8199999999999998,0.3500000000000001,1.462
2018-02-07,-0.9581999999999999,-1.8199999999999998,0.3500000000000001,1.462
2018-02-08,-0.9576,-1.8199999999999998,0.3500000000000001,1.462
2018-02-09,-0.9565999999999999,-1.8199999999999998,0.3500000000000001,1.462
2018-02-10,-0.9565999999999999,-1.8199999999999998,0.3500000000000001,1.462
2018-02-11,-0.9565999999999999,-1.8199999999999998,0.3500000000000001,1.462
2018-02-12,-0.9569999999999999,-1.8199999999999998,0.3500000000000001,1.462
2018-02-13,-0.9563999999999999,-1.8199999999999998,0.3500000000000001,1.462
2018-02-14,-0.9548999999999999,-1.8199999999999998,0.3500000000000001,1.462
2018-02-15,-0.9558,-1.8199999999999998,0.3500000000000001,1.462
2018-02-16,-0.9562999999999999,-1.8199999999999998,0.3500000000000001,1.462
2018-02-17,-0.9562999999999999,-1.8199999999999998,0.3500000000000001,1.462
2018-02-18,-0.9562999999999999,-1.8199999999999998,0.3500000000000001,1.462
2018-02-19,-0.958,-1.8199999999999998,0.3500000000000001,1.462
2018-02-20,-0.9563999999999999,-1.8199999999999998,0.3500000000000001,1.462
2018-02-21,-0.9571,-1.8199999999999998,0.3500000000000001,1.462
2018-02-22,-0.9562999999999999,-1.8199999999999998,0.3500000000000001,1.462
2018-02-23,-0.9531999999999999,-1.8199999999999998,0.3500000000000001,1.462
2018-02-24,-0.9531999999999999,-1.8199999999999998,0.3500000000000001,1.462
2018-02-25,-0.9531999999999999,-1.8199999999999998,0.3500000000000001,1.462
2018-02-26,-0.9561,-1.8199999999999998,0.3500000000000001,1.462
2018-02-27,-0.9543999999999999,-1.8199999999999998,0.3500000000000001,1.462
2018-02-28,-0.8888,-1.75,0.41999999999999993,1.3920000000000001
2018-03-01,-0.9553999999999999,-1.8199999999999998,0.51,1.482
2018-03-02,-0.9544999999999999,-1.8199999999999998,0.51,1.482
2018-03-03,-0.9544999999999999,-1.8199999999999998,0.51,1.482
2018-03-04,-0.9544999999999999,-1.8199999999999998,0.51,1.482
2018-03-05,-0.9557,-1.8199999999999998,0.51,1.482
2018-03-06,-0.9552999999999999,-1.8199999999999998,0.51,1.482
2018-03-07,-0.9551999999999999,-1.8199999999999998,0.51,1.482
2018-03-08,-0.9554999999999999,-1.8199999999999998,0.51,1.482
2018-03-09,-0.9572999999999999,-1.8199999999999998,0.51,1.482
2018-03-10,-0.9572999999999999,-1.8199999999999998,0.51,1.482
2018-03-11,-0.9572999999999999,-1.8199999999999998,0.51,1.482
2018-03-12,-0.9549999999999998,-1.8199999999999998,0.51,1.482
2018-03-13,-0.9562999999999999,-1.8199999999999998,0.51,1.482
2018-03-14,-0.9562999999999999,-1.8199999999999998,0.51,1.482
2018-03-15,-0.9641,-1.83,0.5,1.492
2018-03-16,-0.9656,-1.83,0.5,1.492
2018-03-17,-0.9656,-1.83,0.5,1.492
2018-03-18,-0.9656,-1.83,0.5,1.492
2018-03-19,-0.9666999999999999,-1.83,0.5,1.492
2018-03-20,-0.9763999999999999,-1.8399999999999999,0.49,1.502
2018-03-21,-0.9732999999999999,-1.8399999999999999,0.49,1.502
2018-03-22,-1.2166,-2.08,0.25,1.742
2018-03-23,-1.212,-2.08,0.25,1.742
2018-03-24,-1.212,-2.08,0.25,1.742
2018-03-25,-1.212,-2.08,0.25,1.742
2018-03-26,-1.2134,-2.08,0.25,1.742
2018-03-27,-1.2147999999999999,-2.08,0.25,1.742
2018-03-28,-1.2162,-2.08,0.25,1.742
2018-03-29,-1.2365,-2.08,0.25,1.742
2018-03-30,-1.2265,-2.07,0.26,1.732
2018-03-31,-1.2265,-2.07,0.26,1.732
2018-04-01,-1.2265,-2.07,0.3900000000000001,1.7329999999999999
2018-04-02,-1.2365,-2.08,0.3800000000000001,1.7429999999999999
2018-04-03,-1.2247999999999999,-2.09,0.3700000000000001,1.753
2018-04-04,-1.2276,-2.09,0.3700000000000001,1.753
2018-04-05,-1.2247,-2.09,0.3700000000000001,1.753
2018-04-06,-1.2233999999999998,-2.09,0.3700000000000001,1.753
2018-04-07,-1.2233999999999998,-2.09,0.3700000000000001,1.753
2018-04-08,-1.2233999999999998,-2.09,0.3700000000000001,1.753
2018-04-09,-1.2248999999999999,-2.09,0.3700000000000001,1.753
2018-04-10,-1.2233999999999998,-2.09,0.3700000000000001,1.753
2018-04-11,-1.2267,-2.09,0.3700000000000001,1.753
2018-04-12,-1.2263,-2.09,0.3700000000000001,1.753
2018-04-13,-1.2243,-2.09,0.3700000000000001,1.753
2018-04-14,-1.2243,-2.09,0.3700000000000001,1.753
2018-04-15,-1.2243,-2.09,0.3700000000000001,1.753
2018-04-16,-1.2241,-2.09,0.3700000000000001,1.753
2018-04-17,-1.2236,-2.09,0.3700000000000001,1.753
2018-04-18,-1.2229999999999999,-2.09,0.3700000000000001,1.753
2018-04-19,-1.2248999999999999,-2.09,0.3700000000000001,1.753
2018-04-20,-1.2353999999999998,-2.1,0.3600000000000001,1.763
2018-04-21,-1.2353999999999998,-2.1,0.3600000000000001,1.763
2018-04-22,-1.2353999999999998,-2.1,0.3600000000000001,1.763
2018-04-23,-1.2470999999999999,-2.1,0.3600000000000001,1.763
2018-04-24,-1.2463,-2.1,0.3600000000000001,1.763
2018-04-25,-1.246,-2.1,0.3600000000000001,1.763
2018-04-26,-1.2450999999999999,-2.1,0.3600000000000001,1.763
2018-04-27,-1.2452,-2.1,0.3600000000000001,1.763
2018-04-28,-1.2452,-2.1,0.3600000000000001,1.763
2018-04-29,-1.2452,-2.1,0.3600000000000001,1.763
2018-04-30,-1.2393,-2.09,0.3700000000000001,1.753
2018-05-01,-1.2503,-2.1,0.26,1.761
2018-05-02,-1.2485,-2.1,0.26,1.761
2018-05-03,-1.2473,-2.1,0.26,1.761
2018-05-04,-1.2444,-2.1,0.26,1.761
2018-05-05,-1.2444,-2.1,0.26,1.761
2018-05-06,-1.2444,-2.1,0.26,1.761
2018-05-07,-1.2444,-2.1,0.26,1.761
2018-05-08,-1.2458,-2.1,0.26,1.761
2018-05-09,-1.2447,-2.1,0.26,1.761
2018-05-10,-1.2461,-2.1,0.26,1.761
2018-05-11,-1.2458,-2.1,0.26,1.761
2018-05-12,-1.2458,-2.1,0.26,1.761
2018-05-13,-1.2458,-2.1,0.26,1.761
2018-05-14,-1.2487,-2.1,0.26,1.761
2018-05-15,-1.2489,-2.1,0.26,1.761
2018-05-16,-1.2471999999999999,-2.1,0.26,1.761
2018-05-17,-1.2467,-2.1,0.26,1.761
2018-05-18,-1.246,-2.1,0.26,1.761
2018-05-19,-1.246,-2.1,0.26,1.761
2018-05-20,-1.246,-2.1,0.26,1.761
2018-05-21,-1.2473,-2.1,0.26,1.761
2018-05-22,-1.2479,-2.1,0.26,1.761
2018-05-23,-1.2467,-2.1,0.26,1.761
2018-05-24,-1.2468,-2.1,0.26,1.761
2018-05-25,-1.2467,-2.1,0.26,1.761
2018-05-26,-1.2467,-2.1,0.26,1.761
2018-05-27,-1.2467,-2.1,0.26,1.761
2018-05-28,-1.2467,-2.1,0.26,1.761
2018-05-29,-1.2463,-2.1,0.26,1.761
2018-05-30,-1.2481,-2.1,0.26,1.761
2018-05-31,-1.2497,-2.1,0.26,1.761
2018-06-01,-1.2456,-2.1,0.3699999999999999,1.771
2018-06-02,-1.2456,-2.1,0.3699999999999999,1.771
2018-06-03,-1.2456,-2.1,0.3699999999999999,1.771
2018-06-04,-1.2478,-2.1,0.3699999999999999,1.771
2018-06-05,-1.2475,-2.1,0.3699999999999999,1.771
2018-06-06,-1.2481,-2.1,0.3699999999999999,1.771
2018-06-07,-1.2469,-2.1,0.3699999999999999,1.771
2018-06-08,-1.2465,-2.1,0.3699999999999999,1.771
2018-06-09,-1.2465,-2.1,0.3699999999999999,1.771
2018-06-10,-1.2465,-2.1,0.3699999999999999,1.771
2018-06-11,-1.2486,-2.1,0.3699999999999999,1.771
2018-06-12,-1.2499,-2.1,0.3699999999999999,1.771
2018-06-13,-1.2510999999999999,-2.1,0.3699999999999999,1.771
2018-06-14,-1.4487999999999999,-2.3,0.16999999999999993,1.9709999999999999
2018-06-15,-1.4495,-2.3,0.16999999999999993,1.9709999999999999
2018-06-16,-1.4495,-2.3,0.16999999999999993,1.9709999999999999
2018-06-17,-1.4495,-2.3,0.16999999999999993,1.9709999999999999
2018-06-18,-1.4485,-2.3,0.16999999999999993,1.9709999999999999
2018-06-19,-1.4592999999999998,-2.31,0.15999999999999992,1.9809999999999999
2018-06-20,-1.4705,-2.32,0.1499999999999999,1.9909999999999999
2018-06-21,-1.4687,-2.32,0.1499999999999999,1.9909999999999999
2018-06-22,-1.4708999999999999,-2.32,0.1499999999999999,1.9909999999999999
2018-06-23,-1.4708999999999999,-2.32,0.1499999999999999,1.9909999999999999
2018-06-24,-1.4708999999999999,-2.32,0.1499999999999999,1.9909999999999999
2018-06-25,-1.4687999999999999,-2.32,0.1499999999999999,1.9909999999999999
2018-06-26,-1.4702,-2.32,0.1499999999999999,1.9909999999999999
2018-06-27,-1.4605,-2.31,0.15999999999999992,1.9809999999999999
2018-06-28,-1.4585,-2.31,0.15999999999999992,1.9809999999999999
2018-06-29,-1.4701,-2.31,0.15999999999999992,1.9809999999999999
2018-06-30,-1.4701,-2.31,0.15999999999999992,1.9809999999999999
2018-07-01,-1.4701,-2.31,0.1100000000000001,1.98
2018-07-02,-1.4568999999999999,-2.31,0.1100000000000001,1.98
2018-07-03,-1.4557,-2.31,0.1100000000000001,1.98
2018-07-04,-1.4554,-2.31,0.1100000000000001,1.98
2018-07-05,-1.4537,-2.31,0.1100000000000001,1.98
2018-07-06,-1.452,-2.31,0.1100000000000001,1.98
2018-07-07,-1.452,-2.31,0.1100000000000001,1.98
2018-07-08,-1.452,-2.31,0.1100000000000001,1.98
2018-07-09,-1.4533,-2.31,0.1100000000000001,1.98
2018-07-10,-1.4550999999999998,-2.31,0.1100000000000001,1.98
2018-07-11,-1.4556,-2.31,0.1100000000000001,1.98
2018-07-12,-1.4537,-2.31,0.1100000000000001,1.98
2018-07-13,-1.4535,-2.31,0.1100000000000001,1.98
2018-07-14,-1.4535,-2.31,0.1100000000000001,1.98
2018-07-15,-1.4535,-2.31,0.1100000000000001,1.98
2018-07-16,-1.4547999999999999,-2.31,0.1100000000000001,1.98
2018-07-17,-1.4559,-2.31,0.1100000000000001,1.98
2018-07-18,-1.4557,-2.31,0.1100000000000001,1.98
2018-07-19,-1.4562,-2.31,0.1100000000000001,1.98
2018-07-20,-1.4543,-2.31,0.1100000000000001,1.98
2018-07-21,-1.4543,-2.31,0.1100000000000001,1.98
2018-07-22,-1.4543,-2.31,0.1100000000000001,1.98
2018-07-23,-1.4563,-2.31,0.1100000000000001,1.98
2018-07-24,-1.4552,-2.31,0.1100000000000001,1.98
2018-07-25,-1.456,-2.31,0.1100000000000001,1.98
2018-07-26,-1.4567999999999999,-2.31,0.1100000000000001,1.98
2018-07-27,-1.4567999999999999,-2.31,0.1100000000000001,1.98
2018-07-28,-1.4567999999999999,-2.31,0.1100000000000001,1.98
2018-07-29,-1.4567999999999999,-2.31,0.1100000000000001,1.98
2018-07-30,-1.4577,-2.31,0.1100000000000001,1.98
2018-07-31,-1.4597,-2.31,0.1100000000000001,1.98
2018-08-01,-1.4578,-2.31,0.050000000000000044,1.9689999999999999
2018-08-02,-1.2203,-2.31,0.050000000000000044,1.9689999999999999
2018-08-03,-1.2071999999999998,-2.31,0.050000000000000044,1.9689999999999999
2018-08-04,-1.2071999999999998,-2.31,0.050000000000000044,1.9689999999999999
2018-08-05,-1.2071999999999998,-2.31,0.050000000000000044,1.9689999999999999
2018-08-06,-1.2094,-2.31,0.050000000000000044,1.9689999999999999
2018-08-07,-1.2088999999999999,-2.31,0.050000000000000044,1.9689999999999999
2018-08-08,-1.2071999999999998,-2.31,0.050000000000000044,1.9689999999999999
2018-08-09,-1.2081,-2.31,0.050000000000000044,1.9689999999999999
2018-08-10,-1.2065,-2.31,0.050000000000000044,1.9689999999999999
2018-08-11,-1.2065,-2.31,0.050000000000000044,1.9689999999999999
2018-08-12,-1.2065,-2.31,0.050000000000000044,1.9689999999999999
2018-08-13,-1.2063,-2.31,0.050000000000000044,1.9689999999999999
2018-08-14,-1.2079,-2.31,0.050000000000000044,1.9689999999999999
2018-08-15,-1.2082,-2.31,0.050000000000000044,1.9689999999999999
2018-08-16,-1.2176,-2.32,0.040000000000000036,1.9789999999999999
2018-08-17,-1.217,-2.32,0.040000000000000036,1.9789999999999999
2018-08-18,-1.217,-2.32,0.040000000000000036,1.9789999999999999
2018-08-19,-1.217,-2.32,0.040000000000000036,1.9789999999999999
2018-08-20,-1.2161,-2.32,0.040000000000000036,1.9789999999999999
2018-08-21,-1.2163,-2.32,0.040000000000000036,1.9789999999999999
2018-08-22,-1.2172,-2.32,0.040000000000000036,1.9789999999999999
2018-08-23,-1.2165,-2.32,0.040000000000000036,1.9789999999999999
2018-08-24,-1.2164,-2.32,0.040000000000000036,1.9789999999999999
2018-08-25,-1.2164,-2.32,0.040000000000000036,1.9789999999999999
2018-08-26,-1.2164,-2.32,0.040000000000000036,1.9789999999999999
2018-08-27,-1.2164,-2.32,0.040000000000000036,1.9789999999999999
2018-08-28,-1.2167999999999999,-2.32,0.040000000000000036,1.9789999999999999
2018-08-29,-1.2151999999999998,-2.32,0.040000000000000036,1.9789999999999999
2018-08-30,-1.2142,-2.32,0.040000000000000036,1.9789999999999999
2018-08-31,-1.2058,-2.31,0.050000000000000044,1.9689999999999999
2018-09-01,-1.2058,-2.31,0.020000000000000018,1.968
2018-09-02,-1.2058,-2.31,0.020000000000000018,1.968
2018-09-03,-1.208,-2.31,0.020000000000000018,1.968
2018-09-04,-1.2153999999999998,-2.32,0.010000000000000009,1.978
2018-09-05,-1.2178,-2.32,0.010000000000000009,1.978
2018-09-06,-1.2167999999999999,-2.32,0.010000000000000009,1.978
2018-09-07,-1.2172,-2.32,0.010000000000000009,1.978
2018-09-08,-1.2172,-2.32,0.010000000000000009,1.978
2018-09-09,-1.2172,-2.32,0.010000000000000009,1.978
2018-09-10,-1.2184,-2.32,0.010000000000000009,1.978
2018-09-11,-1.2197,-2.32,0.010000000000000009,1.978
2018-09-12,-1.2174999999999998,-2.32,0.010000000000000009,1.978
2018-09-13,-1.2176,-2.32,0.010000000000000009,1.978
2018-09-14,-1.2184,-2.32,0.010000000000000009,1.978
2018-09-15,-1.2184,-2.32,0.010000000000000009,1.978
2018-09-16,-1.2184,-2.32,0.010000000000000009,1.978
2018-09-17,-1.2187,-2.32,0.010000000000000009,1.978
2018-09-18,-1.2185,-2.32,0.010000000000000009,1.978
2018-09-19,-1.2195,-2.32,0.010000000000000009,1.978
2018-09-20,-1.2201,-2.32,0.010000000000000009,1.978
2018-09-21,-1.2197,-2.32,0.010000000000000009,1.978
2018-09-22,-1.2197,-2.32,0.010000000000000009,1.978
2018-09-23,-1.2197,-2.32,0.010000000000000009,1.978
2018-09-24,-1.229,-2.33,0.0,1.988
2018-09-25,-1.2305,-2.33,0.0,1.988
2018-09-26,-1.2309999999999999,-2.33,0.0,1.988
2018-09-27,-1.4785000000000001,-2.58,-0.2500000000000002,2.238
2018-09-28,-1.4836,-2.58,-0.2500000000000002,2.238
2018-09-29,-1.4836,-2.58,-0.2500000000000002,2.238
2018-09-30,-1.4836,-2.58,-0.2500000000000002,2.238
2018-10-01,-1.4779000000000002,-2.58,-0.2500000000000002,2.24
2018-10-02,-1.4774000000000003,-2.58,-0.2500000000000002,2.24
2018-10-03,-1.4785000000000001,-2.58,-0.2500000000000002,2.24
2018-10-04,-1.4777,-2.58,-0.2500000000000002,2.24
2018-10-05,-1.479,-2.58,-0.2500000000000002,2.24
2018-10-06,-1.479,-2.58,-0.2500000000000002,2.24
2018-10-07,-1.479,-2.58,-0.2500000000000002,2.24
2018-10-08,-1.4779000000000002,-2.58,-0.2500000000000002,2.24
2018-10-09,-1.4781000000000002,-2.58,-0.2500000000000002,2.24
2018-10-10,-1.4803000000000002,-2.58,-0.2500000000000002,2.24
2018-10-11,-1.4801000000000002,-2.58,-0.2500000000000002,2.24
2018-10-12,-1.4788000000000001,-2.58,-0.2500000000000002,2.24
2018-10-13,-1.4788000000000001,-2.58,-0.2500000000000002,2.24
2018-10-14,-1.4788000000000001,-2.58,-0.2500000000000002,2.24
2018-10-15,-1.479,-2.58,-0.2500000000000002,2.24
2018-10-16,-1.4788000000000001,-2.58,-0.2500000000000002,2.24
2018-10-17,-1.4884,-2.59,-0.26,2.25
2018-10-18,-1.4883,-2.59,-0.26,2.25
2018-10-19,-1.4901,-2.59,-0.26,2.25
2018-10-20,-1.4901,-2.59,-0.26,2.25
2018-10-21,-1.4901,-2.59,-0.26,2.25
2018-10-22,-1.491,-2.59,-0.26,2.25
2018-10-23,-1.4996,-2.6,-0.27000000000000024,2.2600000000000002
2018-10-24,-1.4977,-2.6,-0.27000000000000024,2.2600000000000002
2018-10-25,-1.5012000000000003,-2.6,-0.27000000000000024,2.2600000000000002
2018-10-26,-1.4979000000000002,-2.6,-0.27000000000000024,2.2600000000000002
2018-10-27,-1.4979000000000002,-2.6,-0.27000000000000024,2.2600000000000002
2018-10-28,-1.4979000000000002,-2.6,-0.27000000000000024,2.2600000000000002
2018-10-29,-1.4989000000000003,-2.6,-0.27000000000000024,2.2600000000000002
2018-10-30,-1.4987000000000001,-2.6,-0.27000000000000024,2.2600000000000002
2018-10-31,-1.4998,-2.6,-0.27000000000000024,2.2600000000000002
2018-11-01,-1.4994,-2.6,-0.26000000000000023,2.2710000000000004
2018-11-02,-1.4895,-2.59,-0.25,2.261
2018-11-03,-1.4895,-2.59,-0.25,2.261
2018-11-04,-1.4895,-2.59,-0.25,2.261
2018-11-05,-1.4991000000000003,-2.6,-0.26000000000000023,2.2710000000000004
2018-11-06,-1.4983000000000002,-2.6,-0.26000000000000023,2.2710000000000004
2018-11-07,-1.4969000000000001,-2.6,-0.26000000000000023,2.2710000000000004
2018-11-08,-1.4977,-2.6,-0.26000000000000023,2.2710000000000004
2018-11-09,-1.4872,-2.59,-0.25,2.261
2018-11-10,-1.4872,-2.59,-0.25,2.261
2018-11-11,-1.4872,-2.59,-0.25,2.261
2018-11-12,-1.4876999999999998,-2.59,-0.25,2.261
2018-11-13,-1.4975,-2.6,-0.26000000000000023,2.2710000000000004
2018-11-14,-1.4987000000000001,-2.6,-0.26000000000000023,2.2710000000000004
2018-11-15,-1.4981000000000002,-2.6,-0.26000000000000023,2.2710000000000004
2018-11-16,-1.4993000000000003,-2.6,-0.26000000000000023,2.2710000000000004
2018-11-17,-1.4993000000000003,-2.6,-0.26000000000000023,2.2710000000000004
2018-11-18,-1.4993000000000003,-2.6,-0.26000000000000023,2.2710000000000004
2018-11-19,-1.4994,-2.6,-0.26000000000000023,2.2710000000000004
2018-11-20,-1.4987000000000001,-2.6,-0.26000000000000023,2.2710000000000004
2018-11-21,-1.4972000000000003,-2.6,-0.26000000000000023,2.2710000000000004
2018-11-22,-1.4969000000000001,-2.6,-0.26000000000000023,2.2710000000000004
2018-11-23,-1.4968000000000001,-2.6,-0.26000000000000023,2.2710000000000004
2018-11-24,-1.4968000000000001,-2.6,-0.26000000000000023,2.2710000000000004
2018-11-25,-1.4968000000000001,-2.6,-0.26000000000000023,2.2710000000000004
2018-11-26,-1.499,-2.6,-0.26000000000000023,2.2710000000000004
2018-11-27,-1.4982000000000002,-2.6,-0.26000000000000023,2.2710000000000004
2018-11-28,-1.499,-2.6,-0.26000000000000023,2.2710000000000004
2018-11-29,-1.4983000000000002,-2.6,-0.26000000000000023,2.2710000000000004
2018-11-30,-1.4998,-2.6,-0.26000000000000023,2.2710000000000004
2018-12-01,-1.4998,-2.6,-0.18000000000000016,2.2680000000000002
2018-12-02,-1.4998,-2.6,-0.18000000000000016,2.2680000000000002
2018-12-03,-1.4881,-2.59,-0.16999999999999993,2.258
2018-12-04,-1.4986000000000002,-2.6,-0.18000000000000016,2.2680000000000002
2018-12-05,-1.499,-2.6,-0.18000000000000016,2.2680000000000002
2018-12-06,-1.4979000000000002,-2.6,-0.18000000000000016,2.2680000000000002
2018-12-07,-1.488,-2.59,-0.16999999999999993,2.258
2018-12-08,-1.488,-2.59,-0.16999999999999993,2.258
2018-12-09,-1.488,-2.59,-0.16999999999999993,2.258
2018-12-10,-1.4972000000000003,-2.6,-0.18000000000000016,2.2680000000000002
2018-12-11,-1.4872999999999998,-2.59,-0.16999999999999993,2.258
2018-12-12,-1.4883,-2.59,-0.16999999999999993,2.258
2018-12-13,-1.4889999999999999,-2.59,-0.16999999999999993,2.258
2018-12-14,-1.4872,-2.59,-0.16999999999999993,2.258
2018-12-15,-1.4872,-2.59,-0.16999999999999993,2.258
2018-12-16,-1.4872,-2.59,-0.16999999999999993,2.258
2018-12-17,-1.4997000000000003,-2.6,-0.18000000000000016,2.2680000000000002
2018-12-18,-1.4981000000000002,-2.6,-0.18000000000000016,2.2680000000000002
2018-12-19,-1.4961000000000002,-2.6,-0.18000000000000016,2.2680000000000002
2018-12-20,-1.6967999999999999,-2.8,-0.3799999999999999,2.468
2018-12-21,-1.6945999999999999,-2.8,-0.3799999999999999,2.468
2018-12-22,-1.6945999999999999,-2.8,-0.3799999999999999,2.468
2018-12-23,-1.6945999999999999,-2.8,-0.3799999999999999,2.468
2018-12-24,-1.6949,-2.8,-0.3799999999999999,2.468
2018-12-25,-1.6949,-2.8,-0.3799999999999999,2.468
2018-12-26,-1.6949,-2.8,-0.3799999999999999,2.468
2018-12-27,-1.694,-2.8,-0.3799999999999999,2.468
2018-12-28,-1.6953,-2.8,-0.3799999999999999,2.468
2018-12-29,-1.6953,-2.8,-0.3799999999999999,2.468
2018-12-30,-1.6953,-2.8,-0.3799999999999999,2.468
2018-12-31,-1.7002,-2.8,-0.3799999999999999,2.468
2019-01-01,-1.7002,-2.8,-0.33000000000000007,2.464
2019-01-02,-1.6955999999999998,-2.8,-0.33000000000000007,2.464
2019-01-03,-1.6951999999999998,-2.8,-0.33000000000000007,2.464
2019-01-04,-1.6953999999999998,-2.8,-0.33000000000000007,2.464
2019-01-05,-1.6953999999999998,-2.8,-0.33000000000000007,2.464
2019-01-06,-1.6953999999999998,-2.8,-0.33000000000000007,2.464
2019-01-07,-1.6947999999999999,-2.8,-0.33000000000000007,2.464
2019-01-08,-1.6947999999999999,-2.8,-0.33000000000000007,2.464
2019-01-09,-1.6936999999999998,-2.8,-0.33000000000000007,2.464
2019-01-10,-1.6932999999999998,-2.8,-0.33000000000000007,2.464
2019-01-11,-1.6927999999999999,-2.8,-0.33000000000000007,2.464
2019-01-12,-1.6927999999999999,-2.8,-0.33000000000000007,2.464
2019-01-13,-1.6927999999999999,-2.8,-0.33000000000000007,2.464
2019-01-14,-1.6932999999999998,-2.8,-0.33000000000000007,2.464
2019-01-15,-1.6943,-2.8,-0.33000000000000007,2.464
2019-01-16,-1.6941,-2.8,-0.33000000000000007,2.464
2019-01-17,-1.6945,-2.8,-0.33000000000000007,2.464
2019-01-18,-1.6941,-2.8,-0.33000000000000007,2.464
2019-01-19,-1.6941,-2.8,-0.33000000000000007,2.464
2019-01-20,-1.6941,-2.8,-0.33000000000000007,2.464
2019-01-21,-1.6945,-2.8,-0.33000000000000007,2.464
2019-01-22,-1.6953,-2.8,-0.33000000000000007,2.464
2019-01-23,-1.6946999999999999,-2.8,-0.33000000000000007,2.464
2019-01-24,-1.6943,-2.8,-0.33000000000000007,2.464
2019-01-25,-1.6955,-2.8,-0.33000000000000007,2.464
2019-01-26,-1.6955,-2.8,-0.33000000000000007,2.464
2019-01-27,-1.6955,-2.8,-0.33000000000000007,2.464
2019-01-28,-1.6945999999999999,-2.8,-0.33000000000000007,2.464
2019-01-29,-1.6964,-2.8,-0.33000000000000007,2.464
2019-01-30,-1.6965999999999999,-2.8,-0.33000000000000007,2.464
2019-01-31,-1.6965999999999999,-2.8,-0.33000000000000007,2.464
2019-02-01,-1.6974999999999998,-2.8,-0.43999999999999995,2.455
2019-02-02,-1.6974999999999998,-2.8,-0.43999999999999995,2.455
2019-02-03,-1.6974999999999998,-2.8,-0.43999999999999995,2.455
2019-02-04,-1.6949,-2.8,-0.43999999999999995,2.455
2019-02-05,-1.6951999999999998,-2.8,-0.43999999999999995,2.455
2019-02-06,-1.6934,-2.8,-0.43999999999999995,2.455
2019-02-07,-1.6934999999999998,-2.8,-0.43999999999999995,2.455
2019-02-08,-1.6944,-2.8,-0.43999999999999995,2.455
2019-02-09,-1.6944,-2.8,-0.43999999999999995,2.455
2019-02-10,-1.6944,-2.8,-0.43999999999999995,2.455
2019-02-11,-1.6941,-2.8,-0.43999999999999995,2.455
2019-02-12,-1.6949999999999998,-2.8,-0.43999999999999995,2.455
2019-02-13,-1.6930999999999998,-2.8,-0.43999999999999995,2.455
2019-02-14,-1.6936999999999998,-2.8,-0.43999999999999995,2.455
2019-02-15,-1.6939,-2.8,-0.43999999999999995,2.455
2019-02-16,-1.6939,-2.8,-0.43999999999999995,2.455
2019-02-17,-1.6939,-2.8,-0.43999999999999995,2.455
2019-02-18,-1.6945,-2.8,-0.43999999999999995,2.455
2019-02-19,-1.694,-2.8,-0.43999999999999995,2.455
2019-02-20,-1.6923,-2.8,-0.43999999999999995,2.455
2019-02-21,-1.6927999999999999,-2.8,-0.43999999999999995,2.455
2019-02-22,-1.6917,-2.8,-0.43999999999999995,2.455
2019-02-23,-1.6917,-2.8,-0.43999999999999995,2.455
2019-02-24,-1.6917,-2.8,-0.43999999999999995,2.455
2019-02-25,-1.692,-2.8,-0.43999999999999995,2.455
2019-02-26,-1.6925999999999999,-2.8,-0.43999999999999995,2.455
2019-02-27,-1.6934999999999998,-2.8,-0.43999999999999995,2.455
2019-02-28,-1.6949999999999998,-2.8,-0.43999999999999995,2.455
2019-03-01,-1.6943,-2.8,-0.5699999999999998,2.441
2019-03-02,-1.6943,-2.8,-0.5699999999999998,2.441
2019-03-03,-1.6943,-2.8,-0.5699999999999998,2.441
2019-03-04,-1.6930999999999998,-2.8,-0.5699999999999998,2.441
2019-03-05,-1.6934999999999998,-2.8,-0.5699999999999998,2.441
2019-03-06,-1.6934,-2.8,-0.5699999999999998,2.441
2019-03-07,-1.6945,-2.8,-0.5699999999999998,2.441
2019-03-08,-1.6951,-2.8,-0.5699999999999998,2.441
2019-03-09,-1.6951,-2.8,-0.5699999999999998,2.441
2019-03-10,-1.6951,-2.8,-0.5699999999999998,2.441
2019-03-11,-1.6953999999999998,-2.8,-0.5699999999999998,2.441
2019-03-12,-1.6939,-2.8,-0.5699999999999998,2.441
2019-03-13,-1.6945,-2.8,-0.5699999999999998,2.441
2019-03-14,-1.6961,-2.8,-0.5699999999999998,2.441
2019-03-15,-1.6953999999999998,-2.8,-0.5699999999999998,2.441
2019-03-16,-1.6953999999999998,-2.8,-0.5699999999999998,2.441
2019-03-17,-1.6953999999999998,-2.8,-0.5699999999999998,2.441
2019-03-18,-1.6944,-2.8,-0.5699999999999998,2.441
2019-03-19,-1.6949999999999998,-2.8,-0.5699999999999998,2.441
2019-03-20,-1.7046000000000001,-2.81,-0.5800000000000001,2.451
2019-03-21,-1.705,-2.81,-0.5800000000000001,2.451
2019-03-22,-1.7047,-2.81,-0.5800000000000001,2.451
2019-03-23,-1.7047,-2.81,-0.5800000000000001,2.451
2019-03-24,-1.7047,-2.81,-0.5800000000000001,2.451
2019-03-25,-1.6953999999999998,-2.8,-0.5699999999999998,2.441
2019-03-26,-1.6941,-2.8,-0.5699999999999998,2.441
2019-03-27,-1.7053000000000003,-2.81,-0.5800000000000001,2.451
2019-03-28,-1.7049000000000003,-2.81,-0.5800000000000001,2.451
2019-03-29,-1.7264000000000002,-2.83,-0.6000000000000001,2.471
2019-03-30,-1.7264000000000002,-2.83,-0.6000000000000001,2.471
2019-03-31,-1.7264000000000002,-2.83,-0.6000000000000001,2.471
2019-04-01,-1.7045000000000001,-2.81,-0.7300000000000002,2.4770000000000003
2019-04-02,-1.7045000000000001,-2.81,-0.7300000000000002,2.4770000000000003
2019-04-03,-1.7036000000000002,-2.81,-0.7300000000000002,2.4770000000000003
2019-04-04,-1.7032000000000003,-2.81,-0.7300000000000002,2.4770000000000003
2019-04-05,-1.7024000000000001,-2.81,-0.7300000000000002,2.4770000000000003
2019-04-06,-1.7024000000000001,-2.81,-0.7300000000000002,2.4770000000000003
2019-04-07,-1.7024000000000001,-2.81,-0.7300000000000002,2.4770000000000003
2019-04-08,-1.7021000000000002,-2.81,-0.7300000000000002,2.4770000000000003
2019-04-09,-1.7028,-2.81,-0.7300000000000002,2.4770000000000003
2019-04-10,-1.7019000000000002,-2.81,-0.7300000000000002,2.4770000000000003
2019-04-11,-1.7025000000000001,-2.81,-0.7300000000000002,2.4770000000000003
2019-04-12,-1.7026000000000001,-2.81,-0.7300000000000002,2.4770000000000003
2019-04-13,-1.7026000000000001,-2.81,-0.7300000000000002,2.4770000000000003
2019-04-14,-1.7026000000000001,-2.81,-0.7300000000000002,2.4770000000000003
2019-04-15,-1.7018,-2.81,-0.7300000000000002,2.4770000000000003
2019-04-16,-1.7019000000000002,-2.81,-0.7300000000000002,2.4770000000000003
2019-04-17,-1.7115999999999998,-2.82,-0.74,2.487
2019-04-18,-1.7213000000000003,-2.83,-0.7500000000000002,2.4970000000000003
2019-04-19,-1.7313,-2.84,-0.76,2.507
2019-04-20,-1.7313,-2.84,-0.76,2.507
2019-04-21,-1.7313,-2.84,-0.76,2.507
2019-04-22,-1.7313,-2.84,-0.76,2.507
2019-04-23,-1.7308,-2.84,-0.76,2.507
2019-04-24,-1.7313,-2.84,-0.76,2.507
2019-04-25,-1.7304,-2.84,-0.76,2.507
2019-04-26,-1.7292999999999998,-2.84,-0.76,2.507
2019-04-27,-1.7292999999999998,-2.84,-0.76,2.507
2019-04-28,-1.7292999999999998,-2.84,-0.76,2.507
2019-04-29,-1.7403000000000002,-2.85,-0.7700000000000002,2.5170000000000003
2019-04-30,-1.7391,-2.85,-0.7700000000000002,2.5170000000000003
2019-05-01,-1.7397,-2.85,-0.9100000000000001,2.499
2019-05-02,-1.6993,-2.81,-0.8700000000000001,2.459
2019-05-03,-1.6902,-2.8,-0.8599999999999999,2.449
2019-05-04,-1.6902,-2.8,-0.8599999999999999,2.449
2019-05-05,-1.6902,-2.8,-0.8599999999999999,2.449
2019-05-06,-1.6902,-2.8,-0.8599999999999999,2.449
2019-05-07,-1.6905999999999999,-2.8,-0.8599999999999999,2.449
2019-05-08,-1.6808,-2.79,-0.8500000000000001,2.439
2019-05-09,-1.6696999999999997,-2.78,-0.8399999999999999,2.429
2019-05-10,-1.6702,-2.78,-0.8399999999999999,2.429
2019-05-11,-1.6702,-2.78,-0.8399999999999999,2.429
2019-05-12,-1.6702,-2.78,-0.8399999999999999,2.429
2019-05-13,-1.6703999999999999,-2.78,-0.8399999999999999,2.429
2019-05-14,-1.6704999999999999,-2.78,-0.8399999999999999,2.429
2019-05-15,-1.6904,-2.8,-0.8599999999999999,2.449
2019-05-16,-1.6800000000000002,-2.79,-0.8500000000000001,2.439
2019-05-17,-1.6806,-2.79,-0.8500000000000001,2.439
2019-05-18,-1.6806,-2.79,-0.8500000000000001,2.439
2019-05-19,-1.6806,-2.79,-0.8500000000000001,2.439
2019-05-20,-1.6804000000000001,-2.79,-0.8500000000000001,2.439
2019-05-21,-1.6807,-2.79,-0.8500000000000001,2.439
2019-05-22,-1.6694,-2.78,-0.8399999999999999,2.429
2019-05-23,-1.67,-2.78,-0.8399999999999999,2.429
2019-05-24,-1.6713999999999998,-2.78,-0.8399999999999999,2.429
2019-05-25,-1.6713999999999998,-2.78,-0.8399999999999999,2.429
2019-05-26,-1.6713999999999998,-2.78,-0.8399999999999999,2.429
2019-05-27,-1.6713999999999998,-2.78,-0.8399999999999999,2.429
2019-05-28,-1.6818,-2.79,-0.8500000000000001,2.439
2019-05-29,-1.6827,-2.79,-0.8500000000000001,2.439
2019-05-30,-1.6815000000000002,-2.79,-0.8500000000000001,2.439
2019-05-31,-1.6922,-2.8,-0.8599999999999999,2.449
2019-06-01,-1.6922,-2.8,-1.1099999999999999,2.4619999999999997
2019-06-02,-1.6922,-2.8,-1.1099999999999999,2.4619999999999997
2019-06-03,-1.6715999999999998,-2.78,-1.0899999999999999,2.4419999999999997
2019-06-04,-1.6715999999999998,-2.78,-1.0899999999999999,2.4419999999999997
2019-06-05,-1.6705999999999999,-2.78,-1.0899999999999999,2.4419999999999997
2019-06-06,-1.6608,-2.77,-1.08,2.432
2019-06-07,-1.661,-2.77,-1.08,2.432
2019-06-08,-1.661,-2.77,-1.08,2.432
2019-06-09,-1.661,-2.77,-1.08,2.432
2019-06-10,-1.6618,-2.77,-1.08,2.432
2019-06-11,-1.6618,-2.77,-1.08,2.432
2019-06-12,-1.6614,-2.77,-1.08,2.432
2019-06-13,-1.6617000000000002,-2.77,-1.08,2.432
2019-06-14,-1.6522,-2.76,-1.0699999999999998,2.4219999999999997
2019-06-15,-1.6522,-2.76,-1.0699999999999998,2.4219999999999997
2019-06-16,-1.6522,-2.76,-1.0699999999999998,2.4219999999999997
2019-06-17,-1.672,-2.78,-1.0899999999999999,2.4419999999999997
2019-06-18,-1.6618,-2.77,-1.08,2.432
2019-06-19,-1.6611000000000002,-2.77,-1.08,2.432
2019-06-20,-1.6608,-2.77,-1.08,2.432
2019-06-21,-1.6705999999999999,-2.78,-1.0899999999999999,2.4419999999999997
2019-06-22,-1.6705999999999999,-2.78,-1.0899999999999999,2.4419999999999997
2019-06-23,-1.6705999999999999,-2.78,-1.0899999999999999,2.4419999999999997
2019-06-24,-1.6715,-2.78,-1.0899999999999999,2.4419999999999997
2019-06-25,-1.67,-2.78,-1.0899999999999999,2.4419999999999997
2019-06-26,-1.6715999999999998,-2.78,-1.0899999999999999,2.4419999999999997
2019-06-27,-1.6713999999999998,-2.78,-1.0899999999999999,2.4419999999999997
2019-06-28,-1.694,-2.8,-1.1099999999999999,2.4619999999999997
2019-06-29,-1.694,-2.8,-1.1099999999999999,2.4619999999999997
2019-06-30,-1.694,-2.8,-1.1099999999999999,2.4619999999999997
2019-07-01,-1.6807,-2.79,-1.28,2.4610000000000003
2019-07-02,-1.6917999999999997,-2.8,-1.2899999999999998,2.471
2019-07-03,-1.7011000000000003,-2.81,-1.3,2.4810000000000003
2019-07-04,-1.7007,-2.81,-1.3,2.4810000000000003
2019-07-05,-1.7123,-2.82,-1.3099999999999998,2.491
2019-07-06,-1.7123,-2.82,-1.3099999999999998,2.491
2019-07-07,-1.7123,-2.82,-1.3099999999999998,2.491
2019-07-08,-1.7012,-2.81,-1.3,2.4810000000000003
2019-07-09,-1.7011000000000003,-2.81,-1.3,2.4810000000000003
2019-07-10,-1.701,-2.81,-1.3,2.4810000000000003
2019-07-11,-1.6909999999999998,-2.8,-1.2899999999999998,2.471
2019-07-12,-1.67,-2.78,-1.2699999999999998,2.451
2019-07-13,-1.67,-2.78,-1.2699999999999998,2.451
2019-07-14,-1.67,-2.78,-1.2699999999999998,2.451
2019-07-15,-1.6905,-2.8,-1.2899999999999998,2.471
2019-07-16,-1.7013000000000003,-2.81,-1.3,2.4810000000000003
2019-07-17,-1.7007,-2.81,-1.3,2.4810000000000003
2019-07-18,-1.7004000000000001,-2.81,-1.3,2.4810000000000003
2019-07-19,-1.7006000000000001,-2.81,-1.3,2.4810000000000003
2019-07-20,-1.7006000000000001,-2.81,-1.3,2.4810000000000003
2019-07-21,-1.7006000000000001,-2.81,-1.3,2.4810000000000003
2019-07-22,-1.6924,-2.8,-1.2899999999999998,2.471
2019-07-23,-1.6905,-2.8,-1.2899999999999998,2.471
2019-07-24,-1.6905,-2.8,-1.2899999999999998,2.471
2019-07-25,-1.6909,-2.8,-1.2899999999999998,2.471
2019-07-26,-1.6903,-2.8,-1.2899999999999998,2.471
2019-07-27,-1.6903,-2.8,-1.2899999999999998,2.471
2019-07-28,-1.6903,-2.8,-1.2899999999999998,2.471
2019-07-29,-1.6913,-2.8,-1.2899999999999998,2.471
2019-07-30,-1.6808,-2.79,-1.28,2.4610000000000003
2019-07-31,-1.6919,-2.8,-1.2899999999999998,2.471
2019-08-01,-1.4313000000000002,-2.54,-1.1600000000000001,2.185
2019-08-02,-1.4317000000000002,-2.54,-1.1600000000000001,2.185
2019-08-03,-1.4317000000000002,-2.54,-1.1600000000000001,2.185
2019-08-04,-1.4317000000000002,-2.54,-1.1600000000000001,2.185
2019-08-05,-1.4207999999999998,-2.53,-1.15,2.175
2019-08-06,-1.4203999999999999,-2.53,-1.15,2.175
2019-08-07,-1.4102000000000001,-2.52,-1.1400000000000001,2.165
2019-08-08,-1.4108,-2.52,-1.1400000000000001,2.165
2019-08-09,-1.4101000000000001,-2.52,-1.1400000000000001,2.165
2019-08-10,-1.4101000000000001,-2.52,-1.1400000000000001,2.165
2019-08-11,-1.4101000000000001,-2.52,-1.1400000000000001,2.165
2019-08-12,-1.411,-2.52,-1.1400000000000001,2.165
2019-08-13,-1.4106,-2.52,-1.1400000000000001,2.165
2019-08-14,-1.4100000000000001,-2.52,-1.1400000000000001,2.165
2019-08-15,-1.4202,-2.53,-1.15,2.175
2019-08-16,-1.4187999999999998,-2.53,-1.15,2.175
2019-08-17,-1.4187999999999998,-2.53,-1.15,2.175
2019-08-18,-1.4187999999999998,-2.53,-1.15,2.175
2019-08-19,-1.42,-2.53,-1.15,2.175
2019-08-20,-1.4198,-2.53,-1.15,2.175
2019-08-21,-1.4073000000000002,-2.52,-1.1400000000000001,2.165
2019-08-22,-1.4090000000000003,-2.52,-1.1400000000000001,2.165
2019-08-23,-1.4084,-2.52,-1.1400000000000001,2.165
2019-08-24,-1.4084,-2.52,-1.1400000000000001,2.165
2019-08-25,-1.4084,-2.52,-1.1400000000000001,2.165
2019-08-26,-1.4084,-2.52,-1.1400000000000001,2.165
2019-08-27,-1.4093,-2.52,-1.1400000000000001,2.165
2019-08-28,-1.4087,-2.52,-1.1400000000000001,2.165
2019-08-29,-1.4099000000000002,-2.52,-1.1400000000000001,2.165
2019-08-30,-1.4196999999999997,-2.53,-1.15,2.175
2019-08-31,-1.4196999999999997,-2.53,-1.15,2.175
2019-09-01,-1.4196999999999997,-2.53,-1.15,2.189
2019-09-02,-1.4209,-2.53,-1.15,2.189
2019-09-03,-1.4201,-2.53,-1.15,2.189
2019-09-04,-1.4204999999999999,-2.53,-1.15,2.189
2019-09-05,-1.4201,-2.53,-1.15,2.189
2019-09-06,-1.4102000000000001,-2.52,-1.1400000000000001,2.1790000000000003
2019-09-07,-1.4102000000000001,-2.52,-1.1400000000000001,2.1790000000000003
2019-09-08,-1.4102000000000001,-2.52,-1.1400000000000001,2.1790000000000003
2019-09-09,-1.4203999999999999,-2.53,-1.15,2.189
2019-09-10,-1.4213,-2.53,-1.15,2.189
2019-09-11,-1.4209,-2.53,-1.15,2.189
2019-09-12,-1.4203999999999999,-2.53,-1.15,2.189
2019-09-13,-1.4320000000000002,-2.54,-1.1600000000000001,2.1990000000000003
2019-09-14,-1.4320000000000002,-2.54,-1.1600000000000001,2.1990000000000003
2019-09-15,-1.4320000000000002,-2.54,-1.1600000000000001,2.1990000000000003
2019-09-16,-1.5401,-2.65,-1.27,2.309
2019-09-17,-1.589,-2.6999999999999997,-1.3199999999999998,2.359
2019-09-18,-1.5396,-2.75,-1.27,2.309
2019-09-19,-1.1896,-2.4,-0.9199999999999999,1.9589999999999999
2019-09-20,-1.1906999999999999,-2.4,-0.9199999999999999,1.9589999999999999
2019-09-21,-1.1906999999999999,-2.4,-0.9199999999999999,1.9589999999999999
2019-09-22,-1.1906999999999999,-2.4,-0.9199999999999999,1.9589999999999999
2019-09-23,-1.1901,-2.4,-0.9199999999999999,1.9589999999999999
2019-09-24,-1.1894999999999998,-2.4,-0.9199999999999999,1.9589999999999999
2019-09-25,-1.1901,-2.4,-0.9199999999999999,1.9589999999999999
2019-09-26,-1.1391,-2.35,-0.8700000000000001,1.909
2019-09-27,-1.1191,-2.33,-0.8500000000000001,1.889
2019-09-28,-1.1191,-2.33,-0.8500000000000001,1.889
2019-09-29,-1.1191,-2.33,-0.8500000000000001,1.889
2019-09-30,-1.1899,-2.4,-0.9199999999999999,1.9589999999999999
2019-10-01,-1.1692,-2.38,-0.9999999999999999,1.9009999999999998
2019-10-02,-1.1402,-2.35,-0.9700000000000001,1.871
2019-10-03,-1.1202,-2.33,-0.9500000000000001,1.851
2019-10-04,-1.1082,-2.3200000000000003,-0.9400000000000001,1.841
2019-10-05,-1.1082,-2.3200000000000003,-0.9400000000000001,1.841
2019-10-06,-1.1082,-2.3200000000000003,-0.9400000000000001,1.841
2019-10-07,-1.1089000000000002,-2.3200000000000003,-0.9400000000000001,1.841
2019-10-08,-1.1093000000000002,-2.3200000000000003,-0.9400000000000001,1.841
2019-10-09,-1.1088,-2.3200000000000003,-0.9400000000000001,1.841
2019-10-10,-1.1085,-2.3200000000000003,-0.9400000000000001,1.841
2019-10-11,-1.1092,-2.3200000000000003,-0.9400000000000001,1.841
2019-10-12,-1.1092,-2.3200000000000003,-0.9400000000000001,1.841
2019-10-13,-1.1092,-2.3200000000000003,-0.9400000000000001,1.841
2019-10-14,-1.1094,-2.3200000000000003,-0.9400000000000001,1.841
2019-10-15,-1.1888999999999998,-2.4,-1.02,1.9209999999999998
2019-10-16,-1.1890999999999998,-2.4,-1.02,1.9209999999999998
2019-10-17,-1.1393,-2.35,-0.9700000000000001,1.871
2019-10-18,-1.1399000000000001,-2.35,-0.9700000000000001,1.871
2019-10-19,-1.1399000000000001,-2.35,-0.9700000000000001,1.871
2019-10-20,-1.1399000000000001,-2.35,-0.9700000000000001,1.871
2019-10-21,-1.1389,-2.35,-0.9700000000000001,1.871
2019-10-22,-1.1384,-2.35,-0.9700000000000001,1.871
2019-10-23,-1.1376,-2.35,-0.9700000000000001,1.871
2019-10-24,-1.1392000000000002,-2.35,-0.9700000000000001,1.871
2019-10-25,-1.1203,-2.33,-0.9500000000000001,1.851
2019-10-26,-1.1203,-2.33,-0.9500000000000001,1.851
2019-10-27,-1.1203,-2.33,-0.9500000000000001,1.851
2019-10-28,-1.1194000000000002,-2.33,-0.9500000000000001,1.851
2019-10-29,-1.1093000000000002,-2.3200000000000003,-0.9400000000000001,1.841
2019-10-30,-1.1093000000000002,-2.3200000000000003,-0.9400000000000001,1.841
2019-10-31,-0.8694000000000001,-2.08,-0.7000000000000001,1.601
2019-11-01,-0.8581000000000001,-2.0700000000000003,-0.66,1.613
2019-11-02,-0.8581000000000001,-2.0700000000000003,-0.66,1.613
2019-11-03,-0.8581000000000001,-2.0700000000000003,-0.66,1.613
2019-11-04,-0.8483,-2.06,-0.65,1.603
2019-11-05,-0.8495,-2.06,-0.65,1.603
2019-11-06,-0.8385,-2.05,-0.64,1.593
2019-11-07,-0.8392000000000001,-2.05,-0.64,1.593
2019-11-08,-0.8400000000000001,-2.05,-0.64,1.593
2019-11-09,-0.8400000000000001,-2.05,-0.64,1.593
2019-11-10,-0.8400000000000001,-2.05,-0.64,1.593
2019-11-11,-0.8388,-2.05,-0.64,1.593
2019-11-12,-0.8397,-2.05,-0.64,1.593
2019-11-13,-0.8391000000000001,-2.05,-0.64,1.593
2019-11-14,-0.8409000000000001,-2.05,-0.64,1.593
2019-11-15,-0.8415,-2.05,-0.64,1.593
2019-11-16,-0.8415,-2.05,-0.64,1.593
2019-11-17,-0.8415,-2.05,-0.64,1.593
2019-11-18,-0.8401000000000001,-2.05,-0.64,1.593
2019-11-19,-0.8394,-2.05,-0.64,1.593
2019-11-20,-0.8392000000000001,-2.05,-0.64,1.593
2019-11-21,-0.8393,-2.05,-0.64,1.593
2019-11-22,-0.8396,-2.05,-0.64,1.593
2019-11-23,-0.8396,-2.05,-0.64,1.593
2019-11-24,-0.8396,-2.05,-0.64,1.593
2019-11-25,-0.8403,-2.05,-0.64,1.593
2019-11-26,-0.8403,-2.05,-0.64,1.593
2019-11-27,-0.8395,-2.05,-0.64,1.593
2019-11-28,-0.8400000000000001,-2.05,-0.64,1.593
2019-11-29,-0.8477,-2.06,-0.65,1.603
2019-11-30,-0.8477,-2.06,-0.65,1.603
2019-12-01,-0.8477,-2.06,-0.66,1.598
2019-12-02,-0.8509000000000001,-2.06,-0.66,1.598
2019-12-03,-0.8408,-2.05,-0.65,1.588
2019-12-04,-0.8409000000000001,-2.05,-0.65,1.588
2019-12-05,-0.8403,-2.05,-0.65,1.588
2019-12-06,-0.8414,-2.05,-0.65,1.588
2019-12-07,-0.8414,-2.05,-0.65,1.588
2019-12-08,-0.8414,-2.05,-0.65,1.588
2019-12-09,-0.8405,-2.05,-0.65,1.588
2019-12-10,-0.8397,-2.05,-0.65,1.588
2019-12-11,-0.8402000000000001,-2.05,-0.65,1.588
2019-12-12,-0.8396,-2.05,-0.65,1.588
2019-12-13,-0.8387,-2.05,-0.65,1.588
2019-12-14,-0.8387,-2.05,-0.65,1.588
2019-12-15,-0.8387,-2.05,-0.65,1.588
2019-12-16,-0.8489000000000001,-2.06,-0.66,1.598
2019-12-17,-0.8396,-2.05,-0.65,1.588
2019-12-18,-0.8394,-2.05,-0.65,1.588
2019-12-19,-0.8387,-2.05,-0.65,1.588
2019-12-20,-0.8392000000000001,-2.05,-0.65,1.588
2019-12-21,-0.8392000000000001,-2.05,-0.65,1.588
2019-12-22,-0.8392000000000001,-2.05,-0.65,1.588
2019-12-23,-0.8398,-2.05,-0.65,1.588
2019-12-24,-0.8406,-2.05,-0.65,1.588
2019-12-25,-0.8406,-2.05,-0.65,1.588
2019-12-26,-0.8406,-2.05,-0.65,1.588
2019-12-27,-0.8400000000000001,-2.05,-0.65,1.588
2019-12-28,-0.8400000000000001,-2.05,-0.65,1.588
2019-12-29,-0.8400000000000001,-2.05,-0.65,1.588
2019-12-30,-0.8393,-2.05,-0.65,1.588
2019-12-31,-0.8402000000000001,-2.05,-0.65,1.588
2020-01-01,-0.8402000000000001,-2.05,-0.66,1.582
2020-01-02,-0.8375,-2.05,-0.66,1.582
2020-01-03,-0.8390000000000001,-2.05,-0.66,1.582
2020-01-04,-0.8390000000000001,-2.05,-0.66,1.582
2020-01-05,-0.8390000000000001,-2.05,-0.66,1.582
2020-01-06,-0.8376,-2.05,-0.66,1.582
2020-01-07,-0.8380000000000001,-2.05,-0.66,1.582
2020-01-08,-0.8376,-2.05,-0.66,1.582
2020-01-09,-0.8377,-2.05,-0.66,1.582
2020-01-10,-0.8283,-2.04,-0.65,1.572
2020-01-11,-0.8283,-2.04,-0.65,1.572
2020-01-12,-0.8283,-2.04,-0.65,1.572
2020-01-13,-0.8293,-2.04,-0.65,1.572
2020-01-14,-0.8289000000000001,-2.04,-0.65,1.572
2020-01-15,-0.8275,-2.04,-0.65,1.572
2020-01-16,-0.8283,-2.04,-0.65,1.572
2020-01-17,-0.8380000000000001,-2.05,-0.66,1.582
2020-01-18,-0.8380000000000001,-2.05,-0.66,1.582
2020-01-19,-0.8380000000000001,-2.05,-0.66,1.582
2020-01-20,-0.8383,-2.05,-0.66,1.582
2020-01-21,-0.8383,-2.05,-0.66,1.582
2020-01-22,-0.8383,-2.05,-0.66,1.582
2020-01-23,-0.8396,-2.05,-0.66,1.582
2020-01-24,-0.8394,-2.05,-0.66,1.582
2020-01-25,-0.8394,-2.05,-0.66,1.582
2020-01-26,-0.8394,-2.05,-0.66,1.582
2020-01-27,-0.8411000000000001,-2.05,-0.66,1.582
2020-01-28,-0.8404,-2.05,-0.66,1.582
2020-01-29,-0.8397,-2.05,-0.66,1.582
2020-01-30,-0.8901000000000001,-2.1,-0.7100000000000001,1.6320000000000001
2020-01-31,-0.8783000000000001,-2.09,-0.7000000000000001,1.622
2020-02-01,-0.8783000000000001,-2.09,-0.7000000000000001,1.606
2020-02-02,-0.8783000000000001,-2.09,-0.7000000000000001,1.606
2020-02-03,-0.8796,-2.09,-0.7000000000000001,1.606
2020-02-04,-0.8796,-2.09,-0.7000000000000001,1.606
2020-02-05,-0.8793000000000001,-2.09,-0.7000000000000001,1.606
2020-02-06,-0.8793000000000001,-2.09,-0.7000000000000001,1.606
2020-02-07,-0.8688,-2.08,-0.6900000000000001,1.596
2020-02-08,-0.8688,-2.08,-0.6900000000000001,1.596
2020-02-09,-0.8688,-2.08,-0.6900000000000001,1.596
2020-02-10,-0.8705,-2.08,-0.6900000000000001,1.596
2020-02-11,-0.8703000000000001,-2.08,-0.6900000000000001,1.596
2020-02-12,-0.8702000000000001,-2.08,-0.6900000000000001,1.596
2020-02-13,-0.8694000000000001,-2.08,-0.6900000000000001,1.596
2020-02-14,-0.8697,-2.08,-0.6900000000000001,1.596
2020-02-15,-0.8697,-2.08,-0.6900000000000001,1.596
2020-02-16,-0.8697,-2.08,-0.6900000000000001,1.596
2020-02-17,-0.8708,-2.08,-0.6900000000000001,1.596
2020-02-18,-0.8805000000000001,-2.09,-0.7000000000000001,1.606
2020-02-19,-0.8798,-2.09,-0.7000000000000001,1.606
2020-02-20,-0.8790000000000001,-2.09,-0.7000000000000001,1.606
2020-02-21,-0.8688,-2.08,-0.6900000000000001,1.596
2020-02-22,-0.8688,-2.08,-0.6900000000000001,1.596
2020-02-23,-0.8688,-2.08,-0.6900000000000001,1.596
2020-02-24,-0.8695,-2.08,-0.6900000000000001,1.596
2020-02-25,-0.8691000000000001,-2.08,-0.6900000000000001,1.596
2020-02-26,-0.8686,-2.08,-0.6900000000000001,1.596
2020-02-27,-0.8694000000000001,-2.08,-0.6900000000000001,1.596
2020-02-28,-0.8702000000000001,-2.08,-0.6900000000000001,1.596
2020-02-29,-0.8702000000000001,-2.08,-0.6900000000000001,1.596
2020-03-01,-0.8702000000000001,-2.08,-1.05,1.627
2020-03-02,-0.8811000000000001,-2.09,-1.06,1.637
2020-03-03,-0.8802000000000001,-2.09,-1.06,1.637
2020-03-04,-0.3800000000000001,-1.59,-0.56,1.137
2020-03-05,-0.3811000000000001,-1.59,-0.56,1.137
2020-03-06,-0.3813000000000001,-1.59,-0.56,1.137
2020-03-07,-0.3813000000000001,-1.59,-0.56,1.137
2020-03-08,-0.3813000000000001,-1.59,-0.56,1.137
2020-03-09,-0.3809000000000001,-1.59,-0.56,1.137
2020-03-10,-0.3809000000000001,-1.59,-0.56,1.137
2020-03-11,-0.8808,-1.59,-0.56,1.137
2020-03-12,-0.8907,-1.6,-0.5700000000000001,1.147
2020-03-13,-0.8907,-1.6,-0.5700000000000001,1.147
2020-03-14,-0.8907,-1.6,-0.5700000000000001,1.147
2020-03-15,-0.8907,-1.6,-0.5700000000000001,1.147
2020-03-16,-0.04039999999999999,-0.75,0.28,0.297
2020-03-17,-0.036500000000000005,-0.75,0.28,0.297
2020-03-18,-0.03520000000000001,-0.75,0.28,0.297
2020-03-19,0.013399999999999995,-0.7,0.33,0.247
2020-03-20,-0.0794,-0.65,0.38,0.197
2020-03-21,-0.0794,-0.65,0.38,0.197
2020-03-22,-0.0794,-0.65,0.38,0.197
2020-03-23,-0.07769999999999999,-0.65,0.38,0.197
2020-03-24,-0.0464,-0.62,0.41000000000000003,0.16699999999999998
2020-03-25,-0.02500000000000001,-0.6,0.43000000000000005,0.14700000000000002
2020-03-26,-0.0271,-0.6,0.43000000000000005,0.14700000000000002
2020-03-27,-0.029000000000000012,-0.6,0.43000000000000005,0.14700000000000002
2020-03-28,-0.029000000000000012,-0.6,0.43000000000000005,0.14700000000000002
2020-03-29,-0.029000000000000012,-0.6,0.43000000000000005,0.14700000000000002
2020-03-30,-0.01859999999999999,-0.59,0.44000000000000006,0.137
2020-03-31,-0.007099999999999995,-0.58,0.45,0.127
2020-04-01,0.011200000000000002,-0.56,0.11000000000000001,0.096
2020-04-02,0.015299999999999994,-0.55,0.12000000000000001,0.086
2020-04-03,0.013999999999999999,-0.55,0.12000000000000001,0.086
2020-04-04,0.013999999999999999,-0.55,0.12000000000000001,0.086
2020-04-05,0.013999999999999999,-0.55,0.12000000000000001,0.086
2020-04-06,0.015699999999999992,-0.55,0.12000000000000001,0.086
2020-04-07,0.016100000000000003,-0.55,0.12000000000000001,0.086
2020-04-08,0.014100000000000001,-0.55,0.12000000000000001,0.086
2020-04-09,0.016,-0.55,0.12000000000000001,0.086
2020-04-10,0.016,-0.55,0.12000000000000001,0.086
2020-04-11,0.016,-0.55,0.12000000000000001,0.086
2020-04-12,0.016,-0.55,0.12000000000000001,0.086
2020-04-13,0.016,-0.55,0.12000000000000001,0.086
2020-04-14,0.013499999999999998,-0.55,0.12000000000000001,0.086
2020-04-15,0.013399999999999995,-0.55,0.12000000000000001,0.086
2020-04-16,0.013200000000000003,-0.55,0.12000000000000001,0.086
2020-04-17,0.014299999999999993,-0.55,0.12000000000000001,0.086
2020-04-18,0.014299999999999993,-0.55,0.12000000000000001,0.086
2020-04-19,0.014299999999999993,-0.55,0.12000000000000001,0.086
2020-04-20,0.016100000000000003,-0.55,0.12000000000000001,0.086
2020-04-21,0.017199999999999993,-0.55,0.12000000000000001,0.086
2020-04-22,0.018299999999999997,-0.55,0.12000000000000001,0.086
2020-04-23,0.027299999999999998,-0.54,0.13,0.076
2020-04-24,0.016199999999999992,-0.55,0.12000000000000001,0.086
2020-04-25,0.016199999999999992,-0.55,0.12000000000000001,0.086
2020-04-26,0.016199999999999992,-0.55,0.12000000000000001,0.086
2020-04-27,0.025199999999999993,-0.54,0.13,0.076
2020-04-28,0.026500000000000003,-0.54,0.13,0.076
2020-04-29,0.027299999999999998,-0.54,0.13,0.076
2020-04-30,0.016600000000000004,-0.55,0.12000000000000001,0.086
2020-05-01,0.015799999999999995,-0.55,0.05,0.097
2020-05-02,0.015799999999999995,-0.55,0.05,0.097
2020-05-03,0.015799999999999995,-0.55,0.05,0.097
2020-05-04,0.015899999999999997,-0.55,0.05,0.097
2020-05-05,0.0165,-0.55,0.05,0.097
2020-05-06,0.016799999999999995,-0.55,0.05,0.097
2020-05-07,0.0174,-0.55,0.05,0.097
2020-05-08,0.0174,-0.55,0.05,0.097
2020-05-09,0.0174,-0.55,0.05,0.097
2020-05-10,0.0174,-0.55,0.05,0.097
2020-05-11,0.016699999999999993,-0.55,0.05,0.097
2020-05-12,0.016699999999999993,-0.55,0.05,0.097
2020-05-13,0.0184,-0.55,0.05,0.097
2020-05-14,0.017199999999999993,-0.55,0.05,0.097
2020-05-15,0.0175,-0.55,0.05,0.097
2020-05-16,0.0175,-0.55,0.05,0.097
2020-05-17,0.0175,-0.55,0.05,0.097
2020-05-18,0.018299999999999997,-0.55,0.05,0.097
2020-05-19,0.018000000000000002,-0.55,0.05,0.097
2020-05-20,0.018799999999999997,-0.55,0.05,0.097
2020-05-21,0.018299999999999997,-0.55,0.05,0.097
2020-05-22,0.018299999999999997,-0.55,0.05,0.097
2020-05-23,0.018299999999999997,-0.55,0.05,0.097
2020-05-24,0.018299999999999997,-0.55,0.05,0.097
2020-05-25,0.018299999999999997,-0.55,0.05,0.097
2020-05-26,0.017100000000000004,-0.55,0.05,0.097
2020-05-27,0.017699999999999994,-0.55,0.05,0.097
2020-05-28,0.018000000000000002,-0.55,0.05,0.097
2020-05-29,0.0179,-0.55,0.05,0.097
2020-05-30,0.0179,-0.55,0.05,0.097
2020-05-31,0.0179,-0.55,0.05,0.097
2020-06-01,0.0165,-0.55,0.05,0.098
2020-06-02,0.008599999999999997,-0.56,0.04000000000000001,0.108
2020-06-03,0.008500000000000008,-0.56,0.04000000000000001,0.108
2020-06-04,0.009300000000000003,-0.56,0.04000000000000001,0.108
2020-06-05,-0.0021000000000000046,-0.5700000000000001,0.03,0.11800000000000001
2020-06-06,-0.0021000000000000046,-0.5700000000000001,0.03,0.11800000000000001
2020-06-07,-0.0021000000000000046,-0.5700000000000001,0.03,0.11800000000000001
2020-06-08,-0.0040000000000000036,-0.5700000000000001,0.03,0.11800000000000001
2020-06-09,-0.0040000000000000036,-0.5700000000000001,0.03,0.11800000000000001
2020-06-10,-0.014300000000000007,-0.58,0.020000000000000004,0.128
2020-06-11,-0.014899999999999997,-0.58,0.020000000000000004,0.128
2020-06-12,-0.014899999999999997,-0.58,0.020000000000000004,0.128
2020-06-13,-0.014899999999999997,-0.58,0.020000000000000004,0.128
2020-06-14,-0.014899999999999997,-0.58,0.020000000000000004,0.128
2020-06-15,-0.0266,-0.59,0.010000000000000009,0.138
2020-06-16,-0.02729999999999999,-0.59,0.010000000000000009,0.138
2020-06-17,-0.026399999999999993,-0.59,0.010000000000000009,0.138
2020-06-18,-0.0276,-0.59,0.010000000000000009,0.138
2020-06-19,-0.02629999999999999,-0.59,0.010000000000000009,0.138
2020-06-20,-0.02629999999999999,-0.59,0.010000000000000009,0.138
2020-06-21,-0.02629999999999999,-0.59,0.010000000000000009,0.138
2020-06-22,-0.016399999999999998,-0.58,0.020000000000000004,0.128
2020-06-23,-0.0179,-0.58,0.020000000000000004,0.128
2020-06-24,-0.0174,-0.58,0.020000000000000004,0.128
2020-06-25,-0.017,-0.58,0.020000000000000004,0.128
2020-06-26,-0.016700000000000007,-0.58,0.020000000000000004,0.128
2020-06-27,-0.016700000000000007,-0.58,0.020000000000000004,0.128
2020-06-28,-0.016700000000000007,-0.58,0.020000000000000004,0.128
2020-06-29,-0.018100000000000005,-0.58,0.020000000000000004,0.128
2020-06-30,-0.019700000000000002,-0.58,0.020000000000000004,0.128
2020-07-01,-0.0189,-0.58,0.020000000000000004,0.108
2020-07-02,-0.029199999999999997,-0.59,0.010000000000000009,0.118
2020-07-03,-0.029199999999999997,-0.59,0.010000000000000009,0.118
2020-07-04,-0.029199999999999997,-0.59,0.010000000000000009,0.118
2020-07-05,-0.029199999999999997,-0.59,0.010000000000000009,0.118
2020-07-06,-0.030799999999999994,-0.59,0.010000000000000009,0.118
2020-07-07,-0.031,-0.59,0.010000000000000009,0.118
2020-07-08,-0.030399999999999996,-0.59,0.010000000000000009,0.118
2020-07-09,-0.030599999999999995,-0.59,0.010000000000000009,0.118
2020-07-10,-0.030099999999999995,-0.59,0.010000000000000009,0.118
2020-07-11,-0.030099999999999995,-0.59,0.010000000000000009,0.118
2020-07-12,-0.030099999999999995,-0.59,0.010000000000000009,0.118
2020-07-13,-0.030099999999999995,-0.59,0.010000000000000009,0.118
2020-07-14,-0.0295,-0.59,0.010000000000000009,0.118
2020-07-15,-0.0391,-0.6,0.0,0.128
2020-07-16,-0.038200000000000005,-0.6,0.0,0.128
2020-07-17,-0.03,-0.59,0.010000000000000009,0.118
2020-07-18,-0.03,-0.59,0.010000000000000009,0.118
2020-07-19,-0.03,-0.59,0.010000000000000009,0.118
2020-07-20,-0.039900000000000005,-0.6,0.0,0.128
2020-07-21,-0.03980000000000001,-0.6,0.0,0.128
2020-07-22,-0.031299999999999994,-0.59,0.010000000000000009,0.118
2020-07-23,-0.031599999999999996,-0.59,0.010000000000000009,0.118
2020-07-24,-0.0312,-0.59,0.010000000000000009,0.118
2020-07-25,-0.0312,-0.59,0.010000000000000009,0.118
2020-07-26,-0.0312,-0.59,0.010000000000000009,0.118
2020-07-27,-0.041600000000000005,-0.6,0.0,0.128
2020-07-28,-0.04020000000000001,-0.6,0.0,0.128
2020-07-29,-0.040900000000000006,-0.6,0.0,0.128
2020-07-30,-0.039900000000000005,-0.6,0.0,0.128
2020-07-31,-0.039700000000000006,-0.6,0.0,0.128
2020-08-01,-0.039700000000000006,-0.6,0.0,0.135
2020-08-02,-0.039700000000000006,-0.6,0.0,0.135
2020-08-03,-0.042600000000000006,-0.6,0.0,0.135
2020-08-04,-0.0432,-0.6,0.0,0.135
2020-08-05,-0.042800000000000005,-0.6,0.0,0.135
2020-08-06,-0.04270000000000001,-0.6,0.0,0.135
2020-08-07,-0.041600000000000005,-0.6,0.0,0.135
2020-08-08,-0.041600000000000005,-0.6,0.0,0.135
2020-08-09,-0.041600000000000005,-0.6,0.0,0.135
2020-08-10,-0.042800000000000005,-0.6,0.0,0.135
2020-08-11,-0.04390000000000001,-0.6,0.0,0.135
2020-08-12,-0.0437,-0.6,0.0,0.135
2020-08-13,-0.04290000000000001,-0.6,0.0,0.135
2020-08-14,-0.0432,-0.6,0.0,0.135
2020-08-15,-0.0432,-0.6,0.0,0.135
2020-08-16,-0.0432,-0.6,0.0,0.135
2020-08-17,-0.0437,-0.6,0.0,0.135
2020-08-18,-0.034699999999999995,-0.59,0.010000000000000009,0.125
2020-08-19,-0.0338,-0.59,0.010000000000000009,0.125
2020-08-20,-0.0343,-0.59,0.010000000000000009,0.125
2020-08-21,-0.0344,-0.59,0.010000000000000009,0.125
2020-08-22,-0.0344,-0.59,0.010000000000000009,0.125
2020-08-23,-0.0344,-0.59,0.010000000000000009,0.125
2020-08-24,-0.0355,-0.59,0.010000000000000009,0.125
2020-08-25,-0.034699999999999995,-0.59,0.010000000000000009,0.125
2020-08-26,-0.0353,-0.59,0.010000000000000009,0.125
2020-08-27,-0.024100000000000003,-0.58,0.020000000000000004,0.115
2020-08-28,-0.0355,-0.59,0.010000000000000009,0.125
2020-08-29,-0.0355,-0.59,0.010000000000000009,0.125
2020-08-30,-0.0355,-0.59,0.010000000000000009,0.125
2020-08-31,-0.0355,-0.59,0.010000000000000009,0.125
2020-09-01,-0.0348,-0.59,0.0,0.144
2020-09-02,-0.0353,-0.59,0.0,0.144
2020-09-03,-0.0339,-0.59,0.0,0.144
2020-09-04,-0.033999999999999996,-0.59,0.0,0.144
2020-09-05,-0.033999999999999996,-0.59,0.0,0.144
2020-09-06,-0.033999999999999996,-0.59,0.0,0.144
2020-09-07,-0.0344,-0.59,0.0,0.144
2020-09-08,-0.0343,-0.59,0.0,0.144
2020-09-09,-0.034999999999999996,-0.59,0.0,0.144
2020-09-10,-0.0348,-0.59,0.0,0.144
2020-09-11,-0.0331,-0.59,0.0,0.144
2020-09-12,-0.0331,-0.59,0.0,0.144
2020-09-13,-0.0331,-0.59,0.0,0.144
2020-09-14,-0.0343,-0.59,0.0,0.144
2020-09-15,-0.0344,-0.59,0.0,0.144
2020-09-16,-0.034199999999999994,-0.59,0.0,0.144
2020-09-17,-0.035399999999999994,-0.59,0.0,0.144
2020-09-18,-0.036,-0.59,0.0,0.144
2020-09-19,-0.036,-0.59,0.0,0.144
2020-09-20,-0.036,-0.59,0.0,0.144
2020-09-21,-0.036199999999999996,-0.59,0.0,0.144
2020-09-22,-0.035899999999999994,-0.59,0.0,0.144
2020-09-23,-0.03609999999999999,-0.59,0.0,0.144
2020-09-24,-0.03609999999999999,-0.59,0.0,0.144
2020-09-25,-0.035899999999999994,-0.59,0.0,0.144
2020-09-26,-0.035899999999999994,-0.59,0.0,0.144
2020-09-27,-0.035899999999999994,-0.59,0.0,0.144
2020-09-28,-0.035899999999999994,-0.59,0.0,0.144
2020-09-29,-0.036699999999999997,-0.59,0.0,0.144
2020-09-30,-0.039099999999999996,-0.59,0.0,0.144
2020-10-01,-0.036199999999999996,-0.59,-0.01999999999999999,0.11
2020-10-02,-0.03609999999999999,-0.59,-0.01999999999999999,0.11
2020-10-03,-0.03609999999999999,-0.59,-0.01999999999999999,0.11
2020-10-04,-0.03609999999999999,-0.59,-0.01999999999999999,0.11
2020-10-05,-0.03609999999999999,-0.59,-0.01999999999999999,0.11
2020-10-06,-0.0363,-0.59,-0.01999999999999999,0.11
2020-10-07,-0.036,-0.59,-0.01999999999999999,0.11
2020-10-08,-0.03609999999999999,-0.59,-0.01999999999999999,0.11
2020-10-09,-0.036199999999999996,-0.59,-0.01999999999999999,0.11
2020-10-10,-0.036199999999999996,-0.59,-0.01999999999999999,0.11
2020-10-11,-0.036199999999999996,-0.59,-0.01999999999999999,0.11
2020-10-12,-0.0358,-0.59,-0.01999999999999999,0.11
2020-10-13,-0.036899999999999995,-0.59,-0.01999999999999999,0.11
2020-10-14,-0.036199999999999996,-0.59,-0.01999999999999999,0.11
2020-10-15,-0.036599999999999994,-0.59,-0.01999999999999999,0.11
2020-10-16,-0.036699999999999997,-0.59,-0.01999999999999999,0.11
2020-10-17,-0.036699999999999997,-0.59,-0.01999999999999999,0.11
2020-10-18,-0.036699999999999997,-0.59,-0.01999999999999999,0.11
2020-10-19,-0.0365,-0.59,-0.01999999999999999,0.11
2020-10-20,-0.036699999999999997,-0.59,-0.01999999999999999,0.11
2020-10-21,-0.036399999999999995,-0.59,-0.01999999999999999,0.11
2020-10-22,-0.035699999999999996,-0.59,-0.01999999999999999,0.11
2020-10-23,-0.036199999999999996,-0.59,-0.01999999999999999,0.11
2020-10-24,-0.036199999999999996,-0.59,-0.01999999999999999,0.11
2020-10-25,-0.036199999999999996,-0.59,-0.01999999999999999,0.11
2020-10-26,-0.035899999999999994,-0.59,-0.01999999999999999,0.11
2020-10-27,-0.0358,-0.59,-0.01999999999999999,0.11
2020-10-28,-0.036,-0.59,-0.01999999999999999,0.11
2020-10-29,-0.035699999999999996,-0.59,-0.01999999999999999,0.11
2020-10-30,-0.0353,-0.59,-0.01999999999999999,0.11
2020-10-31,-0.0353,-0.59,-0.01999999999999999,0.11
2020-11-01,-0.0353,-0.59,-0.06999999999999999,0.122
2020-11-02,-0.03609999999999999,-0.59,-0.06999999999999999,0.122
2020-11-03,-0.036699999999999997,-0.59,-0.06999999999999999,0.122
2020-11-04,-0.0363,-0.59,-0.06999999999999999,0.122
2020-11-05,-0.036699999999999997,-0.59,-0.06999999999999999,0.122
2020-11-06,-0.036599999999999994,-0.59,-0.06999999999999999,0.122
2020-11-07,-0.036599999999999994,-0.59,-0.06999999999999999,0.122
2020-11-08,-0.036599999999999994,-0.59,-0.06999999999999999,0.122
2020-11-09,-0.0368,-0.59,-0.06999999999999999,0.122
2020-11-10,-0.036699999999999997,-0.59,-0.06999999999999999,0.122
2020-11-11,-0.0365,-0.59,-0.06999999999999999,0.122
2020-11-12,-0.0358,-0.59,-0.06999999999999999,0.122
2020-11-13,-0.036399999999999995,-0.59,-0.06999999999999999,0.122
2020-11-14,-0.036399999999999995,-0.59,-0.06999999999999999,0.122
2020-11-15,-0.036399999999999995,-0.59,-0.06999999999999999,0.122
2020-11-16,-0.03609999999999999,-0.59,-0.06999999999999999,0.122
2020-11-17,-0.036699999999999997,-0.59,-0.06999999999999999,0.122
2020-11-18,-0.036199999999999996,-0.59,-0.06999999999999999,0.122
2020-11-19,-0.0264,-0.58,-0.06,0.112
2020-11-20,-0.0257,-0.58,-0.06,0.112
2020-11-21,-0.0257,-0.58,-0.06,0.112
2020-11-22,-0.0257,-0.58,-0.06,0.112
2020-11-23,-0.0264,-0.58,-0.06,0.112
2020-11-24,-0.0264,-0.58,-0.06,0.112
2020-11-25,-0.026500000000000003,-0.58,-0.06,0.112
2020-11-26,-0.026500000000000003,-0.58,-0.06,0.112
2020-11-27,-0.025800000000000003,-0.58,-0.06,0.112
2020-11-28,-0.025800000000000003,-0.58,-0.06,0.112
2020-11-29,-0.025800000000000003,-0.58,-0.06,0.112
2020-11-30,-0.036,-0.59,-0.06999999999999999,0.122
2020-12-01,-0.0372,-0.59,-0.06999999999999999,0.11599999999999999
2020-12-02,-0.0377,-0.59,-0.06999999999999999,0.11599999999999999
2020-12-03,-0.038099999999999995,-0.59,-0.06999999999999999,0.11599999999999999
2020-12-04,-0.0387,-0.59,-0.06999999999999999,0.11599999999999999
2020-12-05,-0.0387,-0.59,-0.06999999999999999,0.11599999999999999
2020-12-06,-0.0387,-0.59,-0.06999999999999999,0.11599999999999999
2020-12-07,-0.039,-0.59,-0.06999999999999999,0.11599999999999999
2020-12-08,-0.039,-0.59,-0.06999999999999999,0.11599999999999999
2020-12-09,-0.038599999999999995,-0.59,-0.06999999999999999,0.11599999999999999
2020-12-10,-0.0392,-0.59,-0.06999999999999999,0.11599999999999999
2020-12-11,-0.039799999999999995,-0.59,-0.06999999999999999,0.11599999999999999
2020-12-12,-0.039799999999999995,-0.59,-0.06999999999999999,0.11599999999999999
2020-12-13,-0.039799999999999995,-0.59,-0.06999999999999999,0.11599999999999999
2020-12-14,-0.0406,-0.59,-0.06999999999999999,0.11599999999999999
2020-12-15,-0.0409,-0.59,-0.06999999999999999,0.11599999999999999
2020-12-16,-0.042199999999999994,-0.59,-0.06999999999999999,0.11599999999999999
2020-12-17,-0.041299999999999996,-0.59,-0.06999999999999999,0.11599999999999999
2020-12-18,-0.041699999999999994,-0.59,-0.06999999999999999,0.11599999999999999
2020-12-19,-0.041699999999999994,-0.59,-0.06999999999999999,0.11599999999999999
2020-12-20,-0.041699999999999994,-0.59,-0.06999999999999999,0.11599999999999999
2020-12-21,-0.0423,-0.59,-0.06999999999999999,0.11599999999999999
2020-12-22,-0.041999999999999996,-0.59,-0.06999999999999999,0.11599999999999999
2020-12-23,-0.042199999999999994,-0.59,-0.06999999999999999,0.11599999999999999
2020-12-24,-0.0426,-0.59,-0.06999999999999999,0.11599999999999999
2020-12-25,-0.0426,-0.59,-0.06999999999999999,0.11599999999999999
2020-12-26,-0.0426,-0.59,-0.06999999999999999,0.11599999999999999
2020-12-27,-0.0426,-0.59,-0.06999999999999999,0.11599999999999999
2020-12-28,-0.0426,-0.59,-0.06999999999999999,0.11599999999999999
2020-12-29,-0.041699999999999994,-0.59,-0.06999999999999999,0.11599999999999999
2020-12-30,-0.041999999999999996,-0.59,-0.06999999999999999,0.11599999999999999
2020-12-31,-0.0506,-0.59,-0.06999999999999999,0.11599999999999999
2021-01-01,-0.0506,-0.59,-0.08,0.107
2021-01-02,-0.0506,-0.59,-0.08,0.107
2021-01-03,-0.0506,-0.59,-0.08,0.107
2021-01-04,-0.0421,-0.59,-0.08,0.107
2021-01-05,-0.041499999999999995,-0.59,-0.08,0.107
2021-01-06,-0.041199999999999994,-0.59,-0.08,0.107
2021-01-07,-0.0409,-0.59,-0.08,0.107
2021-01-08,-0.040299999999999996,-0.59,-0.08,0.107
2021-01-09,-0.040299999999999996,-0.59,-0.08,0.107
2021-01-10,-0.040299999999999996,-0.59,-0.08,0.107
2021-01-11,-0.041199999999999994,-0.59,-0.08,0.107
2021-01-12,-0.041299999999999996,-0.59,-0.08,0.107
2021-01-13,-0.0404,-0.59,-0.08,0.107
2021-01-14,-0.039999999999999994,-0.59,-0.08,0.107
2021-01-15,-0.0402,-0.59,-0.08,0.107
2021-01-16,-0.0402,-0.59,-0.08,0.107
2021-01-17,-0.0402,-0.59,-0.08,0.107
2021-01-18,-0.040499999999999994,-0.59,-0.08,0.107
2021-01-19,-0.039999999999999994,-0.59,-0.08,0.107
2021-01-20,-0.040799999999999996,-0.59,-0.08,0.107
2021-01-21,-0.030600000000000002,-0.58,-0.07,0.097
2021-01-22,-0.030400000000000003,-0.58,-0.07,0.097
2021-01-23,-0.030400000000000003,-0.58,-0.07,0.097
2021-01-24,-0.030400000000000003,-0.58,-0.07,0.097
2021-01-25,-0.030700000000000005,-0.58,-0.07,0.097
2021-01-26,-0.031100000000000003,-0.58,-0.07,0.097
2021-01-27,-0.031100000000000003,-0.58,-0.07,0.097
2021-01-28,-0.021300000000000006,-0.5700000000000001,-0.060000000000000005,0.08700000000000001
2021-01-29,-0.017100000000000004,-0.5700000000000001,-0.060000000000000005,0.08700000000000001
2021-01-30,-0.017100000000000004,-0.5700000000000001,-0.060000000000000005,0.08700000000000001
2021-01-31,-0.017100000000000004,-0.5700000000000001,-0.060000000000000005,0.08700000000000001
2021-02-01,-0.032,-0.58,-0.07,0.096
2021-02-02,-0.0315,-0.58,-0.07,0.096
2021-02-03,-0.031400000000000004,-0.58,-0.07,0.096
2021-02-04,-0.0316,-0.58,-0.07,0.096
2021-02-05,-0.0318,-0.58,-0.07,0.096
2021-02-06,-0.0318,-0.58,-0.07,0.096
2021-02-07,-0.0318,-0.58,-0.07,0.096
2021-02-08,-0.022000000000000006,-0.5700000000000001,-0.060000000000000005,0.08600000000000001
2021-02-09,-0.0318,-0.58,-0.07,0.096
2021-02-10,-0.0317,-0.58,-0.07,0.096
2021-02-11,-0.0316,-0.58,-0.07,0.096
2021-02-12,-0.031900000000000005,-0.58,-0.07,0.096
2021-02-13,-0.031900000000000005,-0.58,-0.07,0.096
2021-02-14,-0.031900000000000005,-0.58,-0.07,0.096
2021-02-15,-0.032,-0.58,-0.07,0.096
2021-02-16,-0.0317,-0.58,-0.07,0.096
2021-02-17,-0.0313,-0.58,-0.07,0.096
2021-02-18,-0.021000000000000005,-0.5700000000000001,-0.060000000000000005,0.08600000000000001
2021-02-19,-0.021100000000000008,-0.5700000000000001,-0.060000000000000005,0.08600000000000001
2021-02-20,-0.021100000000000008,-0.5700000000000001,-0.060000000000000005,0.08600000000000001
2021-02-21,-0.021100000000000008,-0.5700000000000001,-0.060000000000000005,0.08600000000000001
2021-02-22,-0.021000000000000005,-0.5700000000000001,-0.060000000000000005,0.08600000000000001
2021-02-23,-0.02140000000000001,-0.5700000000000001,-0.060000000000000005,0.08600000000000001
2021-02-24,-0.021000000000000005,-0.5700000000000001,-0.060000000000000005,0.08600000000000001
2021-02-25,-0.02090000000000001,-0.5700000000000001,-0.060000000000000005,0.08600000000000001
2021-02-26,-0.018800000000000004,-0.5700000000000001,-0.060000000000000005,0.08600000000000001
2021-02-27,-0.018800000000000004,-0.5700000000000001,-0.060000000000000005,0.08600000000000001
2021-02-28,-0.018800000000000004,-0.5700000000000001,-0.060000000000000005,0.08600000000000001
2021-03-01,-0.021200000000000004,-0.5700000000000001,-0.04000000000000001,0.08700000000000001
2021-03-02,-0.02090000000000001,-0.5700000000000001,-0.04000000000000001,0.08700000000000001
2021-03-03,-0.021000000000000005,-0.5700000000000001,-0.04000000000000001,0.08700000000000001
2021-03-04,-0.020600000000000007,-0.5700000000000001,-0.04000000000000001,0.08700000000000001
2021-03-05,-0.021200000000000004,-0.5700000000000001,-0.04000000000000001,0.08700000000000001
2021-03-06,-0.021200000000000004,-0.5700000000000001,-0.04000000000000001,0.08700000000000001
2021-03-07,-0.021200000000000004,-0.5700000000000001,-0.04000000000000001,0.08700000000000001
2021-03-08,-0.02090000000000001,-0.5700000000000001,-0.04000000000000001,0.08700000000000001
2021-03-09,-0.021000000000000005,-0.5700000000000001,-0.04000000000000001,0.08700000000000001
2021-03-10,-0.021500000000000005,-0.5700000000000001,-0.04000000000000001,0.08700000000000001
2021-03-11,-0.021500000000000005,-0.5700000000000001,-0.04000000000000001,0.08700000000000001
2021-03-12,-0.021000000000000005,-0.5700000000000001,-0.04000000000000001,0.08700000000000001
2021-03-13,-0.021000000000000005,-0.5700000000000001,-0.04000000000000001,0.08700000000000001
2021-03-14,-0.021000000000000005,-0.5700000000000001,-0.04000000000000001,0.08700000000000001
2021-03-15,-0.020300000000000006,-0.5700000000000001,-0.04000000000000001,0.08700000000000001
2021-03-16,-0.02070000000000001,-0.5700000000000001,-0.04000000000000001,0.08700000000000001
2021-03-17,-0.020600000000000007,-0.5700000000000001,-0.04000000000000001,0.08700000000000001
2021-03-18,-0.02070000000000001,-0.5700000000000001,-0.04000000000000001,0.08700000000000001
2021-03-19,-0.021500000000000005,-0.5700000000000001,-0.04000000000000001,0.08700000000000001
2021-03-20,-0.021500000000000005,-0.5700000000000001,-0.04000000000000001,0.08700000000000001
2021-03-21,-0.021500000000000005,-0.5700000000000001,-0.04000000000000001,0.08700000000000001
2021-03-22,-0.021100000000000008,-0.5700000000000001,-0.04000000000000001,0.08700000000000001
2021-03-23,-0.02190000000000001,-0.5700000000000001,-0.04000000000000001,0.08700000000000001
2021-03-24,-0.02190000000000001,-0.5700000000000001,-0.04000000000000001,0.08700000000000001
2021-03-25,-0.02190000000000001,-0.5700000000000001,-0.04000000000000001,0.08700000000000001
2021-03-26,-0.02190000000000001,-0.5700000000000001,-0.04000000000000001,0.08700000000000001
2021-03-27,-0.02190000000000001,-0.5700000000000001,-0.04000000000000001,0.08700000000000001
2021-03-28,-0.02190000000000001,-0.5700000000000001,-0.04000000000000001,0.08700000000000001
2021-03-29,-0.022000000000000006,-0.5700000000000001,-0.04000000000000001,0.08700000000000001
2021-03-30,-0.022500000000000006,-0.5700000000000001,-0.04000000000000001,0.08700000000000001
2021-03-31,-0.013399999999999995,-0.56,-0.03,0.077
2021-04-01,-0.022500000000000006,-0.5700000000000001,-0.030000000000000006,0.082
2021-04-02,-0.022500000000000006,-0.5700000000000001,-0.030000000000000006,0.082
2021-04-03,-0.022500000000000006,-0.5700000000000001,-0.030000000000000006,0.082
2021-04-04,-0.022500000000000006,-0.5700000000000001,-0.030000000000000006,0.082
2021-04-05,-0.022500000000000006,-0.5700000000000001,-0.030000000000000006,0.082
2021-04-06,-0.021800000000000007,-0.5700000000000001,-0.030000000000000006,0.082
2021-04-07,-0.021700000000000004,-0.5700000000000001,-0.030000000000000006,0.082
2021-04-08,-0.021700000000000004,-0.5700000000000001,-0.030000000000000006,0.082
2021-04-09,-0.021600000000000008,-0.5700000000000001,-0.030000000000000006,0.082
2021-04-10,-0.021600000000000008,-0.5700000000000001,-0.030000000000000006,0.082
2021-04-11,-0.021600000000000008,-0.5700000000000001,-0.030000000000000006,0.082
2021-04-12,-0.021800000000000007,-0.5700000000000001,-0.030000000000000006,0.082
2021-04-13,-0.02190000000000001,-0.5700000000000001,-0.030000000000000006,0.082
2021-04-14,-0.021800000000000007,-0.5700000000000001,-0.030000000000000006,0.082
2021-04-15,-0.022300000000000007,-0.5700000000000001,-0.030000000000000006,0.082
2021-04-16,-0.022000000000000006,-0.5700000000000001,-0.030000000000000006,0.082
2021-04-17,-0.022000000000000006,-0.5700000000000001,-0.030000000000000006,0.082
2021-04-18,-0.022000000000000006,-0.5700000000000001,-0.030000000000000006,0.082
2021-04-19,-0.021800000000000007,-0.5700000000000001,-0.030000000000000006,0.082
2021-04-20,-0.022000000000000006,-0.5700000000000001,-0.030000000000000006,0.082
2021-04-21,-0.02190000000000001,-0.5700000000000001,-0.030000000000000006,0.082
2021-04-22,-0.021300000000000006,-0.5700000000000001,-0.030000000000000006,0.082
2021-04-23,-0.02090000000000001,-0.5700000000000001,-0.030000000000000006,0.082
2021-04-24,-0.02090000000000001,-0.5700000000000001,-0.030000000000000006,0.082
2021-04-25,-0.02090000000000001,-0.5700000000000001,-0.030000000000000006,0.082
2021-04-26,-0.02140000000000001,-0.5700000000000001,-0.030000000000000006,0.082
2021-04-27,-0.020500000000000004,-0.5700000000000001,-0.030000000000000006,0.082
2021-04-28,-0.02040000000000001,-0.5700000000000001,-0.030000000000000006,0.082
2021-04-29,-0.010099999999999998,-0.56,-0.019999999999999997,0.072
2021-04-30,0.000899999999999998,-0.55,-0.010000000000000002,0.062
2021-05-01,0.000899999999999998,-0.55,-0.010000000000000002,0.067
2021-05-02,0.000899999999999998,-0.55,-0.010000000000000002,0.067
2021-05-03,-0.009099999999999997,-0.56,-0.019999999999999997,0.077
2021-05-04,-0.0104,-0.56,-0.019999999999999997,0.077
2021-05-05,-0.011299999999999998,-0.56,-0.019999999999999997,0.077
2021-05-06,-0.0109,-0.56,-0.019999999999999997,0.077
2021-05-07,-0.0102,-0.56,-0.019999999999999997,0.077
2021-05-08,-0.0102,-0.56,-0.019999999999999997,0.077
2021-05-09,-0.0102,-0.56,-0.019999999999999997,0.077
2021-05-10,-0.010999999999999996,-0.56,-0.019999999999999997,0.077
2021-05-11,-0.011199999999999995,-0.56,-0.019999999999999997,0.077
2021-05-12,-0.010799999999999997,-0.56,-0.019999999999999997,0.077
2021-05-13,-0.010599999999999998,-0.56,-0.019999999999999997,0.077
2021-05-14,-0.010299999999999997,-0.56,-0.019999999999999997,0.077
2021-05-15,-0.010299999999999997,-0.56,-0.019999999999999997,0.077
2021-05-16,-0.010299999999999997,-0.56,-0.019999999999999997,0.077
2021-05-17,-0.011699999999999995,-0.56,-0.019999999999999997,0.077
2021-05-18,-0.010700000000000001,-0.56,-0.019999999999999997,0.077
2021-05-19,-0.010999999999999996,-0.56,-0.019999999999999997,0.077
2021-05-20,-0.010700000000000001,-0.56,-0.019999999999999997,0.077
2021-05-21,-0.010499999999999995,-0.56,-0.019999999999999997,0.077
2021-05-22,-0.010499999999999995,-0.56,-0.019999999999999997,0.077
2021-05-23,-0.010499999999999995,-0.56,-0.019999999999999997,0.077
2021-05-24,-0.010299999999999997,-0.56,-0.019999999999999997,0.077
2021-05-25,-0.0104,-0.56,-0.019999999999999997,0.077
2021-05-26,-0.009999999999999995,-0.56,-0.019999999999999997,0.077
2021-05-27,-0.009899999999999999,-0.56,-0.019999999999999997,0.077
2021-05-28,0.0015999999999999973,-0.55,-0.010000000000000002,0.067
2021-05-29,0.0015999999999999973,-0.55,-0.010000000000000002,0.067
2021-05-30,0.0015999999999999973,-0.55,-0.010000000000000002,0.067
2021-05-31,0.0015999999999999973,-0.55,-0.010000000000000002,0.067
2021-06-01,-0.0102,-0.56,-0.03,0.089
2021-06-02,-0.0102,-0.56,-0.03,0.089
2021-06-03,-0.009799999999999996,-0.56,-0.03,0.089
2021-06-04,-0.009999999999999995,-0.56,-0.03,0.089
2021-06-05,-0.009999999999999995,-0.56,-0.03,0.089
2021-06-06,-0.009999999999999995,-0.56,-0.03,0.089
2021-06-07,-0.009599999999999997,-0.56,-0.03,0.089
2021-06-08,-0.009499999999999995,-0.56,-0.03,0.089
2021-06-09,-0.009799999999999996,-0.56,-0.03,0.089
2021-06-10,-0.010099999999999998,-0.56,-0.03,0.089
2021-06-11,-0.009899999999999999,-0.56,-0.03,0.089
2021-06-12,-0.009899999999999999,-0.56,-0.03,0.089
2021-06-13,-0.009899999999999999,-0.56,-0.03,0.089
2021-06-14,-0.010099999999999998,-0.56,-0.03,0.089
2021-06-15,-0.010099999999999998,-0.56,-0.03,0.089
2021-06-16,-0.009999999999999995,-0.56,-0.03,0.089
2021-06-17,-0.05,-0.6,-0.07,0.129
2021-06-18,-0.049800000000000004,-0.6,-0.07,0.129
2021-06-19,-0.049800000000000004,-0.6,-0.07,0.129
2021-06-20,-0.049800000000000004,-0.6,-0.07,0.129
2021-06-21,-0.05020000000000001,-0.6,-0.07,0.129
2021-06-22,-0.049800000000000004,-0.6,-0.07,0.129
2021-06-23,-0.05,-0.6,-0.07,0.129
2021-06-24,-0.05,-0.6,-0.07,0.129
2021-06-25,-0.049800000000000004,-0.6,-0.07,0.129
2021-06-26,-0.049800000000000004,-0.6,-0.07,0.129
2021-06-27,-0.049800000000000004,-0.6,-0.07,0.129
2021-06-28,-0.0505,-0.6,-0.07,0.129
2021-06-29,-0.05070000000000001,-0.6,-0.07,0.129
2021-06-30,-0.0334,-0.58,-0.05,0.109
2021-07-01,-0.05040000000000001,-0.6,-0.08,0.136
2021-07-02,-0.0495,-0.6,-0.08,0.136
2021-07-03,-0.0495,-0.6,-0.08,0.136
2021-07-04,-0.0495,-0.6,-0.08,0.136
2021-07-05,-0.049600000000000005,-0.6,-0.08,0.136
2021-07-06,-0.049800000000000004,-0.6,-0.08,0.136
2021-07-07,-0.049400000000000006,-0.6,-0.08,0.136
2021-07-08,-0.04920000000000001,-0.6,-0.08,0.136
2021-07-09,-0.049600000000000005,-0.6,-0.08,0.136
2021-07-10,-0.049600000000000005,-0.6,-0.08,0.136
2021-07-11,-0.049600000000000005,-0.6,-0.08,0.136
2021-07-12,-0.04970000000000001,-0.6,-0.08,0.136
2021-07-13,-0.049300000000000004,-0.6,-0.08,0.136
2021-07-14,-0.04920000000000001,-0.6,-0.08,0.136
2021-07-15,-0.04920000000000001,-0.6,-0.08,0.136
2021-07-16,-0.049400000000000006,-0.6,-0.08,0.136
2021-07-17,-0.049400000000000006,-0.6,-0.08,0.136
2021-07-18,-0.049400000000000006,-0.6,-0.08,0.136
2021-07-19,-0.04920000000000001,-0.6,-0.08,0.136
2021-07-20,-0.04900000000000001,-0.6,-0.08,0.136
2021-07-21,-0.049300000000000004,-0.6,-0.08,0.136
2021-07-22,-0.049300000000000004,-0.6,-0.08,0.136
2021-07-23,-0.049300000000000004,-0.6,-0.08,0.136
2021-07-24,-0.049300000000000004,-0.6,-0.08,0.136
2021-07-25,-0.049300000000000004,-0.6,-0.08,0.136
2021-07-26,-0.049800000000000004,-0.6,-0.08,0.136
2021-07-27,-0.049300000000000004,-0.6,-0.08,0.136
2021-07-28,-0.049300000000000004,-0.6,-0.08,0.136
2021-07-29,-0.049600000000000005,-0.6,-0.08,0.136
2021-07-30,-0.019400000000000008,-0.5700000000000001,-0.05,0.10600000000000001
2021-07-31,-0.019400000000000008,-0.5700000000000001,-0.05,0.10600000000000001
2021-08-01,-0.019400000000000008,-0.5700000000000001,-0.060000000000000005,0.10400000000000001
2021-08-02,-0.049600000000000005,-0.6,-0.09000000000000001,0.134
2021-08-03,-0.04970000000000001,-0.6,-0.09000000000000001,0.134
2021-08-04,-0.049600000000000005,-0.6,-0.09000000000000001,0.134
2021-08-05,-0.04970000000000001,-0.6,-0.09000000000000001,0.134
2021-08-06,-0.04970000000000001,-0.6,-0.09000000000000001,0.134
2021-08-07,-0.04970000000000001,-0.6,-0.09000000000000001,0.134
2021-08-08,-0.04970000000000001,-0.6,-0.09000000000000001,0.134
2021-08-09,-0.05020000000000001,-0.6,-0.09000000000000001,0.134
2021-08-10,-0.04990000000000001,-0.6,-0.09000000000000001,0.134
2021-08-11,-0.04970000000000001,-0.6,-0.09000000000000001,0.134
2021-08-12,-0.049600000000000005,-0.6,-0.09000000000000001,0.134
2021-08-13,-0.049600000000000005,-0.6,-0.09000000000000001,0.134
2021-08-14,-0.049600000000000005,-0.6,-0.09000000000000001,0.134
2021-08-15,-0.049600000000000005,-0.6,-0.09000000000000001,0.134
2021-08-16,-0.0495,-0.6,-0.09000000000000001,0.134
2021-08-17,-0.04970000000000001,-0.6,-0.09000000000000001,0.134
2021-08-18,-0.03949999999999999,-0.59,-0.08,0.124
2021-08-19,-0.039,-0.59,-0.08,0.124
2021-08-20,-0.0392,-0.59,-0.08,0.124
2021-08-21,-0.0392,-0.59,-0.08,0.124
2021-08-22,-0.0392,-0.59,-0.08,0.124
2021-08-23,-0.03949999999999999,-0.59,-0.08,0.124
2021-08-24,-0.03949999999999999,-0.59,-0.08,0.124
2021-08-25,-0.039599999999999996,-0.59,-0.08,0.124
2021-08-26,-0.03949999999999999,-0.59,-0.08,0.124
2021-08-27,-0.0293,-0.58,-0.07,0.114
2021-08-28,-0.0293,-0.58,-0.07,0.114
2021-08-29,-0.0293,-0.58,-0.07,0.114
2021-08-30,-0.0293,-0.58,-0.07,0.114
2021-08-31,-0.009799999999999996,-0.56,-0.049999999999999996,0.094
2021-09-01,-0.029700000000000004,-0.58,-0.07,0.10200000000000001
2021-09-02,-0.029900000000000003,-0.58,-0.07,0.10200000000000001
2021-09-03,-0.030100000000000002,-0.58,-0.07,0.10200000000000001
2021-09-04,-0.030100000000000002,-0.58,-0.07,0.10200000000000001
2021-09-05,-0.030100000000000002,-0.58,-0.07,0.10200000000000001
2021-09-06,-0.029700000000000004,-0.58,-0.07,0.10200000000000001
2021-09-07,-0.0293,-0.58,-0.07,0.10200000000000001
2021-09-08,-0.0295,-0.58,-0.07,0.10200000000000001
2021-09-09,-0.029700000000000004,-0.58,-0.07,0.10200000000000001
2021-09-10,-0.0291,-0.58,-0.07,0.10200000000000001
2021-09-11,-0.0291,-0.58,-0.07,0.10200000000000001
2021-09-12,-0.0291,-0.58,-0.07,0.10200000000000001
2021-09-13,-0.029400000000000003,-0.58,-0.07,0.10200000000000001
2021-09-14,-0.030100000000000002,-0.58,-0.07,0.10200000000000001
2021-09-15,-0.030100000000000002,-0.58,-0.07,0.10200000000000001
2021-09-16,-0.029900000000000003,-0.58,-0.07,0.10200000000000001
2021-09-17,-0.0298,-0.58,-0.07,0.10200000000000001
2021-09-18,-0.0298,-0.58,-0.07,0.10200000000000001
2021-09-19,-0.0298,-0.58,-0.07,0.10200000000000001
2021-09-20,-0.03,-0.58,-0.07,0.10200000000000001
2021-09-21,-0.03,-0.58,-0.07,0.10200000000000001
2021-09-22,-0.030100000000000002,-0.58,-0.07,0.10200000000000001
2021-09-23,-0.031,-0.58,-0.07,0.10200000000000001
2021-09-24,-0.03,-0.58,-0.07,0.10200000000000001
2021-09-25,-0.03,-0.58,-0.07,0.10200000000000001
2021-09-26,-0.03,-0.58,-0.07,0.10200000000000001
2021-09-27,-0.030400000000000003,-0.58,-0.07,0.10200000000000001
2021-09-28,-0.0305,-0.58,-0.07,0.10200000000000001
2021-09-29,-0.030700000000000005,-0.58,-0.07,0.10200000000000001
2021-09-30,-0.0121,-0.56,-0.049999999999999996,0.08199999999999999
2021-10-01,-0.03,-0.58,-0.04,0.107
2021-10-02,-0.03,-0.58,-0.04,0.107
2021-10-03,-0.03,-0.58,-0.04,0.107
2021-10-04,-0.029700000000000004,-0.58,-0.04,0.107
2021-10-05,-0.0295,-0.58,-0.04,0.107
2021-10-06,-0.028700000000000003,-0.58,-0.04,0.107
2021-10-07,-0.0288,-0.58,-0.04,0.107
2021-10-08,-0.0293,-0.58,-0.04,0.107
2021-10-09,-0.0293,-0.58,-0.04,0.107
2021-10-10,-0.0293,-0.58,-0.04,0.107
2021-10-11,-0.0295,-0.58,-0.04,0.107
2021-10-12,-0.0286,-0.58,-0.04,0.107
2021-10-13,-0.029200000000000004,-0.58,-0.04,0.107
2021-10-14,-0.029200000000000004,-0.58,-0.04,0.107
2021-10-15,-0.0298,-0.58,-0.04,0.107
2021-10-16,-0.0298,-0.58,-0.04,0.107
2021-10-17,-0.0298,-0.58,-0.04,0.107
2021-10-18,-0.0296,-0.58,-0.04,0.107
2021-10-19,-0.030100000000000002,-0.58,-0.04,0.107
2021-10-20,-0.029900000000000003,-0.58,-0.04,0.107
2021-10-21,-0.03,-0.58,-0.04,0.107
2021-10-22,-0.03,-0.58,-0.04,0.107
2021-10-23,-0.03,-0.58,-0.04,0.107
2021-10-24,-0.03,-0.58,-0.04,0.107
2021-10-25,-0.030200000000000005,-0.58,-0.04,0.107
2021-10-26,-0.030200000000000005,-0.58,-0.04,0.107
2021-10-27,-0.0315,-0.58,-0.04,0.107
2021-10-28,-0.031900000000000005,-0.58,-0.04,0.107
2021-10-29,-0.01970000000000001,-0.5700000000000001,-0.030000000000000006,0.097
2021-10-30,-0.01970000000000001,-0.5700000000000001,-0.030000000000000006,0.097
2021-10-31,-0.01970000000000001,-0.5700000000000001,-0.030000000000000006,0.097
2021-11-01,-0.0323,-0.58,-0.04,0.119
2021-11-02,-0.032,-0.58,-0.04,0.119
2021-11-03,-0.031900000000000005,-0.58,-0.04,0.119
2021-11-04,-0.0317,-0.58,-0.04,0.119
2021-11-05,-0.0332,-0.58,-0.04,0.119
2021-11-06,-0.0332,-0.58,-0.04,0.119
2021-11-07,-0.0332,-0.58,-0.04,0.119
2021-11-08,-0.0333,-0.58,-0.04,0.119
2021-11-09,-0.0332,-0.58,-0.04,0.119
2021-11-10,-0.0335,-0.58,-0.04,0.119
2021-11-11,-0.0334,-0.58,-0.04,0.119
2021-11-12,-0.033,-0.58,-0.04,0.119
2021-11-13,-0.033,-0.58,-0.04,0.119
2021-11-14,-0.033,-0.58,-0.04,0.119
2021-11-15,-0.0327,-0.58,-0.04,0.119
2021-11-16,-0.0335,-0.58,-0.04,0.119
2021-11-17,-0.033100000000000004,-0.58,-0.04,0.119
2021-11-18,-0.0333,-0.58,-0.04,0.119
2021-11-19,-0.033600000000000005,-0.58,-0.04,0.119
2021-11-20,-0.033600000000000005,-0.58,-0.04,0.119
2021-11-21,-0.033600000000000005,-0.58,-0.04,0.119
2021-11-22,-0.0332,-0.58,-0.04,0.119
2021-11-23,-0.0334,-0.58,-0.04,0.119
2021-11-24,-0.033800000000000004,-0.58,-0.04,0.119
2021-11-25,-0.0335,-0.58,-0.04,0.119
2021-11-26,-0.0339,-0.58,-0.04,0.119
2021-11-27,-0.0339,-0.58,-0.04,0.119
2021-11-28,-0.0339,-0.58,-0.04,0.119
2021-11-29,-0.033600000000000005,-0.58,-0.04,0.119
2021-11-30,-0.024500000000000008,-0.5700000000000001,-0.030000000000000006,0.10900000000000001
2021-12-01,-0.0341,-0.58,-0.020000000000000004,0.106
2021-12-02,-0.034300000000000004,-0.58,-0.020000000000000004,0.106
2021-12-03,-0.034300000000000004,-0.58,-0.020000000000000004,0.106
2021-12-04,-0.034300000000000004,-0.58,-0.020000000000000004,0.106
2021-12-05,-0.034300000000000004,-0.58,-0.020000000000000004,0.106
2021-12-06,-0.0344,-0.58,-0.020000000000000004,0.106
2021-12-07,-0.0347,-0.58,-0.020000000000000004,0.106
2021-12-08,-0.034300000000000004,-0.58,-0.020000000000000004,0.106
2021-12-09,-0.0342,-0.58,-0.020000000000000004,0.106
2021-12-10,-0.0349,-0.58,-0.020000000000000004,0.106
2021-12-11,-0.0349,-0.58,-0.020000000000000004,0.106
2021-12-12,-0.0349,-0.58,-0.020000000000000004,0.106
2021-12-13,-0.0347,-0.58,-0.020000000000000004,0.106
2021-12-14,-0.0347,-0.58,-0.020000000000000004,0.106
2021-12-15,-0.035,-0.58,-0.020000000000000004,0.106
2021-12-16,0.08220000000000001,-0.58,-0.020000000000000004,0.106
2021-12-17,0.11370000000000001,-0.58,-0.020000000000000004,0.106
2021-12-18,0.11370000000000001,-0.58,-0.020000000000000004,0.106
2021-12-19,0.11370000000000001,-0.58,-0.020000000000000004,0.106
2021-12-20,0.1138,-0.58,-0.020000000000000004,0.106
2021-12-21,0.11320000000000001,-0.58,-0.020000000000000004,0.106
2021-12-22,0.11259999999999999,-0.58,-0.020000000000000004,0.106
2021-12-23,0.1128,-0.58,-0.020000000000000004,0.106
2021-12-24,0.11289999999999999,-0.58,-0.020000000000000004,0.106
2021-12-25,0.11289999999999999,-0.58,-0.020000000000000004,0.106
2021-12-26,0.11289999999999999,-0.58,-0.020000000000000004,0.106
2021-12-27,0.11289999999999999,-0.58,-0.020000000000000004,0.106
2021-12-28,0.11289999999999999,-0.58,-0.020000000000000004,0.106
2021-12-29,0.11220000000000001,-0.58,-0.020000000000000004,0.106
2021-12-30,0.11220000000000001,-0.58,-0.020000000000000004,0.106
2021-12-31,0.12059999999999998,-0.5700000000000001,-0.010000000000000009,0.096
2022-01-01,0.12059999999999998,-0.5700000000000001,0.0,0.09000000000000001
2022-01-02,0.12059999999999998,-0.5700000000000001,0.0,0.09000000000000001
2022-01-03,0.11059999999999999,-0.58,-0.009999999999999995,0.1
2022-01-04,0.11470000000000001,-0.58,-0.009999999999999995,0.1
2022-01-05,0.1148,-0.58,-0.009999999999999995,0.1
2022-01-06,0.11470000000000001,-0.58,-0.009999999999999995,0.1
2022-01-07,0.115,-0.58,-0.009999999999999995,0.1
2022-01-08,0.115,-0.58,-0.009999999999999995,0.1
2022-01-09,0.115,-0.58,-0.009999999999999995,0.1
2022-01-10,0.1148,-0.58,-0.009999999999999995,0.1
2022-01-11,0.11520000000000001,-0.58,-0.009999999999999995,0.1
2022-01-12,0.1158,-0.58,-0.009999999999999995,0.1
2022-01-13,0.11589999999999999,-0.58,-0.009999999999999995,0.1
2022-01-14,0.11589999999999999,-0.58,-0.009999999999999995,0.1
2022-01-15,0.11589999999999999,-0.58,-0.009999999999999995,0.1
2022-01-16,0.11589999999999999,-0.58,-0.009999999999999995,0.1
2022-01-17,0.116,-0.58,-0.009999999999999995,0.1
2022-01-18,0.11589999999999999,-0.58,-0.009999999999999995,0.1
2022-01-19,0.11639999999999999,-0.58,-0.009999999999999995,0.1
2022-01-20,0.1166,-0.58,-0.009999999999999995,0.1
2022-01-21,0.11670000000000001,-0.58,-0.009999999999999995,0.1
2022-01-22,0.11670000000000001,-0.58,-0.009999999999999995,0.1
2022-01-23,0.11670000000000001,-0.58,-0.009999999999999995,0.1
2022-01-24,0.1155,-0.58,-0.009999999999999995,0.1
2022-01-25,0.11539999999999999,-0.58,-0.009999999999999995,0.1
2022-01-26,0.1156,-0.58,-0.009999999999999995,0.1
2022-01-27,0.11570000000000001,-0.58,-0.009999999999999995,0.1
2022-01-28,0.11570000000000001,-0.58,-0.009999999999999995,0.1
2022-01-29,0.11570000000000001,-0.58,-0.009999999999999995,0.1
2022-01-30,0.11570000000000001,-0.58,-0.009999999999999995,0.1
2022-01-31,0.11889999999999999,-0.58,-0.009999999999999995,0.1
2022-02-01,0.11570000000000001,-0.58,-0.009999999999999995,0.098
2022-02-02,0.116,-0.58,-0.009999999999999995,0.098
2022-02-03,0.3603,-0.58,-0.009999999999999995,0.098
2022-02-04,0.36529999999999996,-0.58,-0.009999999999999995,0.098
2022-02-05,0.36529999999999996,-0.58,-0.009999999999999995,0.098
2022-02-06,0.36529999999999996,-0.58,-0.009999999999999995,0.098
2022-02-07,0.36569999999999997,-0.58,-0.009999999999999995,0.098
2022-02-08,0.36479999999999996,-0.58,-0.009999999999999995,0.098
2022-02-09,0.365,-0.58,-0.009999999999999995,0.098
2022-02-10,0.3655,-0.58,-0.009999999999999995,0.098
2022-02-11,0.36519999999999997,-0.58,-0.009999999999999995,0.098
2022-02-12,0.36519999999999997,-0.58,-0.009999999999999995,0.098
2022-02-13,0.36519999999999997,-0.58,-0.009999999999999995,0.098
2022-02-14,0.36479999999999996,-0.58,-0.009999999999999995,0.098
2022-02-15,0.365,-0.58,-0.009999999999999995,0.098
2022-02-16,0.3649,-0.58,-0.009999999999999995,0.098
2022-02-17,0.3649,-0.58,-0.009999999999999995,0.098
2022-02-18,0.36529999999999996,-0.58,-0.009999999999999995,0.098
2022-02-19,0.36529999999999996,-0.58,-0.009999999999999995,0.098
2022-02-20,0.36529999999999996,-0.58,-0.009999999999999995,0.098
2022-02-21,0.36419999999999997,-0.58,-0.009999999999999995,0.098
2022-02-22,0.3649,-0.58,-0.009999999999999995,0.098
2022-02-23,0.3651,-0.58,-0.009999999999999995,0.098
2022-02-24,0.3651,-0.58,-0.009999999999999995,0.098
2022-02-25,0.3649,-0.58,-0.009999999999999995,0.098
2022-02-26,0.3649,-0.58,-0.009999999999999995,0.098
2022-02-27,0.3649,-0.58,-0.009999999999999995,0.098
2022-02-28,0.3651,-0.58,-0.009999999999999995,0.098
2022-03-01,0.3651,-0.58,0.09000000000000001,0.088
2022-03-02,0.365,-0.58,0.09000000000000001,0.088
2022-03-03,0.36519999999999997,-0.58,0.09000000000000001,0.088
2022-03-04,0.365,-0.58,0.09000000000000001,0.088
2022-03-05,0.365,-0.58,0.09000000000000001,0.088
2022-03-06,0.365,-0.58,0.09000000000000001,0.088
2022-03-07,0.36479999999999996,-0.58,0.09000000000000001,0.088
2022-03-08,0.3644,-0.58,0.09000000000000001,0.088
2022-03-09,0.3644,-0.58,0.09000000000000001,0.088
2022-03-10,0.3651,-0.58,0.09000000000000001,0.088
2022-03-11,0.3649,-0.58,0.09000000000000001,0.088
2022-03-12,0.3649,-0.58,0.09000000000000001,0.088
2022-03-13,0.3649,-0.58,0.09000000000000001,0.088
2022-03-14,0.3645,-0.58,0.09000000000000001,0.088
2022-03-15,0.365,-0.58,0.09000000000000001,0.088
2022-03-16,0.365,-0.58,0.09000000000000001,0.088
2022-03-17,0.3586,-0.8300000000000001,-0.16,0.338
2022-03-18,0.3613,-0.8300000000000001,-0.16,0.338
2022-03-19,0.3613,-0.8300000000000001,-0.16,0.338
2022-03-20,0.3613,-0.8300000000000001,-0.16,0.338
2022-03-21,0.3612,-0.8300000000000001,-0.16,0.338
2022-03-22,0.3606,-0.8300000000000001,-0.16,0.338
2022-03-23,0.36079999999999995,-0.8300000000000001,-0.16,0.338
2022-03-24,0.36069999999999997,-0.8300000000000001,-0.16,0.338
2022-03-25,0.3605,-0.8300000000000001,-0.16,0.338
2022-03-26,0.3605,-0.8300000000000001,-0.16,0.338
2022-03-27,0.3605,-0.8300000000000001,-0.16,0.338
2022-03-28,0.36010000000000003,-0.8300000000000001,-0.16,0.338
2022-03-29,0.36069999999999997,-0.8300000000000001,-0.16,0.338
2022-03-30,0.35999999999999993,-0.8300000000000001,-0.16,0.338
2022-03-31,0.3596,-0.8300000000000001,-0.16,0.338
2022-04-01,0.3606,-0.8300000000000001,0.07999999999999996,0.342
2022-04-02,0.3606,-0.8300000000000001,0.07999999999999996,0.342
2022-04-03,0.3606,-0.8300000000000001,0.07999999999999996,0.342
2022-04-04,0.3613,-0.8300000000000001,0.07999999999999996,0.342
2022-04-05,0.3615,-0.8300000000000001,0.07999999999999996,0.342
2022-04-06,0.36189999999999994,-0.8300000000000001,0.07999999999999996,0.342
2022-04-07,0.3614,-0.8300000000000001,0.07999999999999996,0.342
2022-04-08,0.3612,-0.8300000000000001,0.07999999999999996,0.342
2022-04-09,0.3612,-0.8300000000000001,0.07999999999999996,0.342
2022-04-10,0.3612,-0.8300000000000001,0.07999999999999996,0.342
2022-04-11,0.3602,-0.8300000000000001,0.07999999999999996,0.342
2022-04-12,0.3606,-0.8300000000000001,0.07999999999999996,0.342
2022-04-13,0.3605,-0.8300000000000001,0.07999999999999996,0.342
2022-04-14,0.36079999999999995,-0.8300000000000001,0.07999999999999996,0.342
2022-04-15,0.36079999999999995,-0.8300000000000001,0.07999999999999996,0.342
2022-04-16,0.36079999999999995,-0.8300000000000001,0.07999999999999996,0.342
2022-04-17,0.36079999999999995,-0.8300000000000001,0.07999999999999996,0.342
2022-04-18,0.36079999999999995,-0.8300000000000001,0.07999999999999996,0.342
2022-04-19,0.3602,-0.8300000000000001,0.07999999999999996,0.342
2022-04-20,0.3604,-0.8300000000000001,0.07999999999999996,0.342
2022-04-21,0.3604,-0.8300000000000001,0.07999999999999996,0.342
2022-04-22,0.3605,-0.8300000000000001,0.07999999999999996,0.342
2022-04-23,0.3605,-0.8300000000000001,0.07999999999999996,0.342
2022-04-24,0.3605,-0.8300000000000001,0.07999999999999996,0.342
2022-04-25,0.35989999999999994,-0.8300000000000001,0.07999999999999996,0.342
2022-04-26,0.3603,-0.8300000000000001,0.07999999999999996,0.342
2022-04-27,0.3602,-0.8300000000000001,0.07999999999999996,0.342
2022-04-28,0.3596,-0.8300000000000001,0.07999999999999996,0.342
2022-04-29,0.36069999999999997,-0.8300000000000001,0.07999999999999996,0.342
2022-04-30,0.36069999999999997,-0.8300000000000001,0.07999999999999996,0.342
2022-05-01,0.36069999999999997,-0.8300000000000001,0.6699999999999999,0.34800000000000003
2022-05-02,0.36069999999999997,-0.8300000000000001,0.6699999999999999,0.34800000000000003
2022-05-03,0.3606,-0.8300000000000001,0.6699999999999999,0.34800000000000003
2022-05-04,0.36099999999999993,-0.8300000000000001,0.6699999999999999,0.34800000000000003
2022-05-05,0.10820000000000007,-1.33,0.17000000000000004,0.848
2022-05-06,0.1109,-1.33,0.17000000000000004,0.848
2022-05-07,0.1109,-1.33,0.17000000000000004,0.848
2022-05-08,0.1109,-1.33,0.17000000000000004,0.848
2022-05-09,0.11030000000000006,-1.33,0.17000000000000004,0.848
2022-05-10,0.10970000000000002,-1.33,0.17000000000000004,0.848
2022-05-11,0.11050000000000004,-1.33,0.17000000000000004,0.848
2022-05-12,0.11010000000000009,-1.33,0.17000000000000004,0.848
2022-05-13,0.10980000000000001,-1.33,0.17000000000000004,0.848
2022-05-14,0.10980000000000001,-1.33,0.17000000000000004,0.848
2022-05-15,0.10980000000000001,-1.33,0.17000000000000004,0.848
2022-05-16,0.10980000000000001,-1.33,0.17000000000000004,0.848
2022-05-17,0.10980000000000001,-1.33,0.17000000000000004,0.848
2022-05-18,0.10940000000000005,-1.33,0.17000000000000004,0.848
2022-05-19,0.10920000000000007,-1.33,0.17000000000000004,0.848
2022-05-20,0.1089,-1.33,0.17000000000000004,0.848
2022-05-21,0.1089,-1.33,0.17000000000000004,0.848
2022-05-22,0.1089,-1.33,0.17000000000000004,0.848
2022-05-23,0.10930000000000006,-1.33,0.17000000000000004,0.848
2022-05-24,0.10910000000000009,-1.33,0.17000000000000004,0.848
2022-05-25,0.10840000000000005,-1.33,0.17000000000000004,0.848
2022-05-26,0.10880000000000001,-1.33,0.17000000000000004,0.848
2022-05-27,0.10830000000000006,-1.33,0.17000000000000004,0.848
2022-05-28,0.10830000000000006,-1.33,0.17000000000000004,0.848
2022-05-29,0.10830000000000006,-1.33,0.17000000000000004,0.848
2022-05-30,0.10840000000000005,-1.33,0.17000000000000004,0.848
2022-05-31,0.11099999999999999,-1.33,0.17000000000000004,0.848
2022-06-01,0.1089,-1.33,0.7700000000000001,0.868
2022-06-02,0.1089,-1.33,0.7700000000000001,0.868
2022-06-03,0.1089,-1.33,0.7700000000000001,0.868
2022-06-04,0.1089,-1.33,0.7700000000000001,0.868
2022-06-05,0.1089,-1.33,0.7700000000000001,0.868
2022-06-06,0.10940000000000005,-1.33,0.7700000000000001,0.868
2022-06-07,0.11030000000000006,-1.33,0.7700000000000001,0.868
2022-06-08,0.11020000000000008,-1.33,0.7700000000000001,0.868
2022-06-09,0.11070000000000002,-1.33,0.7700000000000001,0.868
2022-06-10,0.11020000000000008,-1.33,0.7700000000000001,0.868
2022-06-11,0.11020000000000008,-1.33,0.7700000000000001,0.868
2022-06-12,0.11020000000000008,-1.33,0.7700000000000001,0.868
2022-06-13,0.10960000000000003,-1.33,0.7700000000000001,0.868
2022-06-14,0.10980000000000001,-1.33,0.7700000000000001,0.868
2022-06-15,0.1099,-1.33,0.7700000000000001,0.868
2022-06-16,-0.39160000000000017,-2.08,0.020000000000000018,1.618
2022-06-17,-0.39050000000000007,-2.08,0.020000000000000018,1.618
2022-06-18,-0.39050000000000007,-2.08,0.020000000000000018,1.618
2022-06-19,-0.39050000000000007,-2.08,0.020000000000000018,1.618
2022-06-20,-0.3904000000000001,-2.08,0.020000000000000018,1.618
2022-06-21,-0.39080000000000004,-2.08,0.020000000000000018,1.618
2022-06-22,-0.39170000000000016,-2.08,0.020000000000000018,1.618
2022-06-23,-0.3915000000000002,-2.08,0.020000000000000018,1.618
2022-06-24,-0.3915000000000002,-2.08,0.020000000000000018,1.618
2022-06-25,-0.3915000000000002,-2.08,0.020000000000000018,1.618
2022-06-26,-0.3915000000000002,-2.08,0.020000000000000018,1.618
2022-06-27,-0.39160000000000017,-2.08,0.020000000000000018,1.618
2022-06-28,-0.3923000000000001,-2.08,0.020000000000000018,1.618
2022-06-29,-0.3913,-2.08,0.020000000000000018,1.618
2022-06-30,-0.39260000000000006,-2.08,0.020000000000000018,1.618
2022-07-01,-0.3893,-2.08,0.48999999999999977,1.592
2022-07-02,-0.3893,-2.08,0.48999999999999977,1.592
2022-07-03,-0.3893,-2.08,0.48999999999999977,1.592
2022-07-04,-0.38980000000000015,-2.08,0.48999999999999977,1.592
2022-07-05,-0.3893,-2.08,0.48999999999999977,1.592
2022-07-06,-0.3892,-2.08,0.48999999999999977,1.592
2022-07-07,-0.3895000000000002,-2.08,0.48999999999999977,1.592
2022-07-08,-0.3891,-2.08,0.48999999999999977,1.592
2022-07-09,-0.3891,-2.08,0.48999999999999977,1.592
2022-07-10,-0.3891,-2.08,0.48999999999999977,1.592
2022-07-11,-0.3891,-2.08,0.48999999999999977,1.592
2022-07-12,-0.3891,-2.08,0.48999999999999977,1.592
2022-07-13,-0.38880000000000003,-2.08,0.48999999999999977,1.592
2022-07-14,-0.3889,-2.08,0.48999999999999977,1.592
2022-07-15,-0.3892,-2.08,0.48999999999999977,1.592
2022-07-16,-0.3892,-2.08,0.48999999999999977,1.592
2022-07-17,-0.3892,-2.08,0.48999999999999977,1.592
2022-07-18,-0.38880000000000003,-2.08,0.48999999999999977,1.592
2022-07-19,-0.3891,-2.08,0.48999999999999977,1.592
2022-07-20,-0.38939999999999997,-2.08,0.48999999999999977,1.592
2022-07-21,-0.38990000000000014,-2.08,0.48999999999999977,1.592
2022-07-22,-0.3895000000000002,-2.08,0.48999999999999977,1.592
2022-07-23,-0.3895000000000002,-2.08,0.48999999999999977,1.592
2022-07-24,-0.3895000000000002,-2.08,0.48999999999999977,1.592
2022-07-25,-0.389,-2.08,0.48999999999999977,1.592
2022-07-26,-0.3891,-2.08,0.48999999999999977,1.592
2022-07-27,-0.3891,-1.58,0.48999999999999977,1.592
2022-07-28,-1.1391,-2.33,-0.26000000000000023,2.342
2022-07-29,-1.1290999999999998,-2.32,-0.25,2.332
2022-07-30,-1.1290999999999998,-2.32,-0.25,2.332
2022-07-31,-1.1290999999999998,-2.32,-0.25,2.332
2022-08-01,-1.139,-2.33,-0.020000000000000018,2.348
2022-08-02,-1.1389,-2.33,-0.020000000000000018,2.348
2022-08-03,-1.1389,-2.33,-0.020000000000000018,2.348
2022-08-04,-0.6414,-2.33,-0.020000000000000018,2.348
2022-08-05,-0.6397000000000002,-2.33,-0.020000000000000018,2.348
2022-08-06,-0.6397000000000002,-2.33,-0.020000000000000018,2.348
2022-08-07,-0.6397000000000002,-2.33,-0.020000000000000018,2.348
2022-08-08,-0.6400000000000001,-2.33,-0.020000000000000018,2.348
2022-08-09,-0.6395000000000002,-2.33,-0.020000000000000018,2.348
2022-08-10,-0.6402000000000001,-2.33,-0.020000000000000018,2.348
2022-08-11,-0.6396000000000002,-2.33,-0.020000000000000018,2.348
2022-08-12,-0.6403000000000001,-2.33,-0.020000000000000018,2.348
2022-08-13,-0.6403000000000001,-2.33,-0.020000000000000018,2.348
2022-08-14,-0.6403000000000001,-2.33,-0.020000000000000018,2.348
2022-08-15,-0.6405000000000001,-2.33,-0.020000000000000018,2.348
2022-08-16,-0.641,-2.33,-0.020000000000000018,2.348
2022-08-17,-0.6393,-2.33,-0.020000000000000018,2.348
2022-08-18,-0.6395000000000002,-2.33,-0.020000000000000018,2.348
2022-08-19,-0.6399000000000001,-2.33,-0.020000000000000018,2.348
2022-08-20,-0.6399000000000001,-2.33,-0.020000000000000018,2.348
2022-08-21,-0.6399000000000001,-2.33,-0.020000000000000018,2.348
2022-08-22,-0.6400000000000001,-2.33,-0.020000000000000018,2.348
2022-08-23,-0.6393,-2.33,-0.020000000000000018,2.348
2022-08-24,-0.6395000000000002,-2.33,-0.020000000000000018,2.348
2022-08-25,-0.6399000000000001,-2.33,-0.020000000000000018,2.348
2022-08-26,-0.6396000000000002,-2.33,-0.020000000000000018,2.348
2022-08-27,-0.6396000000000002,-2.33,-0.020000000000000018,2.348
2022-08-28,-0.6396000000000002,-2.33,-0.020000000000000018,2.348
2022-08-29,-0.6396000000000002,-2.33,-0.020000000000000018,2.348
2022-08-30,-0.6395000000000002,-2.33,-0.020000000000000018,2.348
2022-08-31,-0.6404000000000001,-2.33,-0.020000000000000018,2.348
2022-09-01,-0.6398000000000001,-2.33,0.4299999999999997,2.379
2022-09-02,-0.6389,-2.33,0.4299999999999997,2.379
2022-09-03,-0.6389,-2.33,0.4299999999999997,2.379
2022-09-04,-0.6389,-2.33,0.4299999999999997,2.379
2022-09-05,-0.6393,-2.33,0.4299999999999997,2.379
2022-09-06,-0.6387,-2.33,0.4299999999999997,2.379
2022-09-07,-0.6393,-2.33,0.4299999999999997,2.379
2022-09-08,-0.6397000000000002,-2.33,0.4299999999999997,2.379
2022-09-09,-0.6381000000000001,-2.33,0.4299999999999997,2.379
2022-09-10,-0.6381000000000001,-2.33,0.4299999999999997,2.379
2022-09-11,-0.6381000000000001,-2.33,0.4299999999999997,2.379
2022-09-12,-0.6389,-2.33,0.4299999999999997,2.379
2022-09-13,-0.6389,-2.33,0.4299999999999997,2.379
2022-09-14,-0.6386000000000001,-1.58,0.4299999999999997,2.379
2022-09-15,-0.639,-1.58,0.4299999999999997,2.379
2022-09-16,-0.6394,-1.58,0.4299999999999997,2.379
2022-09-17,-0.6394,-1.58,0.4299999999999997,2.379
2022-09-18,-0.6394,-1.58,0.4299999999999997,2.379
2022-09-19,-0.6394,-1.58,0.4299999999999997,2.379
2022-09-20,-0.639,-1.58,0.4299999999999997,2.379
2022-09-21,-0.6397000000000002,-1.58,0.4299999999999997,2.379
2022-09-22,-0.8923999999999999,-2.33,-0.3200000000000003,3.129
2022-09-23,-0.8916,-2.33,-0.3200000000000003,3.129
2022-09-24,-0.8916,-2.33,-0.3200000000000003,3.129
2022-09-25,-0.8916,-2.33,-0.3200000000000003,3.129
2022-09-26,-0.891,-2.33,-0.3200000000000003,3.129
2022-09-27,-0.891,-2.33,-0.3200000000000003,3.129
2022-09-28,-0.8909000000000002,-2.33,-0.3200000000000003,3.129
2022-09-29,-0.891,-2.33,-0.3200000000000003,3.129
2022-09-30,-0.8898999999999999,-2.33,-0.3200000000000003,3.129
2022-10-01,-0.8898999999999999,-2.33,-0.1299999999999999,3.13
2022-10-02,-0.8898999999999999,-2.33,-0.1299999999999999,3.13
2022-10-03,-0.8919999999999999,-2.33,-0.1299999999999999,3.13
2022-10-04,-0.8940000000000001,-2.33,-0.1299999999999999,3.13
2022-10-05,-0.8934000000000002,-2.33,-0.1299999999999999,3.13
2022-10-06,-0.8931,-2.33,-0.1299999999999999,3.13
2022-10-07,-0.8923999999999999,-2.33,-0.1299999999999999,3.13
2022-10-08,-0.8923999999999999,-2.33,-0.1299999999999999,3.13
2022-10-09,-0.8923999999999999,-2.33,-0.1299999999999999,3.13
2022-10-10,-0.8936000000000002,-2.33,-0.1299999999999999,3.13
2022-10-11,-0.8927,-2.33,-0.1299999999999999,3.13
2022-10-12,-0.8940000000000001,-2.33,-0.1299999999999999,3.13
2022-10-13,-0.8938000000000001,-2.33,-0.1299999999999999,3.13
2022-10-14,-0.8956,-2.33,-0.1299999999999999,3.13
2022-10-15,-0.8956,-2.33,-0.1299999999999999,3.13
2022-10-16,-0.8956,-2.33,-0.1299999999999999,3.13
2022-10-17,-0.8961000000000001,-2.33,-0.1299999999999999,3.13
2022-10-18,-0.8957999999999999,-2.33,-0.1299999999999999,3.13
2022-10-19,-0.8957000000000002,-2.33,-0.1299999999999999,3.13
2022-10-20,-0.8949000000000003,-2.33,-0.1299999999999999,3.13
2022-10-21,-0.895,-2.33,-0.1299999999999999,3.13
2022-10-22,-0.895,-2.33,-0.1299999999999999,3.13
2022-10-23,-0.895,-2.33,-0.1299999999999999,3.13
2022-10-24,-0.8938000000000001,-2.33,-0.1299999999999999,3.13
2022-10-25,-0.8938000000000001,-2.33,-0.1299999999999999,3.13
2022-10-26,-0.8948,-2.33,-0.1299999999999999,3.13
2022-10-27,-0.8948,-2.33,-0.1299999999999999,3.13
2022-10-28,-0.8947000000000003,-2.33,-0.1299999999999999,3.13
2022-10-29,-0.8947000000000003,-2.33,-0.1299999999999999,3.13
2022-10-30,-0.8947000000000003,-2.33,-0.1299999999999999,3.13
2022-10-31,-0.8961999999999999,-2.33,-0.1299999999999999,3.13
2022-11-01,-0.8944000000000001,-2.33,-0.020000000000000018,3.1470000000000002
2022-11-02,-0.8940999999999999,-1.58,-0.020000000000000018,3.1470000000000002
2022-11-03,-0.8994,-2.33,-0.77,3.8970000000000002
2022-11-04,-0.9035000000000002,-2.33,-0.77,3.8970000000000002
2022-11-05,-0.9035000000000002,-2.33,-0.77,3.8970000000000002
2022-11-06,-0.9035000000000002,-2.33,-0.77,3.8970000000000002
2022-11-07,-0.9032,-2.33,-0.77,3.8970000000000002
2022-11-08,-0.9024000000000001,-2.33,-0.77,3.8970000000000002
2022-11-09,-0.9037000000000002,-2.33,-0.77,3.8970000000000002
2022-11-10,-0.9035000000000002,-2.33,-0.77,3.8970000000000002
2022-11-11,-0.9032,-2.33,-0.77,3.8970000000000002
2022-11-12,-0.9032,-2.33,-0.77,3.8970000000000002
2022-11-13,-0.9032,-2.33,-0.77,3.8970000000000002
2022-11-14,-0.9034,-2.33,-0.77,3.8970000000000002
2022-11-15,-0.9031000000000002,-2.33,-0.77,3.8970000000000002
2022-11-16,-0.9035000000000002,-2.33,-0.77,3.8970000000000002
2022-11-17,-0.9034,-2.33,-0.77,3.8970000000000002
2022-11-18,-0.9024999999999999,-2.33,-0.77,3.8970000000000002
2022-11-19,-0.9024999999999999,-2.33,-0.77,3.8970000000000002
2022-11-20,-0.9024999999999999,-2.33,-0.77,3.8970000000000002
2022-11-21,-0.9024999999999999,-2.33,-0.77,3.8970000000000002
2022-11-22,-0.9029000000000003,-2.33,-0.77,3.8970000000000002
2022-11-23,-0.9029000000000003,-2.33,-0.77,3.8970000000000002
2022-11-24,-0.9022999999999999,-2.33,-0.77,3.8970000000000002
2022-11-25,-0.9022000000000001,-2.33,-0.77,3.8970000000000002
2022-11-26,-0.9022000000000001,-2.33,-0.77,3.8970000000000002
2022-11-27,-0.9022000000000001,-2.33,-0.77,3.8970000000000002
2022-11-28,-0.9022000000000001,-2.33,-0.77,3.8970000000000002
2022-11-29,-0.9018000000000002,-2.33,-0.77,3.8970000000000002
2022-11-30,-0.9027000000000003,-2.33,-0.77,3.8970000000000002
2022-12-01,-0.9020999999999999,-2.33,-0.6600000000000001,3.9
2022-12-02,-0.9018999999999999,-2.33,-0.6600000000000001,3.9
2022-12-03,-0.9018999999999999,-2.33,-0.6600000000000001,3.9
2022-12-04,-0.9018999999999999,-2.33,-0.6600000000000001,3.9
2022-12-05,-0.9020999999999999,-2.33,-0.6600000000000001,3.9
2022-12-06,-0.9016000000000002,-2.33,-0.6600000000000001,3.9
2022-12-07,-0.9024999999999999,-2.33,-0.6600000000000001,3.9
2022-12-08,-0.9018999999999999,-2.33,-0.6600000000000001,3.9
2022-12-09,-0.9016000000000002,-2.33,-0.6600000000000001,3.9
2022-12-10,-0.9016000000000002,-2.33,-0.6600000000000001,3.9
2022-12-11,-0.9016000000000002,-2.33,-0.6600000000000001,3.9
2022-12-12,-0.9011,-2.33,-0.6600000000000001,3.9
2022-12-13,-0.9013,-2.33,-0.6600000000000001,3.9
2022-12-14,-0.9012000000000002,-2.33,-0.6600000000000001,3.9
2022-12-15,-0.9031000000000002,-2.83,-1.1600000000000001,4.4
2022-12-16,-0.9027000000000003,-2.83,-1.1600000000000001,4.4
2022-12-17,-0.9027000000000003,-2.83,-1.1600000000000001,4.4
2022-12-18,-0.9027000000000003,-2.83,-1.1600000000000001,4.4
2022-12-19,-0.9031000000000002,-2.83,-1.1600000000000001,4.4
2022-12-20,-0.9027000000000003,-2.83,-1.1600000000000001,4.4
2022-12-21,-0.9024999999999999,-2.33,-1.1600000000000001,4.4
2022-12-22,-0.9024999999999999,-2.33,-1.1600000000000001,4.4
2022-12-23,-0.9018999999999999,-2.33,-1.1600000000000001,4.4
2022-12-24,-0.9018999999999999,-2.33,-1.1600000000000001,4.4
2022-12-25,-0.9018999999999999,-2.33,-1.1600000000000001,4.4
2022-12-26,-0.9018999999999999,-2.33,-1.1600000000000001,4.4
2022-12-27,-0.9018999999999999,-2.33,-1.1600000000000001,4.4
2022-12-28,-0.9018000000000002,-2.33,-1.1600000000000001,4.4
2022-12-29,-0.9018999999999999,-2.33,-1.1600000000000001,4.4
2022-12-30,-0.9018000000000002,-2.33,-1.1600000000000001,4.4
2022-12-31,-0.9018000000000002,-2.33,-1.1600000000000001,4.4
2023-01-01,-0.9018000000000002,-2.33,-1.0100000000000002,4.35
2023-01-02,-0.9018000000000002,-2.33,-1.0100000000000002,4.35
2023-01-03,-0.9031000000000002,-2.33,-1.0100000000000002,4.35
2023-01-04,-0.9033000000000002,-2.33,-1.0100000000000002,4.35
2023-01-05,-0.9029000000000003,-2.33,-1.0100000000000002,4.35
2023-01-06,-0.9028,-2.33,-1.0100000000000002,4.35
2023-01-07,-0.9028,-2.33,-1.0100000000000002,4.35
2023-01-08,-0.9028,-2.33,-1.0100000000000002,4.35
2023-01-09,-0.9027000000000003,-2.33,-1.0100000000000002,4.35
2023-01-10,-0.9028,-2.33,-1.0100000000000002,4.35
2023-01-11,-0.9026000000000001,-2.33,-1.0100000000000002,4.35
2023-01-12,-0.9026000000000001,-2.33,-1.0100000000000002,4.35
2023-01-13,-0.9026000000000001,-2.33,-1.0100000000000002,4.35
2023-01-14,-0.9026000000000001,-2.33,-1.0100000000000002,4.35
2023-01-15,-0.9026000000000001,-2.33,-1.0100000000000002,4.35
2023-01-16,-0.9020999999999999,-2.33,-1.0100000000000002,4.35
2023-01-17,-0.9020999999999999,-2.33,-1.0100000000000002,4.35
2023-01-18,-0.9018999999999999,-2.33,-1.0100000000000002,4.35
2023-01-19,-0.9022999999999999,-2.33,-1.0100000000000002,4.35
2023-01-20,-0.9022999999999999,-2.33,-1.0100000000000002,4.35
2023-01-21,-0.9022999999999999,-2.33,-1.0100000000000002,4.35
2023-01-22,-0.9022999999999999,-2.33,-1.0100000000000002,4.35
2023-01-23,-0.9022999999999999,-2.33,-1.0100000000000002,4.35
2023-01-24,-0.9018999999999999,-2.33,-1.0100000000000002,4.35
2023-01-25,-0.9020999999999999,-2.33,-1.0100000000000002,4.35
2023-01-26,-0.9022000000000001,-2.33,-1.0100000000000002,4.35
2023-01-27,-0.9022000000000001,-2.33,-1.0100000000000002,4.35
2023-01-28,-0.9022000000000001,-2.33,-1.0100000000000002,4.35
2023-01-29,-0.9022000000000001,-2.33,-1.0100000000000002,4.35
2023-01-30,-0.9018999999999999,-2.33,-1.0100000000000002,4.35
2023-01-31,-0.9031000000000002,-2.33,-1.0100000000000002,4.35
2023-02-01,-0.9032,-2.33,-0.8700000000000001,4.349
2023-02-02,-0.6535000000000002,-2.58,-1.12,4.599
2023-02-03,-0.6528,-2.58,-1.12,4.599
2023-02-04,-0.6528,-2.58,-1.12,4.599
2023-02-05,-0.6528,-2.58,-1.12,4.599
2023-02-06,-0.6529000000000003,-2.58,-1.12,4.599
2023-02-07,-0.653,-2.58,-1.12,4.599
2023-02-08,-0.6531000000000002,-2.08,-1.12,4.599
2023-02-09,-0.6433000000000004,-2.0700000000000003,-1.1100000000000003,4.589
2023-02-10,-0.653,-2.08,-1.12,4.599
2023-02-11,-0.653,-2.08,-1.12,4.599
2023-02-12,-0.653,-2.08,-1.12,4.599
2023-02-13,-0.6529000000000003,-2.08,-1.12,4.599
2023-02-14,-0.6528,-2.08,-1.12,4.599
2023-02-15,-0.6527000000000003,-2.08,-1.12,4.599
2023-02-16,-0.6527000000000003,-2.08,-1.12,4.599
2023-02-17,-0.6529000000000003,-2.08,-1.12,4.599
2023-02-18,-0.6529000000000003,-2.08,-1.12,4.599
2023-02-19,-0.6529000000000003,-2.08,-1.12,4.599
2023-02-20,-0.6524999999999999,-2.08,-1.12,4.599
2023-02-21,-0.6528,-2.08,-1.12,4.599
2023-02-22,-0.653,-2.08,-1.12,4.599
2023-02-23,-0.653,-2.08,-1.12,4.599
2023-02-24,-0.6526000000000001,-2.08,-1.12,4.599
2023-02-25,-0.6526000000000001,-2.08,-1.12,4.599
2023-02-26,-0.6526000000000001,-2.08,-1.12,4.599
2023-02-27,-0.6430000000000002,-2.0700000000000003,-1.1100000000000003,4.589
2023-02-28,-0.6430000000000002,-2.0700000000000003,-1.1100000000000003,4.589
2023-03-01,-0.653,-2.08,-0.94,4.597
2023-03-02,-0.6427000000000005,-2.0700000000000003,-0.9300000000000002,4.587000000000001
2023-03-03,-0.6428000000000003,-2.0700000000000003,-0.9300000000000002,4.587000000000001
2023-03-04,-0.6428000000000003,-2.0700000000000003,-0.9300000000000002,4.587000000000001
2023-03-05,-0.6428000000000003,-2.0700000000000003,-0.9300000000000002,4.587000000000001
2023-03-06,-0.6427000000000005,-2.0700000000000003,-0.9300000000000002,4.587000000000001
2023-03-07,-0.6425000000000001,-2.0700000000000003,-0.9300000000000002,4.587000000000001
2023-03-08,-0.6427000000000005,-2.0700000000000003,-0.9300000000000002,4.587000000000001
2023-03-09,-0.6426000000000003,-2.0700000000000003,-0.9300000000000002,4.587000000000001
2023-03-10,-0.6426000000000003,-2.0700000000000003,-0.9300000000000002,4.587000000000001
2023-03-11,-0.6426000000000003,-2.0700000000000003,-0.9300000000000002,4.587000000000001
2023-03-12,-0.6426000000000003,-2.0700000000000003,-0.9300000000000002,4.587000000000001
2023-03-13,-0.6524999999999999,-2.08,-0.94,4.597
2023-03-14,-0.653,-2.08,-0.94,4.597
2023-03-15,-0.6528,-2.08,-0.94,4.597
2023-03-16,-0.6528,-2.08,-0.94,4.597
2023-03-17,-0.6532,-2.08,-0.94,4.597
2023-03-18,-0.6532,-2.08,-0.94,4.597
2023-03-19,-0.6532,-2.08,-0.94,4.597
2023-03-20,-0.6532,-2.08,-0.94,4.597
2023-03-21,-0.6531000000000002,-2.08,-0.94,4.597
2023-03-22,-0.653,-1.58,-0.94,4.597
2023-03-23,-0.6540999999999997,-1.83,-1.19,4.847
2023-03-24,-0.6535000000000002,-1.83,-1.19,4.847
2023-03-25,-0.6535000000000002,-1.83,-1.19,4.847
2023-03-26,-0.6535000000000002,-1.83,-1.19,4.847
2023-03-27,-0.6535000000000002,-1.83,-1.19,4.847
2023-03-28,-0.6534000000000004,-1.83,-1.19,4.847
2023-03-29,-0.6532999999999998,-1.83,-1.19,4.847
2023-03-30,-0.6532,-1.83,-1.19,4.847
2023-03-31,-0.6523000000000003,-1.83,-1.19,4.847
2023-04-01,-0.6523000000000003,-1.83,-1.17,4.845
2023-04-02,-0.6523000000000003,-1.83,-1.17,4.845
2023-04-03,-0.6531000000000002,-1.83,-1.17,4.845
2023-04-04,-0.6532999999999998,-1.83,-1.17,4.845
2023-04-05,-0.6531000000000002,-1.83,-1.17,4.845
2023-04-06,-0.6530000000000005,-1.83,-1.17,4.845
2023-04-07,-0.6530000000000005,-1.83,-1.17,4.845
2023-04-08,-0.6530000000000005,-1.83,-1.17,4.845
2023-04-09,-0.6530000000000005,-1.83,-1.17,4.845
2023-04-10,-0.6530000000000005,-1.83,-1.17,4.845
2023-04-11,-0.6532999999999998,-1.83,-1.17,4.845
2023-04-12,-0.6532999999999998,-1.83,-1.17,4.845
2023-04-13,-0.6531000000000002,-1.83,-1.17,4.845
2023-04-14,-0.6531000000000002,-1.83,-1.17,4.845
2023-04-15,-0.6531000000000002,-1.83,-1.17,4.845
2023-04-16,-0.6531000000000002,-1.83,-1.17,4.845
2023-04-17,-0.6528999999999998,-1.83,-1.17,4.845
2023-04-18,-0.6526000000000005,-1.83,-1.17,4.845
2023-04-19,-0.6526000000000005,-1.83,-1.17,4.845
2023-04-20,-0.6524999999999999,-1.83,-1.17,4.845
2023-04-21,-0.6526000000000005,-1.83,-1.17,4.845
2023-04-22,-0.6526000000000005,-1.83,-1.17,4.845
2023-04-23,-0.6526000000000005,-1.83,-1.17,4.845
2023-04-24,-0.6527000000000003,-1.83,-1.17,4.845
2023-04-25,-0.6526000000000005,-1.83,-1.17,4.845
2023-04-26,-0.6516000000000002,-1.83,-1.17,4.845
2023-04-27,-0.6513,-1.83,-1.17,4.845
2023-04-28,-0.6508000000000003,-1.83,-1.17,4.845
2023-04-29,-0.6508000000000003,-1.83,-1.17,4.845
2023-04-30,-0.6508000000000003,-1.83,-1.17,4.845
2023-05-01,-0.6508000000000003,-1.83,-0.9300000000000002,4.881
2023-05-02,-0.6508000000000003,-1.83,-0.9300000000000002,4.881
2023-05-03,-0.6521999999999997,-1.83,-0.9300000000000002,4.881
2023-05-04,-0.9020999999999999,-2.08,-1.1800000000000002,5.131
2023-05-05,-0.9023000000000003,-2.08,-1.1800000000000002,5.131
2023-05-06,-0.9023000000000003,-2.08,-1.1800000000000002,5.131
2023-05-07,-0.9023000000000003,-2.08,-1.1800000000000002,5.131
2023-05-08,-0.9023000000000003,-2.08,-1.1800000000000002,5.131
2023-05-09,-0.9023000000000003,-2.08,-1.1800000000000002,5.131
2023-05-10,-0.9024999999999999,-1.83,-1.1800000000000002,5.131
2023-05-11,-0.6526000000000005,-1.83,-1.1800000000000002,5.131
2023-05-12,-0.6523000000000003,-1.83,-1.1800000000000002,5.131
2023-05-13,-0.6523000000000003,-1.83,-1.1800000000000002,5.131
2023-05-14,-0.6523000000000003,-1.83,-1.1800000000000002,5.131
2023-05-15,-0.6526000000000005,-1.83,-1.1800000000000002,5.131
2023-05-16,-0.6524999999999999,-1.83,-1.1800000000000002,5.131
2023-05-17,-0.6526000000000005,-1.83,-1.1800000000000002,5.131
2023-05-18,-0.6524000000000001,-1.83,-1.1800000000000002,5.131
2023-05-19,-0.6526000000000005,-1.83,-1.1800000000000002,5.131
2023-05-20,-0.6526000000000005,-1.83,-1.1800000000000002,5.131
2023-05-21,-0.6526000000000005,-1.83,-1.1800000000000002,5.131
2023-05-22,-0.6523000000000003,-1.83,-1.1800000000000002,5.131
2023-05-23,-0.6515000000000004,-1.83,-1.1800000000000002,5.131
2023-05-24,-0.6523000000000003,-1.83,-1.1800000000000002,5.131
2023-05-25,-0.6521999999999997,-1.83,-1.1800000000000002,5.131
2023-05-26,-0.6519000000000004,-1.83,-1.1800000000000002,5.131
2023-05-27,-0.6519000000000004,-1.83,-1.1800000000000002,5.131
2023-05-28,-0.6519000000000004,-1.83,-1.1800000000000002,5.131
2023-05-29,-0.6519000000000004,-1.83,-1.1800000000000002,5.131
2023-05-30,-0.6521999999999997,-1.83,-1.1800000000000002,5.131
2023-05-31,-0.6521999999999997,-1.83,-1.1800000000000002,5.131
2023-06-01,-0.6521999999999997,-1.83,-0.8300000000000001,5.146
2023-06-02,-0.6519000000000004,-1.83,-0.8300000000000001,5.146
2023-06-03,-0.6519000000000004,-1.83,-0.8300000000000001,5.146
2023-06-04,-0.6519000000000004,-1.83,-0.8300000000000001,5.146
2023-06-05,-0.6520000000000001,-1.83,-0.8300000000000001,5.146
2023-06-06,-0.6520999999999999,-1.83,-0.8300000000000001,5.146
2023-06-07,-0.6521999999999997,-1.83,-0.8300000000000001,5.146
2023-06-08,-0.6520999999999999,-1.83,-0.8300000000000001,5.146
2023-06-09,-0.6519000000000004,-1.83,-0.8300000000000001,5.146
2023-06-10,-0.6519000000000004,-1.83,-0.8300000000000001,5.146
2023-06-11,-0.6519000000000004,-1.83,-0.8300000000000001,5.146
2023-06-12,-0.6517,-1.83,-0.8300000000000001,5.146
2023-06-13,-0.6519000000000004,-1.83,-0.8300000000000001,5.146
2023-06-14,-0.6517,-1.83,-0.8300000000000001,5.146
2023-06-15,-0.6416000000000004,-1.8200000000000003,-0.8200000000000003,5.136
2023-06-16,-0.6520999999999999,-1.83,-0.8300000000000001,5.146
2023-06-17,-0.6520999999999999,-1.83,-0.8300000000000001,5.146
2023-06-18,-0.6520999999999999,-1.83,-0.8300000000000001,5.146
2023-06-19,-0.6520000000000001,-1.83,-0.8300000000000001,5.146
2023-06-20,-0.6419000000000006,-1.8200000000000003,-0.8200000000000003,5.136
2023-06-21,-0.6412000000000004,-1.5700000000000003,-0.8200000000000003,5.136
2023-06-22,-0.14260000000000073,-1.5700000000000003,-0.8200000000000003,5.136
2023-06-23,-0.14200000000000035,-1.5700000000000003,-0.8200000000000003,5.136
2023-06-24,-0.14200000000000035,-1.5700000000000003,-0.8200000000000003,5.136
2023-06-25,-0.14200000000000035,-1.5700000000000003,-0.8200000000000003,5.136
2023-06-26,-0.14179999999999993,-1.5700000000000003,-0.8200000000000003,5.136
2023-06-27,-0.14190000000000058,-1.5700000000000003,-0.8200000000000003,5.136
2023-06-28,-0.14210000000000012,-1.5700000000000003,-0.8200000000000003,5.136
2023-06-29,-0.1416000000000004,-1.5700000000000003,-0.8200000000000003,5.136
2023-06-30,-0.15139999999999976,-1.58,-0.8300000000000001,5.146
2023-07-01,-0.15139999999999976,-1.58,-0.7800000000000002,5.126
2023-07-02,-0.15139999999999976,-1.58,-0.7800000000000002,5.126
2023-07-03,-0.1509999999999998,-1.58,-0.7800000000000002,5.126
2023-07-04,-0.15090000000000003,-1.58,-0.7800000000000002,5.126
2023-07-05,-0.15000000000000036,-1.58,-0.7800000000000002,5.126
2023-07-06,-0.1504000000000003,-1.58,-0.7800000000000002,5.126
2023-07-07,-0.15029999999999966,-1.58,-0.7800000000000002,5.126
2023-07-08,-0.15029999999999966,-1.58,-0.7800000000000002,5.126
2023-07-09,-0.15029999999999966,-1.58,-0.7800000000000002,5.126
2023-07-10,-0.13980000000000015,-1.5700000000000003,-0.7700000000000005,5.1160000000000005
2023-07-11,-0.15010000000000012,-1.58,-0.7800000000000002,5.126
2023-07-12,-0.1501999999999999,-1.58,-0.7800000000000002,5.126
2023-07-13,-0.15000000000000036,-1.58,-0.7800000000000002,5.126
2023-07-14,-0.15000000000000036,-1.58,-0.7800000000000002,5.126
2023-07-15,-0.15000000000000036,-1.58,-0.7800000000000002,5.126
2023-07-16,-0.15000000000000036,-1.58,-0.7800000000000002,5.126
2023-07-17,-0.15010000000000012,-1.58,-0.7800000000000002,5.126
2023-07-18,-0.1498999999999997,-1.58,-0.7800000000000002,5.126
2023-07-19,-0.14970000000000017,-1.58,-0.7800000000000002,5.126
2023-07-20,-0.14949999999999974,-1.58,-0.7800000000000002,5.126
2023-07-21,-0.14939999999999998,-1.58,-0.7800000000000002,5.126
2023-07-22,-0.14939999999999998,-1.58,-0.7800000000000002,5.126
2023-07-23,-0.14939999999999998,-1.58,-0.7800000000000002,5.126
2023-07-24,-0.1490999999999998,-1.58,-0.7800000000000002,5.126
2023-07-25,-0.14920000000000044,-1.58,-0.7800000000000002,5.126
2023-07-26,-0.14900000000000002,-1.58,-0.7800000000000002,5.126
2023-07-27,-0.399,-1.83,-1.0300000000000002,5.376
2023-07-28,-0.3985000000000003,-1.83,-1.0300000000000002,5.376
2023-07-29,-0.3985000000000003,-1.83,-1.0300000000000002,5.376
2023-07-30,-0.3985000000000003,-1.83,-1.0300000000000002,5.376
2023-07-31,-0.3996000000000004,-1.83,-1.0300000000000002,5.376
2023-08-01,-0.3993000000000002,-1.83,-1.1799999999999997,5.394
2023-08-02,-0.3996000000000004,-1.58,-1.1799999999999997,5.394
2023-08-03,-0.1477000000000004,-1.58,-1.1799999999999997,5.394
2023-08-04,-0.1474000000000002,-1.58,-1.1799999999999997,5.394
2023-08-05,-0.1474000000000002,-1.58,-1.1799999999999997,5.394
2023-08-06,-0.1474000000000002,-1.58,-1.1799999999999997,5.394
2023-08-07,-0.1471,-1.58,-1.1799999999999997,5.394
2023-08-08,-0.1471,-1.58,-1.1799999999999997,5.394
2023-08-09,-0.14730000000000043,-1.58,-1.1799999999999997,5.394
2023-08-10,-0.1471,-1.58,-1.1799999999999997,5.394
2023-08-11,-0.1471,-1.58,-1.1799999999999997,5.394
2023-08-12,-0.1471,-1.58,-1.1799999999999997,5.394
2023-08-13,-0.1471,-1.58,-1.1799999999999997,5.394
2023-08-14,-0.1471,-1.58,-1.1799999999999997,5.394
2023-08-15,-0.14660000000000029,-1.58,-1.1799999999999997,5.394
2023-08-16,-0.14620000000000033,-1.58,-1.1799999999999997,5.394
2023-08-17,-0.14569999999999972,-1.58,-1.1799999999999997,5.394
2023-08-18,-0.14569999999999972,-1.58,-1.1799999999999997,5.394
2023-08-19,-0.14569999999999972,-1.58,-1.1799999999999997,5.394
2023-08-20,-0.14569999999999972,-1.58,-1.1799999999999997,5.394
2023-08-21,-0.14590000000000014,-1.58,-1.1799999999999997,5.394
2023-08-22,-0.14569999999999972,-1.58,-1.1799999999999997,5.394
2023-08-23,-0.1440999999999999,-1.58,-1.1799999999999997,5.394
2023-08-24,-0.14449999999999985,-1.58,-1.1799999999999997,5.394
2023-08-25,-0.14480000000000004,-1.58,-1.1799999999999997,5.394
2023-08-26,-0.14480000000000004,-1.58,-1.1799999999999997,5.394
2023-08-27,-0.14480000000000004,-1.58,-1.1799999999999997,5.394
2023-08-28,-0.14480000000000004,-1.58,-1.1799999999999997,5.394
2023-08-29,-0.14470000000000027,-1.58,-1.1799999999999997,5.394
2023-08-30,-0.14449999999999985,-1.58,-1.1799999999999997,5.394
2023-08-31,-0.14480000000000004,-1.58,-1.1799999999999997,5.394
2023-09-01,-0.14480000000000004,-1.58,-1.2000000000000002,5.384
2023-09-02,-0.14480000000000004,-1.58,-1.2000000000000002,5.384
2023-09-03,-0.14480000000000004,-1.58,-1.2000000000000002,5.384
2023-09-04,-0.14470000000000027,-1.58,-1.2000000000000002,5.384
2023-09-05,-0.14470000000000027,-1.58,-1.2000000000000002,5.384
2023-09-06,-0.14500000000000046,-1.58,-1.2000000000000002,5.384
2023-09-07,-0.14449999999999985,-1.58,-1.2000000000000002,5.384
2023-09-08,-0.14449999999999985,-1.58,-1.2000000000000002,5.384
2023-09-09,-0.14449999999999985,-1.58,-1.2000000000000002,5.384
2023-09-10,-0.14449999999999985,-1.58,-1.2000000000000002,5.384
2023-09-11,-0.14400000000000013,-1.58,-1.2000000000000002,5.384
2023-09-12,-0.14470000000000027,-1.58,-1.2000000000000002,5.384
2023-09-13,-0.1448999999999998,-1.58,-1.2000000000000002,5.384
2023-09-14,-0.14529999999999976,-1.58,-1.2000000000000002,5.384
2023-09-15,-0.1446000000000005,-1.58,-1.2000000000000002,5.384
2023-09-16,-0.1446000000000005,-1.58,-1.2000000000000002,5.384
2023-09-17,-0.1446000000000005,-1.58,-1.2000000000000002,5.384
2023-09-18,-0.14500000000000046,-1.58,-1.2000000000000002,5.384
2023-09-19,-0.1446000000000005,-1.58,-1.2000000000000002,5.384
2023-09-20,-0.14510000000000023,-1.33,-1.2000000000000002,5.384
2023-09-21,-0.1452,-1.33,-1.2000000000000002,5.384
2023-09-22,-0.14449999999999985,-1.33,-1.2000000000000002,5.384
2023-09-23,-0.14449999999999985,-1.33,-1.2000000000000002,5.384
2023-09-24,-0.14449999999999985,-1.33,-1.2000000000000002,5.384
2023-09-25,-0.14510000000000023,-1.33,-1.2000000000000002,5.384
2023-09-26,-0.14430000000000032,-1.33,-1.2000000000000002,5.384
2023-09-27,-0.14400000000000013,-1.33,-1.2000000000000002,5.384
2023-09-28,-0.1440999999999999,-1.33,-1.2000000000000002,5.384
2023-09-29,-0.14329999999999998,-1.33,-1.2000000000000002,5.384
2023-09-30,-0.14329999999999998,-1.33,-1.2000000000000002,5.384
2023-10-01,-0.14329999999999998,-1.33,-1.12,5.35
2023-10-02,-0.14320000000000022,-1.33,-1.12,5.35
2023-10-03,-0.14329999999999998,-1.33,-1.12,5.35
2023-10-04,-0.14280000000000026,-1.33,-1.12,5.35
2023-10-05,-0.14280000000000026,-1.33,-1.12,5.35
2023-10-06,-0.14290000000000003,-1.33,-1.12,5.35
2023-10-07,-0.14290000000000003,-1.33,-1.12,5.35
2023-10-08,-0.14290000000000003,-1.33,-1.12,5.35
2023-10-09,-0.1427000000000005,-1.33,-1.12,5.35
2023-10-10,-0.14310000000000045,-1.33,-1.12,5.35
2023-10-11,-0.14339999999999975,-1.33,-1.12,5.35
2023-10-12,-0.1429999999999998,-1.33,-1.12,5.35
2023-10-13,-0.1427000000000005,-1.33,-1.12,5.35
2023-10-14,-0.1427000000000005,-1.33,-1.12,5.35
2023-10-15,-0.1427000000000005,-1.33,-1.12,5.35
2023-10-16,-0.14229999999999965,-1.33,-1.12,5.35
2023-10-17,-0.1429999999999998,-1.33,-1.12,5.35
2023-10-18,-0.14280000000000026,-1.33,-1.12,5.35
2023-10-19,-0.1427000000000005,-1.33,-1.12,5.35
2023-10-20,-0.14200000000000035,-1.33,-1.12,5.35
2023-10-21,-0.14200000000000035,-1.33,-1.12,5.35
2023-10-22,-0.14200000000000035,-1.33,-1.12,5.35
2023-10-23,-0.1427000000000005,-1.33,-1.12,5.35
2023-10-24,-0.1427000000000005,-1.33,-1.12,5.35
2023-10-25,-0.1424000000000003,-1.33,-1.12,5.35
2023-10-26,-0.14280000000000026,-1.33,-1.12,5.35
2023-10-27,-0.14339999999999975,-1.33,-1.12,5.35
2023-10-28,-0.14339999999999975,-1.33,-1.12,5.35
2023-10-29,-0.14339999999999975,-1.33,-1.12,5.35
2023-10-30,-0.14329999999999998,-1.33,-1.12,5.35
2023-10-31,-0.14390000000000036,-1.33,-1.12,5.35
2023-11-01,-0.1435000000000004,-1.33,-0.9500000000000002,5.345
2023-11-02,-0.1429999999999998,-1.33,-0.9500000000000002,5.345
2023-11-03,-0.1429999999999998,-1.33,-0.9500000000000002,5.345
2023-11-04,-0.1429999999999998,-1.33,-0.9500000000000002,5.345
2023-11-05,-0.1429999999999998,-1.33,-0.9500000000000002,5.345
2023-11-06,-0.14329999999999998,-1.33,-0.9500000000000002,5.345
2023-11-07,-0.14360000000000017,-1.33,-0.9500000000000002,5.345
2023-11-08,-0.14339999999999975,-1.33,-0.9500000000000002,5.345
2023-11-09,-0.14339999999999975,-1.33,-0.9500000000000002,5.345
2023-11-10,-0.14310000000000045,-1.33,-0.9500000000000002,5.345
2023-11-11,-0.14310000000000045,-1.33,-0.9500000000000002,5.345
2023-11-12,-0.14310000000000045,-1.33,-0.9500000000000002,5.345
2023-11-13,-0.14329999999999998,-1.33,-0.9500000000000002,5.345
2023-11-14,-0.14280000000000026,-1.33,-0.9500000000000002,5.345
2023-11-15,-0.14320000000000022,-1.33,-0.9500000000000002,5.345
2023-11-16,-0.14259999999999984,-1.33,-0.9500000000000002,5.345
2023-11-17,-0.1418999999999997,-1.33,-0.9500000000000002,5.345
2023-11-18,-0.1418999999999997,-1.33,-0.9500000000000002,5.345
2023-11-19,-0.1418999999999997,-1.33,-0.9500000000000002,5.345
2023-11-20,-0.14179999999999993,-1.33,-0.9500000000000002,5.345
2023-11-21,-0.14149999999999974,-1.33,-0.9500000000000002,5.345
2023-11-22,-0.14120000000000044,-1.33,-0.9500000000000002,5.345
2023-11-23,-0.14170000000000016,-1.33,-0.9500000000000002,5.345
2023-11-24,-0.14109999999999978,-1.33,-0.9500000000000002,5.345
2023-11-25,-0.14109999999999978,-1.33,-0.9500000000000002,5.345
2023-11-26,-0.14109999999999978,-1.33,-0.9500000000000002,5.345
2023-11-27,-0.14200000000000035,-1.33,-0.9500000000000002,5.345
2023-11-28,-0.14210000000000012,-1.33,-0.9500000000000002,5.345
2023-11-29,-0.14210000000000012,-1.33,-0.9500000000000002,5.345
2023-11-30,-0.1418999999999997,-1.33,-0.9500000000000002,5.345
2023-12-01,-0.14139999999999997,-1.33,-0.9800000000000004,5.342
2023-12-02,-0.14139999999999997,-1.33,-0.9800000000000004,5.342
2023-12-03,-0.14139999999999997,-1.33,-0.9800000000000004,5.342
2023-12-04,-0.14219999999999988,-1.33,-0.9800000000000004,5.342
2023-12-05,-0.14250000000000007,-1.33,-0.9800000000000004,5.342
2023-12-06,-0.14259999999999984,-1.33,-0.9800000000000004,5.342
2023-12-07,-0.14250000000000007,-1.33,-0.9800000000000004,5.342
2023-12-08,-0.14280000000000026,-1.33,-0.9800000000000004,5.342
2023-12-09,-0.14280000000000026,-1.33,-0.9800000000000004,5.342
2023-12-10,-0.14280000000000026,-1.33,-0.9800000000000004,5.342
2023-12-11,-0.1424000000000003,-1.33,-0.9800000000000004,5.342
2023-12-12,-0.14219999999999988,-1.33,-0.9800000000000004,5.342
2023-12-13,-0.14259999999999984,-1.33,-0.9800000000000004,5.342
2023-12-14,-0.1440999999999999,-1.33,-0.9800000000000004,5.342
2023-12-15,-0.14419999999999966,-1.33,-0.9800000000000004,5.342
2023-12-16,-0.14419999999999966,-1.33,-0.9800000000000004,5.342
2023-12-17,-0.14419999999999966,-1.33,-0.9800000000000004,5.342
2023-12-18,-0.1435000000000004,-1.33,-0.9800000000000004,5.342
2023-12-19,-0.14369999999999994,-1.33,-0.9800000000000004,5.342
2023-12-20,-0.14360000000000017,-1.33,-0.9800000000000004,5.342
2023-12-21,-0.14390000000000036,-1.33,-0.9800000000000004,5.342
2023-12-22,-0.14329999999999998,-1.33,-0.9800000000000004,5.342
2023-12-23,-0.14329999999999998,-1.33,-0.9800000000000004,5.342
2023-12-24,-0.14329999999999998,-1.33,-0.9800000000000004,5.342
2023-12-25,-0.14329999999999998,-1.33,-0.9800000000000004,5.342
2023-12-26,-0.14329999999999998,-1.33,-0.9800000000000004,5.342
2023-12-27,-0.14369999999999994,-1.33,-0.9800000000000004,5.342
2023-12-28,-0.14329999999999998,-1.33,-0.9800000000000004,5.342
2023-12-29,-0.14310000000000045,-1.33,-0.9800000000000004,5.342
2023-12-30,-0.14310000000000045,-1.33,-0.9800000000000004,5.342
2023-12-31,-0.14310000000000045,-1.33,-0.9800000000000004,5.342
2024-01-01,-0.14310000000000045,-1.33,-0.9800000000000004,5.344
2024-01-02,-0.14369999999999994,-1.33,-0.9800000000000004,5.344
2024-01-03,-0.14369999999999994,-1.33,-0.9800000000000004,5.344
2024-01-04,-0.1429999999999998,-1.33,-0.9800000000000004,5.344
2024-01-05,-0.14310000000000045,-1.33,-0.9800000000000004,5.344
2024-01-06,-0.14310000000000045,-1.33,-0.9800000000000004,5.344
2024-01-07,-0.14310000000000045,-1.33,-0.9800000000000004,5.344
2024-01-08,-0.14310000000000045,-1.33,-0.9800000000000004,5.344
2024-01-09,-0.14329999999999998,-1.33,-0.9800000000000004,5.344
2024-01-10,-0.14280000000000026,-1.33,-0.9800000000000004,5.344
2024-01-11,-0.1424000000000003,-1.33,-0.9800000000000004,5.344
2024-01-12,-0.1416000000000004,-1.33,-0.9800000000000004,5.344
2024-01-13,-0.1416000000000004,-1.33,-0.9800000000000004,5.344
2024-01-14,-0.1416000000000004,-1.33,-0.9800000000000004,5.344
2024-01-15,-0.14259999999999984,-1.33,-0.9800000000000004,5.344
2024-01-16,-0.1424000000000003,-1.33,-0.9800000000000004,5.344
2024-01-17,-0.14200000000000035,-1.33,-0.9800000000000004,5.344
2024-01-18,-0.14170000000000016,-1.33,-0.9800000000000004,5.344
2024-01-19,-0.1424000000000003,-1.33,-0.9800000000000004,5.344
2024-01-20,-0.1424000000000003,-1.33,-0.9800000000000004,5.344
2024-01-21,-0.1424000000000003,-1.33,-0.9800000000000004,5.344
2024-01-22,-0.14210000000000012,-1.33,-0.9800000000000004,5.344
2024-01-23,-0.1427000000000005,-1.33,-0.9800000000000004,5.344
2024-01-24,-0.14250000000000007,-1.33,-0.9800000000000004,5.344
2024-01-25,-0.14179999999999993,-1.33,-0.9800000000000004,5.344
2024-01-26,-0.14179999999999993,-1.33,-0.9800000000000004,5.344
2024-01-27,-0.14179999999999993,-1.33,-0.9800000000000004,5.344
2024-01-28,-0.14179999999999993,-1.33,-0.9800000000000004,5.344
2024-01-29,-0.14210000000000012,-1.33,-0.9800000000000004,5.344
2024-01-30,-0.1416000000000004,-1.33,-0.9800000000000004,5.344
2024-01-31,-0.1418999999999997,-1.33,-0.9800000000000004,5.344
2024-02-01,-0.14219999999999988,-1.33,-0.9900000000000002,5.336
2024-02-02,-0.14149999999999974,-1.33,-0.9900000000000002,5.336
2024-02-03,-0.14149999999999974,-1.33,-0.9900000000000002,5.336
2024-02-04,-0.14149999999999974,-1.33,-0.9900000000000002,5.336
2024-02-05,-0.1416000000000004,-1.33,-0.9900000000000002,5.336
2024-02-06,-0.14060000000000006,-1.33,-0.9900000000000002,5.336
2024-02-07,-0.14100000000000001,-1.33,-0.9900000000000002,5.336
2024-02-08,-0.14200000000000035,-1.33,-0.9900000000000002,5.336
2024-02-09,-0.14149999999999974,-1.33,-0.9900000000000002,5.336
2024-02-10,-0.14149999999999974,-1.33,-0.9900000000000002,5.336
2024-02-11,-0.14149999999999974,-1.33,-0.9900000000000002,5.336
2024-02-12,-0.14179999999999993,-1.33,-0.9900000000000002,5.336
2024-02-13,-0.14120000000000044,-1.33,-0.9900000000000002,5.336
2024-02-14,-0.14120000000000044,-1.33,-0.9900000000000002,5.336
2024-02-15,-0.14149999999999974,-1.33,-0.9900000000000002,5.336
2024-02-16,-0.1418999999999997,-1.33,-0.9900000000000002,5.336
2024-02-17,-0.1418999999999997,-1.33,-0.9900000000000002,5.336
2024-02-18,-0.1418999999999997,-1.33,-0.9900000000000002,5.336
2024-02-19,-0.14259999999999984,-1.33,-0.9900000000000002,5.336
2024-02-20,-0.14210000000000012,-1.33,-0.9900000000000002,5.336
2024-02-21,-0.14200000000000035,-1.33,-0.9900000000000002,5.336
2024-02-22,-0.14120000000000044,-1.33,-0.9900000000000002,5.336
2024-02-23,-0.1418999999999997,-1.33,-0.9900000000000002,5.336
2024-02-24,-0.1418999999999997,-1.33,-0.9900000000000002,5.336
2024-02-25,-0.1418999999999997,-1.33,-0.9900000000000002,5.336
2024-02-26,-0.1418999999999997,-1.33,-0.9900000000000002,5.336
2024-02-27,-0.14229999999999965,-1.33,-0.9900000000000002,5.336
2024-02-28,-0.14179999999999993,-1.33,-0.9900000000000002,5.336
2024-02-29,-0.14149999999999974,-1.33,-0.9900000000000002,5.336
2024-03-01,-0.1413000000000002,-1.33,-0.9800000000000004,5.308
2024-03-02,-0.1413000000000002,-1.33,-0.9800000000000004,5.308
2024-03-03,-0.1413000000000002,-1.33,-0.9800000000000004,5.308
2024-03-04,-0.1416000000000004,-1.33,-0.9800000000000004,5.308
2024-03-05,-0.1413000000000002,-1.33,-0.9800000000000004,5.308
2024-03-06,-0.14170000000000016,-1.33,-0.9800000000000004,5.308
2024-03-07,-0.1416000000000004,-1.33,-0.9800000000000004,5.308
2024-03-08,-0.1418999999999997,-1.33,-0.9800000000000004,5.308
2024-03-09,-0.1418999999999997,-1.33,-0.9800000000000004,5.308
2024-03-10,-0.1418999999999997,-1.33,-0.9800000000000004,5.308
2024-03-11,-0.14200000000000035,-1.33,-0.9800000000000004,5.308
2024-03-12,-0.1413000000000002,-1.33,-0.9800000000000004,5.308
2024-03-13,-0.14109999999999978,-1.33,-0.9800000000000004,5.308
2024-03-14,-0.14120000000000044,-1.33,-0.9800000000000004,5.308
2024-03-15,-0.14060000000000006,-1.33,-0.9800000000000004,5.308
2024-03-16,-0.14060000000000006,-1.33,-0.9800000000000004,5.308
2024-03-17,-0.14060000000000006,-1.33,-0.9800000000000004,5.308
2024-03-18,-0.14139999999999997,-1.33,-0.9800000000000004,5.308
2024-03-19,-0.14060000000000006,-1.33,-0.9800000000000004,5.308
2024-03-20,-0.14080000000000048,-1.33,-0.9800000000000004,5.308
2024-03-21,-0.14060000000000006,-1.33,-0.9800000000000004,5.308
2024-03-22,-0.1394000000000002,-1.33,-0.9800000000000004,5.308
2024-03-23,-0.1394000000000002,-1.33,-0.9800000000000004,5.308
2024-03-24,-0.1394000000000002,-1.33,-0.9800000000000004,5.308
2024-03-25,-0.1402000000000001,-1.33,-0.9800000000000004,5.308
2024-03-26,-0.14039999999999964,-1.33,-0.9800000000000004,5.308
2024-03-27,-0.14010000000000034,-1.33,-0.9800000000000004,5.308
2024-03-28,-0.13890000000000047,-1.33,-0.9800000000000004,5.308
2024-03-29,-0.13890000000000047,-1.33,-0.9800000000000004,5.308
2024-03-30,-0.13890000000000047,-1.33,-0.9800000000000004,5.308
2024-03-31,-0.13890000000000047,-1.33,-0.9800000000000004,5.308
2024-04-01,-0.13890000000000047,-1.33,-0.96,5.253
2024-04-02,-0.1344000000000003,-1.33,-0.96,5.253
2024-04-03,-0.13480000000000025,-1.33,-0.96,5.253
2024-04-04,-0.13510000000000044,-1.33,-0.96,5.253
2024-04-05,-0.13510000000000044,-1.33,-0.96,5.253
2024-04-06,-0.13510000000000044,-1.33,-0.96,5.253
2024-04-07,-0.13510000000000044,-1.33,-0.96,5.253
2024-04-08,-0.13510000000000044,-1.33,-0.96,5.253
2024-04-09,-0.13239999999999963,-1.33,-0.96,5.253
2024-04-10,-0.1322000000000001,-1.33,-0.96,5.253
2024-04-11,-0.13199999999999967,-1.33,-0.96,5.253
2024-04-12,-0.13199999999999967,-1.33,-0.96,5.253
2024-04-13,-0.13199999999999967,-1.33,-0.96,5.253
2024-04-14,-0.13199999999999967,-1.33,-0.96,5.253
2024-04-15,-0.13159999999999972,-1.33,-0.96,5.253
2024-04-16,-0.13159999999999972,-1.33,-0.96,5.253
2024-04-17,-0.13159999999999972,-1.33,-0.96,5.253
2024-04-18,-0.13159999999999972,-1.33,-0.96,5.253
2024-04-19,-0.13159999999999972,-1.33,-0.96,5.253
2024-04-20,-0.13159999999999972,-1.33,-0.96,5.253
2024-04-21,-0.13159999999999972,-1.33,-0.96,5.253
2024-04-22,-0.13070000000000004,-1.33,-0.96,5.253
2024-04-23,-0.13030000000000008,-1.33,-0.96,5.253
2024-04-24,-0.13070000000000004,-1.33,-0.96,5.253
2024-04-25,-0.13020000000000032,-1.33,-0.96,5.253
2024-04-26,-0.13009999999999966,-1.33,-0.96,5.253
2024-04-27,-0.13009999999999966,-1.33,-0.96,5.253
2024-04-28,-0.13009999999999966,-1.33,-0.96,5.253
2024-04-29,-0.1299999999999999,-1.33,-0.96,5.253
2024-04-30,-0.13020000000000032,-1.33,-0.96,5.253
2024-05-01,-0.1299999999999999,-1.33,-0.9699999999999998,5.253
2024-05-02,-0.1299999999999999,-1.33,-0.9699999999999998,5.253
2024-05-03,-0.12990000000000013,-1.33,-0.9699999999999998,5.253
2024-05-04,-0.12990000000000013,-1.33,-0.9699999999999998,5.253
2024-05-05,-0.12990000000000013,-1.33,-0.9699999999999998,5.253
2024-05-06,-0.12990000000000013,-1.33,-0.9699999999999998,5.253
2024-05-07,-0.1299999999999999,-1.33,-0.9699999999999998,5.253
2024-05-08,-0.1299999999999999,-1.33,-0.9699999999999998,5.253
2024-05-09,-0.1299999999999999,-1.33,-0.9699999999999998,5.253
2024-05-10,-0.1299999999999999,-1.33,-0.9699999999999998,5.253
2024-05-11,-0.1299999999999999,-1.33,-0.9699999999999998,5.253
2024-05-12,-0.1299999999999999,-1.33,-0.9699999999999998,5.253
2024-05-13,-0.1299999999999999,-1.33,-0.9699999999999998,5.253
2024-05-14,-0.1299999999999999,-1.33,-0.9699999999999998,5.253
2024-05-15,-0.1299999999999999,-1.33,-0.9699999999999998,5.253
2024-05-16,-0.1299999999999999,-1.33,-0.9699999999999998,5.253
2024-05-17,-0.1299999999999999,-1.33,-0.9699999999999998,5.253
2024-05-18,-0.1299999999999999,-1.33,-0.9699999999999998,5.253
2024-05-19,-0.1299999999999999,-1.33,-0.9699999999999998,5.253
2024-05-20,-0.1299999999999999,-1.33,-0.9699999999999998,5.253
2024-05-21,-0.1299999999999999,-1.33,-0.9699999999999998,5.253
2024-05-22,-0.1299999999999999,-1.33,-0.9699999999999998,5.253
2024-05-23,-0.1299999999999999,-1.33,-0.9699999999999998,5.253
2024-05-24,-0.1299999999999999,-1.33,-0.9699999999999998,5.253
2024-05-25,-0.1299999999999999,-1.33,-0.9699999999999998,5.253
2024-05-26,-0.1299999999999999,-1.33,-0.9699999999999998,5.253
2024-05-27,-0.1299999999999999,-1.33,-0.9699999999999998,5.253
2024-05-28,-0.1299999999999999,-1.33,-0.9699999999999998,5.253
2024-05-29,-0.1299999999999999,-1.33,-0.9699999999999998,5.253
2024-05-30,-0.1299999999999999,-1.33,-0.9699999999999998,5.253
2024-05-31,-0.1299999999999999,-1.33,-0.9699999999999998,5.253
2024-06-01,-0.1299999999999999,-1.33,-0.9400000000000004,5.253
2024-06-02,-0.1299999999999999,-1.33,-0.9400000000000004,5.253
2024-06-03,-0.1299999999999999,-1.33,-0.9400000000000004,5.253
2024-06-04,-0.1299999999999999,-1.33,-0.9400000000000004,5.253
2024-06-05,-0.1299999999999999,-1.33,-0.9400000000000004,5.253
2024-06-06,-0.1299999999999999,-1.33,-0.9400000000000004,5.253
2024-06-07,-0.1299999999999999,-1.33,-0.9400000000000004,5.253
2024-06-08,-0.1299999999999999,-1.33,-0.9400000000000004,5.253
2024-06-09,-0.1299999999999999,-1.33,-0.9400000000000004,5.253
2024-06-10,-0.1299999999999999,-1.33,-0.9400000000000004,5.253
2024-06-11,-0.1299999999999999,-1.33,-0.9400000000000004,5.253
2024-06-12,-0.1299999999999999,-1.58,-0.9400000000000004,5.253
2024-06-13,-0.1299999999999999,-1.58,-0.9400000000000004,5.253
2024-06-14,-0.1299999999999999,-1.58,-0.9400000000000004,5.253
2024-06-15,-0.1299999999999999,-1.58,-0.9400000000000004,5.253
2024-06-16,-0.1299999999999999,-1.58,-0.9400000000000004,5.253
2024-06-17,-0.1299999999999999,-1.58,-0.9400000000000004,5.253
2024-06-18,-0.1299999999999999,-1.58,-0.9400000000000004,5.253
2024-06-19,-0.1299999999999999,-1.58,-0.9400000000000004,5.253
2024-06-20,-0.1299999999999999,-1.58,-0.9400000000000004,5.253
2024-06-21,-0.1299999999999999,-1.58,-0.9400000000000004,5.253
2024-06-22,-0.1299999999999999,-1.58,-0.9400000000000004,5.253
2024-06-23,-0.1299999999999999,-1.58,-0.9400000000000004,5.253
2024-06-24,-0.1299999999999999,-1.58,-0.9400000000000004,5.253
2024-06-25,-0.1299999999999999,-1.58,-0.9400000000000004,5.253
2024-06-26,-0.1299999999999999,-1.58,-0.9400000000000004,5.253
2024-06-27,-0.1299999999999999,-1.58,-0.9400000000000004,5.253
2024-06-28,-0.1299999999999999,-1.58,-0.9400000000000004,5.253
2024-06-29,-0.1299999999999999,-1.58,-0.9400000000000004,5.253
2024-06-30,-0.1299999999999999,-1.58,-0.9400000000000004,5.253
2024-07-01,-0.1299999999999999,-1.58,-0.8700000000000001,5.252
2024-07-02,-0.1299999999999999,-1.58,-0.8700000000000001,5.252
2024-07-03,-0.1299999999999999,-1.58,-0.8700000000000001,5.252
2024-07-04,-0.1299999999999999,-1.58,-0.8700000000000001,5.252
2024-07-05,-0.1299999999999999,-1.58,-0.8700000000000001,5.252
2024-07-06,-0.1299999999999999,-1.58,-0.8700000000000001,5.252
2024-07-07,-0.1299999999999999,-1.58,-0.8700000000000001,5.252
2024-07-08,-0.1299999999999999,-1.58,-0.8700000000000001,5.252
2024-07-09,-0.1299999999999999,-1.58,-0.8700000000000001,5.252
2024-07-10,-0.1299999999999999,-1.58,-0.8700000000000001,5.252
2024-07-11,-0.1299999999999999,-1.58,-0.8700000000000001,5.252
2024-07-12,-0.1299999999999999,-1.58,-0.8700000000000001,5.252
2024-07-13,-0.1299999999999999,-1.58,-0.8700000000000001,5.252
2024-07-14,-0.1299999999999999,-1.58,-0.8700000000000001,5.252
2024-07-15,-0.1299999999999999,-1.58,-0.8700000000000001,5.252
2024-07-16,-0.1299999999999999,-1.58,-0.8700000000000001,5.252
2024-07-17,-0.1299999999999999,-1.58,-0.8700000000000001,5.252
2024-07-18,-0.1299999999999999,-1.58,-0.8700000000000001,5.252
2024-07-19,-0.1299999999999999,-1.58,-0.8700000000000001,5.252
2024-07-20,-0.1299999999999999,-1.58,-0.8700000000000001,5.252
2024-07-21,-0.1299999999999999,-1.58,-0.8700000000000001,5.252
2024-07-22,-0.1299999999999999,-1.58,-0.8700000000000001,5.252
2024-07-23,-0.1299999999999999,-1.58,-0.8700000000000001,5.252
2024-07-24,-0.1299999999999999,-1.58,-0.8700000000000001,5.252
2024-07-25,-0.1299999999999999,-1.58,-0.8700000000000001,5.252
2024-07-26,-0.1299999999999999,-1.58,-0.8700000000000001,5.252
2024-07-27,-0.1299999999999999,-1.58,-0.8700000000000001,5.252
2024-07-28,-0.1299999999999999,-1.58,-0.8700000000000001,5.252
2024-07-29,-0.1299999999999999,-1.58,-0.8700000000000001,5.252
2024-07-30,-0.1299999999999999,-1.58,-0.8700000000000001,5.252
2024-07-31,-0.1299999999999999,-1.58,-0.8700000000000001,5.252
2024-08-01,-0.3799999999999999,-1.58,-0.9500000000000002,5.103
2024-08-02,-0.3799999999999999,-1.58,-0.9500000000000002,5.103
2024-08-03,-0.3799999999999999,-1.58,-0.9500000000000002,5.103
2024-08-04,-0.3799999999999999,-1.58,-0.9500000000000002,5.103
2024-08-05,-0.3799999999999999,-1.58,-0.9500000000000002,5.103
2024-08-06,-0.3799999999999999,-1.58,-0.9500000000000002,5.103
2024-08-07,-0.3799999999999999,-1.58,-0.9500000000000002,5.103
2024-08-08,-0.3799999999999999,-1.58,-0.9500000000000002,5.103
2024-08-09,-0.3799999999999999,-1.58,-0.9500000000000002,5.103
2024-08-10,-0.3799999999999999,-1.58,-0.9500000000000002,5.103
2024-08-11,-0.3799999999999999,-1.58,-0.9500000000000002,5.103
2024-08-12,-0.3799999999999999,-1.58,-0.9500000000000002,5.103
2024-08-13,-0.3799999999999999,-1.58,-0.9500000000000002,5.103
2024-08-14,-0.3799999999999999,-1.58,-0.9500000000000002,5.103
2024-08-15,-0.3799999999999999,-1.58,-0.9500000000000002,5.103
2024-08-16,-0.3799999999999999,-1.58,-0.9500000000000002,5.103
2024-08-17,-0.3799999999999999,-1.58,-0.9500000000000002,5.103
2024-08-18,-0.3799999999999999,-1.58,-0.9500000000000002,5.103
2024-08-19,-0.3799999999999999,-1.58,-0.9500000000000002,5.103
2024-08-20,-0.3799999999999999,-1.58,-0.9500000000000002,5.103
2024-08-21,-0.3799999999999999,-1.58,-0.9500000000000002,5.103
2024-08-22,-0.3799999999999999,-1.58,-0.9500000000000002,5.103
2024-08-23,-0.3799999999999999,-1.58,-0.9500000000000002,5.103
2024-08-24,-0.3799999999999999,-1.58,-0.9500000000000002,5.103
2024-08-25,-0.3799999999999999,-1.58,-0.9500000000000002,5.103
2024-08-26,-0.3799999999999999,-1.58,-0.9500000000000002,5.103
2024-08-27,-0.3799999999999999,-1.58,-0.9500000000000002,5.103
2024-08-28,-0.3799999999999999,-1.58,-0.9500000000000002,5.103
2024-08-29,-0.3799999999999999,-1.58,-0.9500000000000002,5.103
2024-08-30,-0.3799999999999999,-1.58,-0.9500000000000002,5.103
2024-08-31,-0.3799999999999999,-1.58,-0.9500000000000002,5.103
2024-09-01,-0.3799999999999999,-1.58,-0.9100000000000001,5.103
2024-09-02,-0.3799999999999999,-1.58,-0.9100000000000001,5.103
2024-09-03,-0.3799999999999999,-1.58,-0.9100000000000001,5.103
2024-09-04,-0.3799999999999999,-1.58,-0.9100000000000001,5.103
2024-09-05,-0.3799999999999999,-1.58,-0.9100000000000001,5.103
2024-09-06,-0.3799999999999999,-1.58,-0.9100000000000001,5.103
2024-09-07,-0.3799999999999999,-1.58,-0.9100000000000001,5.103
2024-09-08,-0.3799999999999999,-1.58,-0.9100000000000001,5.103
2024-09-09,-0.3799999999999999,-1.58,-0.9100000000000001,5.103
2024-09-10,-0.3799999999999999,-1.58,-0.9100000000000001,5.103
2024-09-11,-0.3799999999999999,-1.58,-0.9100000000000001,5.103
2024-09-12,-0.3799999999999999,-1.58,-0.9100000000000001,5.103
2024-09-13,-0.3799999999999999,-1.58,-0.9100000000000001,5.103
2024-09-14,-0.3799999999999999,-1.58,-0.9100000000000001,5.103
2024-09-15,-0.3799999999999999,-1.58,-0.9100000000000001,5.103
2024-09-16,-0.3799999999999999,-1.58,-0.9100000000000001,5.103
2024-09-17,-0.3799999999999999,-1.58,-0.9100000000000001,5.103
2024-09-18,-0.3799999999999999,-1.83,-0.9100000000000001,5.103
2024-09-19,0.1200000000000001,-1.33,-0.41000000000000014,4.603
2024-09-20,0.1200000000000001,-1.33,-0.41000000000000014,4.603
2024-09-21,0.1200000000000001,-1.33,-0.41000000000000014,4.603
2024-09-22,0.1200000000000001,-1.33,-0.41000000000000014,4.603
2024-09-23,0.1200000000000001,-1.33,-0.41000000000000014,4.603
2024-09-24,0.1200000000000001,-1.33,-0.41000000000000014,4.603
2024-09-25,0.1200000000000001,-1.33,-0.41000000000000014,4.603
2024-09-26,0.1200000000000001,-1.33,-0.41000000000000014,4.603
2024-09-27,0.1200000000000001,-1.33,-0.41000000000000014,4.603
2024-09-28,0.1200000000000001,-1.33,-0.41000000000000014,4.603
2024-09-29,0.1200000000000001,-1.33,-0.41000000000000014,4.603
2024-09-30,0.1200000000000001,-1.33,-0.41000000000000014,4.603
2024-10-01,0.1200000000000001,-1.33,-0.41999999999999993,4.603
2024-10-02,0.1200000000000001,-1.33,-0.41999999999999993,4.603
2024-10-03,0.1200000000000001,-1.33,-0.41999999999999993,4.603
2024-10-04,0.1200000000000001,-1.33,-0.41999999999999993,4.603
2024-10-05,0.1200000000000001,-1.33,-0.41999999999999993,4.603
2024-10-06,0.1200000000000001,-1.33,-0.41999999999999993,4.603
2024-10-07,0.1200000000000001,-1.33,-0.41999999999999993,4.603
2024-10-08,0.1200000000000001,-1.33,-0.41999999999999993,4.603
2024-10-09,0.1200000000000001,-1.33,-0.41999999999999993,4.603
2024-10-10,0.1200000000000001,-1.33,-0.41999999999999993,4.603
2024-10-11,0.1200000000000001,-1.33,-0.41999999999999993,4.603
2024-10-12,0.1200000000000001,-1.33,-0.41999999999999993,4.603
2024-10-13,0.1200000000000001,-1.33,-0.41999999999999993,4.603
2024-10-14,0.1200000000000001,-1.33,-0.41999999999999993,4.603
2024-10-15,0.1200000000000001,-1.33,-0.41999999999999993,4.603
2024-10-16,0.1200000000000001,-1.33,-0.41999999999999993,4.603
2024-10-17,0.1200000000000001,-1.33,-0.41999999999999993,4.603
2024-10-18,0.1200000000000001,-1.33,-0.41999999999999993,4.603
2024-10-19,0.1200000000000001,-1.33,-0.41999999999999993,4.603
2024-10-20,0.1200000000000001,-1.33,-0.41999999999999993,4.603
2024-10-21,0.1200000000000001,-1.33,-0.41999999999999993,4.603
2024-10-22,0.1200000000000001,-1.33,-0.41999999999999993,4.603
2024-10-23,0.1200000000000001,-1.58,-0.41999999999999993,4.603
2024-10-24,0.1200000000000001,-1.58,-0.41999999999999993,4.603
2024-10-25,0.1200000000000001,-1.58,-0.41999999999999993,4.603
2024-10-26,0.1200000000000001,-1.58,-0.41999999999999993,4.603
2024-10-27,0.1200000000000001,-1.58,-0.41999999999999993,4.603
2024-10-28,0.1200000000000001,-1.58,-0.41999999999999993,4.603
2024-10-29,0.1200000000000001,-1.58,-0.41999999999999993,4.603
2024-10-30,0.1200000000000001,-1.58,-0.41999999999999993,4.603
2024-10-31,0.1200000000000001,-1.58,-0.41999999999999993,4.603
2024-11-01,0.1200000000000001,-1.58,-0.41000000000000014,4.603
2024-11-02,0.1200000000000001,-1.58,-0.41000000000000014,4.603
2024-11-03,0.1200000000000001,-1.58,-0.41000000000000014,4.603
2024-11-04,0.1200000000000001,-1.58,-0.41000000000000014,4.603
2024-11-05,0.1200000000000001,-1.58,-0.41000000000000014,4.603
2024-11-06,0.1200000000000001,-1.58,-0.41000000000000014,4.603
2024-11-07,-0.1299999999999999,-1.58,-0.41000000000000014,4.603
2024-11-08,0.1200000000000001,-1.33,-0.16000000000000014,4.353
2024-11-09,0.1200000000000001,-1.33,-0.16000000000000014,4.353
2024-11-10,0.1200000000000001,-1.33,-0.16000000000000014,4.353
2024-11-11,0.1200000000000001,-1.33,-0.16000000000000014,4.353
2024-11-12,0.1200000000000001,-1.33,-0.16000000000000014,4.353
2024-11-13,0.1200000000000001,-1.33,-0.16000000000000014,4.353
2024-11-14,0.1200000000000001,-1.33,-0.16000000000000014,4.353
2024-11-15,0.1200000000000001,-1.33,-0.16000000000000014,4.353
2024-11-16,0.1200000000000001,-1.33,-0.16000000000000014,4.353
2024-11-17,0.1200000000000001,-1.33,-0.16000000000000014,4.353
2024-11-18,0.1200000000000001,-1.33,-0.16000000000000014,4.353
2024-11-19,0.1200000000000001,-1.33,-0.16000000000000014,4.353
2024-11-20,0.1200000000000001,-1.33,-0.16000000000000014,4.353
2024-11-21,0.1200000000000001,-1.33,-0.16000000000000014,4.353
2024-11-22,0.1200000000000001,-1.33,-0.16000000000000014,4.353
2024-11-23,0.1200000000000001,-1.33,-0.16000000000000014,4.353
2024-11-24,0.1200000000000001,-1.33,-0.16000000000000014,4.353
2024-11-25,0.1200000000000001,-1.33,-0.16000000000000014,4.353
2024-11-26,0.1200000000000001,-1.33,-0.16000000000000014,4.353
2024-11-27,0.1200000000000001,-1.33,-0.16000000000000014,4.353
2024-11-28,0.1200000000000001,-1.33,-0.16000000000000014,4.353
2024-11-29,0.1200000000000001,-1.33,-0.16000000000000014,4.353
2024-11-30,0.1200000000000001,-1.33,-0.16000000000000014,4.353
2024-12-01,0.1200000000000001,-1.33,-0.13999999999999968,4.353
2024-12-02,0.1200000000000001,-1.33,-0.13999999999999968,4.353
2024-12-03,0.1200000000000001,-1.33,-0.13999999999999968,4.353
2024-12-04,0.1200000000000001,-1.33,-0.13999999999999968,4.353
2024-12-05,0.1200000000000001,-1.33,-0.13999999999999968,4.353
2024-12-06,0.1200000000000001,-1.33,-0.13999999999999968,4.353
2024-12-07,0.1200000000000001,-1.33,-0.13999999999999968,4.353
2024-12-08,0.1200000000000001,-1.33,-0.13999999999999968,4.353
2024-12-09,0.1200000000000001,-1.33,-0.13999999999999968,4.353
2024-12-10,0.1200000000000001,-1.33,-0.13999999999999968,4.353
2024-12-11,0.1200000000000001,-1.33,-0.13999999999999968,4.353
2024-12-12,0.1200000000000001,-1.33,-0.13999999999999968,4.353
2024-12-13,0.1200000000000001,-1.33,-0.13999999999999968,4.353
2024-12-14,0.1200000000000001,-1.33,-0.13999999999999968,4.353
2024-12-15,0.1200000000000001,-1.33,-0.13999999999999968,4.353
2024-12-16,0.1200000000000001,-1.33,-0.13999999999999968,4.353
2024-12-17,0.1200000000000001,-1.33,-0.13999999999999968,4.353
2024-12-18,0.1200000000000001,-1.58,-0.13999999999999968,4.353
2024-12-19,0.3700000000000001,-1.33,0.11000000000000032,4.103
2024-12-20,0.3700000000000001,-1.33,0.11000000000000032,4.103
2024-12-21,0.3700000000000001,-1.33,0.11000000000000032,4.103
2024-12-22,0.3700000000000001,-1.33,0.11000000000000032,4.103
2024-12-23,0.3700000000000001,-1.33,0.11000000000000032,4.103
2024-12-24,0.3700000000000001,-1.33,0.11000000000000032,4.103
2024-12-25,0.3700000000000001,-1.33,0.11000000000000032,4.103
2024-12-26,0.3700000000000001,-1.33,0.11000000000000032,4.103
2024-12-27,0.3700000000000001,-1.33,0.11000000000000032,4.103
2024-12-28,0.3700000000000001,-1.33,0.11000000000000032,4.103
2024-12-29,0.3700000000000001,-1.33,0.11000000000000032,4.103
2024-12-30,0.3700000000000001,-1.33,0.11000000000000032,4.103
2024-12-31,0.3703000000000003,-1.33,0.11000000000000032,4.103
2025-01-01,0.3703000000000003,-1.33,0.0,4.037
2025-01-02,0.3700000000000001,-1.33,0.0,4.037
2025-01-03,0.3700000000000001,-1.33,0.0,4.037
2025-01-04,0.3700000000000001,-1.33,0.0,4.037
2025-01-05,0.3700000000000001,-1.33,0.0,4.037
2025-01-06,0.3700000000000001,-1.33,0.0,4.037
2025-01-07,0.3700000000000001,-1.33,0.0,4.037
2025-01-08,0.3700000000000001,-1.33,0.0,4.037
2025-01-09,0.3700000000000001,-1.33,0.0,4.037
2025-01-10,0.3700000000000001,-1.33,0.0,4.037
2025-01-11,0.3700000000000001,-1.33,0.0,4.037
2025-01-12,0.3700000000000001,-1.33,0.0,4.037
2025-01-13,0.3700000000000001,-1.33,0.0,4.037
2025-01-14,0.3700000000000001,-1.33,0.0,4.037
2025-01-15,0.3700999999999999,-1.33,0.0,4.037
2025-01-16,0.3700000000000001,-1.33,0.0,4.037
2025-01-17,0.3700000000000001,-1.33,0.0,4.037
2025-01-18,0.3700000000000001,-1.33,0.0,4.037
2025-01-19,0.3700000000000001,-1.33,0.0,4.037
2025-01-20,0.3700000000000001,-1.33,0.0,4.037
2025-01-21,0.3700000000000001,-1.33,0.0,4.037
2025-01-22,0.3700000000000001,-1.33,0.0,4.037
2025-01-23,0.3700999999999999,-1.33,0.0,4.037
2025-01-24,0.3700000000000001,-1.33,0.0,4.037
2025-01-25,0.3700000000000001,-1.33,0.0,4.037
2025-01-26,0.3700000000000001,-1.33,0.0,4.037
2025-01-27,0.3700000000000001,-1.33,0.0,4.037
2025-01-28,0.3700000000000001,-1.33,0.0,4.037
2025-01-29,0.3705999999999996,-1.33,0.0,4.037
2025-01-30,0.3708,-1.33,0.0,4.037
2025-01-31,0.37370000000000037,-1.33,0.0,4.037
2025-02-01,0.37370000000000037,-1.33,-0.16000000000000014,3.8520000000000003
2025-02-02,0.37370000000000037,-1.33,-0.16000000000000014,3.8520000000000003
2025-02-03,0.3742000000000001,-1.33,-0.16000000000000014,3.8520000000000003
2025-02-04,0.37490000000000023,-1.33,-0.16000000000000014,3.8520000000000003
2025-02-05,0.3745000000000003,-1.58,-0.16000000000000014,3.8520000000000003
2025-02-06,0.12439999999999962,-1.58,-0.16000000000000014,3.8520000000000003
2025-02-07,0.12399999999999967,-1.58,-0.16000000000000014,3.8520000000000003
2025-02-08,0.12399999999999967,-1.58,-0.16000000000000014,3.8520000000000003
2025-02-09,0.12399999999999967,-1.58,-0.16000000000000014,3.8520000000000003
2025-02-10,0.12399999999999967,-1.58,-0.16000000000000014,3.8520000000000003
2025-02-11,0.12410000000000032,-1.58,-0.16000000000000014,3.8520000000000003
2025-02-12,0.1238999999999999,-1.58,-0.16000000000000014,3.8520000000000003
2025-02-13,0.12439999999999962,-1.58,-0.16000000000000014,3.8520000000000003
2025-02-14,0.12429999999999986,-1.58,-0.16000000000000014,3.8520000000000003
2025-02-15,0.12429999999999986,-1.58,-0.16000000000000014,3.8520000000000003
2025-02-16,0.12429999999999986,-1.58,-0.16000000000000014,3.8520000000000003
2025-02-17,0.12410000000000032,-1.58,-0.16000000000000014,3.8520000000000003
2025-02-18,0.12420000000000009,-1.58,-0.16000000000000014,3.8520000000000003
2025-02-19,0.12429999999999986,-1.58,-0.16000000000000014,3.8520000000000003
2025-02-20,0.12429999999999986,-1.58,-0.16000000000000014,3.8520000000000003
2025-02-21,0.12490000000000023,-1.58,-0.16000000000000014,3.8520000000000003
2025-02-22,0.12490000000000023,-1.58,-0.16000000000000014,3.8520000000000003
2025-02-23,0.12490000000000023,-1.58,-0.16000000000000014,3.8520000000000003
2025-02-24,0.12450000000000028,-1.58,-0.16000000000000014,3.8520000000000003
2025-02-25,0.12469999999999981,-1.58,-0.16000000000000014,3.8520000000000003
2025-02-26,0.12469999999999981,-1.58,-0.16000000000000014,3.8520000000000003
2025-02-27,0.12469999999999981,-1.58,-0.16000000000000014,3.8520000000000003
2025-02-28,0.12519999999999953,-1.58,-0.16000000000000014,3.8520000000000003
2025-03-01,0.12519999999999953,-1.58,-0.20999999999999996,3.853
2025-03-02,0.12519999999999953,-1.58,-0.20999999999999996,3.853
2025-03-03,0.125,-1.58,-0.20999999999999996,3.853
2025-03-04,0.12509999999999977,-1.58,-0.20999999999999996,3.853
2025-03-05,0.125,-1.58,-0.20999999999999996,3.853
2025-03-06,0.12570000000000014,-1.58,-0.20999999999999996,3.853
2025-03-07,0.12479999999999958,-1.58,-0.20999999999999996,3.853
2025-03-08,0.12479999999999958,-1.58,-0.20999999999999996,3.853
2025-03-09,0.12479999999999958,-1.58,-0.20999999999999996,3.853
2025-03-10,0.12469999999999981,-1.58,-0.20999999999999996,3.853
2025-03-11,0.12460000000000004,-1.58,-0.20999999999999996,3.853
2025-03-12,0.12450000000000028,-1.83,-0.20999999999999996,3.853
2025-03-13,0.125,-1.83,-0.20999999999999996,3.853
2025-03-14,0.12490000000000023,-1.83,-0.20999999999999996,3.853
2025-03-15,0.12490000000000023,-1.83,-0.20999999999999996,3.853
2025-03-16,0.12490000000000023,-1.83,-0.20999999999999996,3.853
2025-03-17,0.12439999999999962,-1.83,-0.20999999999999996,3.853
2025-03-18,0.12479999999999958,-1.83,-0.20999999999999996,3.853
2025-03-19,0.1257999999999999,-1.83,-0.20999999999999996,3.853
2025-03-20,0.12619999999999987,-1.83,-0.20999999999999996,3.853
2025-03-21,0.12629999999999963,-1.83,-0.20999999999999996,3.853
2025-03-22,0.12629999999999963,-1.83,-0.20999999999999996,3.853
2025-03-23,0.12629999999999963,-1.83,-0.20999999999999996,3.853
2025-03-24,0.12699999999999978,-1.83,-0.20999999999999996,3.853
2025-03-25,0.12680000000000025,-1.83,-0.20999999999999996,3.853
2025-03-26,0.1272000000000002,-1.83,-0.20999999999999996,3.853
2025-03-27,0.1255999999999995,-1.83,-0.20999999999999996,3.853
2025-03-28,0.1257999999999999,-1.83,-0.20999999999999996,3.853
2025-03-29,0.1257999999999999,-1.83,-0.20999999999999996,3.853
2025-03-30,0.1257999999999999,-1.83,-0.20999999999999996,3.853
2025-03-31,0.12539999999999996,-1.83,-0.20999999999999996,3.853
2025-04-01,0.12549999999999972,-1.83,-0.3100000000000005,3.853
2025-04-02,0.12490000000000023,-1.83,-0.3100000000000005,3.853
2025-04-03,0.1253000000000002,-1.83,-0.3100000000000005,3.853
2025-04-04,0.12539999999999996,-1.83,-0.3100000000000005,3.853
2025-04-05,0.12539999999999996,-1.83,-0.3100000000000005,3.853
2025-04-06,0.12539999999999996,-1.83,-0.3100000000000005,3.853
2025-04-07,0.1261000000000001,-1.83,-0.3100000000000005,3.853
2025-04-08,0.12650000000000006,-1.83,-0.3100000000000005,3.853
2025-04-09,0.12650000000000006,-1.83,-0.3100000000000005,3.853
2025-04-10,0.12790000000000035,-1.83,-0.3100000000000005,3.853
2025-04-11,0.12840000000000007,-1.83,-0.3100000000000005,3.853
2025-04-12,0.12840000000000007,-1.83,-0.3100000000000005,3.853
2025-04-13,0.12840000000000007,-1.83,-0.3100000000000005,3.853
2025-04-14,0.12819999999999965,-1.83,-0.3100000000000005,3.853
2025-04-15,0.12849999999999984,-1.83,-0.3100000000000005,3.853
2025-04-16,0.12849999999999984,-1.83,-0.3100000000000005,3.853
2025-04-17,0.12899999999999956,-1.83,-0.3100000000000005,3.853
2025-04-18,0.12899999999999956,-1.83,-0.3100000000000005,3.853
2025-04-19,0.12899999999999956,-1.83,-0.3100000000000005,3.853
2025-04-20,0.12899999999999956,-1.83,-0.3100000000000005,3.853
2025-04-21,0.12899999999999956,-1.83,-0.3100000000000005,3.853
2025-04-22,0.12929999999999975,-1.83,-0.3100000000000005,3.853
2025-04-23,0.12899999999999956,-2.08,-0.3100000000000005,3.853
2025-04-24,0.12919999999999998,-2.08,-0.3100000000000005,3.853
2025-04-25,0.12910000000000021,-2.08,-0.3100000000000005,3.853
2025-04-26,0.12910000000000021,-2.08,-0.3100000000000005,3.853
2025-04-27,0.12910000000000021,-2.08,-0.3100000000000005,3.853
2025-04-28,0.12899999999999956,-2.08,-0.3100000000000005,3.853
2025-04-29,0.12919999999999998,-2.08,-0.3100000000000005,3.853
2025-04-30,0.12919999999999998,-2.08,-0.3100000000000005,3.853
2025-05-01,0.1285999999999996,-2.08,-0.5500000000000003,3.853
2025-05-02,0.12939999999999952,-2.08,-0.5500000000000003,3.853
2025-05-03,0.12939999999999952,-2.08,-0.5500000000000003,3.853
2025-05-04,0.12939999999999952,-2.08,-0.5500000000000003,3.853
2025-05-05,0.12939999999999952,-2.08,-0.5500000000000003,3.853
2025-05-06,0.12899999999999956,-2.08,-0.5500000000000003,3.853
2025-05-07,0.13009999999999966,-2.08,-0.5500000000000003,3.853
2025-05-08,-0.1200000000000001,-2.08,-0.5500000000000003,3.853
2025-05-09,-0.11969999999999992,-2.08,-0.5500000000000003,3.853
2025-05-10,-0.11969999999999992,-2.08,-0.5500000000000003,3.853
2025-05-11,-0.11969999999999992,-2.08,-0.5500000000000003,3.853
2025-05-12,-0.1200000000000001,-2.08,-0.5500000000000003,3.853
2025-05-13,-0.11939999999999973,-2.08,-0.5500000000000003,3.853
2025-05-14,-0.1192000000000002,-2.08,-0.5500000000000003,3.853
2025-05-15,-0.1189,-2.08,-0.5500000000000003,3.853
2025-05-16,-0.11939999999999973,-2.08,-0.5500000000000003,3.853
2025-05-17,-0.11939999999999973,-2.08,-0.5500000000000003,3.853
2025-05-18,-0.11939999999999973,-2.08,-0.5500000000000003,3.853
2025-05-19,-0.11910000000000043,-2.08,-0.5500000000000003,3.853
2025-05-20,-0.1192000000000002,-2.08,-0.5500000000000003,3.853
2025-05-21,-0.11850000000000005,-2.08,-0.5500000000000003,3.853
2025-05-22,-0.11859999999999982,-2.08,-0.5500000000000003,3.853
2025-05-23,-0.1192000000000002,-2.08,-0.5500000000000003,3.853
2025-05-24,-0.1192000000000002,-2.08,-0.5500000000000003,3.853
2025-05-25,-0.1192000000000002,-2.08,-0.5500000000000003,3.853
2025-05-26,-0.1192000000000002,-2.08,-0.5500000000000003,3.853
2025-05-27,-0.11929999999999996,-2.08,-0.5500000000000003,3.853
2025-05-28,-0.11960000000000015,-2.08,-0.5500000000000003,3.853
2025-05-29,-0.11929999999999996,-2.08,-0.5500000000000003,3.853
2025-05-30,-0.1189,-2.08,-0.5500000000000003,3.853
2025-05-31,-0.1189,-2.08,-0.5500000000000003,3.853
2025-06-01,-0.1189,-2.08,-0.6400000000000001,3.853
2025-06-02,-0.11880000000000024,-2.08,-0.6400000000000001,3.853
2025-06-03,-0.11880000000000024,-2.08,-0.6400000000000001,3.853
2025-06-04,-0.1189,-2.08,-0.6400000000000001,3.853
2025-06-05,-0.1181000000000001,-2.08,-0.6400000000000001,3.853
2025-06-06,-0.11819999999999986,-2.08,-0.6400000000000001,3.853
2025-06-07,-0.11819999999999986,-2.08,-0.6400000000000001,3.853
2025-06-08,-0.11819999999999986,-2.08,-0.6400000000000001,3.853
2025-06-09,-0.11720000000000041,-2.08,-0.6400000000000001,3.853
2025-06-10,-0.11739999999999995,-2.08,-0.6400000000000001,3.853
2025-06-11,-0.11709999999999976,-2.33,-0.6400000000000001,3.853
2025-06-12,-0.11739999999999995,-2.33,-0.6400000000000001,3.853
2025-06-13,-0.11730000000000018,-2.33,-0.6400000000000001,3.853
2025-06-14,-0.11730000000000018,-2.33,-0.6400000000000001,3.853
2025-06-15,-0.11730000000000018,-2.33,-0.6400000000000001,3.853
2025-06-16,-0.11519999999999975,-2.33,-0.6400000000000001,3.853
2025-06-17,-0.11399999999999988,-2.33,-0.6400000000000001,3.853
2025-06-18,-0.11369999999999969,-2.33,-0.6400000000000001,3.853
2025-06-19,-0.1131000000000002,-2.33,-0.6400000000000001,3.853
2025-06-20,-0.11359999999999992,-2.33,-0.6400000000000001,3.853
2025-06-21,-0.11359999999999992,-2.33,-0.6400000000000001,3.853
2025-06-22,-0.11359999999999992,-2.33,-0.6400000000000001,3.853
2025-06-23,-0.11340000000000039,-2.33,-0.6400000000000001,3.853
2025-06-24,-0.11300000000000043,-2.33,-0.6400000000000001,3.853
2025-06-25,-0.11280000000000001,-2.33,-0.6400000000000001,3.853
2025-06-26,-0.11300000000000043,-2.33,-0.6400000000000001,3.853
2025-06-27,-0.11280000000000001,-2.33,-0.6400000000000001,3.853
2025-06-28,-0.11280000000000001,-2.33,-0.6400000000000001,3.853
2025-06-29,-0.11280000000000001,-2.33,-0.6400000000000001,3.853
2025-06-30,-0.11289999999999978,-2.33,-0.6400000000000001,3.853
2025-07-01,-0.11240000000000006,-2.33,-0.6499999999999999,3.8520000000000003
2025-07-02,-0.11289999999999978,-2.33,-0.6499999999999999,3.8520000000000003
2025-07-03,-0.11270000000000024,-2.33,-0.6499999999999999,3.8520000000000003
2025-07-04,-0.11270000000000024,-2.33,-0.6499999999999999,3.8520000000000003
2025-07-05,-0.11270000000000024,-2.33,-0.6499999999999999,3.8520000000000003
2025-07-06,-0.11270000000000024,-2.33,-0.6499999999999999,3.8520000000000003
2025-07-07,-0.11300000000000043,-2.33,-0.6499999999999999,3.8520000000000003
2025-07-08,-0.11300000000000043,-2.33,-0.6499999999999999,3.8520000000000003
2025-07-09,-0.1131000000000002,-2.33,-0.6499999999999999,3.8520000000000003
2025-07-10,-0.11249999999999982,-2.33,-0.6499999999999999,3.8520000000000003
2025-07-11,-0.11280000000000001,-2.33,-0.6499999999999999,3.8520000000000003
2025-07-12,-0.11280000000000001,-2.33,-0.6499999999999999,3.8520000000000003
2025-07-13,-0.11280000000000001,-2.33,-0.6499999999999999,3.8520000000000003
2025-07-14,-0.11289999999999978,-2.33,-0.6499999999999999,3.8520000000000003
2025-07-15,-0.11280000000000001,-2.33,-0.6499999999999999,3.8520000000000003
2025-07-16,-0.11300000000000043,-2.33,-0.6499999999999999,3.8520000000000003
2025-07-17,-0.11249999999999982,-2.33,-0.6499999999999999,3.8520000000000003
2025-07-18,-0.11260000000000048,-2.33,-0.6499999999999999,3.8520000000000003
2025-07-19,-0.11260000000000048,-2.33,-0.6499999999999999,3.8520000000000003
2025-07-20,-0.11260000000000048,-2.33,-0.6499999999999999,3.8520000000000003
2025-07-21,-0.11319999999999997,-2.33,-0.6499999999999999,3.8520000000000003
2025-07-22,-0.11280000000000001,-2.33,-0.6499999999999999,3.8520000000000003
2025-07-23,-0.11280000000000001,-2.33,-0.6499999999999999,3.8520000000000003
2025-07-24,-0.11260000000000048,-2.33,-0.6499999999999999,3.8520000000000003
2025-07-25,-0.11260000000000048,-2.33,-0.6499999999999999,3.8520000000000003
2025-07-26,-0.11260000000000048,-2.33,-0.6499999999999999,3.8520000000000003
2025-07-27,-0.11260000000000048,-2.33,-0.6499999999999999,3.8520000000000003
2025-07-28,-0.11289999999999978,-2.33,-0.6499999999999999,3.8520000000000003
2025-07-29,-0.11289999999999978,-2.33,-0.6499999999999999,3.8520000000000003
2025-07-30,-0.11289999999999978,-2.33,-0.6499999999999999,3.8520000000000003
2025-07-31,-0.11300000000000043,-2.33,-0.6499999999999999,3.8520000000000003
2025-08-01,-0.11240000000000006,-2.33,-0.7200000000000002,3.853
2025-08-02,-0.11240000000000006,-2.33,-0.7200000000000002,3.853
2025-08-03,-0.11240000000000006,-2.33,-0.7200000000000002,3.853
2025-08-04,-0.1131000000000002,-2.33,-0.7200000000000002,3.853
2025-08-05,-0.11319999999999997,-2.33,-0.7200000000000002,3.853
2025-08-06,-0.11300000000000043,-2.33,-0.7200000000000002,3.853
2025-08-07,-0.36240000000000006,-2.33,-0.7200000000000002,3.853
2025-08-08,-0.3628,-2.33,-0.7200000000000002,3.853
2025-08-09,-0.3628,-2.33,-0.7200000000000002,3.853
2025-08-10,-0.3628,-2.33,-0.7200000000000002,3.853
2025-08-11,-0.3631000000000002,-2.33,-0.7200000000000002,3.853
2025-08-12,-0.363,-2.33,-0.7200000000000002,3.853
2025-08-13,-0.3628,-2.33,-0.7200000000000002,3.853
2025-08-14,-0.36260000000000003,-2.33,-0.7200000000000002,3.853
2025-08-15,-0.3629000000000002,-2.33,-0.7200000000000002,3.853
2025-08-16,-0.3629000000000002,-2.33,-0.7200000000000002,3.853
2025-08-17,-0.3629000000000002,-2.33,-0.7200000000000002,3.853
2025-08-18,-0.3631000000000002,-2.33,-0.7200000000000002,3.853
2025-08-19,-0.3629000000000002,-2.33,-0.7200000000000002,3.853
2025-08-20,-0.36270000000000024,-2.33,-0.7200000000000002,3.853
2025-08-21,-0.36250000000000027,-2.33,-0.7200000000000002,3.853
2025-08-22,-0.3629000000000002,-2.33,-0.7200000000000002,3.853
2025-08-23,-0.3629000000000002,-2.33,-0.7200000000000002,3.853
2025-08-24,-0.3629000000000002,-2.33,-0.7200000000000002,3.853
2025-08-25,-0.3629000000000002,-2.33,-0.7200000000000002,3.853
2025-08-26,-0.36260000000000003,-2.33,-0.7200000000000002,3.853
2025-08-27,-0.36250000000000027,-2.33,-0.7200000000000002,3.853
2025-08-28,-0.36250000000000027,-2.33,-0.7200000000000002,3.853
2025-08-29,-0.36350000000000016,-2.33,-0.7200000000000002,3.853
2025-08-30,-0.36350000000000016,-2.33,-0.7200000000000002,3.853
2025-08-31,-0.36350000000000016,-2.33,-0.7200000000000002,3.853
2025-09-01,-0.3631000000000002,-2.33,-0.75,3.853
2025-09-02,-0.3631000000000002,-2.33,-0.75,3.853
2025-09-03,-0.363,-2.33,-0.75,3.853
2025-09-04,-0.3629000000000002,-2.33,-0.75,3.853
2025-09-05,-0.3631000000000002,-2.33,-0.75,3.853
2025-09-06,-0.3631000000000002,-2.33,-0.75,3.853
2025-09-07,-0.3631000000000002,-2.33,-0.75,3.853
2025-09-08,-0.363,-2.33,-0.75,3.853
2025-09-09,-0.363,-2.33,-0.75,3.853
2025-09-10,-0.363,-2.33,-0.75,3.853
2025-09-11,-0.363,-2.33,-0.75,3.853
2025-09-12,-0.3628,-2.33,-0.75,3.853
2025-09-13,-0.3628,-2.33,-0.75,3.853
2025-09-14,-0.3628,-2.33,-0.75,3.853
2025-09-15,-0.36240000000000006,-2.33,-0.75,3.853
2025-09-16,-0.36270000000000024,-2.33,-0.75,3.853
2025-09-17,-0.36260000000000003,-2.33,-0.75,3.853
2025-09-18,-0.11260000000000003,-2.08,-0.5,3.603
2025-09-19,-0.11270000000000024,-2.08,-0.5,3.603
2025-09-20,-0.11270000000000024,-2.08,-0.5,3.603
2025-09-21,-0.11270000000000024,-2.08,-0.5,3.603
2025-09-22,-0.12290000000000001,-2.09,-0.5099999999999998,3.613
2025-09-23,-0.12219999999999986,-2.09,-0.5099999999999998,3.613
2025-09-24,-0.12230000000000008,-2.09,-0.5099999999999998,3.613
2025-09-25,-0.12250000000000005,-2.09,-0.5099999999999998,3.613
2025-09-26,-0.12309999999999999,-2.09,-0.5099999999999998,3.613
2025-09-27,-0.12309999999999999,-2.09,-0.5099999999999998,3.613
2025-09-28,-0.12309999999999999,-2.09,-0.5099999999999998,3.613
2025-09-29,-0.12329999999999997,-2.09,-0.5099999999999998,3.613
2025-09-30,-0.12290000000000001,-2.09,-0.5099999999999998,3.613
2025-10-01,-0.12259999999999982,-2.09,-0.5299999999999998,3.613
2025-10-02,-0.12259999999999982,-2.09,-0.5299999999999998,3.613
2025-10-03,-0.1227999999999998,-2.09,-0.5299999999999998,3.613
2025-10-04,-0.1227999999999998,-2.09,-0.5299999999999998,3.613
2025-10-05,-0.1227999999999998,-2.09,-0.5299999999999998,3.613
2025-10-06,-0.12259999999999982,-2.09,-0.5299999999999998,3.613
2025-10-07,-0.12239999999999984,-2.09,-0.5299999999999998,3.613
2025-10-08,-0.13229999999999986,-2.0999999999999996,-0.5399999999999996,3.6229999999999998
2025-10-09,-0.13219999999999965,-2.0999999999999996,-0.5399999999999996,3.6229999999999998
2025-10-10,-0.13219999999999965,-2.0999999999999996,-0.5399999999999996,3.6229999999999998
2025-10-11,-0.13219999999999965,-2.0999999999999996,-0.5399999999999996,3.6229999999999998
2025-10-12,-0.13219999999999965,-2.0999999999999996,-0.5399999999999996,3.6229999999999998
2025-10-13,-0.13279999999999959,-2.0999999999999996,-0.5399999999999996,3.6229999999999998
2025-10-14,-0.1325999999999996,-2.0999999999999996,-0.5399999999999996,3.6229999999999998
2025-10-15,-0.1328999999999998,-2.0999999999999996,-0.5399999999999996,3.6229999999999998
2025-10-16,-0.1424000000000003,-2.1100000000000003,-0.5500000000000003,3.6330000000000005
2025-10-17,-0.14180000000000037,-2.1100000000000003,-0.5500000000000003,3.6330000000000005
2025-10-18,-0.14180000000000037,-2.1100000000000003,-0.5500000000000003,3.6330000000000005
2025-10-19,-0.14180000000000037,-2.1100000000000003,-0.5500000000000003,3.6330000000000005
2025-10-20,-0.14180000000000037,-2.1100000000000003,-0.5500000000000003,3.6330000000000005
2025-10-21,-0.14120000000000044,-2.1100000000000003,-0.5500000000000003,3.6330000000000005
2025-10-22,-0.1413000000000002,-2.1100000000000003,-0.5500000000000003,3.6330000000000005
2025-10-23,-0.14090000000000025,-2.1100000000000003,-0.5500000000000003,3.6330000000000005
2025-10-24,-0.14090000000000025,-2.1100000000000003,-0.5500000000000003,3.6330000000000005
2025-10-25,-0.14090000000000025,-2.1100000000000003,-0.5500000000000003,3.6330000000000005
2025-10-26,-0.14090000000000025,-2.1100000000000003,-0.5500000000000003,3.6330000000000005
2025-10-27,-0.15070000000000006,-2.12,-0.56,3.6430000000000002
2025-10-28,-0.1506000000000003,-2.12,-0.56,3.6430000000000002
2025-10-29,-0.15070000000000006,-2.12,-0.56,3.6430000000000002
2025-10-30,0.09929999999999994,-1.87,-0.31000000000000005,3.3930000000000002
2025-10-31,0.10890000000000022,-1.8599999999999999,-0.2999999999999998,3.383
2025-11-01,0.10890000000000022,-1.8599999999999999,-0.20999999999999996,3.3819999999999997
2025-11-02,0.10890000000000022,-1.8599999999999999,-0.20999999999999996,3.3819999999999997
2025-11-03,0.09939999999999971,-1.87,-0.2200000000000002,3.3920000000000003
2025-11-04,0.09939999999999971,-1.87,-0.2200000000000002,3.3920000000000003
2025-11-05,0.09939999999999971,-1.87,-0.2200000000000002,3.3920000000000003
2025-11-06,0.09929999999999994,-1.87,-0.2200000000000002,3.3920000000000003
2025-11-07,0.0996999999999999,-1.87,-0.2200000000000002,3.3920000000000003
2025-11-08,0.0996999999999999,-1.87,-0.2200000000000002,3.3920000000000003
2025-11-09,0.0996999999999999,-1.87,-0.2200000000000002,3.3920000000000003
2025-11-10,0.09939999999999971,-1.87,-0.2200000000000002,3.3920000000000003
2025-11-11,0.09939999999999971,-1.87,-0.2200000000000002,3.3920000000000003
2025-11-12,0.09919999999999973,-1.87,-0.2200000000000002,3.3920000000000003
2025-11-13,0.08980000000000032,-1.88,-0.22999999999999998,3.402
2025-11-14,0.08939999999999992,-1.88,-0.22999999999999998,3.402
2025-11-15,0.08939999999999992,-1.88,-0.22999999999999998,3.402
2025-11-16,0.08939999999999992,-1.88,-0.22999999999999998,3.402
2025-11-17,0.08919999999999995,-1.88,-0.22999999999999998,3.402
2025-11-18,0.08939999999999992,-1.88,-0.22999999999999998,3.402
2025-11-19,0.08930000000000016,-1.88,-0.22999999999999998,3.402
2025-11-20,0.08899999999999997,-1.88,-0.22999999999999998,3.402
2025-11-21,0.08899999999999997,-1.88,-0.22999999999999998,3.402
2025-11-22,0.08899999999999997,-1.88,-0.22999999999999998,3.402
2025-11-23,0.08899999999999997,-1.88,-0.22999999999999998,3.402
2025-11-24,0.08879999999999999,-1.88,-0.22999999999999998,3.402
2025-11-25,0.08879999999999999,-1.88,-0.22999999999999998,3.402
2025-11-26,0.08899999999999997,-1.88,-0.22999999999999998,3.402
2025-11-27,0.08879999999999999,-1.88,-0.22999999999999998,3.402
2025-11-28,0.07929999999999993,-1.8900000000000001,-0.2400000000000002,3.412
2025-11-29,0.07929999999999993,-1.8900000000000001,-0.2400000000000002,3.412
2025-11-30,0.07929999999999993,-1.8900000000000001,-0.2400000000000002,3.412
2025-12-01,0.08020000000000005,-1.8900000000000001,-0.18000000000000016,3.333
2025-12-02,0.0812999999999997,-1.8900000000000001,-0.18000000000000016,3.333
2025-12-03,0.0815999999999999,-1.8900000000000001,-0.18000000000000016,3.333
2025-12-04,0.08319999999999972,-1.8900000000000001,-0.18000000000000016,3.333
2025-12-05,0.08409999999999984,-1.8900000000000001,-0.18000000000000016,3.333
2025-12-06,0.08409999999999984,-1.8900000000000001,-0.18000000000000016,3.333
2025-12-07,0.08409999999999984,-1.8900000000000001,-0.18000000000000016,3.333
2025-12-08,0.08400000000000007,-1.8900000000000001,-0.18000000000000016,3.333
2025-12-09,0.08489999999999975,-1.8900000000000001,-0.18000000000000016,3.333
2025-12-10,0.08429999999999982,-1.8900000000000001,-0.18000000000000016,3.333
2025-12-11,0.33499999999999996,-1.6400000000000001,0.06999999999999984,3.083
2025-12-12,0.3342999999999998,-1.6400000000000001,0.06999999999999984,3.083
2025-12-13,0.3342999999999998,-1.6400000000000001,0.06999999999999984,3.083
2025-12-14,0.3342999999999998,-1.6400000000000001,0.06999999999999984,3.083
2025-12-15,0.3346,-1.6400000000000001,0.06999999999999984,3.083
2025-12-16,0.3348,-1.6400000000000001,0.06999999999999984,3.083
2025-12-17,0.33489999999999975,-1.6400000000000001,0.06999999999999984,3.083
2025-12-18,0.08639999999999981,-1.6400000000000001,0.06999999999999984,3.083
2025-12-19,0.08359999999999967,-1.6400000000000001,0.06999999999999984,3.083
2025-12-20,0.08359999999999967,-1.6400000000000001,0.06999999999999984,3.083
2025-12-21,0.08359999999999967,-1.6400000000000001,0.06999999999999984,3.083
2025-12-22,0.08309999999999995,-1.6400000000000001,0.06999999999999984,3.083
2025-12-23,0.08479999999999999,-1.6400000000000001,0.06999999999999984,3.083
2025-12-24,0.08499999999999996,-1.6400000000000001,0.06999999999999984,3.083
2025-12-25,0.08499999999999996,-1.6400000000000001,0.06999999999999984,3.083
2025-12-26,0.08499999999999996,-1.6400000000000001,0.06999999999999984,3.083
2025-12-27,0.08499999999999996,-1.6400000000000001,0.06999999999999984,3.083
2025-12-28,0.08499999999999996,-1.6400000000000001,0.06999999999999984,3.083
2025-12-29,0.08509999999999973,-1.6400000000000001,0.06999999999999984,3.083
2025-12-30,0.08539999999999992,-1.6400000000000001,0.06999999999999984,3.083
2025-12-31,0.08569999999999967,-1.6400000000000001,0.06999999999999984,3.083
2026-01-01,0.08569999999999967,-1.6400000000000001,0.1299999999999999,2.912
2026-01-02,0.08630000000000004,-1.6400000000000001,0.1299999999999999,2.912
2026-01-03,0.08630000000000004,-1.6400000000000001,0.1299999999999999,2.912
2026-01-04,0.08630000000000004,-1.6400000000000001,0.1299999999999999,2.912
2026-01-05,0.08509999999999973,-1.6400000000000001,0.1299999999999999,2.912
2026-01-06,0.0844999999999998,-1.6400000000000001,0.1299999999999999,2.912
2026-01-07,0.08479999999999999,-1.6400000000000001,0.1299999999999999,2.912
2026-01-08,0.08489999999999975,-1.6400000000000001,0.1299999999999999,2.912
2026-01-09,0.08460000000000001,-1.6400000000000001,0.1299999999999999,2.912
2026-01-10,0.08460000000000001,-1.6400000000000001,0.1299999999999999,2.912
2026-01-11,0.08460000000000001,-1.6400000000000001,0.1299999999999999,2.912
2026-01-12,0.08460000000000001,-1.6400000000000001,0.1299999999999999,2.912
2026-01-13,0.08499999999999996,-1.6400000000000001,0.1299999999999999,2.912
2026-01-14,0.08479999999999999,-1.6400000000000001,0.1299999999999999,2.912
2026-01-15,0.08389999999999986,-1.6400000000000001,0.1299999999999999,2.912
2026-01-16,0.08429999999999982,-1.6400000000000001,0.1299999999999999,2.912
2026-01-17,0.08429999999999982,-1.6400000000000001,0.1299999999999999,2.912
2026-01-18,0.08429999999999982,-1.6400000000000001,0.1299999999999999,2.912
2026-01-19,0.08440000000000003,-1.6400000000000001,0.1299999999999999,2.912
2026-01-20,0.08409999999999984,-1.6400000000000001,0.1299999999999999,2.912
2026-01-21,0.08460000000000001,-1.6400000000000001,0.1299999999999999,2.912
2026-01-22,0.08599999999999985,-1.6400000000000001,0.1299999999999999,2.912
2026-01-23,0.08650000000000002,-1.6400000000000001,0.1299999999999999,2.912
2026-01-24,0.08650000000000002,-1.6400000000000001,0.1299999999999999,2.912
2026-01-25,0.08650000000000002,-1.6400000000000001,0.1299999999999999,2.912
2026-01-26,0.08590000000000009,-1.6400000000000001,0.1299999999999999,2.912
2026-01-27,0.0855999999999999,-1.6400000000000001,0.1299999999999999,2.912
2026-01-28,0.08479999999999999,-1.6400000000000001,0.1299999999999999,2.912
2026-01-29,0.08469999999999978,-1.6400000000000001,0.1299999999999999,2.912
2026-01-30,0.08539999999999992,-1.6400000000000001,0.1299999999999999,2.912
2026-01-31,0.08539999999999992,-1.6400000000000001,0.1299999999999999,2.912
2026-02-01,0.08539999999999992,-1.6400000000000001,0.31999999999999984,2.912
2026-02-02,0.08599999999999985,-1.6400000000000001,0.31999999999999984,2.912
2026-02-03,0.08599999999999985,-1.6400000000000001,0.31999999999999984,2.912
2026-02-04,0.08650000000000002,-1.6400000000000001,0.31999999999999984,2.912
2026-02-05,0.08779999999999966,-1.6400000000000001,0.31999999999999984,2.912
2026-02-06,0.08789999999999987,-1.6400000000000001,0.31999999999999984,2.912
2026-02-07,0.08789999999999987,-1.6400000000000001,0.31999999999999984,2.912
2026-02-08,0.08789999999999987,-1.6400000000000001,0.31999999999999984,2.912
2026-02-09,0.08709999999999996,-1.6400000000000001,0.31999999999999984,2.912
2026-02-10,0.08699999999999974,-1.6400000000000001,0.31999999999999984,2.912
2026-02-11,0.0873999999999997,-1.6400000000000001,0.31999999999999984,2.912
2026-02-12,0.08719999999999972,-1.6400000000000001,0.31999999999999984,2.912
2026-02-13,0.0867,-1.6400000000000001,0.31999999999999984,2.912
2026-02-14,0.0867,-1.6400000000000001,0.31999999999999984,2.912
2026-02-15,0.0867,-1.6400000000000001,0.31999999999999984,2.912
2026-02-16,0.08759999999999968,-1.6400000000000001,0.31999999999999984,2.912
2026-02-17,0.08759999999999968,-1.6400000000000001,0.31999999999999984,2.912
2026-02-18,0.08769999999999989,-1.6400000000000001,0.31999999999999984,2.912
2026-02-19,0.08759999999999968,-1.6400000000000001,0.31999999999999984,2.912
2026-02-20,0.08820000000000006,-1.6400000000000001,0.31999999999999984,2.912
2026-02-21,0.08820000000000006,-1.6400000000000001,0.31999999999999984,2.912
2026-02-22,0.08820000000000006,-1.6400000000000001,0.31999999999999984,2.912
2026-02-23,0.08800000000000008,-1.6400000000000001,0.31999999999999984,2.912
2026-02-24,0.08779999999999966,-1.6400000000000001,0.31999999999999984,2.912
2026-02-25,0.08759999999999968,-1.6400000000000001,0.31999999999999984,2.912
2026-02-26,0.08860000000000001,-1.6400000000000001,0.31999999999999984,2.912
2026-02-27,0.0867,-1.6400000000000001,0.31999999999999984,2.912
2026-02-28,0.0867,-1.6400000000000001,0.31999999999999984,2.912
2026-03-01,0.0867,-1.6400000000000001,0.5500000000000003,2.912
2026-03-02,0.08709999999999996,-1.6400000000000001,0.5500000000000003,2.912
2026-03-03,0.08860000000000001,-1.6400000000000001,0.5500000000000003,2.912
2026-03-04,0.09010000000000007,-1.6400000000000001,0.5500000000000003,2.912
2026-03-05,0.09030000000000005,-1.6400000000000001,0.5500000000000003,2.912
2026-03-06,0.09019999999999984,-1.6400000000000001,0.5500000000000003,2.912
2026-03-07,0.09019999999999984,-1.6400000000000001,0.5500000000000003,2.912
2026-03-08,0.09019999999999984,-1.6400000000000001,0.5500000000000003,2.912
2026-03-09,0.0895999999999999,-1.6400000000000001,0.5500000000000003,2.912
2026-03-10,0.08939999999999992,-1.6400000000000001,0.5500000000000003,2.912
2026-03-11,0.08949999999999969,-1.6400000000000001,0.5500000000000003,2.912
2026-03-12,0.08929999999999971,-1.6400000000000001,0.5500000000000003,2.912
2026-03-13,0.08949999999999969,-1.6400000000000001,0.5500000000000003,2.912
2026-03-14,0.08949999999999969,-1.6400000000000001,0.5500000000000003,2.912
2026-03-15,0.08949999999999969,-1.6400000000000001,0.5500000000000003,2.912
2026-03-16,0.08889999999999976,-1.6400000000000001,0.5500000000000003,2.912
2026-03-17,0.08899999999999997,-1.6400000000000001,0.5500000000000003,2.912
2026-03-18,0.0895999999999999,-1.6400000000000001,0.5500000000000003,2.912
2026-03-19,0.08939999999999992,-1.6400000000000001,0.5500000000000003,2.912
2026-03-20,0.08809999999999985,-1.6400000000000001,0.5500000000000003,2.912
2026-03-21,0.08809999999999985,-1.6400000000000001,0.5500000000000003,2.912
2026-03-22,0.08809999999999985,-1.6400000000000001,0.5500000000000003,2.912
2026-03-23,0.0873999999999997,-1.6400000000000001,0.5500000000000003,2.912
2026-03-24,0.0873999999999997,-1.6400000000000001,0.5500000000000003,2.912
2026-03-25,0.08779999999999966,-1.6400000000000001,0.5500000000000003,2.912
2026-03-26,0.08820000000000006,-1.6400000000000001,0.5500000000000003,2.912
2026-03-27,0.08840000000000003,-1.6400000000000001,0.5500000000000003,2.912
2026-03-28,0.08840000000000003,-1.6400000000000001,0.5500000000000003,2.912
2026-03-29,0.08840000000000003,-1.6400000000000001,0.5500000000000003,2.912
2026-03-30,0.08809999999999985,-1.6400000000000001,0.5500000000000003,2.912
2026-03-31,0.0895999999999999,-1.6400000000000001,0.5500000000000003,2.912
2026-04-01,0.08969999999999967,-1.6400000000000001,0.6999999999999997,2.9130000000000003
2026-04-02,0.08999999999999986,-1.6400000000000001,0.6999999999999997,2.9130000000000003
2026-04-03,0.08999999999999986,-1.6400000000000001,0.6999999999999997,2.9130000000000003
2026-04-04,0.08999999999999986,-1.6400000000000001,0.6999999999999997,2.9130000000000003
2026-04-05,0.08999999999999986,-1.6400000000000001,0.6999999999999997,2.9130000000000003
2026-04-06,0.08999999999999986,-1.6400000000000001,0.6999999999999997,2.9130000000000003
2026-04-07,0.08939999999999992,-1.6400000000000001,0.6999999999999997,2.9130000000000003
2026-04-08,0.08869999999999978,-1.6400000000000001,0.6999999999999997,2.9130000000000003
2026-04-09,0.08939999999999992,-1.6400000000000001,0.6999999999999997,2.9130000000000003
2026-04-10,0.08949999999999969,-1.6400000000000001,0.6999999999999997,2.9130000000000003
2026-04-11,0.08949999999999969,-1.6400000000000001,0.6999999999999997,2.9130000000000003
2026-04-12,0.08949999999999969,-1.6400000000000001,0.6999999999999997,2.9130000000000003
2026-04-13,0.08899999999999997,-1.6400000000000001,0.6999999999999997,2.9130000000000003
2026-04-14,0.08929999999999971,-1.6400000000000001,0.6999999999999997,2.9130000000000003
2026-04-15,0.09010000000000007,-1.6400000000000001,0.6999999999999997,2.9130000000000003
2026-04-16,0.09010000000000007,-1.6400000000000001,0.6999999999999997,2.9130000000000003
2026-04-17,0.08999999999999986,-1.6400000000000001,0.6999999999999997,2.9130000000000003
2026-04-18,0.08999999999999986,-1.6400000000000001,0.6999999999999997,2.9130000000000003
2026-04-19,0.08999999999999986,-1.6400000000000001,0.6999999999999997,2.9130000000000003
2026-04-20,0.09039999999999981,-1.6400000000000001,0.6999999999999997,2.9130000000000003
2026-04-21,0.0907,-1.6400000000000001,0.6999999999999997,2.9130000000000003
2026-04-22,0.09039999999999981,-1.6400000000000001,0.6999999999999997,2.9130000000000003
2026-04-23,0.09109999999999996,-1.6400000000000001,0.6999999999999997,2.9130000000000003
2026-04-24,0.09050000000000002,-1.6400000000000001,0.6999999999999997,2.9130000000000003
2026-04-25,0.09050000000000002,-1.6400000000000001,0.6999999999999997,2.9130000000000003
2026-04-26,0.09050000000000002,-1.6400000000000001,0.6999999999999997,2.9130000000000003
2026-04-27,0.0907,-1.6400000000000001,0.6999999999999997,2.9130000000000003
2026-04-28,0.09059999999999979,-1.6400000000000001,0.6999999999999997,2.9130000000000003
2026-04-29,0.08979999999999988,-1.6400000000000001,0.6999999999999997,2.9130000000000003
2026-04-30,0.08990000000000009,-1.6400000000000001,0.6999999999999997,2.9130000000000003
2026-05-01,0.08949999999999969,-1.6400000000000001,0.7899999999999996,2.9130000000000003
2026-05-02,0.08949999999999969,-1.6400000000000001,0.7899999999999996,2.9130000000000003
2026-05-03,0.08949999999999969,-1.6400000000000001,0.7899999999999996,2.9130000000000003
2026-05-04,0.08949999999999969,-1.6400000000000001,0.7899999999999996,2.9130000000000003
2026-05-05,0.08909999999999973,-1.6400000000000001,0.7899999999999996,2.9130000000000003
2026-05-06,0.08919999999999995,-1.6400000000000001,0.7899999999999996,2.9130000000000003
2026-05-07,0.09990000000000032,-1.63,0.7999999999999998,2.903
2026-05-08,0.09940000000000015,-1.63,0.7999999999999998,2.903
2026-05-09,0.09940000000000015,-1.63,0.7999999999999998,2.903
2026-05-10,0.09940000000000015,-1.63,0.7999999999999998,2.903
2026-05-11,0.0990000000000002,-1.63,0.7999999999999998,2.903
2026-05-12,0.09920000000000018,-1.63,0.7999999999999998,2.903
2026-05-13,0.0990000000000002,-1.63,0.7999999999999998,2.903
2026-05-14,0.10000000000000009,-1.63,0.7999999999999998,2.903
2026-05-15,0.09990000000000032,-1.63,0.7999999999999998,2.903
2026-05-16,0.09990000000000032,-1.63,0.7999999999999998,2.903
2026-05-17,0.09990000000000032,-1.63,0.7999999999999998,2.903
2026-05-18,0.0996999999999999,-1.63,0.7999999999999998,2.903
2026-05-19,0.11019999999999985,-1.62,0.8099999999999996,2.8930000000000002
2026-05-20,0.11010000000000009,-1.62,0.8099999999999996,2.8930000000000002
2026-05-21,0.1109,-1.62,0.8099999999999996,2.8930000000000002
2026-05-22,0.11010000000000009,-1.62,0.8099999999999996,2.8930000000000002
2026-05-23,0.11010000000000009,-1.62,0.8099999999999996,2.8930000000000002
2026-05-24,0.11010000000000009,-1.62,0.8099999999999996,2.8930000000000002
2026-05-25,0.11010000000000009,-1.62,0.8099999999999996,2.8930000000000002
2026-05-26,0.10899999999999999,-1.62,0.8099999999999996,2.8930000000000002
2026-05-27,0.10899999999999999,-1.62,0.8099999999999996,2.8930000000000002
2026-05-28,0.10949999999999971,-1.62,0.8099999999999996,2.8930000000000002
2026-05-29,0.11019999999999985,-1.62,0.8099999999999996,2.8930000000000002
2026-05-30,0.11019999999999985,-1.62,0.8099999999999996,2.8930000000000002
2026-05-31,0.11019999999999985,-1.62,0.8099999999999996,2.8930000000000002
2026-06-01,0.10909999999999975,-1.62,0.8399999999999999,2.779
2026-06-02,0.11079999999999979,-1.62,0.8399999999999999,2.779
2026-06-03,0.11059999999999981,-1.62,0.8399999999999999,2.779
2026-06-04,0.11079999999999979,-1.62,0.8399999999999999,2.779
2026-06-05,0.11119999999999974,-1.62,0.8399999999999999,2.779
2026-06-06,0.11119999999999974,-1.62,0.8399999999999999,2.779
2026-06-07,0.11119999999999974,-1.62,0.8399999999999999,2.779
2026-06-08,0.10999999999999988,-1.62,0.8399999999999999,2.779
2026-06-09,0.10709999999999997,-1.62,0.8399999999999999,2.779
2026-06-10,0.10959999999999992,-1.62,0.8399999999999999,2.779
2026-06-11,0.11050000000000004,-1.62,0.8399999999999999,2.779
2026-06-12,0.11010000000000009,-1.62,0.8399999999999999,2.779
2026-06-13,0.11010000000000009,-1.62,0.8399999999999999,2.779
2026-06-14,0.11010000000000009,-1.62,0.8399999999999999,2.779
2026-06-15,0.09960000000000013,-1.63,0.8300000000000001,2.7889999999999997
2026-06-16,0.10040000000000004,-1.63,0.8300000000000001,2.7889999999999997
2026-06-17,0.10030000000000028,-1.38,0.8300000000000001,2.7889999999999997
2026-06-18,0.10000000000000009,-1.38,0.8300000000000001,2.7889999999999997
2026-06-19,0.09940000000000015,-1.38,0.8300000000000001,2.7889999999999997
2026-06-20,0.09940000000000015,-1.38,0.8300000000000001,2.7889999999999997
2026-06-21,0.09940000000000015,-1.38,0.8300000000000001,2.7889999999999997
2026-06-22,0.09920000000000018,-1.38,0.8300000000000001,2.7889999999999997
2026-06-23,0.09949999999999992,-1.38,0.8300000000000001,2.7889999999999997
2026-06-24,0.0990000000000002,-1.38,0.8300000000000001,2.7889999999999997
2026-06-25,0.09870000000000001,-1.38,0.8300000000000001,2.7889999999999997
2026-06-26,0.0990000000000002,-1.38,0.8300000000000001,2.7889999999999997
2026-06-27,0.0990000000000002,-1.38,0.8300000000000001,2.7889999999999997
2026-06-28,0.0990000000000002,-1.38,0.8300000000000001,2.7889999999999997
2026-06-29,0.09920000000000018,-1.38,0.8300000000000001,2.7889999999999997
2026-06-30,0.10179999999999989,-1.38,0.8300000000000001,2.7889999999999997
2026-07-01,0.10090000000000021,-1.38,0.8300000000000001,2.7889999999999997
2026-07-02,0.10050000000000026,-1.38,0.8300000000000001,2.7889999999999997
2026-07-03,0.10020000000000007,-1.38,0.8300000000000001,2.7889999999999997
2026-07-04,0.10020000000000007,-1.38,0.8300000000000001,2.7889999999999997
2026-07-05,0.10020000000000007,-1.38,0.8300000000000001,2.7889999999999997
2026-07-06,0.0996999999999999,-1.38,0.8300000000000001,2.7889999999999997
2026-07-07,0.0996999999999999,-1.38,0.8300000000000001,2.7889999999999997
2026-07-08,0.11030000000000006,-1.37,0.8399999999999999,2.779
2026-07-09,0.11109999999999998,-1.37,0.8399999999999999,2.779
2026-07-10,0.11099999999999977,-1.37,0.8399999999999999,2.779
2026-07-11,0.11099999999999977,-1.37,0.8399999999999999,2.779
2026-07-12,0.11099999999999977,-1.37,0.8399999999999999,2.779
2026-07-13,0.11079999999999979,-1.37,0.8399999999999999,2.779
2026-07-14,0.10110000000000019,-1.38,0.8300000000000001,2.7889999999999997
2026-07-15,0.1008,-1.38,0.8300000000000001,2.7889999999999997
2026-07-16,0.1008,-1.38,0.8300000000000001,2.7889999999999997
2026-07-17,0.10070000000000023,-1.38,0.8300000000000001,2.7889999999999997
2026-07-18,0.10070000000000023,-1.38,0.8300000000000001,2.7889999999999997
2026-07-19,0.10070000000000023,-1.38,0.8300000000000001,2.7889999999999997
2026-07-20,0.10070000000000023,-1.38,0.8300000000000001,2.7889999999999997
2026-07-21,0.10020000000000007,-1.38,0.8300000000000001,2.7889999999999997
2026-07-22,0.10030000000000028,-1.38,0.8300000000000001,2.7889999999999997
2026-07-23,0.10030000000000028,-1.38,0.8300000000000001,2.7889999999999997
2026-07-24,0.10030000000000028,-1.38,0.8300000000000001,2.7889999999999997
