,US,EU,UK,AU,JP
2015-01-01,0.06,-0.2,,2.7,0.07
2015-01-02,0.12,-0.2,0.4316,2.7,0.07
2015-01-03,0.12,-0.2,0.4316,2.7,0.07
2015-01-04,0.12,-0.2,0.4316,2.7,0.07
2015-01-05,0.12,-0.2,0.4335,2.7,0.07
2015-01-06,0.12,-0.2,0.43,2.7,0.07
2015-01-07,0.12,-0.2,0.4292,2.7,0.07
2015-01-08,0.12,-0.2,0.4339,2.7,0.07
2015-01-09,0.12,-0.2,0.4327,2.7,0.07
2015-01-10,0.12,-0.2,0.4327,2.7,0.07
2015-01-11,0.12,-0.2,0.4327,2.7,0.07
2015-01-12,0.12,-0.2,0.4352,2.7,0.07
2015-01-13,0.12,-0.2,0.4348,2.7,0.07
2015-01-14,0.12,-0.2,0.4334,2.7,0.07
2015-01-15,0.12,-0.2,0.4384,2.7,0.07
2015-01-16,0.13,-0.2,0.4372,2.7,0.07
2015-01-17,0.13,-0.2,0.4372,2.7,0.07
2015-01-18,0.13,-0.2,0.4372,2.7,0.07
2015-01-19,0.13,-0.2,0.4422,2.7,0.07
2015-01-20,0.12,-0.2,0.4338,2.7,0.07
2015-01-21,0.12,-0.2,0.4366,2.7,0.07
2015-01-22,0.12,-0.2,0.4325,2.7,0.07
2015-01-23,0.12,-0.2,0.4461,2.7,0.07
2015-01-24,0.12,-0.2,0.4461,2.7,0.07
2015-01-25,0.12,-0.2,0.4461,2.7,0.07
2015-01-26,0.12,-0.2,0.4443,2.7,0.07
2015-01-27,0.11,-0.2,0.4322,2.7,0.07
2015-01-28,0.12,-0.2,0.4474,2.7,0.07
2015-01-29,0.11,-0.2,0.4407,2.7,0.07
2015-01-30,0.06,-0.2,0.4195,2.7,0.07
2015-01-31,0.06,-0.2,0.4195,2.7,0.07
2015-02-01,0.06,-0.2,0.4195,2.36,0.08
2015-02-02,0.12,-0.2,0.4443,2.36,0.08
2015-02-03,0.12,-0.2,0.45,2.36,0.08
2015-02-04,0.11,-0.2,0.4345,2.36,0.08
2015-02-05,0.12,-0.2,0.4427,2.36,0.08
2015-02-06,0.11,-0.2,0.4453,2.36,0.08
2015-02-07,0.11,-0.2,0.4453,2.36,0.08
2015-02-08,0.11,-0.2,0.4453,2.36,0.08
2015-02-09,0.12,-0.2,0.4427,2.36,0.08
2015-02-10,0.12,-0.2,0.441,2.36,0.08
2015-02-11,0.12,-0.2,0.4431,2.36,0.08
2015-02-12,0.12,-0.2,0.4423,2.36,0.08
2015-02-13,0.12,-0.2,0.4524,2.36,0.08
2015-02-14,0.12,-0.2,0.4524,2.36,0.08
2015-02-15,0.12,-0.2,0.4524,2.36,0.08
2015-02-16,0.12,-0.2,0.4562,2.36,0.08
2015-02-17,0.12,-0.2,0.4625,2.36,0.08
2015-02-18,0.12,-0.2,0.4643,2.36,0.08
2015-02-19,0.12,-0.2,0.4654,2.36,0.08
2015-02-20,0.12,-0.2,0.4568,2.36,0.08
2015-02-21,0.12,-0.2,0.4568,2.36,0.08
2015-02-22,0.12,-0.2,0.4568,2.36,0.08
2015-02-23,0.11,-0.2,0.4505,2.36,0.08
2015-02-24,0.11,-0.2,0.4598,2.36,0.08
2015-02-25,0.11,-0.2,0.4574,2.36,0.08
2015-02-26,0.11,-0.2,0.4669,2.36,0.08
2015-02-27,0.06,-0.2,0.4442,2.36,0.08
2015-02-28,0.06,-0.2,0.4442,2.36,0.08
2015-03-01,0.06,-0.2,0.4442,2.3,0.07
2015-03-02,0.12,-0.2,0.4639,2.3,0.07
2015-03-03,0.12,-0.2,0.4605,2.3,0.07
2015-03-04,0.11,-0.2,0.4575,2.3,0.07
2015-03-05,0.11,-0.2,0.4628,2.3,0.07
2015-03-06,0.12,-0.2,0.4576,2.3,0.07
2015-03-07,0.12,-0.2,0.4576,2.3,0.07
2015-03-08,0.12,-0.2,0.4576,2.3,0.07
2015-03-09,0.12,-0.2,0.4627,2.3,0.07
2015-03-10,0.12,-0.2,0.4589,2.3,0.07
2015-03-11,0.11,-0.2,0.4559,2.3,0.07
2015-03-12,0.11,-0.2,0.4521,2.3,0.07
2015-03-13,0.11,-0.2,0.4529,2.3,0.07
2015-03-14,0.11,-0.2,0.4529,2.3,0.07
2015-03-15,0.11,-0.2,0.4529,2.3,0.07
2015-03-16,0.12,-0.2,0.4496,2.3,0.07
2015-03-17,0.12,-0.2,0.452,2.3,0.07
2015-03-18,0.11,-0.2,0.4607,2.3,0.07
2015-03-19,0.12,-0.2,0.457,2.3,0.07
2015-03-20,0.12,-0.2,0.4599,2.3,0.07
2015-03-21,0.12,-0.2,0.4599,2.3,0.07
2015-03-22,0.12,-0.2,0.4599,2.3,0.07
2015-03-23,0.12,-0.2,0.4607,2.3,0.07
2015-03-24,0.11,-0.2,0.464,2.3,0.07
2015-03-25,0.12,-0.2,0.4586,2.3,0.07
2015-03-26,0.11,-0.2,0.4554,2.3,0.07
2015-03-27,0.12,-0.2,0.4637,2.3,0.07
2015-03-28,0.12,-0.2,0.4637,2.3,0.07
2015-03-29,0.12,-0.2,0.4637,2.3,0.07
2015-03-30,0.12,-0.2,0.4615,2.3,0.07
2015-03-31,0.06,-0.2,0.4217,2.3,0.07
2015-04-01,0.12,-0.2,0.4573,2.25,0.06
2015-04-02,0.12,-0.2,0.4555,2.25,0.06
2015-04-03,0.12,-0.2,0.4555,2.25,0.06
2015-04-04,0.12,-0.2,0.4555,2.25,0.06
2015-04-05,0.12,-0.2,0.4555,2.25,0.06
2015-04-06,0.13,-0.2,0.4555,2.25,0.06
2015-04-07,0.12,-0.2,0.4561,2.25,0.06
2015-04-08,0.12,-0.2,0.4541,2.25,0.06
2015-04-09,0.12,-0.2,0.4526,2.25,0.06
2015-04-10,0.12,-0.2,0.4547,2.25,0.06
2015-04-11,0.12,-0.2,0.4547,2.25,0.06
2015-04-12,0.12,-0.2,0.4547,2.25,0.06
2015-04-13,0.13,-0.2,0.4537,2.25,0.06
2015-04-14,0.13,-0.2,0.4575,2.25,0.06
2015-04-15,0.13,-0.2,0.4577,2.25,0.06
2015-04-16,0.13,-0.2,0.4601,2.25,0.06
2015-04-17,0.13,-0.2,0.4609,2.25,0.06
2015-04-18,0.13,-0.2,0.4609,2.25,0.06
2015-04-19,0.13,-0.2,0.4609,2.25,0.06
2015-04-20,0.13,-0.2,0.4547,2.25,0.06
2015-04-21,0.13,-0.2,0.4593,2.25,0.06
2015-04-22,0.13,-0.2,0.459,2.25,0.06
2015-04-23,0.13,-0.2,0.4585,2.25,0.06
2015-04-24,0.13,-0.2,0.461,2.25,0.06
2015-04-25,0.13,-0.2,0.461,2.25,0.06
2015-04-26,0.13,-0.2,0.461,2.25,0.06
2015-04-27,0.13,-0.2,0.4651,2.25,0.06
2015-04-28,0.13,-0.2,0.4566,2.25,0.06
2015-04-29,0.13,-0.2,0.4608,2.25,0.06
2015-04-30,0.08,-0.2,0.4529,2.25,0.06
2015-05-01,0.13,-0.2,0.4623,2.15,0.07
2015-05-02,0.13,-0.2,0.4623,2.15,0.07
2015-05-03,0.13,-0.2,0.4623,2.15,0.07
2015-05-04,0.13,-0.2,0.4623,2.15,0.07
2015-05-05,0.13,-0.2,0.4655,2.15,0.07
2015-05-06,0.13,-0.2,0.4632,2.15,0.07
2015-05-07,0.13,-0.2,0.4611,2.15,0.07
2015-05-08,0.13,-0.2,0.4621,2.15,0.07
2015-05-09,0.13,-0.2,0.4621,2.15,0.07
2015-05-10,0.13,-0.2,0.4621,2.15,0.07
2015-05-11,0.13,-0.2,0.4583,2.15,0.07
2015-05-12,0.13,-0.2,0.461,2.15,0.07
2015-05-13,0.13,-0.2,0.4613,2.15,0.07
2015-05-14,0.13,-0.2,0.4615,2.15,0.07
2015-05-15,0.13,-0.2,0.4605,2.15,0.07
2015-05-16,0.13,-0.2,0.4605,2.15,0.07
2015-05-17,0.13,-0.2,0.4605,2.15,0.07
2015-05-18,0.13,-0.2,0.4605,2.15,0.07
2015-05-19,0.12,-0.2,0.4644,2.15,0.07
2015-05-20,0.12,-0.2,0.4661,2.15,0.07
2015-05-21,0.12,-0.2,0.4596,2.15,0.07
2015-05-22,0.13,-0.2,0.47,2.15,0.07
2015-05-23,0.13,-0.2,0.47,2.15,0.07
2015-05-24,0.13,-0.2,0.47,2.15,0.07
2015-05-25,0.13,-0.2,0.47,2.15,0.07
2015-05-26,0.12,-0.2,0.4624,2.15,0.07
2015-05-27,0.12,-0.2,0.4629,2.15,0.07
2015-05-28,0.12,-0.2,0.4638,2.15,0.07
2015-05-29,0.08,-0.2,0.4506,2.15,0.07
2015-05-30,0.08,-0.2,0.4506,2.15,0.07
2015-05-31,0.08,-0.2,0.4506,2.15,0.07
2015-06-01,0.12,-0.2,0.4603,2.15,0.07
2015-06-02,0.12,-0.2,0.4554,2.15,0.07
2015-06-03,0.13,-0.2,0.4602,2.15,0.07
2015-06-04,0.13,-0.2,0.4625,2.15,0.07
2015-06-05,0.13,-0.2,0.4592,2.15,0.07
2015-06-06,0.13,-0.2,0.4592,2.15,0.07
2015-06-07,0.13,-0.2,0.4592,2.15,0.07
2015-06-08,0.13,-0.2,0.4599,2.15,0.07
2015-06-09,0.13,-0.2,0.4593,2.15,0.07
2015-06-10,0.13,-0.2,0.4639,2.15,0.07
2015-06-11,0.13,-0.2,0.4621,2.15,0.07
2015-06-12,0.13,-0.2,0.4596,2.15,0.07
2015-06-13,0.13,-0.2,0.4596,2.15,0.07
2015-06-14,0.13,-0.2,0.4596,2.15,0.07
2015-06-15,0.13,-0.2,0.4587,2.15,0.07
2015-06-16,0.14,-0.2,0.4626,2.15,0.07
2015-06-17,0.14,-0.2,0.4613,2.15,0.07
2015-06-18,0.14,-0.2,0.4603,2.15,0.07
2015-06-19,0.13,-0.2,0.4584,2.15,0.07
2015-06-20,0.13,-0.2,0.4584,2.15,0.07
2015-06-21,0.13,-0.2,0.4584,2.15,0.07
2015-06-22,0.13,-0.2,0.4602,2.15,0.07
2015-06-23,0.13,-0.2,0.4613,2.15,0.07
2015-06-24,0.13,-0.2,0.4561,2.15,0.07
2015-06-25,0.13,-0.2,0.4573,2.15,0.07
2015-06-26,0.13,-0.2,0.4577,2.15,0.07
2015-06-27,0.13,-0.2,0.4577,2.15,0.07
2015-06-28,0.13,-0.2,0.4577,2.15,0.07
2015-06-29,0.14,-0.2,0.4551,2.15,0.07
2015-06-30,0.08,-0.2,0.3947,2.15,0.07
2015-07-01,0.13,-0.2,0.4581,2.14,0.07
2015-07-02,0.13,-0.2,0.4528,2.14,0.07
2015-07-03,0.13,-0.2,0.4564,2.14,0.07
2015-07-04,0.13,-0.2,0.4564,2.14,0.07
2015-07-05,0.13,-0.2,0.4564,2.14,0.07
2015-07-06,0.13,-0.2,0.4515,2.14,0.07
2015-07-07,0.13,-0.2,0.4539,2.14,0.07
2015-07-08,0.13,-0.2,0.457,2.14,0.07
2015-07-09,0.13,-0.2,0.4549,2.14,0.07
2015-07-10,0.13,-0.2,0.4525,2.14,0.07
2015-07-11,0.13,-0.2,0.4525,2.14,0.07
2015-07-12,0.13,-0.2,0.4525,2.14,0.07
2015-07-13,0.13,-0.2,0.4521,2.14,0.07
2015-07-14,0.13,-0.2,0.4545,2.14,0.07
2015-07-15,0.13,-0.2,0.4561,2.14,0.07
2015-07-16,0.14,-0.2,0.4578,2.14,0.07
2015-07-17,0.13,-0.2,0.457,2.14,0.07
2015-07-18,0.13,-0.2,0.457,2.14,0.07
2015-07-19,0.13,-0.2,0.457,2.14,0.07
2015-07-20,0.14,-0.2,0.4566,2.14,0.07
2015-07-21,0.13,-0.2,0.4597,2.14,0.07
2015-07-22,0.13,-0.2,0.4524,2.14,0.07
2015-07-23,0.13,-0.2,0.4548,2.14,0.07
2015-07-24,0.13,-0.2,0.4535,2.14,0.07
2015-07-25,0.13,-0.2,0.4535,2.14,0.07
2015-07-26,0.13,-0.2,0.4535,2.14,0.07
2015-07-27,0.14,-0.2,0.4536,2.14,0.07
2015-07-28,0.14,-0.2,0.4563,2.14,0.07
2015-07-29,0.14,-0.2,0.4551,2.14,0.07
2015-07-30,0.14,-0.2,0.4571,2.14,0.07
2015-07-31,0.08,-0.2,0.4481,2.14,0.07
2015-08-01,0.08,-0.2,0.4481,2.14,0.08
2015-08-02,0.08,-0.2,0.4481,2.14,0.08
2015-08-03,0.14,-0.2,0.4573,2.14,0.08
2015-08-04,0.14,-0.2,0.4575,2.14,0.08
2015-08-05,0.14,-0.2,0.4563,2.14,0.08
2015-08-06,0.14,-0.2,0.4591,2.14,0.08
2015-08-07,0.14,-0.2,0.4594,2.14,0.08
2015-08-08,0.14,-0.2,0.4594,2.14,0.08
2015-08-09,0.14,-0.2,0.4594,2.14,0.08
2015-08-10,0.14,-0.2,0.459,2.14,0.08
2015-08-11,0.15,-0.2,0.4607,2.14,0.08
2015-08-12,0.15,-0.2,0.4589,2.14,0.08
2015-08-13,0.15,-0.2,0.4587,2.14,0.08
2015-08-14,0.14,-0.2,0.4613,2.14,0.08
2015-08-15,0.14,-0.2,0.4613,2.14,0.08
2015-08-16,0.14,-0.2,0.4613,2.14,0.08
2015-08-17,0.15,-0.2,0.4614,2.14,0.08
2015-08-18,0.15,-0.2,0.4525,2.14,0.08
2015-08-19,0.15,-0.2,0.455,2.14,0.08
2015-08-20,0.15,-0.2,0.4607,2.14,0.08
2015-08-21,0.15,-0.2,0.4628,2.14,0.08
2015-08-22,0.15,-0.2,0.4628,2.14,0.08
2015-08-23,0.15,-0.2,0.4628,2.14,0.08
2015-08-24,0.15,-0.2,0.4612,2.14,0.08
2015-08-25,0.15,-0.2,0.4612,2.14,0.08
2015-08-26,0.14,-0.2,0.4638,2.14,0.08
2015-08-27,0.14,-0.2,0.4604,2.14,0.08
2015-08-28,0.14,-0.2,0.4526,2.14,0.08
2015-08-29,0.14,-0.2,0.4526,2.14,0.08
2015-08-30,0.14,-0.2,0.4526,2.14,0.08
2015-08-31,0.08,-0.2,0.4526,2.14,0.08
2015-09-01,0.14,-0.2,0.4586,2.17,0.07
2015-09-02,0.14,-0.2,0.4594,2.17,0.07
2015-09-03,0.14,-0.2,0.4579,2.17,0.07
2015-09-04,0.14,-0.2,0.4511,2.17,0.07
2015-09-05,0.14,-0.2,0.4511,2.17,0.07
2015-09-06,0.14,-0.2,0.4511,2.17,0.07
2015-09-07,0.14,-0.2,0.4591,2.17,0.07
2015-09-08,0.14,-0.2,0.4536,2.17,0.07
2015-09-09,0.14,-0.2,0.4619,2.17,0.07
2015-09-10,0.14,-0.2,0.4641,2.17,0.07
2015-09-11,0.14,-0.2,0.4636,2.17,0.07
2015-09-12,0.14,-0.2,0.4636,2.17,0.07
2015-09-13,0.14,-0.2,0.4636,2.17,0.07
2015-09-14,0.14,-0.2,0.4606,2.17,0.07
2015-09-15,0.14,-0.2,0.4553,2.17,0.07
2015-09-16,0.14,-0.2,0.4528,2.17,0.07
2015-09-17,0.14,-0.2,0.4548,2.17,0.07
2015-09-18,0.14,-0.2,0.4582,2.17,0.07
2015-09-19,0.14,-0.2,0.4582,2.17,0.07
2015-09-20,0.14,-0.2,0.4582,2.17,0.07
2015-09-21,0.14,-0.2,0.4672,2.17,0.07
2015-09-22,0.14,-0.2,0.463,2.17,0.07
2015-09-23,0.14,-0.2,0.462,2.17,0.07
2015-09-24,0.14,-0.2,0.4615,2.17,0.07
2015-09-25,0.13,-0.2,0.4615,2.17,0.07
2015-09-26,0.13,-0.2,0.4615,2.17,0.07
2015-09-27,0.13,-0.2,0.4615,2.17,0.07
2015-09-28,0.13,-0.2,0.4584,2.17,0.07
2015-09-29,0.13,-0.2,0.4597,2.17,0.07
2015-09-30,0.07,-0.2,0.3518,2.17,0.07
2015-10-01,0.13,-0.2,0.4596,2.15,0.08
2015-10-02,0.13,-0.2,0.4599,2.15,0.08
2015-10-03,0.13,-0.2,0.4599,2.15,0.08
2015-10-04,0.13,-0.2,0.4599,2.15,0.08
2015-10-05,0.13,-0.2,0.4591,2.15,0.08
2015-10-06,0.13,-0.2,0.465,2.15,0.08
2015-10-07,0.13,-0.2,0.4621,2.15,0.08
2015-10-08,0.13,-0.2,0.4729,2.15,0.08
2015-10-09,0.13,-0.2,0.4692,2.15,0.08
2015-10-10,0.13,-0.2,0.4692,2.15,0.08
2015-10-11,0.13,-0.2,0.4692,2.15,0.08
2015-10-12,0.13,-0.2,0.4706,2.15,0.08
2015-10-13,0.13,-0.2,0.4577,2.15,0.08
2015-10-14,0.13,-0.2,0.4583,2.15,0.08
2015-10-15,0.13,-0.2,0.4603,2.15,0.08
2015-10-16,0.13,-0.2,0.4613,2.15,0.08
2015-10-17,0.13,-0.2,0.4613,2.15,0.08
2015-10-18,0.13,-0.2,0.4613,2.15,0.08
2015-10-19,0.13,-0.2,0.4642,2.15,0.08
2015-10-20,0.13,-0.2,0.4619,2.15,0.08
2015-10-21,0.13,-0.2,0.465,2.15,0.08
2015-10-22,0.12,-0.2,0.4649,2.15,0.08
2015-10-23,0.12,-0.2,0.4603,2.15,0.08
2015-10-24,0.12,-0.2,0.4603,2.15,0.08
2015-10-25,0.12,-0.2,0.4603,2.15,0.08
2015-10-26,0.12,-0.2,0.462,2.15,0.08
2015-10-27,0.12,-0.2,0.4633,2.15,0.08
2015-10-28,0.12,-0.2,0.46,2.15,0.08
2015-10-29,0.12,-0.2,0.4617,2.15,0.08
2015-10-30,0.07,-0.2,0.4482,2.15,0.08
2015-10-31,0.07,-0.2,0.4482,2.15,0.08
2015-11-01,0.07,-0.2,0.4482,2.22,0.08
2015-11-02,0.12,-0.2,0.4638,2.22,0.08
2015-11-03,0.12,-0.2,0.4629,2.22,0.08
2015-11-04,0.12,-0.2,0.4641,2.22,0.08
2015-11-05,0.12,-0.2,0.4646,2.22,0.08
2015-11-06,0.12,-0.2,0.4633,2.22,0.08
2015-11-07,0.12,-0.2,0.4633,2.22,0.08
2015-11-08,0.12,-0.2,0.4633,2.22,0.08
2015-11-09,0.12,-0.2,0.464,2.22,0.08
2015-11-10,0.12,-0.2,0.4667,2.22,0.08
2015-11-11,0.12,-0.2,0.4641,2.22,0.08
2015-11-12,0.12,-0.2,0.4611,2.22,0.08
2015-11-13,0.12,-0.2,0.4642,2.22,0.08
2015-11-14,0.12,-0.2,0.4642,2.22,0.08
2015-11-15,0.12,-0.2,0.4642,2.22,0.08
2015-11-16,0.13,-0.2,0.4625,2.22,0.08
2015-11-17,0.13,-0.2,0.4628,2.22,0.08
2015-11-18,0.12,-0.2,0.4639,2.22,0.08
2015-11-19,0.12,-0.2,0.4634,2.22,0.08
2015-11-20,0.12,-0.2,0.4627,2.22,0.08
2015-11-21,0.12,-0.2,0.4627,2.22,0.08
2015-11-22,0.12,-0.2,0.4627,2.22,0.08
2015-11-23,0.12,-0.2,0.4635,2.22,0.08
2015-11-24,0.12,-0.2,0.4628,2.22,0.08
2015-11-25,0.12,-0.2,0.4661,2.22,0.08
2015-11-26,0.12,-0.2,0.4621,2.22,0.08
2015-11-27,0.12,-0.2,0.4723,2.22,0.08
2015-11-28,0.12,-0.2,0.4723,2.22,0.08
2015-11-29,0.12,-0.2,0.4723,2.22,0.08
2015-11-30,0.08,-0.2,0.4539,2.22,0.08
2015-12-01,0.13,-0.2,0.4617,2.34,0.07
2015-12-02,0.13,-0.2,0.4638,2.34,0.07
2015-12-03,0.13,-0.2,0.4626,2.34,0.07
2015-12-04,0.13,-0.2,0.4622,2.34,0.07
2015-12-05,0.13,-0.2,0.4622,2.34,0.07
2015-12-06,0.13,-0.2,0.4622,2.34,0.07
2015-12-07,0.13,-0.2,0.4715,2.34,0.07
2015-12-08,0.13,-0.2,0.4615,2.34,0.07
2015-12-09,0.14,-0.3,0.4638,2.34,0.07
2015-12-10,0.14,-0.3,0.4613,2.34,0.07
2015-12-11,0.14,-0.3,0.4623,2.34,0.07
2015-12-12,0.14,-0.3,0.4623,2.34,0.07
2015-12-13,0.14,-0.3,0.4623,2.34,0.07
2015-12-14,0.15,-0.3,0.4642,2.34,0.07
2015-12-15,0.15,-0.3,0.4614,2.34,0.07
2015-12-16,0.15,-0.3,0.4644,2.34,0.07
2015-12-17,0.37,-0.3,0.4629,2.34,0.07
2015-12-18,0.37,-0.3,0.4673,2.34,0.07
2015-12-19,0.37,-0.3,0.4673,2.34,0.07
2015-12-20,0.37,-0.3,0.4673,2.34,0.07
2015-12-21,0.36,-0.3,0.4619,2.34,0.07
2015-12-22,0.36,-0.3,0.4617,2.34,0.07
2015-12-23,0.36,-0.3,0.4607,2.34,0.07
2015-12-24,0.36,-0.3,0.4604,2.34,0.07
2015-12-25,0.36,-0.3,0.4604,2.34,0.07
2015-12-26,0.36,-0.3,0.4604,2.34,0.07
2015-12-27,0.36,-0.3,0.4604,2.34,0.07
2015-12-28,0.36,-0.3,0.4604,2.34,0.07
2015-12-29,0.36,-0.3,0.4618,2.34,0.07
2015-12-30,0.35,-0.3,0.4618,2.34,0.07
2015-12-31,0.2,-0.3,0.3475,2.34,0.07
2016-01-01,0.2,-0.3,0.3475,2.3,0.07
2016-01-02,0.2,-0.3,0.3475,2.3,0.07
2016-01-03,0.2,-0.3,0.3475,2.3,0.07
2016-01-04,0.36,-0.3,0.4648,2.3,0.07
2016-01-05,0.36,-0.3,0.4676,2.3,0.07
2016-01-06,0.36,-0.3,0.4717,2.3,0.07
2016-01-07,0.36,-0.3,0.4668,2.3,0.07
2016-01-08,0.36,-0.3,0.466,2.3,0.07
2016-01-09,0.36,-0.3,0.466,2.3,0.07
2016-01-10,0.36,-0.3,0.466,2.3,0.07
2016-01-11,0.36,-0.3,0.4638,2.3,0.07
2016-01-12,0.36,-0.3,0.4636,2.3,0.07
2016-01-13,0.36,-0.3,0.4636,2.3,0.07
2016-01-14,0.36,-0.3,0.4635,2.3,0.07
2016-01-15,0.36,-0.3,0.468,2.3,0.07
2016-01-16,0.36,-0.3,0.468,2.3,0.07
2016-01-17,0.36,-0.3,0.468,2.3,0.07
2016-01-18,0.36,-0.3,0.4644,2.3,0.07
2016-01-19,0.36,-0.3,0.4632,2.3,0.07
2016-01-20,0.37,-0.3,0.4638,2.3,0.07
2016-01-21,0.37,-0.3,0.4693,2.3,0.07
2016-01-22,0.38,-0.3,0.4716,2.3,0.07
2016-01-23,0.38,-0.3,0.4716,2.3,0.07
2016-01-24,0.38,-0.3,0.4716,2.3,0.07
2016-01-25,0.38,-0.3,0.472,2.3,0.07
2016-01-26,0.38,-0.3,0.4669,2.3,0.07
2016-01-27,0.38,-0.3,0.468,2.3,0.07
2016-01-28,0.38,-0.3,0.4668,2.3,0.07
2016-01-29,0.29,-0.3,0.4517,2.3,0.07
2016-01-30,0.29,-0.3,0.4517,2.3,0.07
2016-01-31,0.29,-0.3,0.4517,2.3,0.07
2016-02-01,0.38,-0.3,0.466,2.28,0.03
2016-02-02,0.38,-0.3,0.4663,2.28,0.03
2016-02-03,0.38,-0.3,0.4671,2.28,0.03
2016-02-04,0.38,-0.3,0.4686,2.28,0.03
2016-02-05,0.38,-0.3,0.4672,2.28,0.03
2016-02-06,0.38,-0.3,0.4672,2.28,0.03
2016-02-07,0.38,-0.3,0.4672,2.28,0.03
2016-02-08,0.38,-0.3,0.4674,2.28,0.03
2016-02-09,0.38,-0.3,0.4671,2.28,0.03
2016-02-10,0.38,-0.3,0.4666,2.28,0.03
2016-02-11,0.38,-0.3,0.467,2.28,0.03
2016-02-12,0.38,-0.3,0.4678,2.28,0.03
2016-02-13,0.38,-0.3,0.4678,2.28,0.03
2016-02-14,0.38,-0.3,0.4678,2.28,0.03
2016-02-15,0.38,-0.3,0.4669,2.28,0.03
2016-02-16,0.38,-0.3,0.472,2.28,0.03
2016-02-17,0.37,-0.3,0.4627,2.28,0.03
2016-02-18,0.38,-0.3,0.4618,2.28,0.03
2016-02-19,0.38,-0.3,0.4624,2.28,0.03
2016-02-20,0.38,-0.3,0.4624,2.28,0.03
2016-02-21,0.38,-0.3,0.4624,2.28,0.03
2016-02-22,0.38,-0.3,0.4668,2.28,0.03
2016-02-23,0.38,-0.3,0.4608,2.28,0.03
2016-02-24,0.38,-0.3,0.4637,2.28,0.03
2016-02-25,0.37,-0.3,0.4632,2.28,0.03
2016-02-26,0.37,-0.3,0.4728,2.28,0.03
2016-02-27,0.37,-0.3,0.4728,2.28,0.03
2016-02-28,0.37,-0.3,0.4728,2.28,0.03
2016-02-29,0.29,-0.3,0.4545,2.28,0.03
2016-03-01,0.36,-0.3,0.4672,2.31,-0.003
2016-03-02,0.37,-0.3,0.466,2.31,-0.003
2016-03-03,0.37,-0.3,0.4666,2.31,-0.003
2016-03-04,0.36,-0.3,0.4712,2.31,-0.003
2016-03-05,0.36,-0.3,0.4712,2.31,-0.003
2016-03-06,0.36,-0.3,0.4712,2.31,-0.003
2016-03-07,0.36,-0.3,0.4688,2.31,-0.003
2016-03-08,0.36,-0.3,0.4666,2.31,-0.003
2016-03-09,0.36,-0.3,0.4665,2.31,-0.003
2016-03-10,0.36,-0.3,0.4681,2.31,-0.003
2016-03-11,0.36,-0.3,0.472,2.31,-0.003
2016-03-12,0.36,-0.3,0.472,2.31,-0.003
2016-03-13,0.36,-0.3,0.472,2.31,-0.003
2016-03-14,0.36,-0.3,0.4689,2.31,-0.003
2016-03-15,0.37,-0.3,0.466,2.31,-0.003
2016-03-16,0.37,-0.4,0.467,2.31,-0.003
2016-03-17,0.37,-0.4,0.4636,2.31,-0.003
2016-03-18,0.37,-0.4,0.4664,2.31,-0.003
2016-03-19,0.37,-0.4,0.4664,2.31,-0.003
2016-03-20,0.37,-0.4,0.4664,2.31,-0.003
2016-03-21,0.37,-0.4,0.4685,2.31,-0.003
2016-03-22,0.37,-0.4,0.464,2.31,-0.003
2016-03-23,0.37,-0.4,0.4694,2.31,-0.003
2016-03-24,0.37,-0.4,0.4679,2.31,-0.003
2016-03-25,0.37,-0.4,0.4679,2.31,-0.003
2016-03-26,0.37,-0.4,0.4679,2.31,-0.003
2016-03-27,0.37,-0.4,0.4679,2.31,-0.003
2016-03-28,0.37,-0.4,0.4679,2.31,-0.003
2016-03-29,0.37,-0.4,0.4656,2.31,-0.003
2016-03-30,0.37,-0.4,0.4638,2.31,-0.003
2016-03-31,0.25,-0.4,0.4128,2.31,-0.003
2016-04-01,0.37,-0.4,0.4651,2.26,-0.036
2016-04-02,0.37,-0.4,0.4651,2.26,-0.036
2016-04-03,0.37,-0.4,0.4651,2.26,-0.036
2016-04-04,0.37,-0.4,0.4632,2.26,-0.036
2016-04-05,0.37,-0.4,0.4669,2.26,-0.036
2016-04-06,0.37,-0.4,0.4666,2.26,-0.036
2016-04-07,0.37,-0.4,0.4643,2.26,-0.036
2016-04-08,0.37,-0.4,0.466,2.26,-0.036
2016-04-09,0.37,-0.4,0.466,2.26,-0.036
2016-04-10,0.37,-0.4,0.466,2.26,-0.036
2016-04-11,0.37,-0.4,0.4665,2.26,-0.036
2016-04-12,0.37,-0.4,0.4722,2.26,-0.036
2016-04-13,0.37,-0.4,0.4696,2.26,-0.036
2016-04-14,0.37,-0.4,0.4717,2.26,-0.036
2016-04-15,0.37,-0.4,0.4719,2.26,-0.036
2016-04-16,0.37,-0.4,0.4719,2.26,-0.036
2016-04-17,0.37,-0.4,0.4719,2.26,-0.036
2016-04-18,0.37,-0.4,0.4699,2.26,-0.036
2016-04-19,0.37,-0.4,0.4706,2.26,-0.036
2016-04-20,0.37,-0.4,0.4646,2.26,-0.036
2016-04-21,0.37,-0.4,0.4641,2.26,-0.036
2016-04-22,0.37,-0.4,0.4711,2.26,-0.036
2016-04-23,0.37,-0.4,0.4711,2.26,-0.036
2016-04-24,0.37,-0.4,0.4711,2.26,-0.036
2016-04-25,0.37,-0.4,0.4679,2.26,-0.036
2016-04-26,0.37,-0.4,0.4613,2.26,-0.036
2016-04-27,0.37,-0.4,0.4594,2.26,-0.036
2016-04-28,0.37,-0.4,0.4616,2.26,-0.036
2016-04-29,0.3,-0.4,0.4584,2.26,-0.036
2016-04-30,0.3,-0.4,0.4584,2.26,-0.036
2016-05-01,0.3,-0.4,0.4584,2.0,-0.059
2016-05-02,0.37,-0.4,0.4584,2.0,-0.059
2016-05-03,0.37,-0.4,0.4609,2.0,-0.059
2016-05-04,0.37,-0.4,0.4707,2.0,-0.059
2016-05-05,0.37,-0.4,0.4619,2.0,-0.059
2016-05-06,0.37,-0.4,0.4631,2.0,-0.059
2016-05-07,0.37,-0.4,0.4631,2.0,-0.059
2016-05-08,0.37,-0.4,0.4631,2.0,-0.059
2016-05-09,0.37,-0.4,0.463,2.0,-0.059
2016-05-10,0.37,-0.4,0.4606,2.0,-0.059
2016-05-11,0.37,-0.4,0.4609,2.0,-0.059
2016-05-12,0.37,-0.4,0.461,2.0,-0.059
2016-05-13,0.37,-0.4,0.4635,2.0,-0.059
2016-05-14,0.37,-0.4,0.4635,2.0,-0.059
2016-05-15,0.37,-0.4,0.4635,2.0,-0.059
2016-05-16,0.37,-0.4,0.4633,2.0,-0.059
2016-05-17,0.37,-0.4,0.4629,2.0,-0.059
2016-05-18,0.37,-0.4,0.4648,2.0,-0.059
2016-05-19,0.37,-0.4,0.4649,2.0,-0.059
2016-05-20,0.37,-0.4,0.4642,2.0,-0.059
2016-05-21,0.37,-0.4,0.4642,2.0,-0.059
2016-05-22,0.37,-0.4,0.4642,2.0,-0.059
2016-05-23,0.37,-0.4,0.4623,2.0,-0.059
2016-05-24,0.37,-0.4,0.4669,2.0,-0.059
2016-05-25,0.37,-0.4,0.4651,2.0,-0.059
2016-05-26,0.37,-0.4,0.4653,2.0,-0.059
2016-05-27,0.37,-0.4,0.4666,2.0,-0.059
2016-05-28,0.37,-0.4,0.4666,2.0,-0.059
2016-05-29,0.37,-0.4,0.4666,2.0,-0.059
2016-05-30,0.37,-0.4,0.4666,2.0,-0.059
2016-05-31,0.29,-0.4,0.4542,2.0,-0.059
2016-06-01,0.37,-0.4,0.4633,1.99,-0.055
2016-06-02,0.37,-0.4,0.461,1.99,-0.055
2016-06-03,0.37,-0.4,0.4651,1.99,-0.055
2016-06-04,0.37,-0.4,0.4651,1.99,-0.055
2016-06-05,0.37,-0.4,0.4651,1.99,-0.055
2016-06-06,0.37,-0.4,0.4624,1.99,-0.055
2016-06-07,0.37,-0.4,0.4632,1.99,-0.055
2016-06-08,0.37,-0.4,0.4607,1.99,-0.055
2016-06-09,0.37,-0.4,0.4612,1.99,-0.055
2016-06-10,0.37,-0.4,0.4607,1.99,-0.055
2016-06-11,0.37,-0.4,0.4607,1.99,-0.055
2016-06-12,0.37,-0.4,0.4607,1.99,-0.055
2016-06-13,0.37,-0.4,0.4578,1.99,-0.055
2016-06-14,0.37,-0.4,0.4593,1.99,-0.055
2016-06-15,0.37,-0.4,0.4597,1.99,-0.055
2016-06-16,0.38,-0.4,0.464,1.99,-0.055
2016-06-17,0.38,-0.4,0.4613,1.99,-0.055
2016-06-18,0.38,-0.4,0.4613,1.99,-0.055
2016-06-19,0.38,-0.4,0.4613,1.99,-0.055
2016-06-20,0.38,-0.4,0.4604,1.99,-0.055
2016-06-21,0.38,-0.4,0.4589,1.99,-0.055
2016-06-22,0.38,-0.4,0.4618,1.99,-0.055
2016-06-23,0.39,-0.4,0.4604,1.99,-0.055
2016-06-24,0.4,-0.4,0.4581,1.99,-0.055
2016-06-25,0.4,-0.4,0.4581,1.99,-0.055
2016-06-26,0.4,-0.4,0.4581,1.99,-0.055
2016-06-27,0.41,-0.4,0.4584,1.99,-0.055
2016-06-28,0.41,-0.4,0.4585,1.99,-0.055
2016-06-29,0.41,-0.4,0.4569,1.99,-0.055
2016-06-30,0.3,-0.4,0.4416,1.99,-0.055
2016-07-01,0.41,-0.4,0.4635,1.93,-0.043
2016-07-02,0.41,-0.4,0.4635,1.93,-0.043
2016-07-03,0.41,-0.4,0.4635,1.93,-0.043
2016-07-04,0.41,-0.4,0.4655,1.93,-0.043
2016-07-05,0.4,-0.4,0.4601,1.93,-0.043
2016-07-06,0.4,-0.4,0.4608,1.93,-0.043
2016-07-07,0.4,-0.4,0.4612,1.93,-0.043
2016-07-08,0.4,-0.4,0.461,1.93,-0.043
2016-07-09,0.4,-0.4,0.461,1.93,-0.043
2016-07-10,0.4,-0.4,0.461,1.93,-0.043
2016-07-11,0.4,-0.4,0.4603,1.93,-0.043
2016-07-12,0.4,-0.4,0.4598,1.93,-0.043
2016-07-13,0.4,-0.4,0.4593,1.93,-0.043
2016-07-14,0.4,-0.4,0.3954,1.93,-0.043
2016-07-15,0.4,-0.4,0.4666,1.93,-0.043
2016-07-16,0.4,-0.4,0.4666,1.93,-0.043
2016-07-17,0.4,-0.4,0.4666,1.93,-0.043
2016-07-18,0.4,-0.4,0.4617,1.93,-0.043
2016-07-19,0.4,-0.4,0.4581,1.93,-0.043
2016-07-20,0.4,-0.4,0.4615,1.93,-0.043
2016-07-21,0.4,-0.4,0.4671,1.93,-0.043
2016-07-22,0.4,-0.4,0.4632,1.93,-0.043
2016-07-23,0.4,-0.4,0.4632,1.93,-0.043
2016-07-24,0.4,-0.4,0.4632,1.93,-0.043
2016-07-25,0.4,-0.4,0.4565,1.93,-0.043
2016-07-26,0.4,-0.4,0.4603,1.93,-0.043
2016-07-27,0.4,-0.4,0.4589,1.93,-0.043
2016-07-28,0.4,-0.4,0.4575,1.93,-0.043
2016-07-29,0.3,-0.4,0.4534,1.93,-0.043
2016-07-30,0.3,-0.4,0.4534,1.93,-0.043
2016-07-31,0.3,-0.4,0.4534,1.93,-0.043
2016-08-01,0.4,-0.4,0.457,1.76,-0.043
2016-08-02,0.4,-0.4,0.4604,1.76,-0.043
2016-08-03,0.4,-0.4,0.4565,1.76,-0.043
2016-08-04,0.4,-0.4,0.246,1.76,-0.043
2016-08-05,0.4,-0.4,0.2139,1.76,-0.043
2016-08-06,0.4,-0.4,0.2139,1.76,-0.043
2016-08-07,0.4,-0.4,0.2139,1.76,-0.043
2016-08-08,0.4,-0.4,0.2175,1.76,-0.043
2016-08-09,0.4,-0.4,0.2107,1.76,-0.043
2016-08-10,0.4,-0.4,0.2122,1.76,-0.043
2016-08-11,0.4,-0.4,0.2141,1.76,-0.043
2016-08-12,0.4,-0.4,0.2111,1.76,-0.043
2016-08-13,0.4,-0.4,0.2111,1.76,-0.043
2016-08-14,0.4,-0.4,0.2111,1.76,-0.043
2016-08-15,0.4,-0.4,0.211,1.76,-0.043
2016-08-16,0.4,-0.4,0.2115,1.76,-0.043
2016-08-17,0.4,-0.4,0.2098,1.76,-0.043
2016-08-18,0.4,-0.4,0.2118,1.76,-0.043
2016-08-19,0.4,-0.4,0.2146,1.76,-0.043
2016-08-20,0.4,-0.4,0.2146,1.76,-0.043
2016-08-21,0.4,-0.4,0.2146,1.76,-0.043
2016-08-22,0.4,-0.4,0.2133,1.76,-0.043
2016-08-23,0.4,-0.4,0.2138,1.76,-0.043
2016-08-24,0.4,-0.4,0.2153,1.76,-0.043
2016-08-25,0.4,-0.4,0.2174,1.76,-0.043
2016-08-26,0.4,-0.4,0.2152,1.76,-0.043
2016-08-27,0.4,-0.4,0.2152,1.76,-0.043
2016-08-28,0.4,-0.4,0.2152,1.76,-0.043
2016-08-29,0.4,-0.4,0.2152,1.76,-0.043
2016-08-30,0.4,-0.4,0.2161,1.76,-0.043
2016-08-31,0.3,-0.4,0.2018,1.76,-0.043
2016-09-01,0.4,-0.4,0.2144,1.73,-0.052
2016-09-02,0.4,-0.4,0.214,1.73,-0.052
2016-09-03,0.4,-0.4,0.214,1.73,-0.052
2016-09-04,0.4,-0.4,0.214,1.73,-0.052
2016-09-05,0.4,-0.4,0.2168,1.73,-0.052
2016-09-06,0.4,-0.4,0.2159,1.73,-0.052
2016-09-07,0.4,-0.4,0.2173,1.73,-0.052
2016-09-08,0.4,-0.4,0.2189,1.73,-0.052
2016-09-09,0.4,-0.4,0.219,1.73,-0.052
2016-09-10,0.4,-0.4,0.219,1.73,-0.052
2016-09-11,0.4,-0.4,0.219,1.73,-0.052
2016-09-12,0.4,-0.4,0.2198,1.73,-0.052
2016-09-13,0.4,-0.4,0.22,1.73,-0.052
2016-09-14,0.4,-0.4,0.2197,1.73,-0.052
2016-09-15,0.4,-0.4,0.2156,1.73,-0.052
2016-09-16,0.4,-0.4,0.2141,1.73,-0.052
2016-09-17,0.4,-0.4,0.2141,1.73,-0.052
2016-09-18,0.4,-0.4,0.2141,1.73,-0.052
2016-09-19,0.4,-0.4,0.2134,1.73,-0.052
2016-09-20,0.4,-0.4,0.213,1.73,-0.052
2016-09-21,0.4,-0.4,0.2155,1.73,-0.052
2016-09-22,0.4,-0.4,0.2073,1.73,-0.052
2016-09-23,0.4,-0.4,0.2152,1.73,-0.052
2016-09-24,0.4,-0.4,0.2152,1.73,-0.052
2016-09-25,0.4,-0.4,0.2152,1.73,-0.052
2016-09-26,0.4,-0.4,0.2124,1.73,-0.052
2016-09-27,0.4,-0.4,0.2139,1.73,-0.052
2016-09-28,0.4,-0.4,0.2144,1.73,-0.052
2016-09-29,0.4,-0.4,0.2136,1.73,-0.052
2016-09-30,0.29,-0.4,0.1624,1.73,-0.052
2016-10-01,0.29,-0.4,0.1624,1.74,-0.037
2016-10-02,0.29,-0.4,0.1624,1.74,-0.037
2016-10-03,0.4,-0.4,0.2139,1.74,-0.037
2016-10-04,0.4,-0.4,0.2139,1.74,-0.037
2016-10-05,0.4,-0.4,0.2104,1.74,-0.037
2016-10-06,0.4,-0.4,0.2157,1.74,-0.037
2016-10-07,0.4,-0.4,0.2134,1.74,-0.037
2016-10-08,0.4,-0.4,0.2134,1.74,-0.037
2016-10-09,0.4,-0.4,0.2134,1.74,-0.037
2016-10-10,0.4,-0.4,0.2166,1.74,-0.037
2016-10-11,0.41,-0.4,0.2148,1.74,-0.037
2016-10-12,0.41,-0.4,0.2174,1.74,-0.037
2016-10-13,0.41,-0.4,0.214,1.74,-0.037
2016-10-14,0.41,-0.4,0.2109,1.74,-0.037
2016-10-15,0.41,-0.4,0.2109,1.74,-0.037
2016-10-16,0.41,-0.4,0.2109,1.74,-0.037
2016-10-17,0.41,-0.4,0.2113,1.74,-0.037
2016-10-18,0.41,-0.4,0.2112,1.74,-0.037
2016-10-19,0.41,-0.4,0.2136,1.74,-0.037
2016-10-20,0.41,-0.4,0.2125,1.74,-0.037
2016-10-21,0.41,-0.4,0.2112,1.74,-0.037
2016-10-22,0.41,-0.4,0.2112,1.74,-0.037
2016-10-23,0.41,-0.4,0.2112,1.74,-0.037
2016-10-24,0.41,-0.4,0.2115,1.74,-0.037
2016-10-25,0.41,-0.4,0.2117,1.74,-0.037
2016-10-26,0.41,-0.4,0.2105,1.74,-0.037
2016-10-27,0.41,-0.4,0.209,1.74,-0.037
2016-10-28,0.41,-0.4,0.2092,1.74,-0.037
2016-10-29,0.41,-0.4,0.2092,1.74,-0.037
2016-10-30,0.41,-0.4,0.2092,1.74,-0.037
2016-10-31,0.31,-0.4,0.1999,1.74,-0.037
2016-11-01,0.41,-0.4,0.2122,1.76,-0.049
2016-11-02,0.41,-0.4,0.2082,1.76,-0.049
2016-11-03,0.41,-0.4,0.2121,1.76,-0.049
2016-11-04,0.41,-0.4,0.2106,1.76,-0.049
2016-11-05,0.41,-0.4,0.2106,1.76,-0.049
2016-11-06,0.41,-0.4,0.2106,1.76,-0.049
2016-11-07,0.41,-0.4,0.2108,1.76,-0.049
2016-11-08,0.41,-0.4,0.2116,1.76,-0.049
2016-11-09,0.41,-0.4,0.2102,1.76,-0.049
2016-11-10,0.41,-0.4,0.2137,1.76,-0.049
2016-11-11,0.41,-0.4,0.214,1.76,-0.049
2016-11-12,0.41,-0.4,0.214,1.76,-0.049
2016-11-13,0.41,-0.4,0.214,1.76,-0.049
2016-11-14,0.41,-0.4,0.2106,1.76,-0.049
2016-11-15,0.41,-0.4,0.2106,1.76,-0.049
2016-11-16,0.41,-0.4,0.2103,1.76,-0.049
2016-11-17,0.41,-0.4,0.2101,1.76,-0.049
2016-11-18,0.41,-0.4,0.2117,1.76,-0.049
2016-11-19,0.41,-0.4,0.2117,1.76,-0.049
2016-11-20,0.41,-0.4,0.2117,1.76,-0.049
2016-11-21,0.41,-0.4,0.2099,1.76,-0.049
2016-11-22,0.41,-0.4,0.2108,1.76,-0.049
2016-11-23,0.41,-0.4,0.2119,1.76,-0.049
2016-11-24,0.41,-0.4,0.2118,1.76,-0.049
2016-11-25,0.41,-0.4,0.2106,1.76,-0.049
2016-11-26,0.41,-0.4,0.2106,1.76,-0.049
2016-11-27,0.41,-0.4,0.2106,1.76,-0.049
2016-11-28,0.41,-0.4,0.2129,1.76,-0.049
2016-11-29,0.41,-0.4,0.2116,1.76,-0.049
2016-11-30,0.31,-0.4,0.2024,1.76,-0.049
2016-12-01,0.41,-0.4,0.2147,1.78,-0.044
2016-12-02,0.41,-0.4,0.2115,1.78,-0.044
2016-12-03,0.41,-0.4,0.2115,1.78,-0.044
2016-12-04,0.41,-0.4,0.2115,1.78,-0.044
2016-12-05,0.41,-0.4,0.2134,1.78,-0.044
2016-12-06,0.41,-0.4,0.2114,1.78,-0.044
2016-12-07,0.41,-0.4,0.2118,1.78,-0.044
2016-12-08,0.41,-0.4,0.2161,1.78,-0.044
2016-12-09,0.41,-0.4,0.2127,1.78,-0.044
2016-12-10,0.41,-0.4,0.2127,1.78,-0.044
2016-12-11,0.41,-0.4,0.2127,1.78,-0.044
2016-12-12,0.41,-0.4,0.2125,1.78,-0.044
2016-12-13,0.41,-0.4,0.2163,1.78,-0.044
2016-12-14,0.41,-0.4,0.2122,1.78,-0.044
2016-12-15,0.66,-0.4,0.2201,1.78,-0.044
2016-12-16,0.66,-0.4,0.2144,1.78,-0.044
2016-12-17,0.66,-0.4,0.2144,1.78,-0.044
2016-12-18,0.66,-0.4,0.2144,1.78,-0.044
2016-12-19,0.66,-0.4,0.2177,1.78,-0.044
2016-12-20,0.66,-0.4,0.2207,1.78,-0.044
2016-12-21,0.66,-0.4,0.2203,1.78,-0.044
2016-12-22,0.66,-0.4,0.2137,1.78,-0.044
2016-12-23,0.66,-0.4,0.2151,1.78,-0.044
2016-12-24,0.66,-0.4,0.2151,1.78,-0.044
2016-12-25,0.66,-0.4,0.2151,1.78,-0.044
2016-12-26,0.66,-0.4,0.2151,1.78,-0.044
2016-12-27,0.66,-0.4,0.2151,1.78,-0.044
2016-12-28,0.66,-0.4,0.2185,1.78,-0.044
2016-12-29,0.66,-0.4,0.215,1.78,-0.044
2016-12-30,0.55,-0.4,0.1618,1.78,-0.044
2016-12-31,0.55,-0.4,0.1618,1.78,-0.044
2017-01-01,0.55,-0.4,0.1618,1.78,-0.045
2017-01-02,0.55,-0.4,0.1618,1.78,-0.045
2017-01-03,0.66,-0.4,0.2177,1.78,-0.045
2017-01-04,0.66,-0.4,0.2143,1.78,-0.045
2017-01-05,0.66,-0.4,0.2132,1.78,-0.045
2017-01-06,0.66,-0.4,0.2126,1.78,-0.045
2017-01-07,0.66,-0.4,0.2126,1.78,-0.045
2017-01-08,0.66,-0.4,0.2126,1.78,-0.045
2017-01-09,0.66,-0.4,0.214,1.78,-0.045
2017-01-10,0.66,-0.4,0.2122,1.78,-0.045
2017-01-11,0.66,-0.4,0.2113,1.78,-0.045
2017-01-12,0.66,-0.4,0.2128,1.78,-0.045
2017-01-13,0.66,-0.4,0.2127,1.78,-0.045
2017-01-14,0.66,-0.4,0.2127,1.78,-0.045
2017-01-15,0.66,-0.4,0.2127,1.78,-0.045
2017-01-16,0.66,-0.4,0.2125,1.78,-0.045
2017-01-17,0.66,-0.4,0.2129,1.78,-0.045
2017-01-18,0.66,-0.4,0.2139,1.78,-0.045
2017-01-19,0.66,-0.4,0.2139,1.78,-0.045
2017-01-20,0.66,-0.4,0.2154,1.78,-0.045
2017-01-21,0.66,-0.4,0.2154,1.78,-0.045
2017-01-22,0.66,-0.4,0.2154,1.78,-0.045
2017-01-23,0.66,-0.4,0.2152,1.78,-0.045
2017-01-24,0.66,-0.4,0.2131,1.78,-0.045
2017-01-25,0.66,-0.4,0.2138,1.78,-0.045
2017-01-26,0.66,-0.4,0.2132,1.78,-0.045
2017-01-27,0.66,-0.4,0.2162,1.78,-0.045
2017-01-28,0.66,-0.4,0.2162,1.78,-0.045
2017-01-29,0.66,-0.4,0.2162,1.78,-0.045
2017-01-30,0.66,-0.4,0.215,1.78,-0.045
2017-01-31,0.56,-0.4,0.2078,1.78,-0.045
2017-02-01,0.66,-0.4,0.211,1.78,-0.038
2017-02-02,0.66,-0.4,0.2123,1.78,-0.038
2017-02-03,0.66,-0.4,0.2118,1.78,-0.038
2017-02-04,0.66,-0.4,0.2118,1.78,-0.038
2017-02-05,0.66,-0.4,0.2118,1.78,-0.038
2017-02-06,0.66,-0.4,0.212,1.78,-0.038
2017-02-07,0.66,-0.4,0.2103,1.78,-0.038
2017-02-08,0.66,-0.4,0.2105,1.78,-0.038
2017-02-09,0.66,-0.4,0.208,1.78,-0.038
2017-02-10,0.66,-0.4,0.2101,1.78,-0.038
2017-02-11,0.66,-0.4,0.2101,1.78,-0.038
2017-02-12,0.66,-0.4,0.2101,1.78,-0.038
2017-02-13,0.66,-0.4,0.209,1.78,-0.038
2017-02-14,0.66,-0.4,0.2097,1.78,-0.038
2017-02-15,0.66,-0.4,0.2083,1.78,-0.038
2017-02-16,0.66,-0.4,0.2109,1.78,-0.038
2017-02-17,0.66,-0.4,0.2115,1.78,-0.038
2017-02-18,0.66,-0.4,0.2115,1.78,-0.038
2017-02-19,0.66,-0.4,0.2115,1.78,-0.038
2017-02-20,0.66,-0.4,0.2112,1.78,-0.038
2017-02-21,0.66,-0.4,0.2131,1.78,-0.038
2017-02-22,0.66,-0.4,0.2172,1.78,-0.038
2017-02-23,0.66,-0.4,0.2099,1.78,-0.038
2017-02-24,0.66,-0.4,0.212,1.78,-0.038
2017-02-25,0.66,-0.4,0.212,1.78,-0.038
2017-02-26,0.66,-0.4,0.212,1.78,-0.038
2017-02-27,0.66,-0.4,0.2111,1.78,-0.038
2017-02-28,0.57,-0.4,0.203,1.78,-0.038
2017-03-01,0.66,-0.4,0.2119,1.79,-0.042
2017-03-02,0.66,-0.4,0.2112,1.79,-0.042
2017-03-03,0.66,-0.4,0.2102,1.79,-0.042
2017-03-04,0.66,-0.4,0.2102,1.79,-0.042
2017-03-05,0.66,-0.4,0.2102,1.79,-0.042
2017-03-06,0.66,-0.4,0.2118,1.79,-0.042
2017-03-07,0.66,-0.4,0.2109,1.79,-0.042
2017-03-08,0.66,-0.4,0.2111,1.79,-0.042
2017-03-09,0.66,-0.4,0.2114,1.79,-0.042
2017-03-10,0.66,-0.4,0.213,1.79,-0.042
2017-03-11,0.66,-0.4,0.213,1.79,-0.042
2017-03-12,0.66,-0.4,0.213,1.79,-0.042
2017-03-13,0.66,-0.4,0.2101,1.79,-0.042
2017-03-14,0.66,-0.4,0.2106,1.79,-0.042
2017-03-15,0.66,-0.4,0.2105,1.79,-0.042
2017-03-16,0.91,-0.4,0.2094,1.79,-0.042
2017-03-17,0.91,-0.4,0.2099,1.79,-0.042
2017-03-18,0.91,-0.4,0.2099,1.79,-0.042
2017-03-19,0.91,-0.4,0.2099,1.79,-0.042
2017-03-20,0.91,-0.4,0.2109,1.79,-0.042
2017-03-21,0.91,-0.4,0.2124,1.79,-0.042
2017-03-22,0.91,-0.4,0.2104,1.79,-0.042
2017-03-23,0.91,-0.4,0.2126,1.79,-0.042
2017-03-24,0.91,-0.4,0.2127,1.79,-0.042
2017-03-25,0.91,-0.4,0.2127,1.79,-0.042
2017-03-26,0.91,-0.4,0.2127,1.79,-0.042
2017-03-27,0.91,-0.4,0.2092,1.79,-0.042
2017-03-28,0.91,-0.4,0.21,1.79,-0.042
2017-03-29,0.91,-0.4,0.2116,1.79,-0.042
2017-03-30,0.91,-0.4,0.2136,1.79,-0.042
2017-03-31,0.82,-0.4,0.174,1.79,-0.042
2017-04-01,0.82,-0.4,0.174,1.77,-0.054
2017-04-02,0.82,-0.4,0.174,1.77,-0.054
2017-04-03,0.91,-0.4,0.2107,1.77,-0.054
2017-04-04,0.91,-0.4,0.2112,1.77,-0.054
2017-04-05,0.91,-0.4,0.2095,1.77,-0.054
2017-04-06,0.91,-0.4,0.211,1.77,-0.054
2017-04-07,0.91,-0.4,0.2108,1.77,-0.054
2017-04-08,0.91,-0.4,0.2108,1.77,-0.054
2017-04-09,0.91,-0.4,0.2108,1.77,-0.054
2017-04-10,0.91,-0.4,0.2116,1.77,-0.054
2017-04-11,0.91,-0.4,0.2112,1.77,-0.054
2017-04-12,0.91,-0.4,0.2101,1.77,-0.054
2017-04-13,0.91,-0.4,0.2122,1.77,-0.054
2017-04-14,0.91,-0.4,0.2122,1.77,-0.054
2017-04-15,0.91,-0.4,0.2122,1.77,-0.054
2017-04-16,0.91,-0.4,0.2122,1.77,-0.054
2017-04-17,0.91,-0.4,0.2122,1.77,-0.054
2017-04-18,0.91,-0.4,0.2112,1.77,-0.054
2017-04-19,0.91,-0.4,0.2117,1.77,-0.054
2017-04-20,0.91,-0.4,0.2124,1.77,-0.054
2017-04-21,0.91,-0.4,0.2121,1.77,-0.054
2017-04-22,0.91,-0.4,0.2121,1.77,-0.054
2017-04-23,0.91,-0.4,0.2121,1.77,-0.054
2017-04-24,0.91,-0.4,0.2118,1.77,-0.054
2017-04-25,0.91,-0.4,0.2122,1.77,-0.054
2017-04-26,0.91,-0.4,0.2127,1.77,-0.054
2017-04-27,0.91,-0.4,0.2111,1.77,-0.054
2017-04-28,0.83,-0.4,0.2108,1.77,-0.054
2017-04-29,0.83,-0.4,0.2108,1.77,-0.054
2017-04-30,0.83,-0.4,0.2108,1.77,-0.054
2017-05-01,0.91,-0.4,0.2108,1.73,-0.053
2017-05-02,0.91,-0.4,0.2111,1.73,-0.053
2017-05-03,0.91,-0.4,0.2104,1.73,-0.053
2017-05-04,0.91,-0.4,0.2106,1.73,-0.053
2017-05-05,0.91,-0.4,0.2136,1.73,-0.053
2017-05-06,0.91,-0.4,0.2136,1.73,-0.053
2017-05-07,0.91,-0.4,0.2136,1.73,-0.053
2017-05-08,0.91,-0.4,0.2136,1.73,-0.053
2017-05-09,0.91,-0.4,0.2142,1.73,-0.053
2017-05-10,0.91,-0.4,0.2155,1.73,-0.053
2017-05-11,0.91,-0.4,0.2131,1.73,-0.053
2017-05-12,0.91,-0.4,0.2146,1.73,-0.053
2017-05-13,0.91,-0.4,0.2146,1.73,-0.053
2017-05-14,0.91,-0.4,0.2146,1.73,-0.053
2017-05-15,0.91,-0.4,0.2137,1.73,-0.053
2017-05-16,0.91,-0.4,0.2142,1.73,-0.053
2017-05-17,0.91,-0.4,0.2147,1.73,-0.053
2017-05-18,0.91,-0.4,0.2133,1.73,-0.053
2017-05-19,0.91,-0.4,0.2137,1.73,-0.053
2017-05-20,0.91,-0.4,0.2137,1.73,-0.053
2017-05-21,0.91,-0.4,0.2137,1.73,-0.053
2017-05-22,0.91,-0.4,0.2114,1.73,-0.053
2017-05-23,0.91,-0.4,0.2112,1.73,-0.053
2017-05-24,0.91,-0.4,0.2106,1.73,-0.053
2017-05-25,0.91,-0.4,0.2122,1.73,-0.053
2017-05-26,0.91,-0.4,0.213,1.73,-0.053
2017-05-27,0.91,-0.4,0.213,1.73,-0.053
2017-05-28,0.91,-0.4,0.213,1.73,-0.053
2017-05-29,0.91,-0.4,0.213,1.73,-0.053
2017-05-30,0.91,-0.4,0.2119,1.73,-0.053
2017-05-31,0.83,-0.4,0.2087,1.73,-0.053
2017-06-01,0.91,-0.4,0.2131,1.72,-0.056
2017-06-02,0.91,-0.4,0.213,1.72,-0.056
2017-06-03,0.91,-0.4,0.213,1.72,-0.056
2017-06-04,0.91,-0.4,0.213,1.72,-0.056
2017-06-05,0.91,-0.4,0.2114,1.72,-0.056
2017-06-06,0.91,-0.4,0.2122,1.72,-0.056
2017-06-07,0.91,-0.4,0.2114,1.72,-0.056
2017-06-08,0.91,-0.4,0.2118,1.72,-0.056
2017-06-09,0.91,-0.4,0.2116,1.72,-0.056
2017-06-10,0.91,-0.4,0.2116,1.72,-0.056
2017-06-11,0.91,-0.4,0.2116,1.72,-0.056
2017-06-12,0.91,-0.4,0.2108,1.72,-0.056
2017-06-13,0.91,-0.4,0.2122,1.72,-0.056
2017-06-14,0.91,-0.4,0.2123,1.72,-0.056
2017-06-15,1.16,-0.4,0.2123,1.72,-0.056
2017-06-16,1.16,-0.4,0.2124,1.72,-0.056
2017-06-17,1.16,-0.4,0.2124,1.72,-0.056
2017-06-18,1.16,-0.4,0.2124,1.72,-0.056
2017-06-19,1.16,-0.4,0.213,1.72,-0.056
2017-06-20,1.16,-0.4,0.2173,1.72,-0.056
2017-06-21,1.16,-0.4,0.2149,1.72,-0.056
2017-06-22,1.16,-0.4,0.2147,1.72,-0.056
2017-06-23,1.16,-0.4,0.2157,1.72,-0.056
2017-06-24,1.16,-0.4,0.2157,1.72,-0.056
2017-06-25,1.16,-0.4,0.2157,1.72,-0.056
2017-06-26,1.16,-0.4,0.2131,1.72,-0.056
2017-06-27,1.16,-0.4,0.2139,1.72,-0.056
2017-06-28,1.16,-0.4,0.2116,1.72,-0.056
2017-06-29,1.16,-0.4,0.2129,1.72,-0.056
2017-06-30,1.06,-0.4,0.194,1.72,-0.056
2017-07-01,1.06,-0.4,0.194,1.7,-0.054
2017-07-02,1.06,-0.4,0.194,1.7,-0.054
2017-07-03,1.16,-0.4,0.2137,1.7,-0.054
2017-07-04,1.16,-0.4,0.2118,1.7,-0.054
2017-07-05,1.16,-0.4,0.212,1.7,-0.054
2017-07-06,1.16,-0.4,0.2129,1.7,-0.054
2017-07-07,1.16,-0.4,0.2143,1.7,-0.054
2017-07-08,1.16,-0.4,0.2143,1.7,-0.054
2017-07-09,1.16,-0.4,0.2143,1.7,-0.054
2017-07-10,1.16,-0.4,0.2124,1.7,-0.054
2017-07-11,1.16,-0.4,0.2142,1.7,-0.054
2017-07-12,1.16,-0.4,0.2148,1.7,-0.054
2017-07-13,1.16,-0.4,0.2145,1.7,-0.054
2017-07-14,1.16,-0.4,0.2144,1.7,-0.054
2017-07-15,1.16,-0.4,0.2144,1.7,-0.054
2017-07-16,1.16,-0.4,0.2144,1.7,-0.054
2017-07-17,1.16,-0.4,0.2134,1.7,-0.054
2017-07-18,1.16,-0.4,0.2117,1.7,-0.054
2017-07-19,1.16,-0.4,0.2103,1.7,-0.054
2017-07-20,1.16,-0.4,0.2119,1.7,-0.054
2017-07-21,1.16,-0.4,0.2142,1.7,-0.054
2017-07-22,1.16,-0.4,0.2142,1.7,-0.054
2017-07-23,1.16,-0.4,0.2142,1.7,-0.054
2017-07-24,1.16,-0.4,0.2123,1.7,-0.054
2017-07-25,1.16,-0.4,0.2119,1.7,-0.054
2017-07-26,1.16,-0.4,0.2121,1.7,-0.054
2017-07-27,1.16,-0.4,0.2115,1.7,-0.054
2017-07-28,1.16,-0.4,0.212,1.7,-0.054
2017-07-29,1.16,-0.4,0.212,1.7,-0.054
2017-07-30,1.16,-0.4,0.212,1.7,-0.054
2017-07-31,1.07,-0.4,0.2034,1.7,-0.054
2017-08-01,1.16,-0.4,0.2115,1.7,-0.049
2017-08-02,1.16,-0.4,0.2143,1.7,-0.049
2017-08-03,1.16,-0.4,0.2143,1.7,-0.049
2017-08-04,1.16,-0.4,0.2129,1.7,-0.049
2017-08-05,1.16,-0.4,0.2129,1.7,-0.049
2017-08-06,1.16,-0.4,0.2129,1.7,-0.049
2017-08-07,1.16,-0.4,0.2125,1.7,-0.049
2017-08-08,1.16,-0.4,0.2159,1.7,-0.049
2017-08-09,1.16,-0.4,0.2148,1.7,-0.049
2017-08-10,1.16,-0.4,0.2126,1.7,-0.049
2017-08-11,1.16,-0.4,0.2133,1.7,-0.049
2017-08-12,1.16,-0.4,0.2133,1.7,-0.049
2017-08-13,1.16,-0.4,0.2133,1.7,-0.049
2017-08-14,1.16,-0.4,0.2123,1.7,-0.049
2017-08-15,1.16,-0.4,0.213,1.7,-0.049
2017-08-16,1.16,-0.4,0.2137,1.7,-0.049
2017-08-17,1.16,-0.4,0.2156,1.7,-0.049
2017-08-18,1.16,-0.4,0.2123,1.7,-0.049
2017-08-19,1.16,-0.4,0.2123,1.7,-0.049
2017-08-20,1.16,-0.4,0.2123,1.7,-0.049
2017-08-21,1.16,-0.4,0.2115,1.7,-0.049
2017-08-22,1.16,-0.4,0.2116,1.7,-0.049
2017-08-23,1.16,-0.4,0.212,1.7,-0.049
2017-08-24,1.16,-0.4,0.211,1.7,-0.049
2017-08-25,1.16,-0.4,0.2159,1.7,-0.049
2017-08-26,1.16,-0.4,0.2159,1.7,-0.049
2017-08-27,1.16,-0.4,0.2159,1.7,-0.049
2017-08-28,1.16,-0.4,0.2159,1.7,-0.049
2017-08-29,1.16,-0.4,0.2142,1.7,-0.049
2017-08-30,1.16,-0.4,0.2133,1.7,-0.049
2017-08-31,1.07,-0.4,0.2109,1.7,-0.049
2017-09-01,1.16,-0.4,0.2123,1.72,-0.058
2017-09-02,1.16,-0.4,0.2123,1.72,-0.058
2017-09-03,1.16,-0.4,0.2123,1.72,-0.058
2017-09-04,1.16,-0.4,0.2122,1.72,-0.058
2017-09-05,1.16,-0.4,0.2118,1.72,-0.058
2017-09-06,1.16,-0.4,0.2112,1.72,-0.058
2017-09-07,1.16,-0.4,0.2108,1.72,-0.058
2017-09-08,1.16,-0.4,0.2144,1.72,-0.058
2017-09-09,1.16,-0.4,0.2144,1.72,-0.058
2017-09-10,1.16,-0.4,0.2144,1.72,-0.058
2017-09-11,1.16,-0.4,0.2132,1.72,-0.058
2017-09-12,1.16,-0.4,0.2146,1.72,-0.058
2017-09-13,1.16,-0.4,0.2148,1.72,-0.058
2017-09-14,1.16,-0.4,0.2148,1.72,-0.058
2017-09-15,1.16,-0.4,0.2169,1.72,-0.058
2017-09-16,1.16,-0.4,0.2169,1.72,-0.058
2017-09-17,1.16,-0.4,0.2169,1.72,-0.058
2017-09-18,1.16,-0.4,0.2151,1.72,-0.058
2017-09-19,1.16,-0.4,0.2152,1.72,-0.058
2017-09-20,1.16,-0.4,0.2172,1.72,-0.058
2017-09-21,1.16,-0.4,0.2145,1.72,-0.058
2017-09-22,1.16,-0.4,0.2113,1.72,-0.058
2017-09-23,1.16,-0.4,0.2113,1.72,-0.058
2017-09-24,1.16,-0.4,0.2113,1.72,-0.058
2017-09-25,1.16,-0.4,0.2106,1.72,-0.058
2017-09-26,1.16,-0.4,0.2097,1.72,-0.058
2017-09-27,1.16,-0.4,0.2094,1.72,-0.058
2017-09-28,1.16,-0.4,0.2101,1.72,-0.058
2017-09-29,1.06,-0.4,0.1991,1.72,-0.058
2017-09-30,1.06,-0.4,0.1991,1.72,-0.058
2017-10-01,1.06,-0.4,0.1991,1.7,-0.037
2017-10-02,1.16,-0.4,0.2108,1.7,-0.037
2017-10-03,1.16,-0.4,0.2094,1.7,-0.037
2017-10-04,1.16,-0.4,0.2085,1.7,-0.037
2017-10-05,1.16,-0.4,0.2093,1.7,-0.037
2017-10-06,1.16,-0.4,0.2078,1.7,-0.037
2017-10-07,1.16,-0.4,0.2078,1.7,-0.037
2017-10-08,1.16,-0.4,0.2078,1.7,-0.037
2017-10-09,1.16,-0.4,0.2099,1.7,-0.037
2017-10-10,1.16,-0.4,0.2065,1.7,-0.037
2017-10-11,1.16,-0.4,0.2086,1.7,-0.037
2017-10-12,1.16,-0.4,0.2072,1.7,-0.037
2017-10-13,1.16,-0.4,0.2082,1.7,-0.037
2017-10-14,1.16,-0.4,0.2082,1.7,-0.037
2017-10-15,1.16,-0.4,0.2082,1.7,-0.037
2017-10-16,1.16,-0.4,0.2093,1.7,-0.037
2017-10-17,1.16,-0.4,0.2118,1.7,-0.037
2017-10-18,1.16,-0.4,0.2128,1.7,-0.037
2017-10-19,1.16,-0.4,0.2141,1.7,-0.037
2017-10-20,1.16,-0.4,0.2141,1.7,-0.037
2017-10-21,1.16,-0.4,0.2141,1.7,-0.037
2017-10-22,1.16,-0.4,0.2141,1.7,-0.037
2017-10-23,1.16,-0.4,0.2131,1.7,-0.037
2017-10-24,1.16,-0.4,0.2126,1.7,-0.037
2017-10-25,1.16,-0.4,0.2147,1.7,-0.037
2017-10-26,1.16,-0.4,0.214,1.7,-0.037
2017-10-27,1.16,-0.4,0.2131,1.7,-0.037
2017-10-28,1.16,-0.4,0.2131,1.7,-0.037
2017-10-29,1.16,-0.4,0.2131,1.7,-0.037
2017-10-30,1.16,-0.4,0.216,1.7,-0.037
2017-10-31,1.07,-0.4,0.2096,1.7,-0.037
2017-11-01,1.16,-0.4,0.2145,1.72,-0.048
2017-11-02,1.16,-0.4,0.4055,1.72,-0.048
2017-11-03,1.16,-0.4,0.4628,1.72,-0.048
2017-11-04,1.16,-0.4,0.4628,1.72,-0.048
2017-11-05,1.16,-0.4,0.4628,1.72,-0.048
2017-11-06,1.16,-0.4,0.4649,1.72,-0.048
2017-11-07,1.16,-0.4,0.4624,1.72,-0.048
2017-11-08,1.16,-0.4,0.4632,1.72,-0.048
2017-11-09,1.16,-0.4,0.4628,1.72,-0.048
2017-11-10,1.16,-0.4,0.4622,1.72,-0.048
2017-11-11,1.16,-0.4,0.4622,1.72,-0.048
2017-11-12,1.16,-0.4,0.4622,1.72,-0.048
2017-11-13,1.16,-0.4,0.4662,1.72,-0.048
2017-11-14,1.16,-0.4,0.4644,1.72,-0.048
2017-11-15,1.16,-0.4,0.4632,1.72,-0.048
2017-11-16,1.16,-0.4,0.4622,1.72,-0.048
2017-11-17,1.16,-0.4,0.4638,1.72,-0.048
2017-11-18,1.16,-0.4,0.4638,1.72,-0.048
2017-11-19,1.16,-0.4,0.4638,1.72,-0.048
2017-11-20,1.16,-0.4,0.4623,1.72,-0.048
2017-11-21,1.16,-0.4,0.4617,1.72,-0.048
2017-11-22,1.16,-0.4,0.4622,1.72,-0.048
2017-11-23,1.16,-0.4,0.4624,1.72,-0.048
2017-11-24,1.16,-0.4,0.4635,1.72,-0.048
2017-11-25,1.16,-0.4,0.4635,1.72,-0.048
2017-11-26,1.16,-0.4,0.4635,1.72,-0.048
2017-11-27,1.16,-0.4,0.4618,1.72,-0.048
2017-11-28,1.16,-0.4,0.4634,1.72,-0.048
2017-11-29,1.16,-0.4,0.4663,1.72,-0.048
2017-11-30,1.07,-0.4,0.4623,1.72,-0.048
2017-12-01,1.16,-0.4,0.4661,1.77,-0.042
2017-12-02,1.16,-0.4,0.4661,1.77,-0.042
2017-12-03,1.16,-0.4,0.4661,1.77,-0.042
2017-12-04,1.16,-0.4,0.4667,1.77,-0.042
2017-12-05,1.16,-0.4,0.4655,1.77,-0.042
2017-12-06,1.16,-0.4,0.4594,1.77,-0.042
2017-12-07,1.16,-0.4,0.4664,1.77,-0.042
2017-12-08,1.16,-0.4,0.4629,1.77,-0.042
2017-12-09,1.16,-0.4,0.4629,1.77,-0.042
2017-12-10,1.16,-0.4,0.4629,1.77,-0.042
2017-12-11,1.16,-0.4,0.4623,1.77,-0.042
2017-12-12,1.17,-0.4,0.4612,1.77,-0.042
2017-12-13,1.17,-0.4,0.4627,1.77,-0.042
2017-12-14,1.41,-0.4,0.4624,1.77,-0.042
2017-12-15,1.41,-0.4,0.4637,1.77,-0.042
2017-12-16,1.41,-0.4,0.4637,1.77,-0.042
2017-12-17,1.41,-0.4,0.4637,1.77,-0.042
2017-12-18,1.42,-0.4,0.4659,1.77,-0.042
2017-12-19,1.42,-0.4,0.469,1.77,-0.042
2017-12-20,1.42,-0.4,0.4684,1.77,-0.042
2017-12-21,1.42,-0.4,0.4643,1.77,-0.042
2017-12-22,1.42,-0.4,0.4647,1.77,-0.042
2017-12-23,1.42,-0.4,0.4647,1.77,-0.042
2017-12-24,1.42,-0.4,0.4647,1.77,-0.042
2017-12-25,1.42,-0.4,0.4647,1.77,-0.042
2017-12-26,1.42,-0.4,0.4647,1.77,-0.042
2017-12-27,1.42,-0.4,0.466,1.77,-0.042
2017-12-28,1.42,-0.4,0.4665,1.77,-0.042
2017-12-29,1.33,-0.4,0.4123,1.77,-0.042
2017-12-30,1.33,-0.4,0.4123,1.77,-0.042
2017-12-31,1.33,-0.4,0.4123,1.77,-0.042
2018-01-01,1.33,-0.4,0.4123,1.79,-0.04
2018-01-02,1.42,-0.4,0.4622,1.79,-0.04
2018-01-03,1.42,-0.4,0.4642,1.79,-0.04
2018-01-04,1.42,-0.4,0.4618,1.79,-0.04
2018-01-05,1.42,-0.4,0.4625,1.79,-0.04
2018-01-06,1.42,-0.4,0.4625,1.79,-0.04
2018-01-07,1.42,-0.4,0.4625,1.79,-0.04
2018-01-08,1.42,-0.4,0.4632,1.79,-0.04
2018-01-09,1.42,-0.4,0.4627,1.79,-0.04
2018-01-10,1.42,-0.4,0.4647,1.79,-0.04
2018-01-11,1.42,-0.4,0.4655,1.79,-0.04
2018-01-12,1.42,-0.4,0.468,1.79,-0.04
2018-01-13,1.42,-0.4,0.468,1.79,-0.04
2018-01-14,1.42,-0.4,0.468,1.79,-0.04
2018-01-15,1.42,-0.4,0.4638,1.79,-0.04
2018-01-16,1.42,-0.4,0.4605,1.79,-0.04
2018-01-17,1.42,-0.4,0.4615,1.79,-0.04
2018-01-18,1.42,-0.4,0.4619,1.79,-0.04
2018-01-19,1.42,-0.4,0.4634,1.79,-0.04
2018-01-20,1.42,-0.4,0.4634,1.79,-0.04
2018-01-21,1.42,-0.4,0.4634,1.79,-0.04
2018-01-22,1.42,-0.4,0.463,1.79,-0.04
2018-01-23,1.42,-0.4,0.4619,1.79,-0.04
2018-01-24,1.42,-0.4,0.462,1.79,-0.04
2018-01-25,1.42,-0.4,0.4618,1.79,-0.04
2018-01-26,1.42,-0.4,0.4633,1.79,-0.04
2018-01-27,1.42,-0.4,0.4633,1.79,-0.04
2018-01-28,1.42,-0.4,0.4633,1.79,-0.04
2018-01-29,1.42,-0.4,0.4613,1.79,-0.04
2018-01-30,1.42,-0.4,0.4627,1.79,-0.04
2018-01-31,1.34,-0.4,0.4668,1.79,-0.04
2018-02-01,1.42,-0.4,0.4636,1.77,-0.042
2018-02-02,1.42,-0.4,0.4632,1.77,-0.042
2018-02-03,1.42,-0.4,0.4632,1.77,-0.042
2018-02-04,1.42,-0.4,0.4632,1.77,-0.042
2018-02-05,1.42,-0.4,0.4619,1.77,-0.042
2018-02-06,1.42,-0.4,0.4626,1.77,-0.042
2018-02-07,1.42,-0.4,0.4618,1.77,-0.042
2018-02-08,1.42,-0.4,0.4624,1.77,-0.042
2018-02-09,1.42,-0.4,0.4634,1.77,-0.042
2018-02-10,1.42,-0.4,0.4634,1.77,-0.042
2018-02-11,1.42,-0.4,0.4634,1.77,-0.042
2018-02-12,1.42,-0.4,0.463,1.77,-0.042
2018-02-13,1.42,-0.4,0.4636,1.77,-0.042
2018-02-14,1.42,-0.4,0.4651,1.77,-0.042
2018-02-15,1.42,-0.4,0.4642,1.77,-0.042
2018-02-16,1.42,-0.4,0.4637,1.77,-0.042
2018-02-17,1.42,-0.4,0.4637,1.77,-0.042
2018-02-18,1.42,-0.4,0.4637,1.77,-0.042
2018-02-19,1.42,-0.4,0.462,1.77,-0.042
2018-02-20,1.42,-0.4,0.4636,1.77,-0.042
2018-02-21,1.42,-0.4,0.4629,1.77,-0.042
2018-02-22,1.42,-0.4,0.4637,1.77,-0.042
2018-02-23,1.42,-0.4,0.4668,1.77,-0.042
2018-02-24,1.42,-0.4,0.4668,1.77,-0.042
2018-02-25,1.42,-0.4,0.4668,1.77,-0.042
2018-02-26,1.42,-0.4,0.4639,1.77,-0.042
2018-02-27,1.42,-0.4,0.4656,1.77,-0.042
2018-02-28,1.35,-0.4,0.4612,1.77,-0.042
2018-03-01,1.42,-0.4,0.4646,1.93,-0.062
2018-03-02,1.42,-0.4,0.4655,1.93,-0.062
2018-03-03,1.42,-0.4,0.4655,1.93,-0.062
2018-03-04,1.42,-0.4,0.4655,1.93,-0.062
2018-03-05,1.42,-0.4,0.4643,1.93,-0.062
2018-03-06,1.42,-0.4,0.4647,1.93,-0.062
2018-03-07,1.42,-0.4,0.4648,1.93,-0.062
2018-03-08,1.42,-0.4,0.4645,1.93,-0.062
2018-03-09,1.42,-0.4,0.4627,1.93,-0.062
2018-03-10,1.42,-0.4,0.4627,1.93,-0.062
2018-03-11,1.42,-0.4,0.4627,1.93,-0.062
2018-03-12,1.42,-0.4,0.465,1.93,-0.062
2018-03-13,1.42,-0.4,0.4637,1.93,-0.062
2018-03-14,1.42,-0.4,0.4637,1.93,-0.062
2018-03-15,1.43,-0.4,0.4659,1.93,-0.062
2018-03-16,1.43,-0.4,0.4644,1.93,-0.062
2018-03-17,1.43,-0.4,0.4644,1.93,-0.062
2018-03-18,1.43,-0.4,0.4644,1.93,-0.062
2018-03-19,1.43,-0.4,0.4633,1.93,-0.062
2018-03-20,1.44,-0.4,0.4636,1.93,-0.062
2018-03-21,1.44,-0.4,0.4667,1.93,-0.062
2018-03-22,1.68,-0.4,0.4634,1.93,-0.062
2018-03-23,1.68,-0.4,0.468,1.93,-0.062
2018-03-24,1.68,-0.4,0.468,1.93,-0.062
2018-03-25,1.68,-0.4,0.468,1.93,-0.062
2018-03-26,1.68,-0.4,0.4666,1.93,-0.062
2018-03-27,1.68,-0.4,0.4652,1.93,-0.062
2018-03-28,1.68,-0.4,0.4638,1.93,-0.062
2018-03-29,1.68,-0.4,0.4435,1.93,-0.062
2018-03-30,1.67,-0.4,0.4435,1.93,-0.062
2018-03-31,1.67,-0.4,0.4435,1.93,-0.062
2018-04-01,1.67,-0.4,0.4435,2.06,-0.063
2018-04-02,1.68,-0.4,0.4435,2.06,-0.063
2018-04-03,1.69,-0.4,0.4652,2.06,-0.063
2018-04-04,1.69,-0.4,0.4624,2.06,-0.063
2018-04-05,1.69,-0.4,0.4653,2.06,-0.063
2018-04-06,1.69,-0.4,0.4666,2.06,-0.063
2018-04-07,1.69,-0.4,0.4666,2.06,-0.063
2018-04-08,1.69,-0.4,0.4666,2.06,-0.063
2018-04-09,1.69,-0.4,0.4651,2.06,-0.063
2018-04-10,1.69,-0.4,0.4666,2.06,-0.063
2018-04-11,1.69,-0.4,0.4633,2.06,-0.063
2018-04-12,1.69,-0.4,0.4637,2.06,-0.063
2018-04-13,1.69,-0.4,0.4657,2.06,-0.063
2018-04-14,1.69,-0.4,0.4657,2.06,-0.063
2018-04-15,1.69,-0.4,0.4657,2.06,-0.063
2018-04-16,1.69,-0.4,0.4659,2.06,-0.063
2018-04-17,1.69,-0.4,0.4664,2.06,-0.063
2018-04-18,1.69,-0.4,0.467,2.06,-0.063
2018-04-19,1.69,-0.4,0.4651,2.06,-0.063
2018-04-20,1.7,-0.4,0.4646,2.06,-0.063
2018-04-21,1.7,-0.4,0.4646,2.06,-0.063
2018-04-22,1.7,-0.4,0.4646,2.06,-0.063
2018-04-23,1.7,-0.4,0.4529,2.06,-0.063
2018-04-24,1.7,-0.4,0.4537,2.06,-0.063
2018-04-25,1.7,-0.4,0.454,2.06,-0.063
2018-04-26,1.7,-0.4,0.4549,2.06,-0.063
2018-04-27,1.7,-0.4,0.4548,2.06,-0.063
2018-04-28,1.7,-0.4,0.4548,2.06,-0.063
2018-04-29,1.7,-0.4,0.4548,2.06,-0.063
2018-04-30,1.69,-0.4,0.4507,2.06,-0.063
2018-05-01,1.7,-0.4,0.4497,1.96,-0.061
2018-05-02,1.7,-0.4,0.4515,1.96,-0.061
2018-05-03,1.7,-0.4,0.4527,1.96,-0.061
2018-05-04,1.7,-0.4,0.4556,1.96,-0.061
2018-05-05,1.7,-0.4,0.4556,1.96,-0.061
2018-05-06,1.7,-0.4,0.4556,1.96,-0.061
2018-05-07,1.7,-0.4,0.4556,1.96,-0.061
2018-05-08,1.7,-0.4,0.4542,1.96,-0.061
2018-05-09,1.7,-0.4,0.4553,1.96,-0.061
2018-05-10,1.7,-0.4,0.4539,1.96,-0.061
2018-05-11,1.7,-0.4,0.4542,1.96,-0.061
2018-05-12,1.7,-0.4,0.4542,1.96,-0.061
2018-05-13,1.7,-0.4,0.4542,1.96,-0.061
2018-05-14,1.7,-0.4,0.4513,1.96,-0.061
2018-05-15,1.7,-0.4,0.4511,1.96,-0.061
2018-05-16,1.7,-0.4,0.4528,1.96,-0.061
2018-05-17,1.7,-0.4,0.4533,1.96,-0.061
2018-05-18,1.7,-0.4,0.454,1.96,-0.061
2018-05-19,1.7,-0.4,0.454,1.96,-0.061
2018-05-20,1.7,-0.4,0.454,1.96,-0.061
2018-05-21,1.7,-0.4,0.4527,1.96,-0.061
2018-05-22,1.7,-0.4,0.4521,1.96,-0.061
2018-05-23,1.7,-0.4,0.4533,1.96,-0.061
2018-05-24,1.7,-0.4,0.4532,1.96,-0.061
2018-05-25,1.7,-0.4,0.4533,1.96,-0.061
2018-05-26,1.7,-0.4,0.4533,1.96,-0.061
2018-05-27,1.7,-0.4,0.4533,1.96,-0.061
2018-05-28,1.7,-0.4,0.4533,1.96,-0.061
2018-05-29,1.7,-0.4,0.4537,1.96,-0.061
2018-05-30,1.7,-0.4,0.4519,1.96,-0.061
2018-05-31,1.7,-0.4,0.4503,1.96,-0.061
2018-06-01,1.7,-0.4,0.4544,2.07,-0.071
2018-06-02,1.7,-0.4,0.4544,2.07,-0.071
2018-06-03,1.7,-0.4,0.4544,2.07,-0.071
2018-06-04,1.7,-0.4,0.4522,2.07,-0.071
2018-06-05,1.7,-0.4,0.4525,2.07,-0.071
2018-06-06,1.7,-0.4,0.4519,2.07,-0.071
2018-06-07,1.7,-0.4,0.4531,2.07,-0.071
2018-06-08,1.7,-0.4,0.4535,2.07,-0.071
2018-06-09,1.7,-0.4,0.4535,2.07,-0.071
2018-06-10,1.7,-0.4,0.4535,2.07,-0.071
2018-06-11,1.7,-0.4,0.4514,2.07,-0.071
2018-06-12,1.7,-0.4,0.4501,2.07,-0.071
2018-06-13,1.7,-0.4,0.4489,2.07,-0.071
2018-06-14,1.9,-0.4,0.4512,2.07,-0.071
2018-06-15,1.9,-0.4,0.4505,2.07,-0.071
2018-06-16,1.9,-0.4,0.4505,2.07,-0.071
2018-06-17,1.9,-0.4,0.4505,2.07,-0.071
2018-06-18,1.9,-0.4,0.4515,2.07,-0.071
2018-06-19,1.91,-0.4,0.4507,2.07,-0.071
2018-06-20,1.92,-0.4,0.4495,2.07,-0.071
2018-06-21,1.92,-0.4,0.4513,2.07,-0.071
2018-06-22,1.92,-0.4,0.4491,2.07,-0.071
2018-06-23,1.92,-0.4,0.4491,2.07,-0.071
2018-06-24,1.92,-0.4,0.4491,2.07,-0.071
2018-06-25,1.92,-0.4,0.4512,2.07,-0.071
2018-06-26,1.92,-0.4,0.4498,2.07,-0.071
2018-06-27,1.91,-0.4,0.4495,2.07,-0.071
2018-06-28,1.91,-0.4,0.4515,2.07,-0.071
2018-06-29,1.91,-0.4,0.4399,2.07,-0.071
2018-06-30,1.91,-0.4,0.4399,2.07,-0.071
2018-07-01,1.91,-0.4,0.4399,2.02,-0.07
2018-07-02,1.91,-0.4,0.4531,2.02,-0.07
2018-07-03,1.91,-0.4,0.4543,2.02,-0.07
2018-07-04,1.91,-0.4,0.4546,2.02,-0.07
2018-07-05,1.91,-0.4,0.4563,2.02,-0.07
2018-07-06,1.91,-0.4,0.458,2.02,-0.07
2018-07-07,1.91,-0.4,0.458,2.02,-0.07
2018-07-08,1.91,-0.4,0.458,2.02,-0.07
2018-07-09,1.91,-0.4,0.4567,2.02,-0.07
2018-07-10,1.91,-0.4,0.4549,2.02,-0.07
2018-07-11,1.91,-0.4,0.4544,2.02,-0.07
2018-07-12,1.91,-0.4,0.4563,2.02,-0.07
2018-07-13,1.91,-0.4,0.4565,2.02,-0.07
2018-07-14,1.91,-0.4,0.4565,2.02,-0.07
2018-07-15,1.91,-0.4,0.4565,2.02,-0.07
2018-07-16,1.91,-0.4,0.4552,2.02,-0.07
2018-07-17,1.91,-0.4,0.4541,2.02,-0.07
2018-07-18,1.91,-0.4,0.4543,2.02,-0.07
2018-07-19,1.91,-0.4,0.4538,2.02,-0.07
2018-07-20,1.91,-0.4,0.4557,2.02,-0.07
2018-07-21,1.91,-0.4,0.4557,2.02,-0.07
2018-07-22,1.91,-0.4,0.4557,2.02,-0.07
2018-07-23,1.91,-0.4,0.4537,2.02,-0.07
2018-07-24,1.91,-0.4,0.4548,2.02,-0.07
2018-07-25,1.91,-0.4,0.454,2.02,-0.07
2018-07-26,1.91,-0.4,0.4532,2.02,-0.07
2018-07-27,1.91,-0.4,0.4532,2.02,-0.07
2018-07-28,1.91,-0.4,0.4532,2.02,-0.07
2018-07-29,1.91,-0.4,0.4532,2.02,-0.07
2018-07-30,1.91,-0.4,0.4523,2.02,-0.07
2018-07-31,1.91,-0.4,0.4503,2.02,-0.07
2018-08-01,1.91,-0.4,0.4522,1.96,-0.059
2018-08-02,1.91,-0.4,0.6897,1.96,-0.059
2018-08-03,1.91,-0.4,0.7028,1.96,-0.059
2018-08-04,1.91,-0.4,0.7028,1.96,-0.059
2018-08-05,1.91,-0.4,0.7028,1.96,-0.059
2018-08-06,1.91,-0.4,0.7006,1.96,-0.059
2018-08-07,1.91,-0.4,0.7011,1.96,-0.059
2018-08-08,1.91,-0.4,0.7028,1.96,-0.059
2018-08-09,1.91,-0.4,0.7019,1.96,-0.059
2018-08-10,1.91,-0.4,0.7035,1.96,-0.059
2018-08-11,1.91,-0.4,0.7035,1.96,-0.059
2018-08-12,1.91,-0.4,0.7035,1.96,-0.059
2018-08-13,1.91,-0.4,0.7037,1.96,-0.059
2018-08-14,1.91,-0.4,0.7021,1.96,-0.059
2018-08-15,1.91,-0.4,0.7018,1.96,-0.059
2018-08-16,1.92,-0.4,0.7024,1.96,-0.059
2018-08-17,1.92,-0.4,0.703,1.96,-0.059
2018-08-18,1.92,-0.4,0.703,1.96,-0.059
2018-08-19,1.92,-0.4,0.703,1.96,-0.059
2018-08-20,1.92,-0.4,0.7039,1.96,-0.059
2018-08-21,1.92,-0.4,0.7037,1.96,-0.059
2018-08-22,1.92,-0.4,0.7028,1.96,-0.059
2018-08-23,1.92,-0.4,0.7035,1.96,-0.059
2018-08-24,1.92,-0.4,0.7036,1.96,-0.059
2018-08-25,1.92,-0.4,0.7036,1.96,-0.059
2018-08-26,1.92,-0.4,0.7036,1.96,-0.059
2018-08-27,1.92,-0.4,0.7036,1.96,-0.059
2018-08-28,1.92,-0.4,0.7032,1.96,-0.059
2018-08-29,1.92,-0.4,0.7048,1.96,-0.059
2018-08-30,1.92,-0.4,0.7058,1.96,-0.059
2018-08-31,1.91,-0.4,0.7042,1.96,-0.059
2018-09-01,1.91,-0.4,0.7042,1.93,-0.058
2018-09-02,1.91,-0.4,0.7042,1.93,-0.058
2018-09-03,1.91,-0.4,0.702,1.93,-0.058
2018-09-04,1.92,-0.4,0.7046,1.93,-0.058
2018-09-05,1.92,-0.4,0.7022,1.93,-0.058
2018-09-06,1.92,-0.4,0.7032,1.93,-0.058
2018-09-07,1.92,-0.4,0.7028,1.93,-0.058
2018-09-08,1.92,-0.4,0.7028,1.93,-0.058
2018-09-09,1.92,-0.4,0.7028,1.93,-0.058
2018-09-10,1.92,-0.4,0.7016,1.93,-0.058
2018-09-11,1.92,-0.4,0.7003,1.93,-0.058
2018-09-12,1.92,-0.4,0.7025,1.93,-0.058
2018-09-13,1.92,-0.4,0.7024,1.93,-0.058
2018-09-14,1.92,-0.4,0.7016,1.93,-0.058
2018-09-15,1.92,-0.4,0.7016,1.93,-0.058
2018-09-16,1.92,-0.4,0.7016,1.93,-0.058
2018-09-17,1.92,-0.4,0.7013,1.93,-0.058
2018-09-18,1.92,-0.4,0.7015,1.93,-0.058
2018-09-19,1.92,-0.4,0.7005,1.93,-0.058
2018-09-20,1.92,-0.4,0.6999,1.93,-0.058
2018-09-21,1.92,-0.4,0.7003,1.93,-0.058
2018-09-22,1.92,-0.4,0.7003,1.93,-0.058
2018-09-23,1.92,-0.4,0.7003,1.93,-0.058
2018-09-24,1.93,-0.4,0.701,1.93,-0.058
2018-09-25,1.93,-0.4,0.6995,1.93,-0.058
2018-09-26,1.93,-0.4,0.699,1.93,-0.058
2018-09-27,2.18,-0.4,0.7015,1.93,-0.058
2018-09-28,2.18,-0.4,0.6964,1.93,-0.058
2018-09-29,2.18,-0.4,0.6964,1.93,-0.058
2018-09-30,2.18,-0.4,0.6964,1.93,-0.058
2018-10-01,2.18,-0.4,0.7021,1.93,-0.06
2018-10-02,2.18,-0.4,0.7026,1.93,-0.06
2018-10-03,2.18,-0.4,0.7015,1.93,-0.06
2018-10-04,2.18,-0.4,0.7023,1.93,-0.06
2018-10-05,2.18,-0.4,0.701,1.93,-0.06
2018-10-06,2.18,-0.4,0.701,1.93,-0.06
2018-10-07,2.18,-0.4,0.701,1.93,-0.06
2018-10-08,2.18,-0.4,0.7021,1.93,-0.06
2018-10-09,2.18,-0.4,0.7019,1.93,-0.06
2018-10-10,2.18,-0.4,0.6997,1.93,-0.06
2018-10-11,2.18,-0.4,0.6999,1.93,-0.06
2018-10-12,2.18,-0.4,0.7012,1.93,-0.06
2018-10-13,2.18,-0.4,0.7012,1.93,-0.06
2018-10-14,2.18,-0.4,0.7012,1.93,-0.06
2018-10-15,2.18,-0.4,0.701,1.93,-0.06
2018-10-16,2.18,-0.4,0.7012,1.93,-0.06
2018-10-17,2.19,-0.4,0.7016,1.93,-0.06
2018-10-18,2.19,-0.4,0.7017,1.93,-0.06
2018-10-19,2.19,-0.4,0.6999,1.93,-0.06
2018-10-20,2.19,-0.4,0.6999,1.93,-0.06
2018-10-21,2.19,-0.4,0.6999,1.93,-0.06
2018-10-22,2.19,-0.4,0.699,1.93,-0.06
2018-10-23,2.2,-0.4,0.7004,1.93,-0.06
2018-10-24,2.2,-0.4,0.7023,1.93,-0.06
2018-10-25,2.2,-0.4,0.6988,1.93,-0.06
2018-10-26,2.2,-0.4,0.7021,1.93,-0.06
2018-10-27,2.2,-0.4,0.7021,1.93,-0.06
2018-10-28,2.2,-0.4,0.7021,1.93,-0.06
2018-10-29,2.2,-0.4,0.7011,1.93,-0.06
2018-10-30,2.2,-0.4,0.7013,1.93,-0.06
2018-10-31,2.2,-0.4,0.7002,1.93,-0.06
2018-11-01,2.2,-0.4,0.7006,1.94,-0.071
2018-11-02,2.19,-0.4,0.7005,1.94,-0.071
2018-11-03,2.19,-0.4,0.7005,1.94,-0.071
2018-11-04,2.19,-0.4,0.7005,1.94,-0.071
2018-11-05,2.2,-0.4,0.7009,1.94,-0.071
2018-11-06,2.2,-0.4,0.7017,1.94,-0.071
2018-11-07,2.2,-0.4,0.7031,1.94,-0.071
2018-11-08,2.2,-0.4,0.7023,1.94,-0.071
2018-11-09,2.19,-0.4,0.7028,1.94,-0.071
2018-11-10,2.19,-0.4,0.7028,1.94,-0.071
2018-11-11,2.19,-0.4,0.7028,1.94,-0.071
2018-11-12,2.19,-0.4,0.7023,1.94,-0.071
2018-11-13,2.2,-0.4,0.7025,1.94,-0.071
2018-11-14,2.2,-0.4,0.7013,1.94,-0.071
2018-11-15,2.2,-0.4,0.7019,1.94,-0.071
2018-11-16,2.2,-0.4,0.7007,1.94,-0.071
2018-11-17,2.2,-0.4,0.7007,1.94,-0.071
2018-11-18,2.2,-0.4,0.7007,1.94,-0.071
2018-11-19,2.2,-0.4,0.7006,1.94,-0.071
2018-11-20,2.2,-0.4,0.7013,1.94,-0.071
2018-11-21,2.2,-0.4,0.7028,1.94,-0.071
2018-11-22,2.2,-0.4,0.7031,1.94,-0.071
2018-11-23,2.2,-0.4,0.7032,1.94,-0.071
2018-11-24,2.2,-0.4,0.7032,1.94,-0.071
2018-11-25,2.2,-0.4,0.7032,1.94,-0.071
2018-11-26,2.2,-0.4,0.701,1.94,-0.071
2018-11-27,2.2,-0.4,0.7018,1.94,-0.071
2018-11-28,2.2,-0.4,0.701,1.94,-0.071
2018-11-29,2.2,-0.4,0.7017,1.94,-0.071
2018-11-30,2.2,-0.4,0.7002,1.94,-0.071
2018-12-01,2.2,-0.4,0.7002,2.02,-0.068
2018-12-02,2.2,-0.4,0.7002,2.02,-0.068
2018-12-03,2.19,-0.4,0.7019,2.02,-0.068
2018-12-04,2.2,-0.4,0.7014,2.02,-0.068
2018-12-05,2.2,-0.4,0.701,2.02,-0.068
2018-12-06,2.2,-0.4,0.7021,2.02,-0.068
2018-12-07,2.19,-0.4,0.702,2.02,-0.068
2018-12-08,2.19,-0.4,0.702,2.02,-0.068
2018-12-09,2.19,-0.4,0.702,2.02,-0.068
2018-12-10,2.2,-0.4,0.7028,2.02,-0.068
2018-12-11,2.19,-0.4,0.7027,2.02,-0.068
2018-12-12,2.19,-0.4,0.7017,2.02,-0.068
2018-12-13,2.19,-0.4,0.701,2.02,-0.068
2018-12-14,2.19,-0.4,0.7028,2.02,-0.068
2018-12-15,2.19,-0.4,0.7028,2.02,-0.068
2018-12-16,2.19,-0.4,0.7028,2.02,-0.068
2018-12-17,2.2,-0.4,0.7003,2.02,-0.068
2018-12-18,2.2,-0.4,0.7019,2.02,-0.068
2018-12-19,2.2,-0.4,0.7039,2.02,-0.068
2018-12-20,2.4,-0.4,0.7032,2.02,-0.068
2018-12-21,2.4,-0.4,0.7054,2.02,-0.068
2018-12-22,2.4,-0.4,0.7054,2.02,-0.068
2018-12-23,2.4,-0.4,0.7054,2.02,-0.068
2018-12-24,2.4,-0.4,0.7051,2.02,-0.068
2018-12-25,2.4,-0.4,0.7051,2.02,-0.068
2018-12-26,2.4,-0.4,0.7051,2.02,-0.068
2018-12-27,2.4,-0.4,0.706,2.02,-0.068
2018-12-28,2.4,-0.4,0.7047,2.02,-0.068
2018-12-29,2.4,-0.4,0.7047,2.02,-0.068
2018-12-30,2.4,-0.4,0.7047,2.02,-0.068
2018-12-31,2.4,-0.4,0.6998,2.02,-0.068
2019-01-01,2.4,-0.4,0.6998,2.07,-0.064
2019-01-02,2.4,-0.4,0.7044,2.07,-0.064
2019-01-03,2.4,-0.4,0.7048,2.07,-0.064
2019-01-04,2.4,-0.4,0.7046,2.07,-0.064
2019-01-05,2.4,-0.4,0.7046,2.07,-0.064
2019-01-06,2.4,-0.4,0.7046,2.07,-0.064
2019-01-07,2.4,-0.4,0.7052,2.07,-0.064
2019-01-08,2.4,-0.4,0.7052,2.07,-0.064
2019-01-09,2.4,-0.4,0.7063,2.07,-0.064
2019-01-10,2.4,-0.4,0.7067,2.07,-0.064
2019-01-11,2.4,-0.4,0.7072,2.07,-0.064
2019-01-12,2.4,-0.4,0.7072,2.07,-0.064
2019-01-13,2.4,-0.4,0.7072,2.07,-0.064
2019-01-14,2.4,-0.4,0.7067,2.07,-0.064
2019-01-15,2.4,-0.4,0.7057,2.07,-0.064
2019-01-16,2.4,-0.4,0.7059,2.07,-0.064
2019-01-17,2.4,-0.4,0.7055,2.07,-0.064
2019-01-18,2.4,-0.4,0.7059,2.07,-0.064
2019-01-19,2.4,-0.4,0.7059,2.07,-0.064
2019-01-20,2.4,-0.4,0.7059,2.07,-0.064
2019-01-21,2.4,-0.4,0.7055,2.07,-0.064
2019-01-22,2.4,-0.4,0.7047,2.07,-0.064
2019-01-23,2.4,-0.4,0.7053,2.07,-0.064
2019-01-24,2.4,-0.4,0.7057,2.07,-0.064
2019-01-25,2.4,-0.4,0.7045,2.07,-0.064
2019-01-26,2.4,-0.4,0.7045,2.07,-0.064
2019-01-27,2.4,-0.4,0.7045,2.07,-0.064
2019-01-28,2.4,-0.4,0.7054,2.07,-0.064
2019-01-29,2.4,-0.4,0.7036,2.07,-0.064
2019-01-30,2.4,-0.4,0.7034,2.07,-0.064
2019-01-31,2.4,-0.4,0.7034,2.07,-0.064
2019-02-01,2.4,-0.4,0.7025,1.96,-0.055
2019-02-02,2.4,-0.4,0.7025,1.96,-0.055
2019-02-03,2.4,-0.4,0.7025,1.96,-0.055
2019-02-04,2.4,-0.4,0.7051,1.96,-0.055
2019-02-05,2.4,-0.4,0.7048,1.96,-0.055
2019-02-06,2.4,-0.4,0.7066,1.96,-0.055
2019-02-07,2.4,-0.4,0.7065,1.96,-0.055
2019-02-08,2.4,-0.4,0.7056,1.96,-0.055
2019-02-09,2.4,-0.4,0.7056,1.96,-0.055
2019-02-10,2.4,-0.4,0.7056,1.96,-0.055
2019-02-11,2.4,-0.4,0.7059,1.96,-0.055
2019-02-12,2.4,-0.4,0.705,1.96,-0.055
2019-02-13,2.4,-0.4,0.7069,1.96,-0.055
2019-02-14,2.4,-0.4,0.7063,1.96,-0.055
2019-02-15,2.4,-0.4,0.7061,1.96,-0.055
2019-02-16,2.4,-0.4,0.7061,1.96,-0.055
2019-02-17,2.4,-0.4,0.7061,1.96,-0.055
2019-02-18,2.4,-0.4,0.7055,1.96,-0.055
2019-02-19,2.4,-0.4,0.706,1.96,-0.055
2019-02-20,2.4,-0.4,0.7077,1.96,-0.055
2019-02-21,2.4,-0.4,0.7072,1.96,-0.055
2019-02-22,2.4,-0.4,0.7083,1.96,-0.055
2019-02-23,2.4,-0.4,0.7083,1.96,-0.055
2019-02-24,2.4,-0.4,0.7083,1.96,-0.055
2019-02-25,2.4,-0.4,0.708,1.96,-0.055
2019-02-26,2.4,-0.4,0.7074,1.96,-0.055
2019-02-27,2.4,-0.4,0.7065,1.96,-0.055
2019-02-28,2.4,-0.4,0.705,1.96,-0.055
2019-03-01,2.4,-0.4,0.7057,1.83,-0.041
2019-03-02,2.4,-0.4,0.7057,1.83,-0.041
2019-03-03,2.4,-0.4,0.7057,1.83,-0.041
2019-03-04,2.4,-0.4,0.7069,1.83,-0.041
2019-03-05,2.4,-0.4,0.7065,1.83,-0.041
2019-03-06,2.4,-0.4,0.7066,1.83,-0.041
2019-03-07,2.4,-0.4,0.7055,1.83,-0.041
2019-03-08,2.4,-0.4,0.7049,1.83,-0.041
2019-03-09,2.4,-0.4,0.7049,1.83,-0.041
2019-03-10,2.4,-0.4,0.7049,1.83,-0.041
2019-03-11,2.4,-0.4,0.7046,1.83,-0.041
2019-03-12,2.4,-0.4,0.7061,1.83,-0.041
2019-03-13,2.4,-0.4,0.7055,1.83,-0.041
2019-03-14,2.4,-0.4,0.7039,1.83,-0.041
2019-03-15,2.4,-0.4,0.7046,1.83,-0.041
2019-03-16,2.4,-0.4,0.7046,1.83,-0.041
2019-03-17,2.4,-0.4,0.7046,1.83,-0.041
2019-03-18,2.4,-0.4,0.7056,1.83,-0.041
2019-03-19,2.4,-0.4,0.705,1.83,-0.041
2019-03-20,2.41,-0.4,0.7054,1.83,-0.041
2019-03-21,2.41,-0.4,0.705,1.83,-0.041
2019-03-22,2.41,-0.4,0.7053,1.83,-0.041
2019-03-23,2.41,-0.4,0.7053,1.83,-0.041
2019-03-24,2.41,-0.4,0.7053,1.83,-0.041
2019-03-25,2.4,-0.4,0.7046,1.83,-0.041
2019-03-26,2.4,-0.4,0.7059,1.83,-0.041
2019-03-27,2.41,-0.4,0.7047,1.83,-0.041
2019-03-28,2.41,-0.4,0.7051,1.83,-0.041
2019-03-29,2.43,-0.4,0.7036,1.83,-0.041
2019-03-30,2.43,-0.4,0.7036,1.83,-0.041
2019-03-31,2.43,-0.4,0.7036,1.83,-0.041
2019-04-01,2.41,-0.4,0.7055,1.68,-0.067
2019-04-02,2.41,-0.4,0.7055,1.68,-0.067
2019-04-03,2.41,-0.4,0.7064,1.68,-0.067
2019-04-04,2.41,-0.4,0.7068,1.68,-0.067
2019-04-05,2.41,-0.4,0.7076,1.68,-0.067
2019-04-06,2.41,-0.4,0.7076,1.68,-0.067
2019-04-07,2.41,-0.4,0.7076,1.68,-0.067
2019-04-08,2.41,-0.4,0.7079,1.68,-0.067
2019-04-09,2.41,-0.4,0.7072,1.68,-0.067
2019-04-10,2.41,-0.4,0.7081,1.68,-0.067
2019-04-11,2.41,-0.4,0.7075,1.68,-0.067
2019-04-12,2.41,-0.4,0.7074,1.68,-0.067
2019-04-13,2.41,-0.4,0.7074,1.68,-0.067
2019-04-14,2.41,-0.4,0.7074,1.68,-0.067
2019-04-15,2.41,-0.4,0.7082,1.68,-0.067
2019-04-16,2.41,-0.4,0.7081,1.68,-0.067
2019-04-17,2.42,-0.4,0.7084,1.68,-0.067
2019-04-18,2.43,-0.4,0.7087,1.68,-0.067
2019-04-19,2.44,-0.4,0.7087,1.68,-0.067
2019-04-20,2.44,-0.4,0.7087,1.68,-0.067
2019-04-21,2.44,-0.4,0.7087,1.68,-0.067
2019-04-22,2.44,-0.4,0.7087,1.68,-0.067
2019-04-23,2.44,-0.4,0.7092,1.68,-0.067
2019-04-24,2.44,-0.4,0.7087,1.68,-0.067
2019-04-25,2.44,-0.4,0.7096,1.68,-0.067
2019-04-26,2.44,-0.4,0.7107,1.68,-0.067
2019-04-27,2.44,-0.4,0.7107,1.68,-0.067
2019-04-28,2.44,-0.4,0.7107,1.68,-0.067
2019-04-29,2.45,-0.4,0.7097,1.68,-0.067
2019-04-30,2.45,-0.4,0.7109,1.68,-0.067
2019-05-01,2.45,-0.4,0.7103,1.54,-0.049
2019-05-02,2.41,-0.4,0.7107,1.54,-0.049
2019-05-03,2.4,-0.4,0.7098,1.54,-0.049
2019-05-04,2.4,-0.4,0.7098,1.54,-0.049
2019-05-05,2.4,-0.4,0.7098,1.54,-0.049
2019-05-06,2.4,-0.4,0.7098,1.54,-0.049
2019-05-07,2.4,-0.4,0.7094,1.54,-0.049
2019-05-08,2.39,-0.4,0.7092,1.54,-0.049
2019-05-09,2.38,-0.4,0.7103,1.54,-0.049
2019-05-10,2.38,-0.4,0.7098,1.54,-0.049
2019-05-11,2.38,-0.4,0.7098,1.54,-0.049
2019-05-12,2.38,-0.4,0.7098,1.54,-0.049
2019-05-13,2.38,-0.4,0.7096,1.54,-0.049
2019-05-14,2.38,-0.4,0.7095,1.54,-0.049
2019-05-15,2.4,-0.4,0.7096,1.54,-0.049
2019-05-16,2.39,-0.4,0.71,1.54,-0.049
2019-05-17,2.39,-0.4,0.7094,1.54,-0.049
2019-05-18,2.39,-0.4,0.7094,1.54,-0.049
2019-05-19,2.39,-0.4,0.7094,1.54,-0.049
2019-05-20,2.39,-0.4,0.7096,1.54,-0.049
2019-05-21,2.39,-0.4,0.7093,1.54,-0.049
2019-05-22,2.38,-0.4,0.7106,1.54,-0.049
2019-05-23,2.38,-0.4,0.71,1.54,-0.049
2019-05-24,2.38,-0.4,0.7086,1.54,-0.049
2019-05-25,2.38,-0.4,0.7086,1.54,-0.049
2019-05-26,2.38,-0.4,0.7086,1.54,-0.049
2019-05-27,2.38,-0.4,0.7086,1.54,-0.049
2019-05-28,2.39,-0.4,0.7082,1.54,-0.049
2019-05-29,2.39,-0.4,0.7073,1.54,-0.049
2019-05-30,2.39,-0.4,0.7085,1.54,-0.049
2019-05-31,2.4,-0.4,0.7078,1.54,-0.049
2019-06-01,2.4,-0.4,0.7078,1.29,-0.062
2019-06-02,2.4,-0.4,0.7078,1.29,-0.062
2019-06-03,2.38,-0.4,0.7084,1.29,-0.062
2019-06-04,2.38,-0.4,0.7084,1.29,-0.062
2019-06-05,2.38,-0.4,0.7094,1.29,-0.062
2019-06-06,2.37,-0.4,0.7092,1.29,-0.062
2019-06-07,2.37,-0.4,0.709,1.29,-0.062
2019-06-08,2.37,-0.4,0.709,1.29,-0.062
2019-06-09,2.37,-0.4,0.709,1.29,-0.062
2019-06-10,2.37,-0.4,0.7082,1.29,-0.062
2019-06-11,2.37,-0.4,0.7082,1.29,-0.062
2019-06-12,2.37,-0.4,0.7086,1.29,-0.062
2019-06-13,2.37,-0.4,0.7083,1.29,-0.062
2019-06-14,2.36,-0.4,0.7078,1.29,-0.062
2019-06-15,2.36,-0.4,0.7078,1.29,-0.062
2019-06-16,2.36,-0.4,0.7078,1.29,-0.062
2019-06-17,2.38,-0.4,0.708,1.29,-0.062
2019-06-18,2.37,-0.4,0.7082,1.29,-0.062
2019-06-19,2.37,-0.4,0.7089,1.29,-0.062
2019-06-20,2.37,-0.4,0.7092,1.29,-0.062
2019-06-21,2.38,-0.4,0.7094,1.29,-0.062
2019-06-22,2.38,-0.4,0.7094,1.29,-0.062
2019-06-23,2.38,-0.4,0.7094,1.29,-0.062
2019-06-24,2.38,-0.4,0.7085,1.29,-0.062
2019-06-25,2.38,-0.4,0.71,1.29,-0.062
2019-06-26,2.38,-0.4,0.7084,1.29,-0.062
2019-06-27,2.38,-0.4,0.7086,1.29,-0.062
2019-06-28,2.4,-0.4,0.706,1.29,-0.062
2019-06-29,2.4,-0.4,0.706,1.29,-0.062
2019-06-30,2.4,-0.4,0.706,1.29,-0.062
2019-07-01,2.39,-0.4,0.7093,1.11,-0.071
2019-07-02,2.4,-0.4,0.7082,1.11,-0.071
2019-07-03,2.41,-0.4,0.7089,1.11,-0.071
2019-07-04,2.41,-0.4,0.7093,1.11,-0.071
2019-07-05,2.42,-0.4,0.7077,1.11,-0.071
2019-07-06,2.42,-0.4,0.7077,1.11,-0.071
2019-07-07,2.42,-0.4,0.7077,1.11,-0.071
2019-07-08,2.41,-0.4,0.7088,1.11,-0.071
2019-07-09,2.41,-0.4,0.7089,1.11,-0.071
2019-07-10,2.41,-0.4,0.709,1.11,-0.071
2019-07-11,2.4,-0.4,0.709,1.11,-0.071
2019-07-12,2.38,-0.4,0.71,1.11,-0.071
2019-07-13,2.38,-0.4,0.71,1.11,-0.071
2019-07-14,2.38,-0.4,0.71,1.11,-0.071
2019-07-15,2.4,-0.4,0.7095,1.11,-0.071
2019-07-16,2.41,-0.4,0.7087,1.11,-0.071
2019-07-17,2.41,-0.4,0.7093,1.11,-0.071
2019-07-18,2.41,-0.4,0.7096,1.11,-0.071
2019-07-19,2.41,-0.4,0.7094,1.11,-0.071
2019-07-20,2.41,-0.4,0.7094,1.11,-0.071
2019-07-21,2.41,-0.4,0.7094,1.11,-0.071
2019-07-22,2.4,-0.4,0.7076,1.11,-0.071
2019-07-23,2.4,-0.4,0.7095,1.11,-0.071
2019-07-24,2.4,-0.4,0.7095,1.11,-0.071
2019-07-25,2.4,-0.4,0.7091,1.11,-0.071
2019-07-26,2.4,-0.4,0.7097,1.11,-0.071
2019-07-27,2.4,-0.4,0.7097,1.11,-0.071
2019-07-28,2.4,-0.4,0.7097,1.11,-0.071
2019-07-29,2.4,-0.4,0.7087,1.11,-0.071
2019-07-30,2.39,-0.4,0.7092,1.11,-0.071
2019-07-31,2.4,-0.4,0.7081,1.11,-0.071
2019-08-01,2.14,-0.4,0.7087,0.98,-0.045
2019-08-02,2.14,-0.4,0.7083,0.98,-0.045
2019-08-03,2.14,-0.4,0.7083,0.98,-0.045
2019-08-04,2.14,-0.4,0.7083,0.98,-0.045
2019-08-05,2.13,-0.4,0.7092,0.98,-0.045
2019-08-06,2.13,-0.4,0.7096,0.98,-0.045
2019-08-07,2.12,-0.4,0.7098,0.98,-0.045
2019-08-08,2.12,-0.4,0.7092,0.98,-0.045
2019-08-09,2.12,-0.4,0.7099,0.98,-0.045
2019-08-10,2.12,-0.4,0.7099,0.98,-0.045
2019-08-11,2.12,-0.4,0.7099,0.98,-0.045
2019-08-12,2.12,-0.4,0.709,0.98,-0.045
2019-08-13,2.12,-0.4,0.7094,0.98,-0.045
2019-08-14,2.12,-0.4,0.71,0.98,-0.045
2019-08-15,2.13,-0.4,0.7098,0.98,-0.045
2019-08-16,2.13,-0.4,0.7112,0.98,-0.045
2019-08-17,2.13,-0.4,0.7112,0.98,-0.045
2019-08-18,2.13,-0.4,0.7112,0.98,-0.045
2019-08-19,2.13,-0.4,0.71,0.98,-0.045
2019-08-20,2.13,-0.4,0.7102,0.98,-0.045
2019-08-21,2.12,-0.4,0.7127,0.98,-0.045
2019-08-22,2.12,-0.4,0.711,0.98,-0.045
2019-08-23,2.12,-0.4,0.7116,0.98,-0.045
2019-08-24,2.12,-0.4,0.7116,0.98,-0.045
2019-08-25,2.12,-0.4,0.7116,0.98,-0.045
2019-08-26,2.12,-0.4,0.7116,0.98,-0.045
2019-08-27,2.12,-0.4,0.7107,0.98,-0.045
2019-08-28,2.12,-0.4,0.7113,0.98,-0.045
2019-08-29,2.12,-0.4,0.7101,0.98,-0.045
2019-08-30,2.13,-0.4,0.7103,0.98,-0.045
2019-08-31,2.13,-0.4,0.7103,0.98,-0.045
2019-09-01,2.13,-0.4,0.7103,0.98,-0.059
2019-09-02,2.13,-0.4,0.7091,0.98,-0.059
2019-09-03,2.13,-0.4,0.7099,0.98,-0.059
2019-09-04,2.13,-0.4,0.7095,0.98,-0.059
2019-09-05,2.13,-0.4,0.7099,0.98,-0.059
2019-09-06,2.12,-0.4,0.7098,0.98,-0.059
2019-09-07,2.12,-0.4,0.7098,0.98,-0.059
2019-09-08,2.12,-0.4,0.7098,0.98,-0.059
2019-09-09,2.13,-0.4,0.7096,0.98,-0.059
2019-09-10,2.13,-0.4,0.7087,0.98,-0.059
2019-09-11,2.13,-0.4,0.7091,0.98,-0.059
2019-09-12,2.13,-0.4,0.7096,0.98,-0.059
2019-09-13,2.14,-0.4,0.708,0.98,-0.059
2019-09-14,2.14,-0.4,0.708,0.98,-0.059
2019-09-15,2.14,-0.4,0.708,0.98,-0.059
2019-09-16,2.25,-0.4,0.7099,0.98,-0.059
2019-09-17,2.3,-0.4,0.711,0.98,-0.059
2019-09-18,2.25,-0.5,0.7104,0.98,-0.059
2019-09-19,1.9,-0.5,0.7104,0.98,-0.059
2019-09-20,1.9,-0.5,0.7093,0.98,-0.059
2019-09-21,1.9,-0.5,0.7093,0.98,-0.059
2019-09-22,1.9,-0.5,0.7093,0.98,-0.059
2019-09-23,1.9,-0.5,0.7099,0.98,-0.059
2019-09-24,1.9,-0.5,0.7105,0.98,-0.059
2019-09-25,1.9,-0.5,0.7099,0.98,-0.059
2019-09-26,1.85,-0.5,0.7109,0.98,-0.059
2019-09-27,1.83,-0.5,0.7109,0.98,-0.059
2019-09-28,1.83,-0.5,0.7109,0.98,-0.059
2019-09-29,1.83,-0.5,0.7109,0.98,-0.059
2019-09-30,1.9,-0.5,0.7101,0.98,-0.059
2019-10-01,1.88,-0.5,0.7108,0.88,-0.021
2019-10-02,1.85,-0.5,0.7098,0.88,-0.021
2019-10-03,1.83,-0.5,0.7098,0.88,-0.021
2019-10-04,1.82,-0.5,0.7118,0.88,-0.021
2019-10-05,1.82,-0.5,0.7118,0.88,-0.021
2019-10-06,1.82,-0.5,0.7118,0.88,-0.021
2019-10-07,1.82,-0.5,0.7111,0.88,-0.021
2019-10-08,1.82,-0.5,0.7107,0.88,-0.021
2019-10-09,1.82,-0.5,0.7112,0.88,-0.021
2019-10-10,1.82,-0.5,0.7115,0.88,-0.021
2019-10-11,1.82,-0.5,0.7108,0.88,-0.021
2019-10-12,1.82,-0.5,0.7108,0.88,-0.021
2019-10-13,1.82,-0.5,0.7108,0.88,-0.021
2019-10-14,1.82,-0.5,0.7106,0.88,-0.021
2019-10-15,1.9,-0.5,0.7111,0.88,-0.021
2019-10-16,1.9,-0.5,0.7109,0.88,-0.021
2019-10-17,1.85,-0.5,0.7107,0.88,-0.021
2019-10-18,1.85,-0.5,0.7101,0.88,-0.021
2019-10-19,1.85,-0.5,0.7101,0.88,-0.021
2019-10-20,1.85,-0.5,0.7101,0.88,-0.021
2019-10-21,1.85,-0.5,0.7111,0.88,-0.021
2019-10-22,1.85,-0.5,0.7116,0.88,-0.021
2019-10-23,1.85,-0.5,0.7124,0.88,-0.021
2019-10-24,1.85,-0.5,0.7108,0.88,-0.021
2019-10-25,1.83,-0.5,0.7097,0.88,-0.021
2019-10-26,1.83,-0.5,0.7097,0.88,-0.021
2019-10-27,1.83,-0.5,0.7097,0.88,-0.021
2019-10-28,1.83,-0.5,0.7106,0.88,-0.021
2019-10-29,1.82,-0.5,0.7107,0.88,-0.021
2019-10-30,1.82,-0.5,0.7107,0.88,-0.021
2019-10-31,1.58,-0.5,0.7106,0.88,-0.021
2019-11-01,1.57,-0.5,0.7119,0.91,-0.043
2019-11-02,1.57,-0.5,0.7119,0.91,-0.043
2019-11-03,1.57,-0.5,0.7119,0.91,-0.043
2019-11-04,1.56,-0.5,0.7117,0.91,-0.043
2019-11-05,1.56,-0.5,0.7105,0.91,-0.043
2019-11-06,1.55,-0.5,0.7115,0.91,-0.043
2019-11-07,1.55,-0.5,0.7108,0.91,-0.043
2019-11-08,1.55,-0.5,0.71,0.91,-0.043
2019-11-09,1.55,-0.5,0.71,0.91,-0.043
2019-11-10,1.55,-0.5,0.71,0.91,-0.043
2019-11-11,1.55,-0.5,0.7112,0.91,-0.043
2019-11-12,1.55,-0.5,0.7103,0.91,-0.043
2019-11-13,1.55,-0.5,0.7109,0.91,-0.043
2019-11-14,1.55,-0.5,0.7091,0.91,-0.043
2019-11-15,1.55,-0.5,0.7085,0.91,-0.043
2019-11-16,1.55,-0.5,0.7085,0.91,-0.043
2019-11-17,1.55,-0.5,0.7085,0.91,-0.043
2019-11-18,1.55,-0.5,0.7099,0.91,-0.043
2019-11-19,1.55,-0.5,0.7106,0.91,-0.043
2019-11-20,1.55,-0.5,0.7108,0.91,-0.043
2019-11-21,1.55,-0.5,0.7107,0.91,-0.043
2019-11-22,1.55,-0.5,0.7104,0.91,-0.043
2019-11-23,1.55,-0.5,0.7104,0.91,-0.043
2019-11-24,1.55,-0.5,0.7104,0.91,-0.043
2019-11-25,1.55,-0.5,0.7097,0.91,-0.043
2019-11-26,1.55,-0.5,0.7097,0.91,-0.043
2019-11-27,1.55,-0.5,0.7105,0.91,-0.043
2019-11-28,1.55,-0.5,0.71,0.91,-0.043
2019-11-29,1.56,-0.5,0.7123,0.91,-0.043
2019-11-30,1.56,-0.5,0.7123,0.91,-0.043
2019-12-01,1.56,-0.5,0.7123,0.9,-0.038
2019-12-02,1.56,-0.5,0.7091,0.9,-0.038
2019-12-03,1.55,-0.5,0.7092,0.9,-0.038
2019-12-04,1.55,-0.5,0.7091,0.9,-0.038
2019-12-05,1.55,-0.5,0.7097,0.9,-0.038
2019-12-06,1.55,-0.5,0.7086,0.9,-0.038
2019-12-07,1.55,-0.5,0.7086,0.9,-0.038
2019-12-08,1.55,-0.5,0.7086,0.9,-0.038
2019-12-09,1.55,-0.5,0.7095,0.9,-0.038
2019-12-10,1.55,-0.5,0.7103,0.9,-0.038
2019-12-11,1.55,-0.5,0.7098,0.9,-0.038
2019-12-12,1.55,-0.5,0.7104,0.9,-0.038
2019-12-13,1.55,-0.5,0.7113,0.9,-0.038
2019-12-14,1.55,-0.5,0.7113,0.9,-0.038
2019-12-15,1.55,-0.5,0.7113,0.9,-0.038
2019-12-16,1.56,-0.5,0.7111,0.9,-0.038
2019-12-17,1.55,-0.5,0.7104,0.9,-0.038
2019-12-18,1.55,-0.5,0.7106,0.9,-0.038
2019-12-19,1.55,-0.5,0.7113,0.9,-0.038
2019-12-20,1.55,-0.5,0.7108,0.9,-0.038
2019-12-21,1.55,-0.5,0.7108,0.9,-0.038
2019-12-22,1.55,-0.5,0.7108,0.9,-0.038
2019-12-23,1.55,-0.5,0.7102,0.9,-0.038
2019-12-24,1.55,-0.5,0.7094,0.9,-0.038
2019-12-25,1.55,-0.5,0.7094,0.9,-0.038
2019-12-26,1.55,-0.5,0.7094,0.9,-0.038
2019-12-27,1.55,-0.5,0.71,0.9,-0.038
2019-12-28,1.55,-0.5,0.71,0.9,-0.038
2019-12-29,1.55,-0.5,0.71,0.9,-0.038
2019-12-30,1.55,-0.5,0.7107,0.9,-0.038
2019-12-31,1.55,-0.5,0.7098,0.9,-0.038
2020-01-01,1.55,-0.5,0.7098,0.89,-0.032
2020-01-02,1.55,-0.5,0.7125,0.89,-0.032
2020-01-03,1.55,-0.5,0.711,0.89,-0.032
2020-01-04,1.55,-0.5,0.711,0.89,-0.032
2020-01-05,1.55,-0.5,0.711,0.89,-0.032
2020-01-06,1.55,-0.5,0.7124,0.89,-0.032
2020-01-07,1.55,-0.5,0.712,0.89,-0.032
2020-01-08,1.55,-0.5,0.7124,0.89,-0.032
2020-01-09,1.55,-0.5,0.7123,0.89,-0.032
2020-01-10,1.54,-0.5,0.7117,0.89,-0.032
2020-01-11,1.54,-0.5,0.7117,0.89,-0.032
2020-01-12,1.54,-0.5,0.7117,0.89,-0.032
2020-01-13,1.54,-0.5,0.7107,0.89,-0.032
2020-01-14,1.54,-0.5,0.7111,0.89,-0.032
2020-01-15,1.54,-0.5,0.7125,0.89,-0.032
2020-01-16,1.54,-0.5,0.7117,0.89,-0.032
2020-01-17,1.55,-0.5,0.712,0.89,-0.032
2020-01-18,1.55,-0.5,0.712,0.89,-0.032
2020-01-19,1.55,-0.5,0.712,0.89,-0.032
2020-01-20,1.55,-0.5,0.7117,0.89,-0.032
2020-01-21,1.55,-0.5,0.7117,0.89,-0.032
2020-01-22,1.55,-0.5,0.7117,0.89,-0.032
2020-01-23,1.55,-0.5,0.7104,0.89,-0.032
2020-01-24,1.55,-0.5,0.7106,0.89,-0.032
2020-01-25,1.55,-0.5,0.7106,0.89,-0.032
2020-01-26,1.55,-0.5,0.7106,0.89,-0.032
2020-01-27,1.55,-0.5,0.7089,0.89,-0.032
2020-01-28,1.55,-0.5,0.7096,0.89,-0.032
2020-01-29,1.55,-0.5,0.7103,0.89,-0.032
2020-01-30,1.6,-0.5,0.7099,0.89,-0.032
2020-01-31,1.59,-0.5,0.7117,0.89,-0.032
2020-02-01,1.59,-0.5,0.7117,0.89,-0.016
2020-02-02,1.59,-0.5,0.7117,0.89,-0.016
2020-02-03,1.59,-0.5,0.7104,0.89,-0.016
2020-02-04,1.59,-0.5,0.7104,0.89,-0.016
2020-02-05,1.59,-0.5,0.7107,0.89,-0.016
2020-02-06,1.59,-0.5,0.7107,0.89,-0.016
2020-02-07,1.58,-0.5,0.7112,0.89,-0.016
2020-02-08,1.58,-0.5,0.7112,0.89,-0.016
2020-02-09,1.58,-0.5,0.7112,0.89,-0.016
2020-02-10,1.58,-0.5,0.7095,0.89,-0.016
2020-02-11,1.58,-0.5,0.7097,0.89,-0.016
2020-02-12,1.58,-0.5,0.7098,0.89,-0.016
2020-02-13,1.58,-0.5,0.7106,0.89,-0.016
2020-02-14,1.58,-0.5,0.7103,0.89,-0.016
2020-02-15,1.58,-0.5,0.7103,0.89,-0.016
2020-02-16,1.58,-0.5,0.7103,0.89,-0.016
2020-02-17,1.58,-0.5,0.7092,0.89,-0.016
2020-02-18,1.59,-0.5,0.7095,0.89,-0.016
2020-02-19,1.59,-0.5,0.7102,0.89,-0.016
2020-02-20,1.59,-0.5,0.711,0.89,-0.016
2020-02-21,1.58,-0.5,0.7112,0.89,-0.016
2020-02-22,1.58,-0.5,0.7112,0.89,-0.016
2020-02-23,1.58,-0.5,0.7112,0.89,-0.016
2020-02-24,1.58,-0.5,0.7105,0.89,-0.016
2020-02-25,1.58,-0.5,0.7109,0.89,-0.016
2020-02-26,1.58,-0.5,0.7114,0.89,-0.016
2020-02-27,1.58,-0.5,0.7106,0.89,-0.016
2020-02-28,1.58,-0.5,0.7098,0.89,-0.016
2020-02-29,1.58,-0.5,0.7098,0.89,-0.016
2020-03-01,1.58,-0.5,0.7098,0.53,-0.047
2020-03-02,1.59,-0.5,0.7089,0.53,-0.047
2020-03-03,1.59,-0.5,0.7098,0.53,-0.047
2020-03-04,1.09,-0.5,0.71,0.53,-0.047
2020-03-05,1.09,-0.5,0.7089,0.53,-0.047
2020-03-06,1.09,-0.5,0.7087,0.53,-0.047
2020-03-07,1.09,-0.5,0.7087,0.53,-0.047
2020-03-08,1.09,-0.5,0.7087,0.53,-0.047
2020-03-09,1.09,-0.5,0.7091,0.53,-0.047
2020-03-10,1.09,-0.5,0.7091,0.53,-0.047
2020-03-11,1.09,-0.5,0.2092,0.53,-0.047
2020-03-12,1.1,-0.5,0.2093,0.53,-0.047
2020-03-13,1.1,-0.5,0.2093,0.53,-0.047
2020-03-14,1.1,-0.5,0.2093,0.53,-0.047
2020-03-15,1.1,-0.5,0.2093,0.53,-0.047
2020-03-16,0.25,-0.5,0.2096,0.53,-0.047
2020-03-17,0.25,-0.5,0.2135,0.53,-0.047
2020-03-18,0.25,-0.5,0.2148,0.53,-0.047
2020-03-19,0.2,-0.5,0.2134,0.53,-0.047
2020-03-20,0.15,-0.5,0.0706,0.53,-0.047
2020-03-21,0.15,-0.5,0.0706,0.53,-0.047
2020-03-22,0.15,-0.5,0.0706,0.53,-0.047
2020-03-23,0.15,-0.5,0.0723,0.53,-0.047
2020-03-24,0.12,-0.5,0.0736,0.53,-0.047
2020-03-25,0.1,-0.5,0.075,0.53,-0.047
2020-03-26,0.1,-0.5,0.0729,0.53,-0.047
2020-03-27,0.1,-0.5,0.071,0.53,-0.047
2020-03-28,0.1,-0.5,0.071,0.53,-0.047
2020-03-29,0.1,-0.5,0.071,0.53,-0.047
2020-03-30,0.09,-0.5,0.0714,0.53,-0.047
2020-03-31,0.08,-0.5,0.0729,0.53,-0.047
2020-04-01,0.06,-0.5,0.0712,0.17,-0.036
2020-04-02,0.05,-0.5,0.0653,0.17,-0.036
2020-04-03,0.05,-0.5,0.064,0.17,-0.036
2020-04-04,0.05,-0.5,0.064,0.17,-0.036
2020-04-05,0.05,-0.5,0.064,0.17,-0.036
2020-04-06,0.05,-0.5,0.0657,0.17,-0.036
2020-04-07,0.05,-0.5,0.0661,0.17,-0.036
2020-04-08,0.05,-0.5,0.0641,0.17,-0.036
2020-04-09,0.05,-0.5,0.066,0.17,-0.036
2020-04-10,0.05,-0.5,0.066,0.17,-0.036
2020-04-11,0.05,-0.5,0.066,0.17,-0.036
2020-04-12,0.05,-0.5,0.066,0.17,-0.036
2020-04-13,0.05,-0.5,0.066,0.17,-0.036
2020-04-14,0.05,-0.5,0.0635,0.17,-0.036
2020-04-15,0.05,-0.5,0.0634,0.17,-0.036
2020-04-16,0.05,-0.5,0.0632,0.17,-0.036
2020-04-17,0.05,-0.5,0.0643,0.17,-0.036
2020-04-18,0.05,-0.5,0.0643,0.17,-0.036
2020-04-19,0.05,-0.5,0.0643,0.17,-0.036
2020-04-20,0.05,-0.5,0.0661,0.17,-0.036
2020-04-21,0.05,-0.5,0.0672,0.17,-0.036
2020-04-22,0.05,-0.5,0.0683,0.17,-0.036
2020-04-23,0.04,-0.5,0.0673,0.17,-0.036
2020-04-24,0.05,-0.5,0.0662,0.17,-0.036
2020-04-25,0.05,-0.5,0.0662,0.17,-0.036
2020-04-26,0.05,-0.5,0.0662,0.17,-0.036
2020-04-27,0.04,-0.5,0.0652,0.17,-0.036
2020-04-28,0.04,-0.5,0.0665,0.17,-0.036
2020-04-29,0.04,-0.5,0.0673,0.17,-0.036
2020-04-30,0.05,-0.5,0.0666,0.17,-0.036
2020-05-01,0.05,-0.5,0.0658,0.1,-0.047
2020-05-02,0.05,-0.5,0.0658,0.1,-0.047
2020-05-03,0.05,-0.5,0.0658,0.1,-0.047
2020-05-04,0.05,-0.5,0.0659,0.1,-0.047
2020-05-05,0.05,-0.5,0.0665,0.1,-0.047
2020-05-06,0.05,-0.5,0.0668,0.1,-0.047
2020-05-07,0.05,-0.5,0.0674,0.1,-0.047
2020-05-08,0.05,-0.5,0.0674,0.1,-0.047
2020-05-09,0.05,-0.5,0.0674,0.1,-0.047
2020-05-10,0.05,-0.5,0.0674,0.1,-0.047
2020-05-11,0.05,-0.5,0.0667,0.1,-0.047
2020-05-12,0.05,-0.5,0.0667,0.1,-0.047
2020-05-13,0.05,-0.5,0.0684,0.1,-0.047
2020-05-14,0.05,-0.5,0.0672,0.1,-0.047
2020-05-15,0.05,-0.5,0.0675,0.1,-0.047
2020-05-16,0.05,-0.5,0.0675,0.1,-0.047
2020-05-17,0.05,-0.5,0.0675,0.1,-0.047
2020-05-18,0.05,-0.5,0.0683,0.1,-0.047
2020-05-19,0.05,-0.5,0.068,0.1,-0.047
2020-05-20,0.05,-0.5,0.0688,0.1,-0.047
2020-05-21,0.05,-0.5,0.0683,0.1,-0.047
2020-05-22,0.05,-0.5,0.0683,0.1,-0.047
2020-05-23,0.05,-0.5,0.0683,0.1,-0.047
2020-05-24,0.05,-0.5,0.0683,0.1,-0.047
2020-05-25,0.05,-0.5,0.0683,0.1,-0.047
2020-05-26,0.05,-0.5,0.0671,0.1,-0.047
2020-05-27,0.05,-0.5,0.0677,0.1,-0.047
2020-05-28,0.05,-0.5,0.068,0.1,-0.047
2020-05-29,0.05,-0.5,0.0679,0.1,-0.047
2020-05-30,0.05,-0.5,0.0679,0.1,-0.047
2020-05-31,0.05,-0.5,0.0679,0.1,-0.047
2020-06-01,0.05,-0.5,0.0665,0.1,-0.048
2020-06-02,0.06,-0.5,0.0686,0.1,-0.048
2020-06-03,0.06,-0.5,0.0685,0.1,-0.048
2020-06-04,0.06,-0.5,0.0693,0.1,-0.048
2020-06-05,0.07,-0.5,0.0679,0.1,-0.048
2020-06-06,0.07,-0.5,0.0679,0.1,-0.048
2020-06-07,0.07,-0.5,0.0679,0.1,-0.048
2020-06-08,0.07,-0.5,0.066,0.1,-0.048
2020-06-09,0.07,-0.5,0.066,0.1,-0.048
2020-06-10,0.08,-0.5,0.0657,0.1,-0.048
2020-06-11,0.08,-0.5,0.0651,0.1,-0.048
2020-06-12,0.08,-0.5,0.0651,0.1,-0.048
2020-06-13,0.08,-0.5,0.0651,0.1,-0.048
2020-06-14,0.08,-0.5,0.0651,0.1,-0.048
2020-06-15,0.09,-0.5,0.0634,0.1,-0.048
2020-06-16,0.09,-0.5,0.0627,0.1,-0.048
2020-06-17,0.09,-0.5,0.0636,0.1,-0.048
2020-06-18,0.09,-0.5,0.0624,0.1,-0.048
2020-06-19,0.09,-0.5,0.0637,0.1,-0.048
2020-06-20,0.09,-0.5,0.0637,0.1,-0.048
2020-06-21,0.09,-0.5,0.0637,0.1,-0.048
2020-06-22,0.08,-0.5,0.0636,0.1,-0.048
2020-06-23,0.08,-0.5,0.0621,0.1,-0.048
2020-06-24,0.08,-0.5,0.0626,0.1,-0.048
2020-06-25,0.08,-0.5,0.063,0.1,-0.048
2020-06-26,0.08,-0.5,0.0633,0.1,-0.048
2020-06-27,0.08,-0.5,0.0633,0.1,-0.048
2020-06-28,0.08,-0.5,0.0633,0.1,-0.048
2020-06-29,0.08,-0.5,0.0619,0.1,-0.048
2020-06-30,0.08,-0.5,0.0603,0.1,-0.048
2020-07-01,0.08,-0.5,0.0611,0.1,-0.028
2020-07-02,0.09,-0.5,0.0608,0.1,-0.028
2020-07-03,0.09,-0.5,0.0608,0.1,-0.028
2020-07-04,0.09,-0.5,0.0608,0.1,-0.028
2020-07-05,0.09,-0.5,0.0608,0.1,-0.028
2020-07-06,0.09,-0.5,0.0592,0.1,-0.028
2020-07-07,0.09,-0.5,0.059,0.1,-0.028
2020-07-08,0.09,-0.5,0.0596,0.1,-0.028
2020-07-09,0.09,-0.5,0.0594,0.1,-0.028
2020-07-10,0.09,-0.5,0.0599,0.1,-0.028
2020-07-11,0.09,-0.5,0.0599,0.1,-0.028
2020-07-12,0.09,-0.5,0.0599,0.1,-0.028
2020-07-13,0.09,-0.5,0.0599,0.1,-0.028
2020-07-14,0.09,-0.5,0.0605,0.1,-0.028
2020-07-15,0.1,-0.5,0.0609,0.1,-0.028
2020-07-16,0.1,-0.5,0.0618,0.1,-0.028
2020-07-17,0.09,-0.5,0.06,0.1,-0.028
2020-07-18,0.09,-0.5,0.06,0.1,-0.028
2020-07-19,0.09,-0.5,0.06,0.1,-0.028
2020-07-20,0.1,-0.5,0.0601,0.1,-0.028
2020-07-21,0.1,-0.5,0.0602,0.1,-0.028
2020-07-22,0.09,-0.5,0.0587,0.1,-0.028
2020-07-23,0.09,-0.5,0.0584,0.1,-0.028
2020-07-24,0.09,-0.5,0.0588,0.1,-0.028
2020-07-25,0.09,-0.5,0.0588,0.1,-0.028
2020-07-26,0.09,-0.5,0.0588,0.1,-0.028
2020-07-27,0.1,-0.5,0.0584,0.1,-0.028
2020-07-28,0.1,-0.5,0.0598,0.1,-0.028
2020-07-29,0.1,-0.5,0.0591,0.1,-0.028
2020-07-30,0.1,-0.5,0.0601,0.1,-0.028
2020-07-31,0.1,-0.5,0.0603,0.1,-0.028
2020-08-01,0.1,-0.5,0.0603,0.1,-0.035
2020-08-02,0.1,-0.5,0.0603,0.1,-0.035
2020-08-03,0.1,-0.5,0.0574,0.1,-0.035
2020-08-04,0.1,-0.5,0.0568,0.1,-0.035
2020-08-05,0.1,-0.5,0.0572,0.1,-0.035
2020-08-06,0.1,-0.5,0.0573,0.1,-0.035
2020-08-07,0.1,-0.5,0.0584,0.1,-0.035
2020-08-08,0.1,-0.5,0.0584,0.1,-0.035
2020-08-09,0.1,-0.5,0.0584,0.1,-0.035
2020-08-10,0.1,-0.5,0.0572,0.1,-0.035
2020-08-11,0.1,-0.5,0.0561,0.1,-0.035
2020-08-12,0.1,-0.5,0.0563,0.1,-0.035
2020-08-13,0.1,-0.5,0.0571,0.1,-0.035
2020-08-14,0.1,-0.5,0.0568,0.1,-0.035
2020-08-15,0.1,-0.5,0.0568,0.1,-0.035
2020-08-16,0.1,-0.5,0.0568,0.1,-0.035
2020-08-17,0.1,-0.5,0.0563,0.1,-0.035
2020-08-18,0.09,-0.5,0.0553,0.1,-0.035
2020-08-19,0.09,-0.5,0.0562,0.1,-0.035
2020-08-20,0.09,-0.5,0.0557,0.1,-0.035
2020-08-21,0.09,-0.5,0.0556,0.1,-0.035
2020-08-22,0.09,-0.5,0.0556,0.1,-0.035
2020-08-23,0.09,-0.5,0.0556,0.1,-0.035
2020-08-24,0.09,-0.5,0.0545,0.1,-0.035
2020-08-25,0.09,-0.5,0.0553,0.1,-0.035
2020-08-26,0.09,-0.5,0.0547,0.1,-0.035
2020-08-27,0.08,-0.5,0.0559,0.1,-0.035
2020-08-28,0.09,-0.5,0.0545,0.1,-0.035
2020-08-29,0.09,-0.5,0.0545,0.1,-0.035
2020-08-30,0.09,-0.5,0.0545,0.1,-0.035
2020-08-31,0.09,-0.5,0.0545,0.1,-0.035
2020-09-01,0.09,-0.5,0.0552,0.09,-0.054
2020-09-02,0.09,-0.5,0.0547,0.09,-0.054
2020-09-03,0.09,-0.5,0.0561,0.09,-0.054
2020-09-04,0.09,-0.5,0.056,0.09,-0.054
2020-09-05,0.09,-0.5,0.056,0.09,-0.054
2020-09-06,0.09,-0.5,0.056,0.09,-0.054
2020-09-07,0.09,-0.5,0.0556,0.09,-0.054
2020-09-08,0.09,-0.5,0.0557,0.09,-0.054
2020-09-09,0.09,-0.5,0.055,0.09,-0.054
2020-09-10,0.09,-0.5,0.0552,0.09,-0.054
2020-09-11,0.09,-0.5,0.0569,0.09,-0.054
2020-09-12,0.09,-0.5,0.0569,0.09,-0.054
2020-09-13,0.09,-0.5,0.0569,0.09,-0.054
2020-09-14,0.09,-0.5,0.0557,0.09,-0.054
2020-09-15,0.09,-0.5,0.0556,0.09,-0.054
2020-09-16,0.09,-0.5,0.0558,0.09,-0.054
2020-09-17,0.09,-0.5,0.0546,0.09,-0.054
2020-09-18,0.09,-0.5,0.054,0.09,-0.054
2020-09-19,0.09,-0.5,0.054,0.09,-0.054
2020-09-20,0.09,-0.5,0.054,0.09,-0.054
2020-09-21,0.09,-0.5,0.0538,0.09,-0.054
2020-09-22,0.09,-0.5,0.0541,0.09,-0.054
2020-09-23,0.09,-0.5,0.0539,0.09,-0.054
2020-09-24,0.09,-0.5,0.0539,0.09,-0.054
2020-09-25,0.09,-0.5,0.0541,0.09,-0.054
2020-09-26,0.09,-0.5,0.0541,0.09,-0.054
2020-09-27,0.09,-0.5,0.0541,0.09,-0.054
2020-09-28,0.09,-0.5,0.0541,0.09,-0.054
2020-09-29,0.09,-0.5,0.0533,0.09,-0.054
2020-09-30,0.09,-0.5,0.0509,0.09,-0.054
2020-10-01,0.09,-0.5,0.0538,0.07,-0.02
2020-10-02,0.09,-0.5,0.0539,0.07,-0.02
2020-10-03,0.09,-0.5,0.0539,0.07,-0.02
2020-10-04,0.09,-0.5,0.0539,0.07,-0.02
2020-10-05,0.09,-0.5,0.0539,0.07,-0.02
2020-10-06,0.09,-0.5,0.0537,0.07,-0.02
2020-10-07,0.09,-0.5,0.054,0.07,-0.02
2020-10-08,0.09,-0.5,0.0539,0.07,-0.02
2020-10-09,0.09,-0.5,0.0538,0.07,-0.02
2020-10-10,0.09,-0.5,0.0538,0.07,-0.02
2020-10-11,0.09,-0.5,0.0538,0.07,-0.02
2020-10-12,0.09,-0.5,0.0542,0.07,-0.02
2020-10-13,0.09,-0.5,0.0531,0.07,-0.02
2020-10-14,0.09,-0.5,0.0538,0.07,-0.02
2020-10-15,0.09,-0.5,0.0534,0.07,-0.02
2020-10-16,0.09,-0.5,0.0533,0.07,-0.02
2020-10-17,0.09,-0.5,0.0533,0.07,-0.02
2020-10-18,0.09,-0.5,0.0533,0.07,-0.02
2020-10-19,0.09,-0.5,0.0535,0.07,-0.02
2020-10-20,0.09,-0.5,0.0533,0.07,-0.02
2020-10-21,0.09,-0.5,0.0536,0.07,-0.02
2020-10-22,0.09,-0.5,0.0543,0.07,-0.02
2020-10-23,0.09,-0.5,0.0538,0.07,-0.02
2020-10-24,0.09,-0.5,0.0538,0.07,-0.02
2020-10-25,0.09,-0.5,0.0538,0.07,-0.02
2020-10-26,0.09,-0.5,0.0541,0.07,-0.02
2020-10-27,0.09,-0.5,0.0542,0.07,-0.02
2020-10-28,0.09,-0.5,0.054,0.07,-0.02
2020-10-29,0.09,-0.5,0.0543,0.07,-0.02
2020-10-30,0.09,-0.5,0.0547,0.07,-0.02
2020-10-31,0.09,-0.5,0.0547,0.07,-0.02
2020-11-01,0.09,-0.5,0.0547,0.02,-0.032
2020-11-02,0.09,-0.5,0.0539,0.02,-0.032
2020-11-03,0.09,-0.5,0.0533,0.02,-0.032
2020-11-04,0.09,-0.5,0.0537,0.02,-0.032
2020-11-05,0.09,-0.5,0.0533,0.02,-0.032
2020-11-06,0.09,-0.5,0.0534,0.02,-0.032
2020-11-07,0.09,-0.5,0.0534,0.02,-0.032
2020-11-08,0.09,-0.5,0.0534,0.02,-0.032
2020-11-09,0.09,-0.5,0.0532,0.02,-0.032
2020-11-10,0.09,-0.5,0.0533,0.02,-0.032
2020-11-11,0.09,-0.5,0.0535,0.02,-0.032
2020-11-12,0.09,-0.5,0.0542,0.02,-0.032
2020-11-13,0.09,-0.5,0.0536,0.02,-0.032
2020-11-14,0.09,-0.5,0.0536,0.02,-0.032
2020-11-15,0.09,-0.5,0.0536,0.02,-0.032
2020-11-16,0.09,-0.5,0.0539,0.02,-0.032
2020-11-17,0.09,-0.5,0.0533,0.02,-0.032
2020-11-18,0.09,-0.5,0.0538,0.02,-0.032
2020-11-19,0.08,-0.5,0.0536,0.02,-0.032
2020-11-20,0.08,-0.5,0.0543,0.02,-0.032
2020-11-21,0.08,-0.5,0.0543,0.02,-0.032
2020-11-22,0.08,-0.5,0.0543,0.02,-0.032
2020-11-23,0.08,-0.5,0.0536,0.02,-0.032
2020-11-24,0.08,-0.5,0.0536,0.02,-0.032
2020-11-25,0.08,-0.5,0.0535,0.02,-0.032
2020-11-26,0.08,-0.5,0.0535,0.02,-0.032
2020-11-27,0.08,-0.5,0.0542,0.02,-0.032
2020-11-28,0.08,-0.5,0.0542,0.02,-0.032
2020-11-29,0.08,-0.5,0.0542,0.02,-0.032
2020-11-30,0.09,-0.5,0.054,0.02,-0.032
2020-12-01,0.09,-0.5,0.0528,0.02,-0.026
2020-12-02,0.09,-0.5,0.0523,0.02,-0.026
2020-12-03,0.09,-0.5,0.0519,0.02,-0.026
2020-12-04,0.09,-0.5,0.0513,0.02,-0.026
2020-12-05,0.09,-0.5,0.0513,0.02,-0.026
2020-12-06,0.09,-0.5,0.0513,0.02,-0.026
2020-12-07,0.09,-0.5,0.051,0.02,-0.026
2020-12-08,0.09,-0.5,0.051,0.02,-0.026
2020-12-09,0.09,-0.5,0.0514,0.02,-0.026
2020-12-10,0.09,-0.5,0.0508,0.02,-0.026
2020-12-11,0.09,-0.5,0.0502,0.02,-0.026
2020-12-12,0.09,-0.5,0.0502,0.02,-0.026
2020-12-13,0.09,-0.5,0.0502,0.02,-0.026
2020-12-14,0.09,-0.5,0.0494,0.02,-0.026
2020-12-15,0.09,-0.5,0.0491,0.02,-0.026
2020-12-16,0.09,-0.5,0.0478,0.02,-0.026
2020-12-17,0.09,-0.5,0.0487,0.02,-0.026
2020-12-18,0.09,-0.5,0.0483,0.02,-0.026
2020-12-19,0.09,-0.5,0.0483,0.02,-0.026
2020-12-20,0.09,-0.5,0.0483,0.02,-0.026
2020-12-21,0.09,-0.5,0.0477,0.02,-0.026
2020-12-22,0.09,-0.5,0.048,0.02,-0.026
2020-12-23,0.09,-0.5,0.0478,0.02,-0.026
2020-12-24,0.09,-0.5,0.0474,0.02,-0.026
2020-12-25,0.09,-0.5,0.0474,0.02,-0.026
2020-12-26,0.09,-0.5,0.0474,0.02,-0.026
2020-12-27,0.09,-0.5,0.0474,0.02,-0.026
2020-12-28,0.09,-0.5,0.0474,0.02,-0.026
2020-12-29,0.09,-0.5,0.0483,0.02,-0.026
2020-12-30,0.09,-0.5,0.048,0.02,-0.026
2020-12-31,0.09,-0.5,0.0394,0.02,-0.026
2021-01-01,0.09,-0.5,0.0394,0.01,-0.017
2021-01-02,0.09,-0.5,0.0394,0.01,-0.017
2021-01-03,0.09,-0.5,0.0394,0.01,-0.017
2021-01-04,0.09,-0.5,0.0479,0.01,-0.017
2021-01-05,0.09,-0.5,0.0485,0.01,-0.017
2021-01-06,0.09,-0.5,0.0488,0.01,-0.017
2021-01-07,0.09,-0.5,0.0491,0.01,-0.017
2021-01-08,0.09,-0.5,0.0497,0.01,-0.017
2021-01-09,0.09,-0.5,0.0497,0.01,-0.017
2021-01-10,0.09,-0.5,0.0497,0.01,-0.017
2021-01-11,0.09,-0.5,0.0488,0.01,-0.017
2021-01-12,0.09,-0.5,0.0487,0.01,-0.017
2021-01-13,0.09,-0.5,0.0496,0.01,-0.017
2021-01-14,0.09,-0.5,0.05,0.01,-0.017
2021-01-15,0.09,-0.5,0.0498,0.01,-0.017
2021-01-16,0.09,-0.5,0.0498,0.01,-0.017
2021-01-17,0.09,-0.5,0.0498,0.01,-0.017
2021-01-18,0.09,-0.5,0.0495,0.01,-0.017
2021-01-19,0.09,-0.5,0.05,0.01,-0.017
2021-01-20,0.09,-0.5,0.0492,0.01,-0.017
2021-01-21,0.08,-0.5,0.0494,0.01,-0.017
2021-01-22,0.08,-0.5,0.0496,0.01,-0.017
2021-01-23,0.08,-0.5,0.0496,0.01,-0.017
2021-01-24,0.08,-0.5,0.0496,0.01,-0.017
2021-01-25,0.08,-0.5,0.0493,0.01,-0.017
2021-01-26,0.08,-0.5,0.0489,0.01,-0.017
2021-01-27,0.08,-0.5,0.0489,0.01,-0.017
2021-01-28,0.07,-0.5,0.0487,0.01,-0.017
2021-01-29,0.07,-0.5,0.0529,0.01,-0.017
2021-01-30,0.07,-0.5,0.0529,0.01,-0.017
2021-01-31,0.07,-0.5,0.0529,0.01,-0.017
2021-02-01,0.08,-0.5,0.048,0.01,-0.016
2021-02-02,0.08,-0.5,0.0485,0.01,-0.016
2021-02-03,0.08,-0.5,0.0486,0.01,-0.016
2021-02-04,0.08,-0.5,0.0484,0.01,-0.016
2021-02-05,0.08,-0.5,0.0482,0.01,-0.016
2021-02-06,0.08,-0.5,0.0482,0.01,-0.016
2021-02-07,0.08,-0.5,0.0482,0.01,-0.016
2021-02-08,0.07,-0.5,0.048,0.01,-0.016
2021-02-09,0.08,-0.5,0.0482,0.01,-0.016
2021-02-10,0.08,-0.5,0.0483,0.01,-0.016
2021-02-11,0.08,-0.5,0.0484,0.01,-0.016
2021-02-12,0.08,-0.5,0.0481,0.01,-0.016
2021-02-13,0.08,-0.5,0.0481,0.01,-0.016
2021-02-14,0.08,-0.5,0.0481,0.01,-0.016
2021-02-15,0.08,-0.5,0.048,0.01,-0.016
2021-02-16,0.08,-0.5,0.0483,0.01,-0.016
2021-02-17,0.08,-0.5,0.0487,0.01,-0.016
2021-02-18,0.07,-0.5,0.049,0.01,-0.016
2021-02-19,0.07,-0.5,0.0489,0.01,-0.016
2021-02-20,0.07,-0.5,0.0489,0.01,-0.016
2021-02-21,0.07,-0.5,0.0489,0.01,-0.016
2021-02-22,0.07,-0.5,0.049,0.01,-0.016
2021-02-23,0.07,-0.5,0.0486,0.01,-0.016
2021-02-24,0.07,-0.5,0.049,0.01,-0.016
2021-02-25,0.07,-0.5,0.0491,0.01,-0.016
2021-02-26,0.07,-0.5,0.0512,0.01,-0.016
2021-02-27,0.07,-0.5,0.0512,0.01,-0.016
2021-02-28,0.07,-0.5,0.0512,0.01,-0.016
2021-03-01,0.07,-0.5,0.0488,0.03,-0.017
2021-03-02,0.07,-0.5,0.0491,0.03,-0.017
2021-03-03,0.07,-0.5,0.049,0.03,-0.017
2021-03-04,0.07,-0.5,0.0494,0.03,-0.017
2021-03-05,0.07,-0.5,0.0488,0.03,-0.017
2021-03-06,0.07,-0.5,0.0488,0.03,-0.017
2021-03-07,0.07,-0.5,0.0488,0.03,-0.017
2021-03-08,0.07,-0.5,0.0491,0.03,-0.017
2021-03-09,0.07,-0.5,0.049,0.03,-0.017
2021-03-10,0.07,-0.5,0.0485,0.03,-0.017
2021-03-11,0.07,-0.5,0.0485,0.03,-0.017
2021-03-12,0.07,-0.5,0.049,0.03,-0.017
2021-03-13,0.07,-0.5,0.049,0.03,-0.017
2021-03-14,0.07,-0.5,0.049,0.03,-0.017
2021-03-15,0.07,-0.5,0.0497,0.03,-0.017
2021-03-16,0.07,-0.5,0.0493,0.03,-0.017
2021-03-17,0.07,-0.5,0.0494,0.03,-0.017
2021-03-18,0.07,-0.5,0.0493,0.03,-0.017
2021-03-19,0.07,-0.5,0.0485,0.03,-0.017
2021-03-20,0.07,-0.5,0.0485,0.03,-0.017
2021-03-21,0.07,-0.5,0.0485,0.03,-0.017
2021-03-22,0.07,-0.5,0.0489,0.03,-0.017
2021-03-23,0.07,-0.5,0.0481,0.03,-0.017
2021-03-24,0.07,-0.5,0.0481,0.03,-0.017
2021-03-25,0.07,-0.5,0.0481,0.03,-0.017
2021-03-26,0.07,-0.5,0.0481,0.03,-0.017
2021-03-27,0.07,-0.5,0.0481,0.03,-0.017
2021-03-28,0.07,-0.5,0.0481,0.03,-0.017
2021-03-29,0.07,-0.5,0.048,0.03,-0.017
2021-03-30,0.07,-0.5,0.0475,0.03,-0.017
2021-03-31,0.06,-0.5,0.0466,0.03,-0.017
2021-04-01,0.07,-0.5,0.0475,0.04,-0.012
2021-04-02,0.07,-0.5,0.0475,0.04,-0.012
2021-04-03,0.07,-0.5,0.0475,0.04,-0.012
2021-04-04,0.07,-0.5,0.0475,0.04,-0.012
2021-04-05,0.07,-0.5,0.0475,0.04,-0.012
2021-04-06,0.07,-0.5,0.0482,0.04,-0.012
2021-04-07,0.07,-0.5,0.0483,0.04,-0.012
2021-04-08,0.07,-0.5,0.0483,0.04,-0.012
2021-04-09,0.07,-0.5,0.0484,0.04,-0.012
2021-04-10,0.07,-0.5,0.0484,0.04,-0.012
2021-04-11,0.07,-0.5,0.0484,0.04,-0.012
2021-04-12,0.07,-0.5,0.0482,0.04,-0.012
2021-04-13,0.07,-0.5,0.0481,0.04,-0.012
2021-04-14,0.07,-0.5,0.0482,0.04,-0.012
2021-04-15,0.07,-0.5,0.0477,0.04,-0.012
2021-04-16,0.07,-0.5,0.048,0.04,-0.012
2021-04-17,0.07,-0.5,0.048,0.04,-0.012
2021-04-18,0.07,-0.5,0.048,0.04,-0.012
2021-04-19,0.07,-0.5,0.0482,0.04,-0.012
2021-04-20,0.07,-0.5,0.048,0.04,-0.012
2021-04-21,0.07,-0.5,0.0481,0.04,-0.012
2021-04-22,0.07,-0.5,0.0487,0.04,-0.012
2021-04-23,0.07,-0.5,0.0491,0.04,-0.012
2021-04-24,0.07,-0.5,0.0491,0.04,-0.012
2021-04-25,0.07,-0.5,0.0491,0.04,-0.012
2021-04-26,0.07,-0.5,0.0486,0.04,-0.012
2021-04-27,0.07,-0.5,0.0495,0.04,-0.012
2021-04-28,0.07,-0.5,0.0496,0.04,-0.012
2021-04-29,0.06,-0.5,0.0499,0.04,-0.012
2021-04-30,0.05,-0.5,0.0509,0.04,-0.012
2021-05-01,0.05,-0.5,0.0509,0.04,-0.017
2021-05-02,0.05,-0.5,0.0509,0.04,-0.017
2021-05-03,0.06,-0.5,0.0509,0.04,-0.017
2021-05-04,0.06,-0.5,0.0496,0.04,-0.017
2021-05-05,0.06,-0.5,0.0487,0.04,-0.017
2021-05-06,0.06,-0.5,0.0491,0.04,-0.017
2021-05-07,0.06,-0.5,0.0498,0.04,-0.017
2021-05-08,0.06,-0.5,0.0498,0.04,-0.017
2021-05-09,0.06,-0.5,0.0498,0.04,-0.017
2021-05-10,0.06,-0.5,0.049,0.04,-0.017
2021-05-11,0.06,-0.5,0.0488,0.04,-0.017
2021-05-12,0.06,-0.5,0.0492,0.04,-0.017
2021-05-13,0.06,-0.5,0.0494,0.04,-0.017
2021-05-14,0.06,-0.5,0.0497,0.04,-0.017
2021-05-15,0.06,-0.5,0.0497,0.04,-0.017
2021-05-16,0.06,-0.5,0.0497,0.04,-0.017
2021-05-17,0.06,-0.5,0.0483,0.04,-0.017
2021-05-18,0.06,-0.5,0.0493,0.04,-0.017
2021-05-19,0.06,-0.5,0.049,0.04,-0.017
2021-05-20,0.06,-0.5,0.0493,0.04,-0.017
2021-05-21,0.06,-0.5,0.0495,0.04,-0.017
2021-05-22,0.06,-0.5,0.0495,0.04,-0.017
2021-05-23,0.06,-0.5,0.0495,0.04,-0.017
2021-05-24,0.06,-0.5,0.0497,0.04,-0.017
2021-05-25,0.06,-0.5,0.0496,0.04,-0.017
2021-05-26,0.06,-0.5,0.05,0.04,-0.017
2021-05-27,0.06,-0.5,0.0501,0.04,-0.017
2021-05-28,0.05,-0.5,0.0516,0.04,-0.017
2021-05-29,0.05,-0.5,0.0516,0.04,-0.017
2021-05-30,0.05,-0.5,0.0516,0.04,-0.017
2021-05-31,0.05,-0.5,0.0516,0.04,-0.017
2021-06-01,0.06,-0.5,0.0498,0.03,-0.029
2021-06-02,0.06,-0.5,0.0498,0.03,-0.029
2021-06-03,0.06,-0.5,0.0502,0.03,-0.029
2021-06-04,0.06,-0.5,0.05,0.03,-0.029
2021-06-05,0.06,-0.5,0.05,0.03,-0.029
2021-06-06,0.06,-0.5,0.05,0.03,-0.029
2021-06-07,0.06,-0.5,0.0504,0.03,-0.029
2021-06-08,0.06,-0.5,0.0505,0.03,-0.029
2021-06-09,0.06,-0.5,0.0502,0.03,-0.029
2021-06-10,0.06,-0.5,0.0499,0.03,-0.029
2021-06-11,0.06,-0.5,0.0501,0.03,-0.029
2021-06-12,0.06,-0.5,0.0501,0.03,-0.029
2021-06-13,0.06,-0.5,0.0501,0.03,-0.029
2021-06-14,0.06,-0.5,0.0499,0.03,-0.029
2021-06-15,0.06,-0.5,0.0499,0.03,-0.029
2021-06-16,0.06,-0.5,0.05,0.03,-0.029
2021-06-17,0.1,-0.5,0.05,0.03,-0.029
2021-06-18,0.1,-0.5,0.0502,0.03,-0.029
2021-06-19,0.1,-0.5,0.0502,0.03,-0.029
2021-06-20,0.1,-0.5,0.0502,0.03,-0.029
2021-06-21,0.1,-0.5,0.0498,0.03,-0.029
2021-06-22,0.1,-0.5,0.0502,0.03,-0.029
2021-06-23,0.1,-0.5,0.05,0.03,-0.029
2021-06-24,0.1,-0.5,0.05,0.03,-0.029
2021-06-25,0.1,-0.5,0.0502,0.03,-0.029
2021-06-26,0.1,-0.5,0.0502,0.03,-0.029
2021-06-27,0.1,-0.5,0.0502,0.03,-0.029
2021-06-28,0.1,-0.5,0.0495,0.03,-0.029
2021-06-29,0.1,-0.5,0.0493,0.03,-0.029
2021-06-30,0.08,-0.5,0.0466,0.03,-0.029
2021-07-01,0.1,-0.5,0.0496,0.02,-0.036
2021-07-02,0.1,-0.5,0.0505,0.02,-0.036
2021-07-03,0.1,-0.5,0.0505,0.02,-0.036
2021-07-04,0.1,-0.5,0.0505,0.02,-0.036
2021-07-05,0.1,-0.5,0.0504,0.02,-0.036
2021-07-06,0.1,-0.5,0.0502,0.02,-0.036
2021-07-07,0.1,-0.5,0.0506,0.02,-0.036
2021-07-08,0.1,-0.5,0.0508,0.02,-0.036
2021-07-09,0.1,-0.5,0.0504,0.02,-0.036
2021-07-10,0.1,-0.5,0.0504,0.02,-0.036
2021-07-11,0.1,-0.5,0.0504,0.02,-0.036
2021-07-12,0.1,-0.5,0.0503,0.02,-0.036
2021-07-13,0.1,-0.5,0.0507,0.02,-0.036
2021-07-14,0.1,-0.5,0.0508,0.02,-0.036
2021-07-15,0.1,-0.5,0.0508,0.02,-0.036
2021-07-16,0.1,-0.5,0.0506,0.02,-0.036
2021-07-17,0.1,-0.5,0.0506,0.02,-0.036
2021-07-18,0.1,-0.5,0.0506,0.02,-0.036
2021-07-19,0.1,-0.5,0.0508,0.02,-0.036
2021-07-20,0.1,-0.5,0.051,0.02,-0.036
2021-07-21,0.1,-0.5,0.0507,0.02,-0.036
2021-07-22,0.1,-0.5,0.0507,0.02,-0.036
2021-07-23,0.1,-0.5,0.0507,0.02,-0.036
2021-07-24,0.1,-0.5,0.0507,0.02,-0.036
2021-07-25,0.1,-0.5,0.0507,0.02,-0.036
2021-07-26,0.1,-0.5,0.0502,0.02,-0.036
2021-07-27,0.1,-0.5,0.0507,0.02,-0.036
2021-07-28,0.1,-0.5,0.0507,0.02,-0.036
2021-07-29,0.1,-0.5,0.0504,0.02,-0.036
2021-07-30,0.07,-0.5,0.0506,0.02,-0.036
2021-07-31,0.07,-0.5,0.0506,0.02,-0.036
2021-08-01,0.07,-0.5,0.0506,0.01,-0.034
2021-08-02,0.1,-0.5,0.0504,0.01,-0.034
2021-08-03,0.1,-0.5,0.0503,0.01,-0.034
2021-08-04,0.1,-0.5,0.0504,0.01,-0.034
2021-08-05,0.1,-0.5,0.0503,0.01,-0.034
2021-08-06,0.1,-0.5,0.0503,0.01,-0.034
2021-08-07,0.1,-0.5,0.0503,0.01,-0.034
2021-08-08,0.1,-0.5,0.0503,0.01,-0.034
2021-08-09,0.1,-0.5,0.0498,0.01,-0.034
2021-08-10,0.1,-0.5,0.0501,0.01,-0.034
2021-08-11,0.1,-0.5,0.0503,0.01,-0.034
2021-08-12,0.1,-0.5,0.0504,0.01,-0.034
2021-08-13,0.1,-0.5,0.0504,0.01,-0.034
2021-08-14,0.1,-0.5,0.0504,0.01,-0.034
2021-08-15,0.1,-0.5,0.0504,0.01,-0.034
2021-08-16,0.1,-0.5,0.0505,0.01,-0.034
2021-08-17,0.1,-0.5,0.0503,0.01,-0.034
2021-08-18,0.09,-0.5,0.0505,0.01,-0.034
2021-08-19,0.09,-0.5,0.051,0.01,-0.034
2021-08-20,0.09,-0.5,0.0508,0.01,-0.034
2021-08-21,0.09,-0.5,0.0508,0.01,-0.034
2021-08-22,0.09,-0.5,0.0508,0.01,-0.034
2021-08-23,0.09,-0.5,0.0505,0.01,-0.034
2021-08-24,0.09,-0.5,0.0505,0.01,-0.034
2021-08-25,0.09,-0.5,0.0504,0.01,-0.034
2021-08-26,0.09,-0.5,0.0505,0.01,-0.034
2021-08-27,0.08,-0.5,0.0507,0.01,-0.034
2021-08-28,0.08,-0.5,0.0507,0.01,-0.034
2021-08-29,0.08,-0.5,0.0507,0.01,-0.034
2021-08-30,0.08,-0.5,0.0507,0.01,-0.034
2021-08-31,0.06,-0.5,0.0502,0.01,-0.034
2021-09-01,0.08,-0.5,0.0503,0.01,-0.022
2021-09-02,0.08,-0.5,0.0501,0.01,-0.022
2021-09-03,0.08,-0.5,0.0499,0.01,-0.022
2021-09-04,0.08,-0.5,0.0499,0.01,-0.022
2021-09-05,0.08,-0.5,0.0499,0.01,-0.022
2021-09-06,0.08,-0.5,0.0503,0.01,-0.022
2021-09-07,0.08,-0.5,0.0507,0.01,-0.022
2021-09-08,0.08,-0.5,0.0505,0.01,-0.022
2021-09-09,0.08,-0.5,0.0503,0.01,-0.022
2021-09-10,0.08,-0.5,0.0509,0.01,-0.022
2021-09-11,0.08,-0.5,0.0509,0.01,-0.022
2021-09-12,0.08,-0.5,0.0509,0.01,-0.022
2021-09-13,0.08,-0.5,0.0506,0.01,-0.022
2021-09-14,0.08,-0.5,0.0499,0.01,-0.022
2021-09-15,0.08,-0.5,0.0499,0.01,-0.022
2021-09-16,0.08,-0.5,0.0501,0.01,-0.022
2021-09-17,0.08,-0.5,0.0502,0.01,-0.022
2021-09-18,0.08,-0.5,0.0502,0.01,-0.022
2021-09-19,0.08,-0.5,0.0502,0.01,-0.022
2021-09-20,0.08,-0.5,0.05,0.01,-0.022
2021-09-21,0.08,-0.5,0.05,0.01,-0.022
2021-09-22,0.08,-0.5,0.0499,0.01,-0.022
2021-09-23,0.08,-0.5,0.049,0.01,-0.022
2021-09-24,0.08,-0.5,0.05,0.01,-0.022
2021-09-25,0.08,-0.5,0.05,0.01,-0.022
2021-09-26,0.08,-0.5,0.05,0.01,-0.022
2021-09-27,0.08,-0.5,0.0496,0.01,-0.022
2021-09-28,0.08,-0.5,0.0495,0.01,-0.022
2021-09-29,0.08,-0.5,0.0493,0.01,-0.022
2021-09-30,0.06,-0.5,0.0479,0.01,-0.022
2021-10-01,0.08,-0.5,0.05,0.04,-0.027
2021-10-02,0.08,-0.5,0.05,0.04,-0.027
2021-10-03,0.08,-0.5,0.05,0.04,-0.027
2021-10-04,0.08,-0.5,0.0503,0.04,-0.027
2021-10-05,0.08,-0.5,0.0505,0.04,-0.027
2021-10-06,0.08,-0.5,0.0513,0.04,-0.027
2021-10-07,0.08,-0.5,0.0512,0.04,-0.027
2021-10-08,0.08,-0.5,0.0507,0.04,-0.027
2021-10-09,0.08,-0.5,0.0507,0.04,-0.027
2021-10-10,0.08,-0.5,0.0507,0.04,-0.027
2021-10-11,0.08,-0.5,0.0505,0.04,-0.027
2021-10-12,0.08,-0.5,0.0514,0.04,-0.027
2021-10-13,0.08,-0.5,0.0508,0.04,-0.027
2021-10-14,0.08,-0.5,0.0508,0.04,-0.027
2021-10-15,0.08,-0.5,0.0502,0.04,-0.027
2021-10-16,0.08,-0.5,0.0502,0.04,-0.027
2021-10-17,0.08,-0.5,0.0502,0.04,-0.027
2021-10-18,0.08,-0.5,0.0504,0.04,-0.027
2021-10-19,0.08,-0.5,0.0499,0.04,-0.027
2021-10-20,0.08,-0.5,0.0501,0.04,-0.027
2021-10-21,0.08,-0.5,0.05,0.04,-0.027
2021-10-22,0.08,-0.5,0.05,0.04,-0.027
2021-10-23,0.08,-0.5,0.05,0.04,-0.027
2021-10-24,0.08,-0.5,0.05,0.04,-0.027
2021-10-25,0.08,-0.5,0.0498,0.04,-0.027
2021-10-26,0.08,-0.5,0.0498,0.04,-0.027
2021-10-27,0.08,-0.5,0.0485,0.04,-0.027
2021-10-28,0.08,-0.5,0.0481,0.04,-0.027
2021-10-29,0.07,-0.5,0.0503,0.04,-0.027
2021-10-30,0.07,-0.5,0.0503,0.04,-0.027
2021-10-31,0.07,-0.5,0.0503,0.04,-0.027
2021-11-01,0.08,-0.5,0.0477,0.04,-0.039
2021-11-02,0.08,-0.5,0.048,0.04,-0.039
2021-11-03,0.08,-0.5,0.0481,0.04,-0.039
2021-11-04,0.08,-0.5,0.0483,0.04,-0.039
2021-11-05,0.08,-0.5,0.0468,0.04,-0.039
2021-11-06,0.08,-0.5,0.0468,0.04,-0.039
2021-11-07,0.08,-0.5,0.0468,0.04,-0.039
2021-11-08,0.08,-0.5,0.0467,0.04,-0.039
2021-11-09,0.08,-0.5,0.0468,0.04,-0.039
2021-11-10,0.08,-0.5,0.0465,0.04,-0.039
2021-11-11,0.08,-0.5,0.0466,0.04,-0.039
2021-11-12,0.08,-0.5,0.047,0.04,-0.039
2021-11-13,0.08,-0.5,0.047,0.04,-0.039
2021-11-14,0.08,-0.5,0.047,0.04,-0.039
2021-11-15,0.08,-0.5,0.0473,0.04,-0.039
2021-11-16,0.08,-0.5,0.0465,0.04,-0.039
2021-11-17,0.08,-0.5,0.0469,0.04,-0.039
2021-11-18,0.08,-0.5,0.0467,0.04,-0.039
2021-11-19,0.08,-0.5,0.0464,0.04,-0.039
2021-11-20,0.08,-0.5,0.0464,0.04,-0.039
2021-11-21,0.08,-0.5,0.0464,0.04,-0.039
2021-11-22,0.08,-0.5,0.0468,0.04,-0.039
2021-11-23,0.08,-0.5,0.0466,0.04,-0.039
2021-11-24,0.08,-0.5,0.0462,0.04,-0.039
2021-11-25,0.08,-0.5,0.0465,0.04,-0.039
2021-11-26,0.08,-0.5,0.0461,0.04,-0.039
2021-11-27,0.08,-0.5,0.0461,0.04,-0.039
2021-11-28,0.08,-0.5,0.0461,0.04,-0.039
2021-11-29,0.08,-0.5,0.0464,0.04,-0.039
2021-11-30,0.07,-0.5,0.0455,0.04,-0.039
2021-12-01,0.08,-0.5,0.0459,0.06,-0.026
2021-12-02,0.08,-0.5,0.0457,0.06,-0.026
2021-12-03,0.08,-0.5,0.0457,0.06,-0.026
2021-12-04,0.08,-0.5,0.0457,0.06,-0.026
2021-12-05,0.08,-0.5,0.0457,0.06,-0.026
2021-12-06,0.08,-0.5,0.0456,0.06,-0.026
2021-12-07,0.08,-0.5,0.0453,0.06,-0.026
2021-12-08,0.08,-0.5,0.0457,0.06,-0.026
2021-12-09,0.08,-0.5,0.0458,0.06,-0.026
2021-12-10,0.08,-0.5,0.0451,0.06,-0.026
2021-12-11,0.08,-0.5,0.0451,0.06,-0.026
2021-12-12,0.08,-0.5,0.0451,0.06,-0.026
2021-12-13,0.08,-0.5,0.0453,0.06,-0.026
2021-12-14,0.08,-0.5,0.0453,0.06,-0.026
2021-12-15,0.08,-0.5,0.045,0.06,-0.026
2021-12-16,0.08,-0.5,0.1622,0.06,-0.026
2021-12-17,0.08,-0.5,0.1937,0.06,-0.026
2021-12-18,0.08,-0.5,0.1937,0.06,-0.026
2021-12-19,0.08,-0.5,0.1937,0.06,-0.026
2021-12-20,0.08,-0.5,0.1938,0.06,-0.026
2021-12-21,0.08,-0.5,0.1932,0.06,-0.026
2021-12-22,0.08,-0.5,0.1926,0.06,-0.026
2021-12-23,0.08,-0.5,0.1928,0.06,-0.026
2021-12-24,0.08,-0.5,0.1929,0.06,-0.026
2021-12-25,0.08,-0.5,0.1929,0.06,-0.026
2021-12-26,0.08,-0.5,0.1929,0.06,-0.026
2021-12-27,0.08,-0.5,0.1929,0.06,-0.026
2021-12-28,0.08,-0.5,0.1929,0.06,-0.026
2021-12-29,0.08,-0.5,0.1922,0.06,-0.026
2021-12-30,0.08,-0.5,0.1922,0.06,-0.026
2021-12-31,0.07,-0.5,0.1906,0.06,-0.026
2022-01-01,0.07,-0.5,0.1906,0.07,-0.02
2022-01-02,0.07,-0.5,0.1906,0.07,-0.02
2022-01-03,0.08,-0.5,0.1906,0.07,-0.02
2022-01-04,0.08,-0.5,0.1947,0.07,-0.02
2022-01-05,0.08,-0.5,0.1948,0.07,-0.02
2022-01-06,0.08,-0.5,0.1947,0.07,-0.02
2022-01-07,0.08,-0.5,0.195,0.07,-0.02
2022-01-08,0.08,-0.5,0.195,0.07,-0.02
2022-01-09,0.08,-0.5,0.195,0.07,-0.02
2022-01-10,0.08,-0.5,0.1948,0.07,-0.02
2022-01-11,0.08,-0.5,0.1952,0.07,-0.02
2022-01-12,0.08,-0.5,0.1958,0.07,-0.02
2022-01-13,0.08,-0.5,0.1959,0.07,-0.02
2022-01-14,0.08,-0.5,0.1959,0.07,-0.02
2022-01-15,0.08,-0.5,0.1959,0.07,-0.02
2022-01-16,0.08,-0.5,0.1959,0.07,-0.02
2022-01-17,0.08,-0.5,0.196,0.07,-0.02
2022-01-18,0.08,-0.5,0.1959,0.07,-0.02
2022-01-19,0.08,-0.5,0.1964,0.07,-0.02
2022-01-20,0.08,-0.5,0.1966,0.07,-0.02
2022-01-21,0.08,-0.5,0.1967,0.07,-0.02
2022-01-22,0.08,-0.5,0.1967,0.07,-0.02
2022-01-23,0.08,-0.5,0.1967,0.07,-0.02
2022-01-24,0.08,-0.5,0.1955,0.07,-0.02
2022-01-25,0.08,-0.5,0.1954,0.07,-0.02
2022-01-26,0.08,-0.5,0.1956,0.07,-0.02
2022-01-27,0.08,-0.5,0.1957,0.07,-0.02
2022-01-28,0.08,-0.5,0.1957,0.07,-0.02
2022-01-29,0.08,-0.5,0.1957,0.07,-0.02
2022-01-30,0.08,-0.5,0.1957,0.07,-0.02
2022-01-31,0.08,-0.5,0.1989,0.07,-0.02
2022-02-01,0.08,-0.5,0.1957,0.07,-0.018
2022-02-02,0.08,-0.5,0.196,0.07,-0.018
2022-02-03,0.08,-0.5,0.4403,0.07,-0.018
2022-02-04,0.08,-0.5,0.4453,0.07,-0.018
2022-02-05,0.08,-0.5,0.4453,0.07,-0.018
2022-02-06,0.08,-0.5,0.4453,0.07,-0.018
2022-02-07,0.08,-0.5,0.4457,0.07,-0.018
2022-02-08,0.08,-0.5,0.4448,0.07,-0.018
2022-02-09,0.08,-0.5,0.445,0.07,-0.018
2022-02-10,0.08,-0.5,0.4455,0.07,-0.018
2022-02-11,0.08,-0.5,0.4452,0.07,-0.018
2022-02-12,0.08,-0.5,0.4452,0.07,-0.018
2022-02-13,0.08,-0.5,0.4452,0.07,-0.018
2022-02-14,0.08,-0.5,0.4448,0.07,-0.018
2022-02-15,0.08,-0.5,0.445,0.07,-0.018
2022-02-16,0.08,-0.5,0.4449,0.07,-0.018
2022-02-17,0.08,-0.5,0.4449,0.07,-0.018
2022-02-18,0.08,-0.5,0.4453,0.07,-0.018
2022-02-19,0.08,-0.5,0.4453,0.07,-0.018
2022-02-20,0.08,-0.5,0.4453,0.07,-0.018
2022-02-21,0.08,-0.5,0.4442,0.07,-0.018
2022-02-22,0.08,-0.5,0.4449,0.07,-0.018
2022-02-23,0.08,-0.5,0.4451,0.07,-0.018
2022-02-24,0.08,-0.5,0.4451,0.07,-0.018
2022-02-25,0.08,-0.5,0.4449,0.07,-0.018
2022-02-26,0.08,-0.5,0.4449,0.07,-0.018
2022-02-27,0.08,-0.5,0.4449,0.07,-0.018
2022-02-28,0.08,-0.5,0.4451,0.07,-0.018
2022-03-01,0.08,-0.5,0.4451,0.17,-0.008
2022-03-02,0.08,-0.5,0.445,0.17,-0.008
2022-03-03,0.08,-0.5,0.4452,0.17,-0.008
2022-03-04,0.08,-0.5,0.445,0.17,-0.008
2022-03-05,0.08,-0.5,0.445,0.17,-0.008
2022-03-06,0.08,-0.5,0.445,0.17,-0.008
2022-03-07,0.08,-0.5,0.4448,0.17,-0.008
2022-03-08,0.08,-0.5,0.4444,0.17,-0.008
2022-03-09,0.08,-0.5,0.4444,0.17,-0.008
2022-03-10,0.08,-0.5,0.4451,0.17,-0.008
2022-03-11,0.08,-0.5,0.4449,0.17,-0.008
2022-03-12,0.08,-0.5,0.4449,0.17,-0.008
2022-03-13,0.08,-0.5,0.4449,0.17,-0.008
2022-03-14,0.08,-0.5,0.4445,0.17,-0.008
2022-03-15,0.08,-0.5,0.445,0.17,-0.008
2022-03-16,0.08,-0.5,0.445,0.17,-0.008
2022-03-17,0.33,-0.5,0.6886,0.17,-0.008
2022-03-18,0.33,-0.5,0.6913,0.17,-0.008
2022-03-19,0.33,-0.5,0.6913,0.17,-0.008
2022-03-20,0.33,-0.5,0.6913,0.17,-0.008
2022-03-21,0.33,-0.5,0.6912,0.17,-0.008
2022-03-22,0.33,-0.5,0.6906,0.17,-0.008
2022-03-23,0.33,-0.5,0.6908,0.17,-0.008
2022-03-24,0.33,-0.5,0.6907,0.17,-0.008
2022-03-25,0.33,-0.5,0.6905,0.17,-0.008
2022-03-26,0.33,-0.5,0.6905,0.17,-0.008
2022-03-27,0.33,-0.5,0.6905,0.17,-0.008
2022-03-28,0.33,-0.5,0.6901,0.17,-0.008
2022-03-29,0.33,-0.5,0.6907,0.17,-0.008
2022-03-30,0.33,-0.5,0.69,0.17,-0.008
2022-03-31,0.33,-0.5,0.6896,0.17,-0.008
2022-04-01,0.33,-0.5,0.6906,0.41,-0.012
2022-04-02,0.33,-0.5,0.6906,0.41,-0.012
2022-04-03,0.33,-0.5,0.6906,0.41,-0.012
2022-04-04,0.33,-0.5,0.6913,0.41,-0.012
2022-04-05,0.33,-0.5,0.6915,0.41,-0.012
2022-04-06,0.33,-0.5,0.6919,0.41,-0.012
2022-04-07,0.33,-0.5,0.6914,0.41,-0.012
2022-04-08,0.33,-0.5,0.6912,0.41,-0.012
2022-04-09,0.33,-0.5,0.6912,0.41,-0.012
2022-04-10,0.33,-0.5,0.6912,0.41,-0.012
2022-04-11,0.33,-0.5,0.6902,0.41,-0.012
2022-04-12,0.33,-0.5,0.6906,0.41,-0.012
2022-04-13,0.33,-0.5,0.6905,0.41,-0.012
2022-04-14,0.33,-0.5,0.6908,0.41,-0.012
2022-04-15,0.33,-0.5,0.6908,0.41,-0.012
2022-04-16,0.33,-0.5,0.6908,0.41,-0.012
2022-04-17,0.33,-0.5,0.6908,0.41,-0.012
2022-04-18,0.33,-0.5,0.6908,0.41,-0.012
2022-04-19,0.33,-0.5,0.6902,0.41,-0.012
2022-04-20,0.33,-0.5,0.6904,0.41,-0.012
2022-04-21,0.33,-0.5,0.6904,0.41,-0.012
2022-04-22,0.33,-0.5,0.6905,0.41,-0.012
2022-04-23,0.33,-0.5,0.6905,0.41,-0.012
2022-04-24,0.33,-0.5,0.6905,0.41,-0.012
2022-04-25,0.33,-0.5,0.6899,0.41,-0.012
2022-04-26,0.33,-0.5,0.6903,0.41,-0.012
2022-04-27,0.33,-0.5,0.6902,0.41,-0.012
2022-04-28,0.33,-0.5,0.6896,0.41,-0.012
2022-04-29,0.33,-0.5,0.6907,0.41,-0.012
2022-04-30,0.33,-0.5,0.6907,0.41,-0.012
2022-05-01,0.33,-0.5,0.6907,1.0,-0.018
2022-05-02,0.33,-0.5,0.6907,1.0,-0.018
2022-05-03,0.33,-0.5,0.6906,1.0,-0.018
2022-05-04,0.33,-0.5,0.691,1.0,-0.018
2022-05-05,0.83,-0.5,0.9382,1.0,-0.018
2022-05-06,0.83,-0.5,0.9409,1.0,-0.018
2022-05-07,0.83,-0.5,0.9409,1.0,-0.018
2022-05-08,0.83,-0.5,0.9409,1.0,-0.018
2022-05-09,0.83,-0.5,0.9403,1.0,-0.018
2022-05-10,0.83,-0.5,0.9397,1.0,-0.018
2022-05-11,0.83,-0.5,0.9405,1.0,-0.018
2022-05-12,0.83,-0.5,0.9401,1.0,-0.018
2022-05-13,0.83,-0.5,0.9398,1.0,-0.018
2022-05-14,0.83,-0.5,0.9398,1.0,-0.018
2022-05-15,0.83,-0.5,0.9398,1.0,-0.018
2022-05-16,0.83,-0.5,0.9398,1.0,-0.018
2022-05-17,0.83,-0.5,0.9398,1.0,-0.018
2022-05-18,0.83,-0.5,0.9394,1.0,-0.018
2022-05-19,0.83,-0.5,0.9392,1.0,-0.018
2022-05-20,0.83,-0.5,0.9389,1.0,-0.018
2022-05-21,0.83,-0.5,0.9389,1.0,-0.018
2022-05-22,0.83,-0.5,0.9389,1.0,-0.018
2022-05-23,0.83,-0.5,0.9393,1.0,-0.018
2022-05-24,0.83,-0.5,0.9391,1.0,-0.018
2022-05-25,0.83,-0.5,0.9384,1.0,-0.018
2022-05-26,0.83,-0.5,0.9388,1.0,-0.018
2022-05-27,0.83,-0.5,0.9383,1.0,-0.018
2022-05-28,0.83,-0.5,0.9383,1.0,-0.018
2022-05-29,0.83,-0.5,0.9383,1.0,-0.018
2022-05-30,0.83,-0.5,0.9384,1.0,-0.018
2022-05-31,0.83,-0.5,0.941,1.0,-0.018
2022-06-01,0.83,-0.5,0.9389,1.6,-0.038
2022-06-02,0.83,-0.5,0.9389,1.6,-0.038
2022-06-03,0.83,-0.5,0.9389,1.6,-0.038
2022-06-04,0.83,-0.5,0.9389,1.6,-0.038
2022-06-05,0.83,-0.5,0.9389,1.6,-0.038
2022-06-06,0.83,-0.5,0.9394,1.6,-0.038
2022-06-07,0.83,-0.5,0.9403,1.6,-0.038
2022-06-08,0.83,-0.5,0.9402,1.6,-0.038
2022-06-09,0.83,-0.5,0.9407,1.6,-0.038
2022-06-10,0.83,-0.5,0.9402,1.6,-0.038
2022-06-11,0.83,-0.5,0.9402,1.6,-0.038
2022-06-12,0.83,-0.5,0.9402,1.6,-0.038
2022-06-13,0.83,-0.5,0.9396,1.6,-0.038
2022-06-14,0.83,-0.5,0.9398,1.6,-0.038
2022-06-15,0.83,-0.5,0.9399,1.6,-0.038
2022-06-16,1.58,-0.5,1.1884,1.6,-0.038
2022-06-17,1.58,-0.5,1.1895,1.6,-0.038
2022-06-18,1.58,-0.5,1.1895,1.6,-0.038
2022-06-19,1.58,-0.5,1.1895,1.6,-0.038
2022-06-20,1.58,-0.5,1.1896,1.6,-0.038
2022-06-21,1.58,-0.5,1.1892,1.6,-0.038
2022-06-22,1.58,-0.5,1.1883,1.6,-0.038
2022-06-23,1.58,-0.5,1.1885,1.6,-0.038
2022-06-24,1.58,-0.5,1.1885,1.6,-0.038
2022-06-25,1.58,-0.5,1.1885,1.6,-0.038
2022-06-26,1.58,-0.5,1.1885,1.6,-0.038
2022-06-27,1.58,-0.5,1.1884,1.6,-0.038
2022-06-28,1.58,-0.5,1.1877,1.6,-0.038
2022-06-29,1.58,-0.5,1.1887,1.6,-0.038
2022-06-30,1.58,-0.5,1.1874,1.6,-0.038
2022-07-01,1.58,-0.5,1.1907,2.07,-0.012
2022-07-02,1.58,-0.5,1.1907,2.07,-0.012
2022-07-03,1.58,-0.5,1.1907,2.07,-0.012
2022-07-04,1.58,-0.5,1.1902,2.07,-0.012
2022-07-05,1.58,-0.5,1.1907,2.07,-0.012
2022-07-06,1.58,-0.5,1.1908,2.07,-0.012
2022-07-07,1.58,-0.5,1.1905,2.07,-0.012
2022-07-08,1.58,-0.5,1.1909,2.07,-0.012
2022-07-09,1.58,-0.5,1.1909,2.07,-0.012
2022-07-10,1.58,-0.5,1.1909,2.07,-0.012
2022-07-11,1.58,-0.5,1.1909,2.07,-0.012
2022-07-12,1.58,-0.5,1.1909,2.07,-0.012
2022-07-13,1.58,-0.5,1.1912,2.07,-0.012
2022-07-14,1.58,-0.5,1.1911,2.07,-0.012
2022-07-15,1.58,-0.5,1.1908,2.07,-0.012
2022-07-16,1.58,-0.5,1.1908,2.07,-0.012
2022-07-17,1.58,-0.5,1.1908,2.07,-0.012
2022-07-18,1.58,-0.5,1.1912,2.07,-0.012
2022-07-19,1.58,-0.5,1.1909,2.07,-0.012
2022-07-20,1.58,-0.5,1.1906,2.07,-0.012
2022-07-21,1.58,-0.5,1.1901,2.07,-0.012
2022-07-22,1.58,-0.5,1.1905,2.07,-0.012
2022-07-23,1.58,-0.5,1.1905,2.07,-0.012
2022-07-24,1.58,-0.5,1.1905,2.07,-0.012
2022-07-25,1.58,-0.5,1.191,2.07,-0.012
2022-07-26,1.58,-0.5,1.1909,2.07,-0.012
2022-07-27,1.58,0.0,1.1909,2.07,-0.012
2022-07-28,2.33,0.0,1.1909,2.07,-0.012
2022-07-29,2.32,0.0,1.1909,2.07,-0.012
2022-07-30,2.32,0.0,1.1909,2.07,-0.012
2022-07-31,2.32,0.0,1.1909,2.07,-0.012
2022-08-01,2.33,0.0,1.191,2.31,-0.018
2022-08-02,2.33,0.0,1.1911,2.31,-0.018
2022-08-03,2.33,0.0,1.1911,2.31,-0.018
2022-08-04,2.33,0.0,1.6886,2.31,-0.018
2022-08-05,2.33,0.0,1.6903,2.31,-0.018
2022-08-06,2.33,0.0,1.6903,2.31,-0.018
2022-08-07,2.33,0.0,1.6903,2.31,-0.018
2022-08-08,2.33,0.0,1.69,2.31,-0.018
2022-08-09,2.33,0.0,1.6905,2.31,-0.018
2022-08-10,2.33,0.0,1.6898,2.31,-0.018
2022-08-11,2.33,0.0,1.6904,2.31,-0.018
2022-08-12,2.33,0.0,1.6897,2.31,-0.018
2022-08-13,2.33,0.0,1.6897,2.31,-0.018
2022-08-14,2.33,0.0,1.6897,2.31,-0.018
2022-08-15,2.33,0.0,1.6895,2.31,-0.018
2022-08-16,2.33,0.0,1.689,2.31,-0.018
2022-08-17,2.33,0.0,1.6907,2.31,-0.018
2022-08-18,2.33,0.0,1.6905,2.31,-0.018
2022-08-19,2.33,0.0,1.6901,2.31,-0.018
2022-08-20,2.33,0.0,1.6901,2.31,-0.018
2022-08-21,2.33,0.0,1.6901,2.31,-0.018
2022-08-22,2.33,0.0,1.69,2.31,-0.018
2022-08-23,2.33,0.0,1.6907,2.31,-0.018
2022-08-24,2.33,0.0,1.6905,2.31,-0.018
2022-08-25,2.33,0.0,1.6901,2.31,-0.018
2022-08-26,2.33,0.0,1.6904,2.31,-0.018
2022-08-27,2.33,0.0,1.6904,2.31,-0.018
2022-08-28,2.33,0.0,1.6904,2.31,-0.018
2022-08-29,2.33,0.0,1.6904,2.31,-0.018
2022-08-30,2.33,0.0,1.6905,2.31,-0.018
2022-08-31,2.33,0.0,1.6896,2.31,-0.018
2022-09-01,2.33,0.0,1.6902,2.76,-0.049
2022-09-02,2.33,0.0,1.6911,2.76,-0.049
2022-09-03,2.33,0.0,1.6911,2.76,-0.049
2022-09-04,2.33,0.0,1.6911,2.76,-0.049
2022-09-05,2.33,0.0,1.6907,2.76,-0.049
2022-09-06,2.33,0.0,1.6913,2.76,-0.049
2022-09-07,2.33,0.0,1.6907,2.76,-0.049
2022-09-08,2.33,0.0,1.6903,2.76,-0.049
2022-09-09,2.33,0.0,1.6919,2.76,-0.049
2022-09-10,2.33,0.0,1.6919,2.76,-0.049
2022-09-11,2.33,0.0,1.6919,2.76,-0.049
2022-09-12,2.33,0.0,1.6911,2.76,-0.049
2022-09-13,2.33,0.0,1.6911,2.76,-0.049
2022-09-14,2.33,0.75,1.6914,2.76,-0.049
2022-09-15,2.33,0.75,1.691,2.76,-0.049
2022-09-16,2.33,0.75,1.6906,2.76,-0.049
2022-09-17,2.33,0.75,1.6906,2.76,-0.049
2022-09-18,2.33,0.75,1.6906,2.76,-0.049
2022-09-19,2.33,0.75,1.6906,2.76,-0.049
2022-09-20,2.33,0.75,1.691,2.76,-0.049
2022-09-21,2.33,0.75,1.6903,2.76,-0.049
2022-09-22,3.08,0.75,2.1876,2.76,-0.049
2022-09-23,3.08,0.75,2.1884,2.76,-0.049
2022-09-24,3.08,0.75,2.1884,2.76,-0.049
2022-09-25,3.08,0.75,2.1884,2.76,-0.049
2022-09-26,3.08,0.75,2.189,2.76,-0.049
2022-09-27,3.08,0.75,2.189,2.76,-0.049
2022-09-28,3.08,0.75,2.1891,2.76,-0.049
2022-09-29,3.08,0.75,2.189,2.76,-0.049
2022-09-30,3.08,0.75,2.1901,2.76,-0.049
2022-10-01,3.08,0.75,2.1901,2.95,-0.05
2022-10-02,3.08,0.75,2.1901,2.95,-0.05
2022-10-03,3.08,0.75,2.188,2.95,-0.05
2022-10-04,3.08,0.75,2.186,2.95,-0.05
2022-10-05,3.08,0.75,2.1866,2.95,-0.05
2022-10-06,3.08,0.75,2.1869,2.95,-0.05
2022-10-07,3.08,0.75,2.1876,2.95,-0.05
2022-10-08,3.08,0.75,2.1876,2.95,-0.05
2022-10-09,3.08,0.75,2.1876,2.95,-0.05
2022-10-10,3.08,0.75,2.1864,2.95,-0.05
2022-10-11,3.08,0.75,2.1873,2.95,-0.05
2022-10-12,3.08,0.75,2.186,2.95,-0.05
2022-10-13,3.08,0.75,2.1862,2.95,-0.05
2022-10-14,3.08,0.75,2.1844,2.95,-0.05
2022-10-15,3.08,0.75,2.1844,2.95,-0.05
2022-10-16,3.08,0.75,2.1844,2.95,-0.05
2022-10-17,3.08,0.75,2.1839,2.95,-0.05
2022-10-18,3.08,0.75,2.1842,2.95,-0.05
2022-10-19,3.08,0.75,2.1843,2.95,-0.05
2022-10-20,3.08,0.75,2.1851,2.95,-0.05
2022-10-21,3.08,0.75,2.185,2.95,-0.05
2022-10-22,3.08,0.75,2.185,2.95,-0.05
2022-10-23,3.08,0.75,2.185,2.95,-0.05
2022-10-24,3.08,0.75,2.1862,2.95,-0.05
2022-10-25,3.08,0.75,2.1862,2.95,-0.05
2022-10-26,3.08,0.75,2.1852,2.95,-0.05
2022-10-27,3.08,0.75,2.1852,2.95,-0.05
2022-10-28,3.08,0.75,2.1853,2.95,-0.05
2022-10-29,3.08,0.75,2.1853,2.95,-0.05
2022-10-30,3.08,0.75,2.1853,2.95,-0.05
2022-10-31,3.08,0.75,2.1838,2.95,-0.05
2022-11-01,3.08,0.75,2.1856,3.06,-0.067
2022-11-02,3.08,1.5,2.1859,3.06,-0.067
2022-11-03,3.83,1.5,2.9306,3.06,-0.067
2022-11-04,3.83,1.5,2.9265,3.06,-0.067
2022-11-05,3.83,1.5,2.9265,3.06,-0.067
2022-11-06,3.83,1.5,2.9265,3.06,-0.067
2022-11-07,3.83,1.5,2.9268,3.06,-0.067
2022-11-08,3.83,1.5,2.9276,3.06,-0.067
2022-11-09,3.83,1.5,2.9263,3.06,-0.067
2022-11-10,3.83,1.5,2.9265,3.06,-0.067
2022-11-11,3.83,1.5,2.9268,3.06,-0.067
2022-11-12,3.83,1.5,2.9268,3.06,-0.067
2022-11-13,3.83,1.5,2.9268,3.06,-0.067
2022-11-14,3.83,1.5,2.9266,3.06,-0.067
2022-11-15,3.83,1.5,2.9269,3.06,-0.067
2022-11-16,3.83,1.5,2.9265,3.06,-0.067
2022-11-17,3.83,1.5,2.9266,3.06,-0.067
2022-11-18,3.83,1.5,2.9275,3.06,-0.067
2022-11-19,3.83,1.5,2.9275,3.06,-0.067
2022-11-20,3.83,1.5,2.9275,3.06,-0.067
2022-11-21,3.83,1.5,2.9275,3.06,-0.067
2022-11-22,3.83,1.5,2.9271,3.06,-0.067
2022-11-23,3.83,1.5,2.9271,3.06,-0.067
2022-11-24,3.83,1.5,2.9277,3.06,-0.067
2022-11-25,3.83,1.5,2.9278,3.06,-0.067
2022-11-26,3.83,1.5,2.9278,3.06,-0.067
2022-11-27,3.83,1.5,2.9278,3.06,-0.067
2022-11-28,3.83,1.5,2.9278,3.06,-0.067
2022-11-29,3.83,1.5,2.9282,3.06,-0.067
2022-11-30,3.83,1.5,2.9273,3.06,-0.067
2022-12-01,3.83,1.5,2.9279,3.17,-0.07
2022-12-02,3.83,1.5,2.9281,3.17,-0.07
2022-12-03,3.83,1.5,2.9281,3.17,-0.07
2022-12-04,3.83,1.5,2.9281,3.17,-0.07
2022-12-05,3.83,1.5,2.9279,3.17,-0.07
2022-12-06,3.83,1.5,2.9284,3.17,-0.07
2022-12-07,3.83,1.5,2.9275,3.17,-0.07
2022-12-08,3.83,1.5,2.9281,3.17,-0.07
2022-12-09,3.83,1.5,2.9284,3.17,-0.07
2022-12-10,3.83,1.5,2.9284,3.17,-0.07
2022-12-11,3.83,1.5,2.9284,3.17,-0.07
2022-12-12,3.83,1.5,2.9289,3.17,-0.07
2022-12-13,3.83,1.5,2.9287,3.17,-0.07
2022-12-14,3.83,1.5,2.9288,3.17,-0.07
2022-12-15,4.33,1.5,3.4269,3.17,-0.07
2022-12-16,4.33,1.5,3.4273,3.17,-0.07
2022-12-17,4.33,1.5,3.4273,3.17,-0.07
2022-12-18,4.33,1.5,3.4273,3.17,-0.07
2022-12-19,4.33,1.5,3.4269,3.17,-0.07
2022-12-20,4.33,1.5,3.4273,3.17,-0.07
2022-12-21,4.33,2.0,3.4275,3.17,-0.07
2022-12-22,4.33,2.0,3.4275,3.17,-0.07
2022-12-23,4.33,2.0,3.4281,3.17,-0.07
2022-12-24,4.33,2.0,3.4281,3.17,-0.07
2022-12-25,4.33,2.0,3.4281,3.17,-0.07
2022-12-26,4.33,2.0,3.4281,3.17,-0.07
2022-12-27,4.33,2.0,3.4281,3.17,-0.07
2022-12-28,4.33,2.0,3.4282,3.17,-0.07
2022-12-29,4.33,2.0,3.4281,3.17,-0.07
2022-12-30,4.33,2.0,3.4282,3.17,-0.07
2022-12-31,4.33,2.0,3.4282,3.17,-0.07
2023-01-01,4.33,2.0,3.4282,3.32,-0.02
2023-01-02,4.33,2.0,3.4282,3.32,-0.02
2023-01-03,4.33,2.0,3.4269,3.32,-0.02
2023-01-04,4.33,2.0,3.4267,3.32,-0.02
2023-01-05,4.33,2.0,3.4271,3.32,-0.02
2023-01-06,4.33,2.0,3.4272,3.32,-0.02
2023-01-07,4.33,2.0,3.4272,3.32,-0.02
2023-01-08,4.33,2.0,3.4272,3.32,-0.02
2023-01-09,4.33,2.0,3.4273,3.32,-0.02
2023-01-10,4.33,2.0,3.4272,3.32,-0.02
2023-01-11,4.33,2.0,3.4274,3.32,-0.02
2023-01-12,4.33,2.0,3.4274,3.32,-0.02
2023-01-13,4.33,2.0,3.4274,3.32,-0.02
2023-01-14,4.33,2.0,3.4274,3.32,-0.02
2023-01-15,4.33,2.0,3.4274,3.32,-0.02
2023-01-16,4.33,2.0,3.4279,3.32,-0.02
2023-01-17,4.33,2.0,3.4279,3.32,-0.02
2023-01-18,4.33,2.0,3.4281,3.32,-0.02
2023-01-19,4.33,2.0,3.4277,3.32,-0.02
2023-01-20,4.33,2.0,3.4277,3.32,-0.02
2023-01-21,4.33,2.0,3.4277,3.32,-0.02
2023-01-22,4.33,2.0,3.4277,3.32,-0.02
2023-01-23,4.33,2.0,3.4277,3.32,-0.02
2023-01-24,4.33,2.0,3.4281,3.32,-0.02
2023-01-25,4.33,2.0,3.4279,3.32,-0.02
2023-01-26,4.33,2.0,3.4278,3.32,-0.02
2023-01-27,4.33,2.0,3.4278,3.32,-0.02
2023-01-28,4.33,2.0,3.4278,3.32,-0.02
2023-01-29,4.33,2.0,3.4278,3.32,-0.02
2023-01-30,4.33,2.0,3.4281,3.32,-0.02
2023-01-31,4.33,2.0,3.4269,3.32,-0.02
2023-02-01,4.33,2.0,3.4268,3.46,-0.019
2023-02-02,4.58,2.0,3.9265,3.46,-0.019
2023-02-03,4.58,2.0,3.9272,3.46,-0.019
2023-02-04,4.58,2.0,3.9272,3.46,-0.019
2023-02-05,4.58,2.0,3.9272,3.46,-0.019
2023-02-06,4.58,2.0,3.9271,3.46,-0.019
2023-02-07,4.58,2.0,3.927,3.46,-0.019
2023-02-08,4.58,2.5,3.9269,3.46,-0.019
2023-02-09,4.57,2.5,3.9267,3.46,-0.019
2023-02-10,4.58,2.5,3.927,3.46,-0.019
2023-02-11,4.58,2.5,3.927,3.46,-0.019
2023-02-12,4.58,2.5,3.927,3.46,-0.019
2023-02-13,4.58,2.5,3.9271,3.46,-0.019
2023-02-14,4.58,2.5,3.9272,3.46,-0.019
2023-02-15,4.58,2.5,3.9273,3.46,-0.019
2023-02-16,4.58,2.5,3.9273,3.46,-0.019
2023-02-17,4.58,2.5,3.9271,3.46,-0.019
2023-02-18,4.58,2.5,3.9271,3.46,-0.019
2023-02-19,4.58,2.5,3.9271,3.46,-0.019
2023-02-20,4.58,2.5,3.9275,3.46,-0.019
2023-02-21,4.58,2.5,3.9272,3.46,-0.019
2023-02-22,4.58,2.5,3.927,3.46,-0.019
2023-02-23,4.58,2.5,3.927,3.46,-0.019
2023-02-24,4.58,2.5,3.9274,3.46,-0.019
2023-02-25,4.58,2.5,3.9274,3.46,-0.019
2023-02-26,4.58,2.5,3.9274,3.46,-0.019
2023-02-27,4.57,2.5,3.927,3.46,-0.019
2023-02-28,4.57,2.5,3.927,3.46,-0.019
2023-03-01,4.58,2.5,3.927,3.64,-0.017
2023-03-02,4.57,2.5,3.9273,3.64,-0.017
2023-03-03,4.57,2.5,3.9272,3.64,-0.017
2023-03-04,4.57,2.5,3.9272,3.64,-0.017
2023-03-05,4.57,2.5,3.9272,3.64,-0.017
2023-03-06,4.57,2.5,3.9273,3.64,-0.017
2023-03-07,4.57,2.5,3.9275,3.64,-0.017
2023-03-08,4.57,2.5,3.9273,3.64,-0.017
2023-03-09,4.57,2.5,3.9274,3.64,-0.017
2023-03-10,4.57,2.5,3.9274,3.64,-0.017
2023-03-11,4.57,2.5,3.9274,3.64,-0.017
2023-03-12,4.57,2.5,3.9274,3.64,-0.017
2023-03-13,4.58,2.5,3.9275,3.64,-0.017
2023-03-14,4.58,2.5,3.927,3.64,-0.017
2023-03-15,4.58,2.5,3.9272,3.64,-0.017
2023-03-16,4.58,2.5,3.9272,3.64,-0.017
2023-03-17,4.58,2.5,3.9268,3.64,-0.017
2023-03-18,4.58,2.5,3.9268,3.64,-0.017
2023-03-19,4.58,2.5,3.9268,3.64,-0.017
2023-03-20,4.58,2.5,3.9268,3.64,-0.017
2023-03-21,4.58,2.5,3.9269,3.64,-0.017
2023-03-22,4.58,3.0,3.927,3.64,-0.017
2023-03-23,4.83,3.0,4.1759,3.64,-0.017
2023-03-24,4.83,3.0,4.1765,3.64,-0.017
2023-03-25,4.83,3.0,4.1765,3.64,-0.017
2023-03-26,4.83,3.0,4.1765,3.64,-0.017
2023-03-27,4.83,3.0,4.1765,3.64,-0.017
2023-03-28,4.83,3.0,4.1766,3.64,-0.017
2023-03-29,4.83,3.0,4.1767,3.64,-0.017
2023-03-30,4.83,3.0,4.1768,3.64,-0.017
2023-03-31,4.83,3.0,4.1777,3.64,-0.017
2023-04-01,4.83,3.0,4.1777,3.66,-0.015
2023-04-02,4.83,3.0,4.1777,3.66,-0.015
2023-04-03,4.83,3.0,4.1769,3.66,-0.015
2023-04-04,4.83,3.0,4.1767,3.66,-0.015
2023-04-05,4.83,3.0,4.1769,3.66,-0.015
2023-04-06,4.83,3.0,4.177,3.66,-0.015
2023-04-07,4.83,3.0,4.177,3.66,-0.015
2023-04-08,4.83,3.0,4.177,3.66,-0.015
2023-04-09,4.83,3.0,4.177,3.66,-0.015
2023-04-10,4.83,3.0,4.177,3.66,-0.015
2023-04-11,4.83,3.0,4.1767,3.66,-0.015
2023-04-12,4.83,3.0,4.1767,3.66,-0.015
2023-04-13,4.83,3.0,4.1769,3.66,-0.015
2023-04-14,4.83,3.0,4.1769,3.66,-0.015
2023-04-15,4.83,3.0,4.1769,3.66,-0.015
2023-04-16,4.83,3.0,4.1769,3.66,-0.015
2023-04-17,4.83,3.0,4.1771,3.66,-0.015
2023-04-18,4.83,3.0,4.1774,3.66,-0.015
2023-04-19,4.83,3.0,4.1774,3.66,-0.015
2023-04-20,4.83,3.0,4.1775,3.66,-0.015
2023-04-21,4.83,3.0,4.1774,3.66,-0.015
2023-04-22,4.83,3.0,4.1774,3.66,-0.015
2023-04-23,4.83,3.0,4.1774,3.66,-0.015
2023-04-24,4.83,3.0,4.1773,3.66,-0.015
2023-04-25,4.83,3.0,4.1774,3.66,-0.015
2023-04-26,4.83,3.0,4.1784,3.66,-0.015
2023-04-27,4.83,3.0,4.1787,3.66,-0.015
2023-04-28,4.83,3.0,4.1792,3.66,-0.015
2023-04-29,4.83,3.0,4.1792,3.66,-0.015
2023-04-30,4.83,3.0,4.1792,3.66,-0.015
2023-05-01,4.83,3.0,4.1792,3.9,-0.051
2023-05-02,4.83,3.0,4.1792,3.9,-0.051
2023-05-03,4.83,3.0,4.1778,3.9,-0.051
2023-05-04,5.08,3.0,4.1779,3.9,-0.051
2023-05-05,5.08,3.0,4.1777,3.9,-0.051
2023-05-06,5.08,3.0,4.1777,3.9,-0.051
2023-05-07,5.08,3.0,4.1777,3.9,-0.051
2023-05-08,5.08,3.0,4.1777,3.9,-0.051
2023-05-09,5.08,3.0,4.1777,3.9,-0.051
2023-05-10,5.08,3.25,4.1775,3.9,-0.051
2023-05-11,5.08,3.25,4.4274,3.9,-0.051
2023-05-12,5.08,3.25,4.4277,3.9,-0.051
2023-05-13,5.08,3.25,4.4277,3.9,-0.051
2023-05-14,5.08,3.25,4.4277,3.9,-0.051
2023-05-15,5.08,3.25,4.4274,3.9,-0.051
2023-05-16,5.08,3.25,4.4275,3.9,-0.051
2023-05-17,5.08,3.25,4.4274,3.9,-0.051
2023-05-18,5.08,3.25,4.4276,3.9,-0.051
2023-05-19,5.08,3.25,4.4274,3.9,-0.051
2023-05-20,5.08,3.25,4.4274,3.9,-0.051
2023-05-21,5.08,3.25,4.4274,3.9,-0.051
2023-05-22,5.08,3.25,4.4277,3.9,-0.051
2023-05-23,5.08,3.25,4.4285,3.9,-0.051
2023-05-24,5.08,3.25,4.4277,3.9,-0.051
2023-05-25,5.08,3.25,4.4278,3.9,-0.051
2023-05-26,5.08,3.25,4.4281,3.9,-0.051
2023-05-27,5.08,3.25,4.4281,3.9,-0.051
2023-05-28,5.08,3.25,4.4281,3.9,-0.051
2023-05-29,5.08,3.25,4.4281,3.9,-0.051
2023-05-30,5.08,3.25,4.4278,3.9,-0.051
2023-05-31,5.08,3.25,4.4278,3.9,-0.051
2023-06-01,5.08,3.25,4.4278,4.25,-0.066
2023-06-02,5.08,3.25,4.4281,4.25,-0.066
2023-06-03,5.08,3.25,4.4281,4.25,-0.066
2023-06-04,5.08,3.25,4.4281,4.25,-0.066
2023-06-05,5.08,3.25,4.428,4.25,-0.066
2023-06-06,5.08,3.25,4.4279,4.25,-0.066
2023-06-07,5.08,3.25,4.4278,4.25,-0.066
2023-06-08,5.08,3.25,4.4279,4.25,-0.066
2023-06-09,5.08,3.25,4.4281,4.25,-0.066
2023-06-10,5.08,3.25,4.4281,4.25,-0.066
2023-06-11,5.08,3.25,4.4281,4.25,-0.066
2023-06-12,5.08,3.25,4.4283,4.25,-0.066
2023-06-13,5.08,3.25,4.4281,4.25,-0.066
2023-06-14,5.08,3.25,4.4283,4.25,-0.066
2023-06-15,5.07,3.25,4.4284,4.25,-0.066
2023-06-16,5.08,3.25,4.4279,4.25,-0.066
2023-06-17,5.08,3.25,4.4279,4.25,-0.066
2023-06-18,5.08,3.25,4.4279,4.25,-0.066
2023-06-19,5.08,3.25,4.428,4.25,-0.066
2023-06-20,5.07,3.25,4.4281,4.25,-0.066
2023-06-21,5.07,3.5,4.4288,4.25,-0.066
2023-06-22,5.07,3.5,4.9274,4.25,-0.066
2023-06-23,5.07,3.5,4.928,4.25,-0.066
2023-06-24,5.07,3.5,4.928,4.25,-0.066
2023-06-25,5.07,3.5,4.928,4.25,-0.066
2023-06-26,5.07,3.5,4.9282,4.25,-0.066
2023-06-27,5.07,3.5,4.9281,4.25,-0.066
2023-06-28,5.07,3.5,4.9279,4.25,-0.066
2023-06-29,5.07,3.5,4.9284,4.25,-0.066
2023-06-30,5.08,3.5,4.9286,4.25,-0.066
2023-07-01,5.08,3.5,4.9286,4.3,-0.046
2023-07-02,5.08,3.5,4.9286,4.3,-0.046
2023-07-03,5.08,3.5,4.929,4.3,-0.046
2023-07-04,5.08,3.5,4.9291,4.3,-0.046
2023-07-05,5.08,3.5,4.93,4.3,-0.046
2023-07-06,5.08,3.5,4.9296,4.3,-0.046
2023-07-07,5.08,3.5,4.9297,4.3,-0.046
2023-07-08,5.08,3.5,4.9297,4.3,-0.046
2023-07-09,5.08,3.5,4.9297,4.3,-0.046
2023-07-10,5.07,3.5,4.9302,4.3,-0.046
2023-07-11,5.08,3.5,4.9299,4.3,-0.046
2023-07-12,5.08,3.5,4.9298,4.3,-0.046
2023-07-13,5.08,3.5,4.93,4.3,-0.046
2023-07-14,5.08,3.5,4.93,4.3,-0.046
2023-07-15,5.08,3.5,4.93,4.3,-0.046
2023-07-16,5.08,3.5,4.93,4.3,-0.046
2023-07-17,5.08,3.5,4.9299,4.3,-0.046
2023-07-18,5.08,3.5,4.9301,4.3,-0.046
2023-07-19,5.08,3.5,4.9303,4.3,-0.046
2023-07-20,5.08,3.5,4.9305,4.3,-0.046
2023-07-21,5.08,3.5,4.9306,4.3,-0.046
2023-07-22,5.08,3.5,4.9306,4.3,-0.046
2023-07-23,5.08,3.5,4.9306,4.3,-0.046
2023-07-24,5.08,3.5,4.9309,4.3,-0.046
2023-07-25,5.08,3.5,4.9308,4.3,-0.046
2023-07-26,5.08,3.5,4.931,4.3,-0.046
2023-07-27,5.33,3.5,4.931,4.3,-0.046
2023-07-28,5.33,3.5,4.9315,4.3,-0.046
2023-07-29,5.33,3.5,4.9315,4.3,-0.046
2023-07-30,5.33,3.5,4.9315,4.3,-0.046
2023-07-31,5.33,3.5,4.9304,4.3,-0.046
2023-08-01,5.33,3.5,4.9307,4.15,-0.064
2023-08-02,5.33,3.75,4.9304,4.15,-0.064
2023-08-03,5.33,3.75,5.1823,4.15,-0.064
2023-08-04,5.33,3.75,5.1826,4.15,-0.064
2023-08-05,5.33,3.75,5.1826,4.15,-0.064
2023-08-06,5.33,3.75,5.1826,4.15,-0.064
2023-08-07,5.33,3.75,5.1829,4.15,-0.064
2023-08-08,5.33,3.75,5.1829,4.15,-0.064
2023-08-09,5.33,3.75,5.1827,4.15,-0.064
2023-08-10,5.33,3.75,5.1829,4.15,-0.064
2023-08-11,5.33,3.75,5.1829,4.15,-0.064
2023-08-12,5.33,3.75,5.1829,4.15,-0.064
2023-08-13,5.33,3.75,5.1829,4.15,-0.064
2023-08-14,5.33,3.75,5.1829,4.15,-0.064
2023-08-15,5.33,3.75,5.1834,4.15,-0.064
2023-08-16,5.33,3.75,5.1838,4.15,-0.064
2023-08-17,5.33,3.75,5.1843,4.15,-0.064
2023-08-18,5.33,3.75,5.1843,4.15,-0.064
2023-08-19,5.33,3.75,5.1843,4.15,-0.064
2023-08-20,5.33,3.75,5.1843,4.15,-0.064
2023-08-21,5.33,3.75,5.1841,4.15,-0.064
2023-08-22,5.33,3.75,5.1843,4.15,-0.064
2023-08-23,5.33,3.75,5.1859,4.15,-0.064
2023-08-24,5.33,3.75,5.1855,4.15,-0.064
2023-08-25,5.33,3.75,5.1852,4.15,-0.064
2023-08-26,5.33,3.75,5.1852,4.15,-0.064
2023-08-27,5.33,3.75,5.1852,4.15,-0.064
2023-08-28,5.33,3.75,5.1852,4.15,-0.064
2023-08-29,5.33,3.75,5.1853,4.15,-0.064
2023-08-30,5.33,3.75,5.1855,4.15,-0.064
2023-08-31,5.33,3.75,5.1852,4.15,-0.064
2023-09-01,5.33,3.75,5.1852,4.13,-0.054
2023-09-02,5.33,3.75,5.1852,4.13,-0.054
2023-09-03,5.33,3.75,5.1852,4.13,-0.054
2023-09-04,5.33,3.75,5.1853,4.13,-0.054
2023-09-05,5.33,3.75,5.1853,4.13,-0.054
2023-09-06,5.33,3.75,5.185,4.13,-0.054
2023-09-07,5.33,3.75,5.1855,4.13,-0.054
2023-09-08,5.33,3.75,5.1855,4.13,-0.054
2023-09-09,5.33,3.75,5.1855,4.13,-0.054
2023-09-10,5.33,3.75,5.1855,4.13,-0.054
2023-09-11,5.33,3.75,5.186,4.13,-0.054
2023-09-12,5.33,3.75,5.1853,4.13,-0.054
2023-09-13,5.33,3.75,5.1851,4.13,-0.054
2023-09-14,5.33,3.75,5.1847,4.13,-0.054
2023-09-15,5.33,3.75,5.1854,4.13,-0.054
2023-09-16,5.33,3.75,5.1854,4.13,-0.054
2023-09-17,5.33,3.75,5.1854,4.13,-0.054
2023-09-18,5.33,3.75,5.185,4.13,-0.054
2023-09-19,5.33,3.75,5.1854,4.13,-0.054
2023-09-20,5.33,4.0,5.1849,4.13,-0.054
2023-09-21,5.33,4.0,5.1848,4.13,-0.054
2023-09-22,5.33,4.0,5.1855,4.13,-0.054
2023-09-23,5.33,4.0,5.1855,4.13,-0.054
2023-09-24,5.33,4.0,5.1855,4.13,-0.054
2023-09-25,5.33,4.0,5.1849,4.13,-0.054
2023-09-26,5.33,4.0,5.1857,4.13,-0.054
2023-09-27,5.33,4.0,5.186,4.13,-0.054
2023-09-28,5.33,4.0,5.1859,4.13,-0.054
2023-09-29,5.33,4.0,5.1867,4.13,-0.054
2023-09-30,5.33,4.0,5.1867,4.13,-0.054
2023-10-01,5.33,4.0,5.1867,4.21,-0.02
2023-10-02,5.33,4.0,5.1868,4.21,-0.02
2023-10-03,5.33,4.0,5.1867,4.21,-0.02
2023-10-04,5.33,4.0,5.1872,4.21,-0.02
2023-10-05,5.33,4.0,5.1872,4.21,-0.02
2023-10-06,5.33,4.0,5.1871,4.21,-0.02
2023-10-07,5.33,4.0,5.1871,4.21,-0.02
2023-10-08,5.33,4.0,5.1871,4.21,-0.02
2023-10-09,5.33,4.0,5.1873,4.21,-0.02
2023-10-10,5.33,4.0,5.1869,4.21,-0.02
2023-10-11,5.33,4.0,5.1866,4.21,-0.02
2023-10-12,5.33,4.0,5.187,4.21,-0.02
2023-10-13,5.33,4.0,5.1873,4.21,-0.02
2023-10-14,5.33,4.0,5.1873,4.21,-0.02
2023-10-15,5.33,4.0,5.1873,4.21,-0.02
2023-10-16,5.33,4.0,5.1877,4.21,-0.02
2023-10-17,5.33,4.0,5.187,4.21,-0.02
2023-10-18,5.33,4.0,5.1872,4.21,-0.02
2023-10-19,5.33,4.0,5.1873,4.21,-0.02
2023-10-20,5.33,4.0,5.188,4.21,-0.02
2023-10-21,5.33,4.0,5.188,4.21,-0.02
2023-10-22,5.33,4.0,5.188,4.21,-0.02
2023-10-23,5.33,4.0,5.1873,4.21,-0.02
2023-10-24,5.33,4.0,5.1873,4.21,-0.02
2023-10-25,5.33,4.0,5.1876,4.21,-0.02
2023-10-26,5.33,4.0,5.1872,4.21,-0.02
2023-10-27,5.33,4.0,5.1866,4.21,-0.02
2023-10-28,5.33,4.0,5.1866,4.21,-0.02
2023-10-29,5.33,4.0,5.1866,4.21,-0.02
2023-10-30,5.33,4.0,5.1867,4.21,-0.02
2023-10-31,5.33,4.0,5.1861,4.21,-0.02
2023-11-01,5.33,4.0,5.1865,4.38,-0.015
2023-11-02,5.33,4.0,5.187,4.38,-0.015
2023-11-03,5.33,4.0,5.187,4.38,-0.015
2023-11-04,5.33,4.0,5.187,4.38,-0.015
2023-11-05,5.33,4.0,5.187,4.38,-0.015
2023-11-06,5.33,4.0,5.1867,4.38,-0.015
2023-11-07,5.33,4.0,5.1864,4.38,-0.015
2023-11-08,5.33,4.0,5.1866,4.38,-0.015
2023-11-09,5.33,4.0,5.1866,4.38,-0.015
2023-11-10,5.33,4.0,5.1869,4.38,-0.015
2023-11-11,5.33,4.0,5.1869,4.38,-0.015
2023-11-12,5.33,4.0,5.1869,4.38,-0.015
2023-11-13,5.33,4.0,5.1867,4.38,-0.015
2023-11-14,5.33,4.0,5.1872,4.38,-0.015
2023-11-15,5.33,4.0,5.1868,4.38,-0.015
2023-11-16,5.33,4.0,5.1874,4.38,-0.015
2023-11-17,5.33,4.0,5.1881,4.38,-0.015
2023-11-18,5.33,4.0,5.1881,4.38,-0.015
2023-11-19,5.33,4.0,5.1881,4.38,-0.015
2023-11-20,5.33,4.0,5.1882,4.38,-0.015
2023-11-21,5.33,4.0,5.1885,4.38,-0.015
2023-11-22,5.33,4.0,5.1888,4.38,-0.015
2023-11-23,5.33,4.0,5.1883,4.38,-0.015
2023-11-24,5.33,4.0,5.1889,4.38,-0.015
2023-11-25,5.33,4.0,5.1889,4.38,-0.015
2023-11-26,5.33,4.0,5.1889,4.38,-0.015
2023-11-27,5.33,4.0,5.188,4.38,-0.015
2023-11-28,5.33,4.0,5.1879,4.38,-0.015
2023-11-29,5.33,4.0,5.1879,4.38,-0.015
2023-11-30,5.33,4.0,5.1881,4.38,-0.015
2023-12-01,5.33,4.0,5.1886,4.35,-0.012
2023-12-02,5.33,4.0,5.1886,4.35,-0.012
2023-12-03,5.33,4.0,5.1886,4.35,-0.012
2023-12-04,5.33,4.0,5.1878,4.35,-0.012
2023-12-05,5.33,4.0,5.1875,4.35,-0.012
2023-12-06,5.33,4.0,5.1874,4.35,-0.012
2023-12-07,5.33,4.0,5.1875,4.35,-0.012
2023-12-08,5.33,4.0,5.1872,4.35,-0.012
2023-12-09,5.33,4.0,5.1872,4.35,-0.012
2023-12-10,5.33,4.0,5.1872,4.35,-0.012
2023-12-11,5.33,4.0,5.1876,4.35,-0.012
2023-12-12,5.33,4.0,5.1878,4.35,-0.012
2023-12-13,5.33,4.0,5.1874,4.35,-0.012
2023-12-14,5.33,4.0,5.1859,4.35,-0.012
2023-12-15,5.33,4.0,5.1858,4.35,-0.012
2023-12-16,5.33,4.0,5.1858,4.35,-0.012
2023-12-17,5.33,4.0,5.1858,4.35,-0.012
2023-12-18,5.33,4.0,5.1865,4.35,-0.012
2023-12-19,5.33,4.0,5.1863,4.35,-0.012
2023-12-20,5.33,4.0,5.1864,4.35,-0.012
2023-12-21,5.33,4.0,5.1861,4.35,-0.012
2023-12-22,5.33,4.0,5.1867,4.35,-0.012
2023-12-23,5.33,4.0,5.1867,4.35,-0.012
2023-12-24,5.33,4.0,5.1867,4.35,-0.012
2023-12-25,5.33,4.0,5.1867,4.35,-0.012
2023-12-26,5.33,4.0,5.1867,4.35,-0.012
2023-12-27,5.33,4.0,5.1863,4.35,-0.012
2023-12-28,5.33,4.0,5.1867,4.35,-0.012
2023-12-29,5.33,4.0,5.1869,4.35,-0.012
2023-12-30,5.33,4.0,5.1869,4.35,-0.012
2023-12-31,5.33,4.0,5.1869,4.35,-0.012
2024-01-01,5.33,4.0,5.1869,4.35,-0.014
2024-01-02,5.33,4.0,5.1863,4.35,-0.014
2024-01-03,5.33,4.0,5.1863,4.35,-0.014
2024-01-04,5.33,4.0,5.187,4.35,-0.014
2024-01-05,5.33,4.0,5.1869,4.35,-0.014
2024-01-06,5.33,4.0,5.1869,4.35,-0.014
2024-01-07,5.33,4.0,5.1869,4.35,-0.014
2024-01-08,5.33,4.0,5.1869,4.35,-0.014
2024-01-09,5.33,4.0,5.1867,4.35,-0.014
2024-01-10,5.33,4.0,5.1872,4.35,-0.014
2024-01-11,5.33,4.0,5.1876,4.35,-0.014
2024-01-12,5.33,4.0,5.1884,4.35,-0.014
2024-01-13,5.33,4.0,5.1884,4.35,-0.014
2024-01-14,5.33,4.0,5.1884,4.35,-0.014
2024-01-15,5.33,4.0,5.1874,4.35,-0.014
2024-01-16,5.33,4.0,5.1876,4.35,-0.014
2024-01-17,5.33,4.0,5.188,4.35,-0.014
2024-01-18,5.33,4.0,5.1883,4.35,-0.014
2024-01-19,5.33,4.0,5.1876,4.35,-0.014
2024-01-20,5.33,4.0,5.1876,4.35,-0.014
2024-01-21,5.33,4.0,5.1876,4.35,-0.014
2024-01-22,5.33,4.0,5.1879,4.35,-0.014
2024-01-23,5.33,4.0,5.1873,4.35,-0.014
2024-01-24,5.33,4.0,5.1875,4.35,-0.014
2024-01-25,5.33,4.0,5.1882,4.35,-0.014
2024-01-26,5.33,4.0,5.1882,4.35,-0.014
2024-01-27,5.33,4.0,5.1882,4.35,-0.014
2024-01-28,5.33,4.0,5.1882,4.35,-0.014
2024-01-29,5.33,4.0,5.1879,4.35,-0.014
2024-01-30,5.33,4.0,5.1884,4.35,-0.014
2024-01-31,5.33,4.0,5.1881,4.35,-0.014
2024-02-01,5.33,4.0,5.1878,4.34,-0.006
2024-02-02,5.33,4.0,5.1885,4.34,-0.006
2024-02-03,5.33,4.0,5.1885,4.34,-0.006
2024-02-04,5.33,4.0,5.1885,4.34,-0.006
2024-02-05,5.33,4.0,5.1884,4.34,-0.006
2024-02-06,5.33,4.0,5.1894,4.34,-0.006
2024-02-07,5.33,4.0,5.189,4.34,-0.006
2024-02-08,5.33,4.0,5.188,4.34,-0.006
2024-02-09,5.33,4.0,5.1885,4.34,-0.006
2024-02-10,5.33,4.0,5.1885,4.34,-0.006
2024-02-11,5.33,4.0,5.1885,4.34,-0.006
2024-02-12,5.33,4.0,5.1882,4.34,-0.006
2024-02-13,5.33,4.0,5.1888,4.34,-0.006
2024-02-14,5.33,4.0,5.1888,4.34,-0.006
2024-02-15,5.33,4.0,5.1885,4.34,-0.006
2024-02-16,5.33,4.0,5.1881,4.34,-0.006
2024-02-17,5.33,4.0,5.1881,4.34,-0.006
2024-02-18,5.33,4.0,5.1881,4.34,-0.006
2024-02-19,5.33,4.0,5.1874,4.34,-0.006
2024-02-20,5.33,4.0,5.1879,4.34,-0.006
2024-02-21,5.33,4.0,5.188,4.34,-0.006
2024-02-22,5.33,4.0,5.1888,4.34,-0.006
2024-02-23,5.33,4.0,5.1881,4.34,-0.006
2024-02-24,5.33,4.0,5.1881,4.34,-0.006
2024-02-25,5.33,4.0,5.1881,4.34,-0.006
2024-02-26,5.33,4.0,5.1881,4.34,-0.006
2024-02-27,5.33,4.0,5.1877,4.34,-0.006
2024-02-28,5.33,4.0,5.1882,4.34,-0.006
2024-02-29,5.33,4.0,5.1885,4.34,-0.006
2024-03-01,5.33,4.0,5.1887,4.35,0.022
2024-03-02,5.33,4.0,5.1887,4.35,0.022
2024-03-03,5.33,4.0,5.1887,4.35,0.022
2024-03-04,5.33,4.0,5.1884,4.35,0.022
2024-03-05,5.33,4.0,5.1887,4.35,0.022
2024-03-06,5.33,4.0,5.1883,4.35,0.022
2024-03-07,5.33,4.0,5.1884,4.35,0.022
2024-03-08,5.33,4.0,5.1881,4.35,0.022
2024-03-09,5.33,4.0,5.1881,4.35,0.022
2024-03-10,5.33,4.0,5.1881,4.35,0.022
2024-03-11,5.33,4.0,5.188,4.35,0.022
2024-03-12,5.33,4.0,5.1887,4.35,0.022
2024-03-13,5.33,4.0,5.1889,4.35,0.022
2024-03-14,5.33,4.0,5.1888,4.35,0.022
2024-03-15,5.33,4.0,5.1894,4.35,0.022
2024-03-16,5.33,4.0,5.1894,4.35,0.022
2024-03-17,5.33,4.0,5.1894,4.35,0.022
2024-03-18,5.33,4.0,5.1886,4.35,0.022
2024-03-19,5.33,4.0,5.1894,4.35,0.022
2024-03-20,5.33,4.0,5.1892,4.35,0.022
2024-03-21,5.33,4.0,5.1894,4.35,0.022
2024-03-22,5.33,4.0,5.1906,4.35,0.022
2024-03-23,5.33,4.0,5.1906,4.35,0.022
2024-03-24,5.33,4.0,5.1906,4.35,0.022
2024-03-25,5.33,4.0,5.1898,4.35,0.022
2024-03-26,5.33,4.0,5.1896,4.35,0.022
2024-03-27,5.33,4.0,5.1899,4.35,0.022
2024-03-28,5.33,4.0,5.1911,4.35,0.022
2024-03-29,5.33,4.0,5.1911,4.35,0.022
2024-03-30,5.33,4.0,5.1911,4.35,0.022
2024-03-31,5.33,4.0,5.1911,4.35,0.022
2024-04-01,5.33,4.0,5.1911,4.37,0.077
2024-04-02,5.33,4.0,5.1956,4.37,0.077
2024-04-03,5.33,4.0,5.1952,4.37,0.077
2024-04-04,5.33,4.0,5.1949,4.37,0.077
2024-04-05,5.33,4.0,5.1949,4.37,0.077
2024-04-06,5.33,4.0,5.1949,4.37,0.077
2024-04-07,5.33,4.0,5.1949,4.37,0.077
2024-04-08,5.33,4.0,5.1949,4.37,0.077
2024-04-09,5.33,4.0,5.1976,4.37,0.077
2024-04-10,5.33,4.0,5.1978,4.37,0.077
2024-04-11,5.33,4.0,5.198,4.37,0.077
2024-04-12,5.33,4.0,5.198,4.37,0.077
2024-04-13,5.33,4.0,5.198,4.37,0.077
2024-04-14,5.33,4.0,5.198,4.37,0.077
2024-04-15,5.33,4.0,5.1984,4.37,0.077
2024-04-16,5.33,4.0,5.1984,4.37,0.077
2024-04-17,5.33,4.0,5.1984,4.37,0.077
2024-04-18,5.33,4.0,5.1984,4.37,0.077
2024-04-19,5.33,4.0,5.1984,4.37,0.077
2024-04-20,5.33,4.0,5.1984,4.37,0.077
2024-04-21,5.33,4.0,5.1984,4.37,0.077
2024-04-22,5.33,4.0,5.1993,4.37,0.077
2024-04-23,5.33,4.0,5.1997,4.37,0.077
2024-04-24,5.33,4.0,5.1993,4.37,0.077
2024-04-25,5.33,4.0,5.1998,4.37,0.077
2024-04-26,5.33,4.0,5.1999,4.37,0.077
2024-04-27,5.33,4.0,5.1999,4.37,0.077
2024-04-28,5.33,4.0,5.1999,4.37,0.077
2024-04-29,5.33,4.0,5.2,4.37,0.077
2024-04-30,5.33,4.0,5.1998,4.37,0.077
2024-05-01,5.33,4.0,5.2,4.36,0.077
2024-05-02,5.33,4.0,5.2,4.36,0.077
2024-05-03,5.33,4.0,5.2001,4.36,0.077
2024-05-04,5.33,4.0,5.2001,4.36,0.077
2024-05-05,5.33,4.0,5.2001,4.36,0.077
2024-05-06,5.33,4.0,5.2001,4.36,0.077
2024-05-07,5.33,4.0,5.2,4.36,0.077
2024-05-08,5.33,4.0,5.2,4.36,0.077
2024-05-09,5.33,4.0,5.2,4.36,0.077
2024-05-10,5.33,4.0,5.2,4.36,0.077
2024-05-11,5.33,4.0,5.2,4.36,0.077
2024-05-12,5.33,4.0,5.2,4.36,0.077
2024-05-13,5.33,4.0,5.2,4.36,0.077
2024-05-14,5.33,4.0,5.2,4.36,0.077
2024-05-15,5.33,4.0,5.2,4.36,0.077
2024-05-16,5.33,4.0,5.2,4.36,0.077
2024-05-17,5.33,4.0,5.2,4.36,0.077
2024-05-18,5.33,4.0,5.2,4.36,0.077
2024-05-19,5.33,4.0,5.2,4.36,0.077
2024-05-20,5.33,4.0,5.2,4.36,0.077
2024-05-21,5.33,4.0,5.2,4.36,0.077
2024-05-22,5.33,4.0,5.2,4.36,0.077
2024-05-23,5.33,4.0,5.2,4.36,0.077
2024-05-24,5.33,4.0,5.2,4.36,0.077
2024-05-25,5.33,4.0,5.2,4.36,0.077
2024-05-26,5.33,4.0,5.2,4.36,0.077
2024-05-27,5.33,4.0,5.2,4.36,0.077
2024-05-28,5.33,4.0,5.2,4.36,0.077
2024-05-29,5.33,4.0,5.2,4.36,0.077
2024-05-30,5.33,4.0,5.2,4.36,0.077
2024-05-31,5.33,4.0,5.2,4.36,0.077
2024-06-01,5.33,4.0,5.2,4.39,0.077
2024-06-02,5.33,4.0,5.2,4.39,0.077
2024-06-03,5.33,4.0,5.2,4.39,0.077
2024-06-04,5.33,4.0,5.2,4.39,0.077
2024-06-05,5.33,4.0,5.2,4.39,0.077
2024-06-06,5.33,4.0,5.2,4.39,0.077
2024-06-07,5.33,4.0,5.2,4.39,0.077
2024-06-08,5.33,4.0,5.2,4.39,0.077
2024-06-09,5.33,4.0,5.2,4.39,0.077
2024-06-10,5.33,4.0,5.2,4.39,0.077
2024-06-11,5.33,4.0,5.2,4.39,0.077
2024-06-12,5.33,3.75,5.2,4.39,0.077
2024-06-13,5.33,3.75,5.2,4.39,0.077
2024-06-14,5.33,3.75,5.2,4.39,0.077
2024-06-15,5.33,3.75,5.2,4.39,0.077
2024-06-16,5.33,3.75,5.2,4.39,0.077
2024-06-17,5.33,3.75,5.2,4.39,0.077
2024-06-18,5.33,3.75,5.2,4.39,0.077
2024-06-19,5.33,3.75,5.2,4.39,0.077
2024-06-20,5.33,3.75,5.2,4.39,0.077
2024-06-21,5.33,3.75,5.2,4.39,0.077
2024-06-22,5.33,3.75,5.2,4.39,0.077
2024-06-23,5.33,3.75,5.2,4.39,0.077
2024-06-24,5.33,3.75,5.2,4.39,0.077
2024-06-25,5.33,3.75,5.2,4.39,0.077
2024-06-26,5.33,3.75,5.2,4.39,0.077
2024-06-27,5.33,3.75,5.2,4.39,0.077
2024-06-28,5.33,3.75,5.2,4.39,0.077
2024-06-29,5.33,3.75,5.2,4.39,0.077
2024-06-30,5.33,3.75,5.2,4.39,0.077
2024-07-01,5.33,3.75,5.2,4.46,0.078
2024-07-02,5.33,3.75,5.2,4.46,0.078
2024-07-03,5.33,3.75,5.2,4.46,0.078
2024-07-04,5.33,3.75,5.2,4.46,0.078
2024-07-05,5.33,3.75,5.2,4.46,0.078
2024-07-06,5.33,3.75,5.2,4.46,0.078
2024-07-07,5.33,3.75,5.2,4.46,0.078
2024-07-08,5.33,3.75,5.2,4.46,0.078
2024-07-09,5.33,3.75,5.2,4.46,0.078
2024-07-10,5.33,3.75,5.2,4.46,0.078
2024-07-11,5.33,3.75,5.2,4.46,0.078
2024-07-12,5.33,3.75,5.2,4.46,0.078
2024-07-13,5.33,3.75,5.2,4.46,0.078
2024-07-14,5.33,3.75,5.2,4.46,0.078
2024-07-15,5.33,3.75,5.2,4.46,0.078
2024-07-16,5.33,3.75,5.2,4.46,0.078
2024-07-17,5.33,3.75,5.2,4.46,0.078
2024-07-18,5.33,3.75,5.2,4.46,0.078
2024-07-19,5.33,3.75,5.2,4.46,0.078
2024-07-20,5.33,3.75,5.2,4.46,0.078
2024-07-21,5.33,3.75,5.2,4.46,0.078
2024-07-22,5.33,3.75,5.2,4.46,0.078
2024-07-23,5.33,3.75,5.2,4.46,0.078
2024-07-24,5.33,3.75,5.2,4.46,0.078
2024-07-25,5.33,3.75,5.2,4.46,0.078
2024-07-26,5.33,3.75,5.2,4.46,0.078
2024-07-27,5.33,3.75,5.2,4.46,0.078
2024-07-28,5.33,3.75,5.2,4.46,0.078
2024-07-29,5.33,3.75,5.2,4.46,0.078
2024-07-30,5.33,3.75,5.2,4.46,0.078
2024-07-31,5.33,3.75,5.2,4.46,0.078
2024-08-01,5.33,3.75,4.95,4.38,0.227
2024-08-02,5.33,3.75,4.95,4.38,0.227
2024-08-03,5.33,3.75,4.95,4.38,0.227
2024-08-04,5.33,3.75,4.95,4.38,0.227
2024-08-05,5.33,3.75,4.95,4.38,0.227
2024-08-06,5.33,3.75,4.95,4.38,0.227
2024-08-07,5.33,3.75,4.95,4.38,0.227
2024-08-08,5.33,3.75,4.95,4.38,0.227
2024-08-09,5.33,3.75,4.95,4.38,0.227
2024-08-10,5.33,3.75,4.95,4.38,0.227
2024-08-11,5.33,3.75,4.95,4.38,0.227
2024-08-12,5.33,3.75,4.95,4.38,0.227
2024-08-13,5.33,3.75,4.95,4.38,0.227
2024-08-14,5.33,3.75,4.95,4.38,0.227
2024-08-15,5.33,3.75,4.95,4.38,0.227
2024-08-16,5.33,3.75,4.95,4.38,0.227
2024-08-17,5.33,3.75,4.95,4.38,0.227
2024-08-18,5.33,3.75,4.95,4.38,0.227
2024-08-19,5.33,3.75,4.95,4.38,0.227
2024-08-20,5.33,3.75,4.95,4.38,0.227
2024-08-21,5.33,3.75,4.95,4.38,0.227
2024-08-22,5.33,3.75,4.95,4.38,0.227
2024-08-23,5.33,3.75,4.95,4.38,0.227
2024-08-24,5.33,3.75,4.95,4.38,0.227
2024-08-25,5.33,3.75,4.95,4.38,0.227
2024-08-26,5.33,3.75,4.95,4.38,0.227
2024-08-27,5.33,3.75,4.95,4.38,0.227
2024-08-28,5.33,3.75,4.95,4.38,0.227
2024-08-29,5.33,3.75,4.95,4.38,0.227
2024-08-30,5.33,3.75,4.95,4.38,0.227
2024-08-31,5.33,3.75,4.95,4.38,0.227
2024-09-01,5.33,3.75,4.95,4.42,0.227
2024-09-02,5.33,3.75,4.95,4.42,0.227
2024-09-03,5.33,3.75,4.95,4.42,0.227
2024-09-04,5.33,3.75,4.95,4.42,0.227
2024-09-05,5.33,3.75,4.95,4.42,0.227
2024-09-06,5.33,3.75,4.95,4.42,0.227
2024-09-07,5.33,3.75,4.95,4.42,0.227
2024-09-08,5.33,3.75,4.95,4.42,0.227
2024-09-09,5.33,3.75,4.95,4.42,0.227
2024-09-10,5.33,3.75,4.95,4.42,0.227
2024-09-11,5.33,3.75,4.95,4.42,0.227
2024-09-12,5.33,3.75,4.95,4.42,0.227
2024-09-13,5.33,3.75,4.95,4.42,0.227
2024-09-14,5.33,3.75,4.95,4.42,0.227
2024-09-15,5.33,3.75,4.95,4.42,0.227
2024-09-16,5.33,3.75,4.95,4.42,0.227
2024-09-17,5.33,3.75,4.95,4.42,0.227
2024-09-18,5.33,3.5,4.95,4.42,0.227
2024-09-19,4.83,3.5,4.95,4.42,0.227
2024-09-20,4.83,3.5,4.95,4.42,0.227
2024-09-21,4.83,3.5,4.95,4.42,0.227
2024-09-22,4.83,3.5,4.95,4.42,0.227
2024-09-23,4.83,3.5,4.95,4.42,0.227
2024-09-24,4.83,3.5,4.95,4.42,0.227
2024-09-25,4.83,3.5,4.95,4.42,0.227
2024-09-26,4.83,3.5,4.95,4.42,0.227
2024-09-27,4.83,3.5,4.95,4.42,0.227
2024-09-28,4.83,3.5,4.95,4.42,0.227
2024-09-29,4.83,3.5,4.95,4.42,0.227
2024-09-30,4.83,3.5,4.95,4.42,0.227
2024-10-01,4.83,3.5,4.95,4.41,0.227
2024-10-02,4.83,3.5,4.95,4.41,0.227
2024-10-03,4.83,3.5,4.95,4.41,0.227
2024-10-04,4.83,3.5,4.95,4.41,0.227
2024-10-05,4.83,3.5,4.95,4.41,0.227
2024-10-06,4.83,3.5,4.95,4.41,0.227
2024-10-07,4.83,3.5,4.95,4.41,0.227
2024-10-08,4.83,3.5,4.95,4.41,0.227
2024-10-09,4.83,3.5,4.95,4.41,0.227
2024-10-10,4.83,3.5,4.95,4.41,0.227
2024-10-11,4.83,3.5,4.95,4.41,0.227
2024-10-12,4.83,3.5,4.95,4.41,0.227
2024-10-13,4.83,3.5,4.95,4.41,0.227
2024-10-14,4.83,3.5,4.95,4.41,0.227
2024-10-15,4.83,3.5,4.95,4.41,0.227
2024-10-16,4.83,3.5,4.95,4.41,0.227
2024-10-17,4.83,3.5,4.95,4.41,0.227
2024-10-18,4.83,3.5,4.95,4.41,0.227
2024-10-19,4.83,3.5,4.95,4.41,0.227
2024-10-20,4.83,3.5,4.95,4.41,0.227
2024-10-21,4.83,3.5,4.95,4.41,0.227
2024-10-22,4.83,3.5,4.95,4.41,0.227
2024-10-23,4.83,3.25,4.95,4.41,0.227
2024-10-24,4.83,3.25,4.95,4.41,0.227
2024-10-25,4.83,3.25,4.95,4.41,0.227
2024-10-26,4.83,3.25,4.95,4.41,0.227
2024-10-27,4.83,3.25,4.95,4.41,0.227
2024-10-28,4.83,3.25,4.95,4.41,0.227
2024-10-29,4.83,3.25,4.95,4.41,0.227
2024-10-30,4.83,3.25,4.95,4.41,0.227
2024-10-31,4.83,3.25,4.95,4.41,0.227
2024-11-01,4.83,3.25,4.95,4.42,0.227
2024-11-02,4.83,3.25,4.95,4.42,0.227
2024-11-03,4.83,3.25,4.95,4.42,0.227
2024-11-04,4.83,3.25,4.95,4.42,0.227
2024-11-05,4.83,3.25,4.95,4.42,0.227
2024-11-06,4.83,3.25,4.95,4.42,0.227
2024-11-07,4.83,3.25,4.7,4.42,0.227
2024-11-08,4.58,3.25,4.7,4.42,0.227
2024-11-09,4.58,3.25,4.7,4.42,0.227
2024-11-10,4.58,3.25,4.7,4.42,0.227
2024-11-11,4.58,3.25,4.7,4.42,0.227
2024-11-12,4.58,3.25,4.7,4.42,0.227
2024-11-13,4.58,3.25,4.7,4.42,0.227
2024-11-14,4.58,3.25,4.7,4.42,0.227
2024-11-15,4.58,3.25,4.7,4.42,0.227
2024-11-16,4.58,3.25,4.7,4.42,0.227
2024-11-17,4.58,3.25,4.7,4.42,0.227
2024-11-18,4.58,3.25,4.7,4.42,0.227
2024-11-19,4.58,3.25,4.7,4.42,0.227
2024-11-20,4.58,3.25,4.7,4.42,0.227
2024-11-21,4.58,3.25,4.7,4.42,0.227
2024-11-22,4.58,3.25,4.7,4.42,0.227
2024-11-23,4.58,3.25,4.7,4.42,0.227
2024-11-24,4.58,3.25,4.7,4.42,0.227
2024-11-25,4.58,3.25,4.7,4.42,0.227
2024-11-26,4.58,3.25,4.7,4.42,0.227
2024-11-27,4.58,3.25,4.7,4.42,0.227
2024-11-28,4.58,3.25,4.7,4.42,0.227
2024-11-29,4.58,3.25,4.7,4.42,0.227
2024-11-30,4.58,3.25,4.7,4.42,0.227
2024-12-01,4.58,3.25,4.7,4.44,0.227
2024-12-02,4.58,3.25,4.7,4.44,0.227
2024-12-03,4.58,3.25,4.7,4.44,0.227
2024-12-04,4.58,3.25,4.7,4.44,0.227
2024-12-05,4.58,3.25,4.7,4.44,0.227
2024-12-06,4.58,3.25,4.7,4.44,0.227
2024-12-07,4.58,3.25,4.7,4.44,0.227
2024-12-08,4.58,3.25,4.7,4.44,0.227
2024-12-09,4.58,3.25,4.7,4.44,0.227
2024-12-10,4.58,3.25,4.7,4.44,0.227
2024-12-11,4.58,3.25,4.7,4.44,0.227
2024-12-12,4.58,3.25,4.7,4.44,0.227
2024-12-13,4.58,3.25,4.7,4.44,0.227
2024-12-14,4.58,3.25,4.7,4.44,0.227
2024-12-15,4.58,3.25,4.7,4.44,0.227
2024-12-16,4.58,3.25,4.7,4.44,0.227
2024-12-17,4.58,3.25,4.7,4.44,0.227
2024-12-18,4.58,3.0,4.7,4.44,0.227
2024-12-19,4.33,3.0,4.7,4.44,0.227
2024-12-20,4.33,3.0,4.7,4.44,0.227
2024-12-21,4.33,3.0,4.7,4.44,0.227
2024-12-22,4.33,3.0,4.7,4.44,0.227
2024-12-23,4.33,3.0,4.7,4.44,0.227
2024-12-24,4.33,3.0,4.7,4.44,0.227
2024-12-25,4.33,3.0,4.7,4.44,0.227
2024-12-26,4.33,3.0,4.7,4.44,0.227
2024-12-27,4.33,3.0,4.7,4.44,0.227
2024-12-28,4.33,3.0,4.7,4.44,0.227
2024-12-29,4.33,3.0,4.7,4.44,0.227
2024-12-30,4.33,3.0,4.7,4.44,0.227
2024-12-31,4.33,3.0,4.7003,4.44,0.227
2025-01-01,4.33,3.0,4.7003,4.33,0.293
2025-01-02,4.33,3.0,4.7,4.33,0.293
2025-01-03,4.33,3.0,4.7,4.33,0.293
2025-01-04,4.33,3.0,4.7,4.33,0.293
2025-01-05,4.33,3.0,4.7,4.33,0.293
2025-01-06,4.33,3.0,4.7,4.33,0.293
2025-01-07,4.33,3.0,4.7,4.33,0.293
2025-01-08,4.33,3.0,4.7,4.33,0.293
2025-01-09,4.33,3.0,4.7,4.33,0.293
2025-01-10,4.33,3.0,4.7,4.33,0.293
2025-01-11,4.33,3.0,4.7,4.33,0.293
2025-01-12,4.33,3.0,4.7,4.33,0.293
2025-01-13,4.33,3.0,4.7,4.33,0.293
2025-01-14,4.33,3.0,4.7,4.33,0.293
2025-01-15,4.33,3.0,4.7001,4.33,0.293
2025-01-16,4.33,3.0,4.7,4.33,0.293
2025-01-17,4.33,3.0,4.7,4.33,0.293
2025-01-18,4.33,3.0,4.7,4.33,0.293
2025-01-19,4.33,3.0,4.7,4.33,0.293
2025-01-20,4.33,3.0,4.7,4.33,0.293
2025-01-21,4.33,3.0,4.7,4.33,0.293
2025-01-22,4.33,3.0,4.7,4.33,0.293
2025-01-23,4.33,3.0,4.7001,4.33,0.293
2025-01-24,4.33,3.0,4.7,4.33,0.293
2025-01-25,4.33,3.0,4.7,4.33,0.293
2025-01-26,4.33,3.0,4.7,4.33,0.293
2025-01-27,4.33,3.0,4.7,4.33,0.293
2025-01-28,4.33,3.0,4.7,4.33,0.293
2025-01-29,4.33,3.0,4.7006,4.33,0.293
2025-01-30,4.33,3.0,4.7008,4.33,0.293
2025-01-31,4.33,3.0,4.7037,4.33,0.293
2025-02-01,4.33,3.0,4.7037,4.17,0.478
2025-02-02,4.33,3.0,4.7037,4.17,0.478
2025-02-03,4.33,3.0,4.7042,4.17,0.478
2025-02-04,4.33,3.0,4.7049,4.17,0.478
2025-02-05,4.33,2.75,4.7045,4.17,0.478
2025-02-06,4.33,2.75,4.4544,4.17,0.478
2025-02-07,4.33,2.75,4.454,4.17,0.478
2025-02-08,4.33,2.75,4.454,4.17,0.478
2025-02-09,4.33,2.75,4.454,4.17,0.478
2025-02-10,4.33,2.75,4.454,4.17,0.478
2025-02-11,4.33,2.75,4.4541,4.17,0.478
2025-02-12,4.33,2.75,4.4539,4.17,0.478
2025-02-13,4.33,2.75,4.4544,4.17,0.478
2025-02-14,4.33,2.75,4.4543,4.17,0.478
2025-02-15,4.33,2.75,4.4543,4.17,0.478
2025-02-16,4.33,2.75,4.4543,4.17,0.478
2025-02-17,4.33,2.75,4.4541,4.17,0.478
2025-02-18,4.33,2.75,4.4542,4.17,0.478
2025-02-19,4.33,2.75,4.4543,4.17,0.478
2025-02-20,4.33,2.75,4.4543,4.17,0.478
2025-02-21,4.33,2.75,4.4549,4.17,0.478
2025-02-22,4.33,2.75,4.4549,4.17,0.478
2025-02-23,4.33,2.75,4.4549,4.17,0.478
2025-02-24,4.33,2.75,4.4545,4.17,0.478
2025-02-25,4.33,2.75,4.4547,4.17,0.478
2025-02-26,4.33,2.75,4.4547,4.17,0.478
2025-02-27,4.33,2.75,4.4547,4.17,0.478
2025-02-28,4.33,2.75,4.4552,4.17,0.478
2025-03-01,4.33,2.75,4.4552,4.12,0.477
2025-03-02,4.33,2.75,4.4552,4.12,0.477
2025-03-03,4.33,2.75,4.455,4.12,0.477
2025-03-04,4.33,2.75,4.4551,4.12,0.477
2025-03-05,4.33,2.75,4.455,4.12,0.477
2025-03-06,4.33,2.75,4.4557,4.12,0.477
2025-03-07,4.33,2.75,4.4548,4.12,0.477
2025-03-08,4.33,2.75,4.4548,4.12,0.477
2025-03-09,4.33,2.75,4.4548,4.12,0.477
2025-03-10,4.33,2.75,4.4547,4.12,0.477
2025-03-11,4.33,2.75,4.4546,4.12,0.477
2025-03-12,4.33,2.5,4.4545,4.12,0.477
2025-03-13,4.33,2.5,4.455,4.12,0.477
2025-03-14,4.33,2.5,4.4549,4.12,0.477
2025-03-15,4.33,2.5,4.4549,4.12,0.477
2025-03-16,4.33,2.5,4.4549,4.12,0.477
2025-03-17,4.33,2.5,4.4544,4.12,0.477
2025-03-18,4.33,2.5,4.4548,4.12,0.477
2025-03-19,4.33,2.5,4.4558,4.12,0.477
2025-03-20,4.33,2.5,4.4562,4.12,0.477
2025-03-21,4.33,2.5,4.4563,4.12,0.477
2025-03-22,4.33,2.5,4.4563,4.12,0.477
2025-03-23,4.33,2.5,4.4563,4.12,0.477
2025-03-24,4.33,2.5,4.457,4.12,0.477
2025-03-25,4.33,2.5,4.4568,4.12,0.477
2025-03-26,4.33,2.5,4.4572,4.12,0.477
2025-03-27,4.33,2.5,4.4556,4.12,0.477
2025-03-28,4.33,2.5,4.4558,4.12,0.477
2025-03-29,4.33,2.5,4.4558,4.12,0.477
2025-03-30,4.33,2.5,4.4558,4.12,0.477
2025-03-31,4.33,2.5,4.4554,4.12,0.477
2025-04-01,4.33,2.5,4.4555,4.02,0.477
2025-04-02,4.33,2.5,4.4549,4.02,0.477
2025-04-03,4.33,2.5,4.4553,4.02,0.477
2025-04-04,4.33,2.5,4.4554,4.02,0.477
2025-04-05,4.33,2.5,4.4554,4.02,0.477
2025-04-06,4.33,2.5,4.4554,4.02,0.477
2025-04-07,4.33,2.5,4.4561,4.02,0.477
2025-04-08,4.33,2.5,4.4565,4.02,0.477
2025-04-09,4.33,2.5,4.4565,4.02,0.477
2025-04-10,4.33,2.5,4.4579,4.02,0.477
2025-04-11,4.33,2.5,4.4584,4.02,0.477
2025-04-12,4.33,2.5,4.4584,4.02,0.477
2025-04-13,4.33,2.5,4.4584,4.02,0.477
2025-04-14,4.33,2.5,4.4582,4.02,0.477
2025-04-15,4.33,2.5,4.4585,4.02,0.477
2025-04-16,4.33,2.5,4.4585,4.02,0.477
2025-04-17,4.33,2.5,4.459,4.02,0.477
2025-04-18,4.33,2.5,4.459,4.02,0.477
2025-04-19,4.33,2.5,4.459,4.02,0.477
2025-04-20,4.33,2.5,4.459,4.02,0.477
2025-04-21,4.33,2.5,4.459,4.02,0.477
2025-04-22,4.33,2.5,4.4593,4.02,0.477
2025-04-23,4.33,2.25,4.459,4.02,0.477
2025-04-24,4.33,2.25,4.4592,4.02,0.477
2025-04-25,4.33,2.25,4.4591,4.02,0.477
2025-04-26,4.33,2.25,4.4591,4.02,0.477
2025-04-27,4.33,2.25,4.4591,4.02,0.477
2025-04-28,4.33,2.25,4.459,4.02,0.477
2025-04-29,4.33,2.25,4.4592,4.02,0.477
2025-04-30,4.33,2.25,4.4592,4.02,0.477
2025-05-01,4.33,2.25,4.4586,3.78,0.477
2025-05-02,4.33,2.25,4.4594,3.78,0.477
2025-05-03,4.33,2.25,4.4594,3.78,0.477
2025-05-04,4.33,2.25,4.4594,3.78,0.477
2025-05-05,4.33,2.25,4.4594,3.78,0.477
2025-05-06,4.33,2.25,4.459,3.78,0.477
2025-05-07,4.33,2.25,4.4601,3.78,0.477
2025-05-08,4.33,2.25,4.21,3.78,0.477
2025-05-09,4.33,2.25,4.2103,3.78,0.477
2025-05-10,4.33,2.25,4.2103,3.78,0.477
2025-05-11,4.33,2.25,4.2103,3.78,0.477
2025-05-12,4.33,2.25,4.21,3.78,0.477
2025-05-13,4.33,2.25,4.2106,3.78,0.477
2025-05-14,4.33,2.25,4.2108,3.78,0.477
2025-05-15,4.33,2.25,4.2111,3.78,0.477
2025-05-16,4.33,2.25,4.2106,3.78,0.477
2025-05-17,4.33,2.25,4.2106,3.78,0.477
2025-05-18,4.33,2.25,4.2106,3.78,0.477
2025-05-19,4.33,2.25,4.2109,3.78,0.477
2025-05-20,4.33,2.25,4.2108,3.78,0.477
2025-05-21,4.33,2.25,4.2115,3.78,0.477
2025-05-22,4.33,2.25,4.2114,3.78,0.477
2025-05-23,4.33,2.25,4.2108,3.78,0.477
2025-05-24,4.33,2.25,4.2108,3.78,0.477
2025-05-25,4.33,2.25,4.2108,3.78,0.477
2025-05-26,4.33,2.25,4.2108,3.78,0.477
2025-05-27,4.33,2.25,4.2107,3.78,0.477
2025-05-28,4.33,2.25,4.2104,3.78,0.477
2025-05-29,4.33,2.25,4.2107,3.78,0.477
2025-05-30,4.33,2.25,4.2111,3.78,0.477
2025-05-31,4.33,2.25,4.2111,3.78,0.477
2025-06-01,4.33,2.25,4.2111,3.69,0.477
2025-06-02,4.33,2.25,4.2112,3.69,0.477
2025-06-03,4.33,2.25,4.2112,3.69,0.477
2025-06-04,4.33,2.25,4.2111,3.69,0.477
2025-06-05,4.33,2.25,4.2119,3.69,0.477
2025-06-06,4.33,2.25,4.2118,3.69,0.477
2025-06-07,4.33,2.25,4.2118,3.69,0.477
2025-06-08,4.33,2.25,4.2118,3.69,0.477
2025-06-09,4.33,2.25,4.2128,3.69,0.477
2025-06-10,4.33,2.25,4.2126,3.69,0.477
2025-06-11,4.33,2.0,4.2129,3.69,0.477
2025-06-12,4.33,2.0,4.2126,3.69,0.477
2025-06-13,4.33,2.0,4.2127,3.69,0.477
2025-06-14,4.33,2.0,4.2127,3.69,0.477
2025-06-15,4.33,2.0,4.2127,3.69,0.477
2025-06-16,4.33,2.0,4.2148,3.69,0.477
2025-06-17,4.33,2.0,4.216,3.69,0.477
2025-06-18,4.33,2.0,4.2163,3.69,0.477
2025-06-19,4.33,2.0,4.2169,3.69,0.477
2025-06-20,4.33,2.0,4.2164,3.69,0.477
2025-06-21,4.33,2.0,4.2164,3.69,0.477
2025-06-22,4.33,2.0,4.2164,3.69,0.477
2025-06-23,4.33,2.0,4.2166,3.69,0.477
2025-06-24,4.33,2.0,4.217,3.69,0.477
2025-06-25,4.33,2.0,4.2172,3.69,0.477
2025-06-26,4.33,2.0,4.217,3.69,0.477
2025-06-27,4.33,2.0,4.2172,3.69,0.477
2025-06-28,4.33,2.0,4.2172,3.69,0.477
2025-06-29,4.33,2.0,4.2172,3.69,0.477
2025-06-30,4.33,2.0,4.2171,3.69,0.477
2025-07-01,4.33,2.0,4.2176,3.68,0.478
2025-07-02,4.33,2.0,4.2171,3.68,0.478
2025-07-03,4.33,2.0,4.2173,3.68,0.478
2025-07-04,4.33,2.0,4.2173,3.68,0.478
2025-07-05,4.33,2.0,4.2173,3.68,0.478
2025-07-06,4.33,2.0,4.2173,3.68,0.478
2025-07-07,4.33,2.0,4.217,3.68,0.478
2025-07-08,4.33,2.0,4.217,3.68,0.478
2025-07-09,4.33,2.0,4.2169,3.68,0.478
2025-07-10,4.33,2.0,4.2175,3.68,0.478
2025-07-11,4.33,2.0,4.2172,3.68,0.478
2025-07-12,4.33,2.0,4.2172,3.68,0.478
2025-07-13,4.33,2.0,4.2172,3.68,0.478
2025-07-14,4.33,2.0,4.2171,3.68,0.478
2025-07-15,4.33,2.0,4.2172,3.68,0.478
2025-07-16,4.33,2.0,4.217,3.68,0.478
2025-07-17,4.33,2.0,4.2175,3.68,0.478
2025-07-18,4.33,2.0,4.2174,3.68,0.478
2025-07-19,4.33,2.0,4.2174,3.68,0.478
2025-07-20,4.33,2.0,4.2174,3.68,0.478
2025-07-21,4.33,2.0,4.2168,3.68,0.478
2025-07-22,4.33,2.0,4.2172,3.68,0.478
2025-07-23,4.33,2.0,4.2172,3.68,0.478
2025-07-24,4.33,2.0,4.2174,3.68,0.478
2025-07-25,4.33,2.0,4.2174,3.68,0.478
2025-07-26,4.33,2.0,4.2174,3.68,0.478
2025-07-27,4.33,2.0,4.2174,3.68,0.478
2025-07-28,4.33,2.0,4.2171,3.68,0.478
2025-07-29,4.33,2.0,4.2171,3.68,0.478
2025-07-30,4.33,2.0,4.2171,3.68,0.478
2025-07-31,4.33,2.0,4.217,3.68,0.478
2025-08-01,4.33,2.0,4.2176,3.61,0.477
2025-08-02,4.33,2.0,4.2176,3.61,0.477
2025-08-03,4.33,2.0,4.2176,3.61,0.477
2025-08-04,4.33,2.0,4.2169,3.61,0.477
2025-08-05,4.33,2.0,4.2168,3.61,0.477
2025-08-06,4.33,2.0,4.217,3.61,0.477
2025-08-07,4.33,2.0,3.9676,3.61,0.477
2025-08-08,4.33,2.0,3.9672,3.61,0.477
2025-08-09,4.33,2.0,3.9672,3.61,0.477
2025-08-10,4.33,2.0,3.9672,3.61,0.477
2025-08-11,4.33,2.0,3.9669,3.61,0.477
2025-08-12,4.33,2.0,3.967,3.61,0.477
2025-08-13,4.33,2.0,3.9672,3.61,0.477
2025-08-14,4.33,2.0,3.9674,3.61,0.477
2025-08-15,4.33,2.0,3.9671,3.61,0.477
2025-08-16,4.33,2.0,3.9671,3.61,0.477
2025-08-17,4.33,2.0,3.9671,3.61,0.477
2025-08-18,4.33,2.0,3.9669,3.61,0.477
2025-08-19,4.33,2.0,3.9671,3.61,0.477
2025-08-20,4.33,2.0,3.9673,3.61,0.477
2025-08-21,4.33,2.0,3.9675,3.61,0.477
2025-08-22,4.33,2.0,3.9671,3.61,0.477
2025-08-23,4.33,2.0,3.9671,3.61,0.477
2025-08-24,4.33,2.0,3.9671,3.61,0.477
2025-08-25,4.33,2.0,3.9671,3.61,0.477
2025-08-26,4.33,2.0,3.9674,3.61,0.477
2025-08-27,4.33,2.0,3.9675,3.61,0.477
2025-08-28,4.33,2.0,3.9675,3.61,0.477
2025-08-29,4.33,2.0,3.9665,3.61,0.477
2025-08-30,4.33,2.0,3.9665,3.61,0.477
2025-08-31,4.33,2.0,3.9665,3.61,0.477
2025-09-01,4.33,2.0,3.9669,3.58,0.477
2025-09-02,4.33,2.0,3.9669,3.58,0.477
2025-09-03,4.33,2.0,3.967,3.58,0.477
2025-09-04,4.33,2.0,3.9671,3.58,0.477
2025-09-05,4.33,2.0,3.9669,3.58,0.477
2025-09-06,4.33,2.0,3.9669,3.58,0.477
2025-09-07,4.33,2.0,3.9669,3.58,0.477
2025-09-08,4.33,2.0,3.967,3.58,0.477
2025-09-09,4.33,2.0,3.967,3.58,0.477
2025-09-10,4.33,2.0,3.967,3.58,0.477
2025-09-11,4.33,2.0,3.967,3.58,0.477
2025-09-12,4.33,2.0,3.9672,3.58,0.477
2025-09-13,4.33,2.0,3.9672,3.58,0.477
2025-09-14,4.33,2.0,3.9672,3.58,0.477
2025-09-15,4.33,2.0,3.9676,3.58,0.477
2025-09-16,4.33,2.0,3.9673,3.58,0.477
2025-09-17,4.33,2.0,3.9674,3.58,0.477
2025-09-18,4.08,2.0,3.9674,3.58,0.477
2025-09-19,4.08,2.0,3.9673,3.58,0.477
2025-09-20,4.08,2.0,3.9673,3.58,0.477
2025-09-21,4.08,2.0,3.9673,3.58,0.477
2025-09-22,4.09,2.0,3.9671,3.58,0.477
2025-09-23,4.09,2.0,3.9678,3.58,0.477
2025-09-24,4.09,2.0,3.9677,3.58,0.477
2025-09-25,4.09,2.0,3.9675,3.58,0.477
2025-09-26,4.09,2.0,3.9669,3.58,0.477
2025-09-27,4.09,2.0,3.9669,3.58,0.477
2025-09-28,4.09,2.0,3.9669,3.58,0.477
2025-09-29,4.09,2.0,3.9667,3.58,0.477
2025-09-30,4.09,2.0,3.9671,3.58,0.477
2025-10-01,4.09,2.0,3.9674,3.56,0.477
2025-10-02,4.09,2.0,3.9674,3.56,0.477
2025-10-03,4.09,2.0,3.9672,3.56,0.477
2025-10-04,4.09,2.0,3.9672,3.56,0.477
2025-10-05,4.09,2.0,3.9672,3.56,0.477
2025-10-06,4.09,2.0,3.9674,3.56,0.477
2025-10-07,4.09,2.0,3.9676,3.56,0.477
2025-10-08,4.1,2.0,3.9677,3.56,0.477
2025-10-09,4.1,2.0,3.9678,3.56,0.477
2025-10-10,4.1,2.0,3.9678,3.56,0.477
2025-10-11,4.1,2.0,3.9678,3.56,0.477
2025-10-12,4.1,2.0,3.9678,3.56,0.477
2025-10-13,4.1,2.0,3.9672,3.56,0.477
2025-10-14,4.1,2.0,3.9674,3.56,0.477
2025-10-15,4.1,2.0,3.9671,3.56,0.477
2025-10-16,4.11,2.0,3.9676,3.56,0.477
2025-10-17,4.11,2.0,3.9682,3.56,0.477
2025-10-18,4.11,2.0,3.9682,3.56,0.477
2025-10-19,4.11,2.0,3.9682,3.56,0.477
2025-10-20,4.11,2.0,3.9682,3.56,0.477
2025-10-21,4.11,2.0,3.9688,3.56,0.477
2025-10-22,4.11,2.0,3.9687,3.56,0.477
2025-10-23,4.11,2.0,3.9691,3.56,0.477
2025-10-24,4.11,2.0,3.9691,3.56,0.477
2025-10-25,4.11,2.0,3.9691,3.56,0.477
2025-10-26,4.11,2.0,3.9691,3.56,0.477
2025-10-27,4.12,2.0,3.9693,3.56,0.477
2025-10-28,4.12,2.0,3.9694,3.56,0.477
2025-10-29,4.12,2.0,3.9693,3.56,0.477
2025-10-30,3.87,2.0,3.9693,3.56,0.477
2025-10-31,3.86,2.0,3.9689,3.56,0.477
2025-11-01,3.86,2.0,3.9689,3.65,0.478
2025-11-02,3.86,2.0,3.9689,3.65,0.478
2025-11-03,3.87,2.0,3.9694,3.65,0.478
2025-11-04,3.87,2.0,3.9694,3.65,0.478
2025-11-05,3.87,2.0,3.9694,3.65,0.478
2025-11-06,3.87,2.0,3.9693,3.65,0.478
2025-11-07,3.87,2.0,3.9697,3.65,0.478
2025-11-08,3.87,2.0,3.9697,3.65,0.478
2025-11-09,3.87,2.0,3.9697,3.65,0.478
2025-11-10,3.87,2.0,3.9694,3.65,0.478
2025-11-11,3.87,2.0,3.9694,3.65,0.478
2025-11-12,3.87,2.0,3.9692,3.65,0.478
2025-11-13,3.88,2.0,3.9698,3.65,0.478
2025-11-14,3.88,2.0,3.9694,3.65,0.478
2025-11-15,3.88,2.0,3.9694,3.65,0.478
2025-11-16,3.88,2.0,3.9694,3.65,0.478
2025-11-17,3.88,2.0,3.9692,3.65,0.478
2025-11-18,3.88,2.0,3.9694,3.65,0.478
2025-11-19,3.88,2.0,3.9693,3.65,0.478
2025-11-20,3.88,2.0,3.969,3.65,0.478
2025-11-21,3.88,2.0,3.969,3.65,0.478
2025-11-22,3.88,2.0,3.969,3.65,0.478
2025-11-23,3.88,2.0,3.969,3.65,0.478
2025-11-24,3.88,2.0,3.9688,3.65,0.478
2025-11-25,3.88,2.0,3.9688,3.65,0.478
2025-11-26,3.88,2.0,3.969,3.65,0.478
2025-11-27,3.88,2.0,3.9688,3.65,0.478
2025-11-28,3.89,2.0,3.9693,3.65,0.478
2025-11-29,3.89,2.0,3.9693,3.65,0.478
2025-11-30,3.89,2.0,3.9693,3.65,0.478
2025-12-01,3.89,2.0,3.9702,3.71,0.557
2025-12-02,3.89,2.0,3.9713,3.71,0.557
2025-12-03,3.89,2.0,3.9716,3.71,0.557
2025-12-04,3.89,2.0,3.9732,3.71,0.557
2025-12-05,3.89,2.0,3.9741,3.71,0.557
2025-12-06,3.89,2.0,3.9741,3.71,0.557
2025-12-07,3.89,2.0,3.9741,3.71,0.557
2025-12-08,3.89,2.0,3.974,3.71,0.557
2025-12-09,3.89,2.0,3.9749,3.71,0.557
2025-12-10,3.89,2.0,3.9743,3.71,0.557
2025-12-11,3.64,2.0,3.975,3.71,0.557
2025-12-12,3.64,2.0,3.9743,3.71,0.557
2025-12-13,3.64,2.0,3.9743,3.71,0.557
2025-12-14,3.64,2.0,3.9743,3.71,0.557
2025-12-15,3.64,2.0,3.9746,3.71,0.557
2025-12-16,3.64,2.0,3.9748,3.71,0.557
2025-12-17,3.64,2.0,3.9749,3.71,0.557
2025-12-18,3.64,2.0,3.7264,3.71,0.557
2025-12-19,3.64,2.0,3.7236,3.71,0.557
2025-12-20,3.64,2.0,3.7236,3.71,0.557
2025-12-21,3.64,2.0,3.7236,3.71,0.557
2025-12-22,3.64,2.0,3.7231,3.71,0.557
2025-12-23,3.64,2.0,3.7248,3.71,0.557
2025-12-24,3.64,2.0,3.725,3.71,0.557
2025-12-25,3.64,2.0,3.725,3.71,0.557
2025-12-26,3.64,2.0,3.725,3.71,0.557
2025-12-27,3.64,2.0,3.725,3.71,0.557
2025-12-28,3.64,2.0,3.725,3.71,0.557
2025-12-29,3.64,2.0,3.7251,3.71,0.557
2025-12-30,3.64,2.0,3.7254,3.71,0.557
2025-12-31,3.64,2.0,3.7257,3.71,0.557
2026-01-01,3.64,2.0,3.7257,3.77,0.728
2026-01-02,3.64,2.0,3.7263,3.77,0.728
2026-01-03,3.64,2.0,3.7263,3.77,0.728
2026-01-04,3.64,2.0,3.7263,3.77,0.728
2026-01-05,3.64,2.0,3.7251,3.77,0.728
2026-01-06,3.64,2.0,3.7245,3.77,0.728
2026-01-07,3.64,2.0,3.7248,3.77,0.728
2026-01-08,3.64,2.0,3.7249,3.77,0.728
2026-01-09,3.64,2.0,3.7246,3.77,0.728
2026-01-10,3.64,2.0,3.7246,3.77,0.728
2026-01-11,3.64,2.0,3.7246,3.77,0.728
2026-01-12,3.64,2.0,3.7246,3.77,0.728
2026-01-13,3.64,2.0,3.725,3.77,0.728
2026-01-14,3.64,2.0,3.7248,3.77,0.728
2026-01-15,3.64,2.0,3.7239,3.77,0.728
2026-01-16,3.64,2.0,3.7243,3.77,0.728
2026-01-17,3.64,2.0,3.7243,3.77,0.728
2026-01-18,3.64,2.0,3.7243,3.77,0.728
2026-01-19,3.64,2.0,3.7244,3.77,0.728
2026-01-20,3.64,2.0,3.7241,3.77,0.728
2026-01-21,3.64,2.0,3.7246,3.77,0.728
2026-01-22,3.64,2.0,3.726,3.77,0.728
2026-01-23,3.64,2.0,3.7265,3.77,0.728
2026-01-24,3.64,2.0,3.7265,3.77,0.728
2026-01-25,3.64,2.0,3.7265,3.77,0.728
2026-01-26,3.64,2.0,3.7259,3.77,0.728
2026-01-27,3.64,2.0,3.7256,3.77,0.728
2026-01-28,3.64,2.0,3.7248,3.77,0.728
2026-01-29,3.64,2.0,3.7247,3.77,0.728
2026-01-30,3.64,2.0,3.7254,3.77,0.728
2026-01-31,3.64,2.0,3.7254,3.77,0.728
2026-02-01,3.64,2.0,3.7254,3.96,0.728
2026-02-02,3.64,2.0,3.726,3.96,0.728
2026-02-03,3.64,2.0,3.726,3.96,0.728
2026-02-04,3.64,2.0,3.7265,3.96,0.728
2026-02-05,3.64,2.0,3.7278,3.96,0.728
2026-02-06,3.64,2.0,3.7279,3.96,0.728
2026-02-07,3.64,2.0,3.7279,3.96,0.728
2026-02-08,3.64,2.0,3.7279,3.96,0.728
2026-02-09,3.64,2.0,3.7271,3.96,0.728
2026-02-10,3.64,2.0,3.727,3.96,0.728
2026-02-11,3.64,2.0,3.7274,3.96,0.728
2026-02-12,3.64,2.0,3.7272,3.96,0.728
2026-02-13,3.64,2.0,3.7267,3.96,0.728
2026-02-14,3.64,2.0,3.7267,3.96,0.728
2026-02-15,3.64,2.0,3.7267,3.96,0.728
2026-02-16,3.64,2.0,3.7276,3.96,0.728
2026-02-17,3.64,2.0,3.7276,3.96,0.728
2026-02-18,3.64,2.0,3.7277,3.96,0.728
2026-02-19,3.64,2.0,3.7276,3.96,0.728
2026-02-20,3.64,2.0,3.7282,3.96,0.728
2026-02-21,3.64,2.0,3.7282,3.96,0.728
2026-02-22,3.64,2.0,3.7282,3.96,0.728
2026-02-23,3.64,2.0,3.728,3.96,0.728
2026-02-24,3.64,2.0,3.7278,3.96,0.728
2026-02-25,3.64,2.0,3.7276,3.96,0.728
2026-02-26,3.64,2.0,3.7286,3.96,0.728
2026-02-27,3.64,2.0,3.7267,3.96,0.728
2026-02-28,3.64,2.0,3.7267,3.96,0.728
2026-03-01,3.64,2.0,3.7267,4.19,0.728
2026-03-02,3.64,2.0,3.7271,4.19,0.728
2026-03-03,3.64,2.0,3.7286,4.19,0.728
2026-03-04,3.64,2.0,3.7301,4.19,0.728
2026-03-05,3.64,2.0,3.7303,4.19,0.728
2026-03-06,3.64,2.0,3.7302,4.19,0.728
2026-03-07,3.64,2.0,3.7302,4.19,0.728
2026-03-08,3.64,2.0,3.7302,4.19,0.728
2026-03-09,3.64,2.0,3.7296,4.19,0.728
2026-03-10,3.64,2.0,3.7294,4.19,0.728
2026-03-11,3.64,2.0,3.7295,4.19,0.728
2026-03-12,3.64,2.0,3.7293,4.19,0.728
2026-03-13,3.64,2.0,3.7295,4.19,0.728
2026-03-14,3.64,2.0,3.7295,4.19,0.728
2026-03-15,3.64,2.0,3.7295,4.19,0.728
2026-03-16,3.64,2.0,3.7289,4.19,0.728
2026-03-17,3.64,2.0,3.729,4.19,0.728
2026-03-18,3.64,2.0,3.7296,4.19,0.728
2026-03-19,3.64,2.0,3.7294,4.19,0.728
2026-03-20,3.64,2.0,3.7281,4.19,0.728
2026-03-21,3.64,2.0,3.7281,4.19,0.728
2026-03-22,3.64,2.0,3.7281,4.19,0.728
2026-03-23,3.64,2.0,3.7274,4.19,0.728
2026-03-24,3.64,2.0,3.7274,4.19,0.728
2026-03-25,3.64,2.0,3.7278,4.19,0.728
2026-03-26,3.64,2.0,3.7282,4.19,0.728
2026-03-27,3.64,2.0,3.7284,4.19,0.728
2026-03-28,3.64,2.0,3.7284,4.19,0.728
2026-03-29,3.64,2.0,3.7284,4.19,0.728
2026-03-30,3.64,2.0,3.7281,4.19,0.728
2026-03-31,3.64,2.0,3.7296,4.19,0.728
2026-04-01,3.64,2.0,3.7297,4.34,0.727
2026-04-02,3.64,2.0,3.73,4.34,0.727
2026-04-03,3.64,2.0,3.73,4.34,0.727
2026-04-04,3.64,2.0,3.73,4.34,0.727
2026-04-05,3.64,2.0,3.73,4.34,0.727
2026-04-06,3.64,2.0,3.73,4.34,0.727
2026-04-07,3.64,2.0,3.7294,4.34,0.727
2026-04-08,3.64,2.0,3.7287,4.34,0.727
2026-04-09,3.64,2.0,3.7294,4.34,0.727
2026-04-10,3.64,2.0,3.7295,4.34,0.727
2026-04-11,3.64,2.0,3.7295,4.34,0.727
2026-04-12,3.64,2.0,3.7295,4.34,0.727
2026-04-13,3.64,2.0,3.729,4.34,0.727
2026-04-14,3.64,2.0,3.7293,4.34,0.727
2026-04-15,3.64,2.0,3.7301,4.34,0.727
2026-04-16,3.64,2.0,3.7301,4.34,0.727
2026-04-17,3.64,2.0,3.73,4.34,0.727
2026-04-18,3.64,2.0,3.73,4.34,0.727
2026-04-19,3.64,2.0,3.73,4.34,0.727
2026-04-20,3.64,2.0,3.7304,4.34,0.727
2026-04-21,3.64,2.0,3.7307,4.34,0.727
2026-04-22,3.64,2.0,3.7304,4.34,0.727
2026-04-23,3.64,2.0,3.7311,4.34,0.727
2026-04-24,3.64,2.0,3.7305,4.34,0.727
2026-04-25,3.64,2.0,3.7305,4.34,0.727
2026-04-26,3.64,2.0,3.7305,4.34,0.727
2026-04-27,3.64,2.0,3.7307,4.34,0.727
2026-04-28,3.64,2.0,3.7306,4.34,0.727
2026-04-29,3.64,2.0,3.7298,4.34,0.727
2026-04-30,3.64,2.0,3.7299,4.34,0.727
2026-05-01,3.64,2.0,3.7295,4.43,0.727
2026-05-02,3.64,2.0,3.7295,4.43,0.727
2026-05-03,3.64,2.0,3.7295,4.43,0.727
2026-05-04,3.64,2.0,3.7295,4.43,0.727
2026-05-05,3.64,2.0,3.7291,4.43,0.727
2026-05-06,3.64,2.0,3.7292,4.43,0.727
2026-05-07,3.63,2.0,3.7299,4.43,0.727
2026-05-08,3.63,2.0,3.7294,4.43,0.727
2026-05-09,3.63,2.0,3.7294,4.43,0.727
2026-05-10,3.63,2.0,3.7294,4.43,0.727
2026-05-11,3.63,2.0,3.729,4.43,0.727
2026-05-12,3.63,2.0,3.7292,4.43,0.727
2026-05-13,3.63,2.0,3.729,4.43,0.727
2026-05-14,3.63,2.0,3.73,4.43,0.727
2026-05-15,3.63,2.0,3.7299,4.43,0.727
2026-05-16,3.63,2.0,3.7299,4.43,0.727
2026-05-17,3.63,2.0,3.7299,4.43,0.727
2026-05-18,3.63,2.0,3.7297,4.43,0.727
2026-05-19,3.62,2.0,3.7302,4.43,0.727
2026-05-20,3.62,2.0,3.7301,4.43,0.727
2026-05-21,3.62,2.0,3.7309,4.43,0.727
2026-05-22,3.62,2.0,3.7301,4.43,0.727
2026-05-23,3.62,2.0,3.7301,4.43,0.727
2026-05-24,3.62,2.0,3.7301,4.43,0.727
2026-05-25,3.62,2.0,3.7301,4.43,0.727
2026-05-26,3.62,2.0,3.729,4.43,0.727
2026-05-27,3.62,2.0,3.729,4.43,0.727
2026-05-28,3.62,2.0,3.7295,4.43,0.727
2026-05-29,3.62,2.0,3.7302,4.43,0.727
2026-05-30,3.62,2.0,3.7302,4.43,0.727
2026-05-31,3.62,2.0,3.7302,4.43,0.727
2026-06-01,3.62,2.0,3.7291,4.46,0.841
2026-06-02,3.62,2.0,3.7308,4.46,0.841
2026-06-03,3.62,2.0,3.7306,4.46,0.841
2026-06-04,3.62,2.0,3.7308,4.46,0.841
2026-06-05,3.62,2.0,3.7312,4.46,0.841
2026-06-06,3.62,2.0,3.7312,4.46,0.841
2026-06-07,3.62,2.0,3.7312,4.46,0.841
2026-06-08,3.62,2.0,3.73,4.46,0.841
2026-06-09,3.62,2.0,3.7271,4.46,0.841
2026-06-10,3.62,2.0,3.7296,4.46,0.841
2026-06-11,3.62,2.0,3.7305,4.46,0.841
2026-06-12,3.62,2.0,3.7301,4.46,0.841
2026-06-13,3.62,2.0,3.7301,4.46,0.841
2026-06-14,3.62,2.0,3.7301,4.46,0.841
2026-06-15,3.63,2.0,3.7296,4.46,0.841
2026-06-16,3.63,2.0,3.7304,4.46,0.841
2026-06-17,3.63,2.25,3.7303,4.46,0.841
2026-06-18,3.63,2.25,3.73,4.46,0.841
2026-06-19,3.63,2.25,3.7294,4.46,0.841
2026-06-20,3.63,2.25,3.7294,4.46,0.841
2026-06-21,3.63,2.25,3.7294,4.46,0.841
2026-06-22,3.63,2.25,3.7292,4.46,0.841
2026-06-23,3.63,2.25,3.7295,4.46,0.841
2026-06-24,3.63,2.25,3.729,4.46,0.841
2026-06-25,3.63,2.25,3.7287,4.46,0.841
2026-06-26,3.63,2.25,3.729,4.46,0.841
2026-06-27,3.63,2.25,3.729,4.46,0.841
2026-06-28,3.63,2.25,3.729,4.46,0.841
2026-06-29,3.63,2.25,3.7292,4.46,0.841
2026-06-30,3.63,2.25,3.7318,4.46,0.841
2026-07-01,3.63,2.25,3.7309,4.46,0.841
2026-07-02,3.63,2.25,3.7305,4.46,0.841
2026-07-03,3.63,2.25,3.7302,4.46,0.841
2026-07-04,3.63,2.25,3.7302,4.46,0.841
2026-07-05,3.63,2.25,3.7302,4.46,0.841
2026-07-06,3.63,2.25,3.7297,4.46,0.841
2026-07-07,3.63,2.25,3.7297,4.46,0.841
2026-07-08,3.62,2.25,3.7303,4.46,0.841
2026-07-09,3.62,2.25,3.7311,4.46,0.841
2026-07-10,3.62,2.25,3.731,4.46,0.841
2026-07-11,3.62,2.25,3.731,4.46,0.841
2026-07-12,3.62,2.25,3.731,4.46,0.841
2026-07-13,3.62,2.25,3.7308,4.46,0.841
2026-07-14,3.63,2.25,3.7311,4.46,0.841
2026-07-15,3.63,2.25,3.7308,4.46,0.841
2026-07-16,3.63,2.25,3.7308,4.46,0.841
2026-07-17,3.63,2.25,3.7307,4.46,0.841
2026-07-18,3.63,2.25,3.7307,4.46,0.841
2026-07-19,3.63,2.25,3.7307,4.46,0.841
2026-07-20,3.63,2.25,3.7307,4.46,0.841
2026-07-21,3.63,2.25,3.7302,4.46,0.841
2026-07-22,3.63,2.25,3.7303,4.46,0.841
2026-07-23,3.63,2.25,3.7303,4.46,0.841
2026-07-24,3.63,2.25,3.7303,4.46,0.841
