{
  "verdict": "NOT_CLEARED",
  "W_star": {
    "T10": 0.6269,
    "T20": 0.7975
  },
  "empirical_max_adverse": {
    "T10": 0.4769,
    "T20": 0.4036
  },
  "n_stopped": {
    "T10": 161,
    "T20": 128
  },
  "structural_bounds": {
    "T10": 0.5015,
    "T20": 0.638
  },
  "tier_mix_holdout": {
    "T10": 345,
    "T20": 194
  },
  "yield_holdout_calendar": 0.000166,
  "yield_mining_calendar_disclosure": 0.000204,
  "floor": 0.0005,
  "sens_borrow300": 0.000174,
  "sens_budget_0082": 0.000181,
  "sealed_baseline_at_060": 0.00023,
  "events": {
    "mining": 631,
    "holdout": 539
  }
}