Date,Close,High,Low,Open,Volume
2015-01-01,186.42999267578125,186.42999267578125,186.42999267578125,186.42999267578125,0
2015-01-02,186.76499938964844,187.2949981689453,184.82200622558594,186.74000549316406,0
2015-01-05,184.0780029296875,184.3769989013672,181.72900390625,184.0800018310547,0
2015-01-06,182.2050018310547,182.33099365234375,180.10000610351562,182.16099548339844,0
2015-01-07,179.625,180.58900451660156,179.60000610351562,179.61599731445312,0
2015-01-08,180.16299438476562,180.91000366210938,179.97999572753906,180.20199584960938,0
2015-01-09,180.67999267578125,180.86500549316406,179.9149932861328,180.66200256347656,0
2015-01-12,179.54299926757812,180.52099609375,179.0399932861328,179.57200622558594,0
2015-01-13,179.47000122070312,180.07400512695312,178.4669952392578,179.42999267578125,0
2015-01-14,178.6840057373047,178.8560028076172,176.90499877929688,178.6300048828125,0
2015-01-15,178.8000030517578,179.55099487304688,177.09500122070312,178.8800048828125,0
2015-01-16,176.25999450683594,178.031005859375,175.89199829101562,176.25599670410156,0
2015-01-19,177.97999572753906,178.33599853515625,177.00999450683594,177.9499969482422,0
2015-01-20,177.58200073242188,180.25999450683594,177.6060028076172,177.63999938964844,0
2015-01-21,179.69400024414062,179.7899932861328,177.07000732421875,179.65499877929688,0
2015-01-22,178.47000122070312,179.2239990234375,177.4600067138672,178.4530029296875,0
2015-01-23,178.21299743652344,178.14999389648438,176.20799255371094,178.14999389648438,0
2015-01-26,175.94000244140625,178.25999450683594,175.9759979248047,175.9759979248047,0
2015-01-27,178.78599548339844,179.00999450683594,177.85899353027344,178.75,0
2015-01-28,178.8300018310547,179.343994140625,178.5919952392578,178.92100524902344,0
2015-01-29,178.05999755859375,178.89700317382812,177.91400146484375,178.0500030517578,0
2015-01-30,178.2830047607422,178.3249969482422,176.1699981689453,178.2949981689453,0
2015-02-02,176.7779998779297,177.7010040283203,176.25599670410156,176.7100067138672,0
2015-02-03,176.6750030517578,177.7689971923828,175.49000549316406,176.67999267578125,0
2015-02-04,178.12899780273438,179.2689971923828,177.74000549316406,178.19000244140625,0
2015-02-05,177.97999572753906,179.8000030517578,177.72900390625,178.02000427246094,0
2015-02-06,180.08799743652344,181.71499633789062,179.57000732421875,180.0540008544922,0
2015-02-09,181.24000549316406,181.5850067138672,180.15499877929688,181.21800231933594,0
2015-02-10,180.41000366210938,182.1269989013672,180.24000549316406,180.44000244140625,0
2015-02-11,182.13499450683594,183.8040008544922,181.9949951171875,182.11500549316406,0
2015-02-12,183.13600158691406,184.1479949951172,181.28599548339844,183.16000366210938,0
2015-02-13,183.01600646972656,183.32000732421875,182.53799438476562,182.9199981689453,0
2015-02-16,182.67300415039062,183.16700744628906,182.00999450683594,182.66700744628906,0
2015-02-17,181.88999938964844,183.05999755859375,181.5800018310547,181.96499633789062,0
2015-02-18,183.0,184.18099975585938,182.60400390625,182.96499633789062,0
2015-02-19,183.1699981689453,183.99200439453125,183.052001953125,183.2169952392578,0
2015-02-20,183.47500610351562,183.63999938964844,181.64999389648438,183.4949951171875,0
2015-02-23,183.22000122070312,183.697998046875,182.60299682617188,183.21400451660156,0
2015-02-24,183.6999969482422,184.67599487304688,183.6219940185547,183.71099853515625,0
2015-02-25,183.72999572753906,184.5260009765625,183.50999450683594,183.63999938964844,0
2015-02-26,184.50100708007812,185.01800537109375,183.57400512695312,184.49000549316406,0
2015-02-27,184.0260009765625,184.74899291992188,183.55999755859375,184.03799438476562,0
2015-03-02,184.59300231933594,184.88999938964844,184.13999938964844,184.64500427246094,0
2015-03-03,184.61900329589844,184.58999633789062,183.70700073242188,184.58999633789062,0
2015-03-04,183.8179931640625,183.96499633789062,182.66799926757812,183.781005859375,0
2015-03-05,182.61000061035156,183.61900329589844,182.38999938964844,182.58299255371094,0
2015-03-06,183.03500366210938,183.1060028076172,182.02999877929688,183.0399932861328,0
2015-03-09,181.79200744628906,183.01300048828125,181.63600158691406,181.71600341796875,0
2015-03-10,183.3719940185547,183.86000061035156,182.44000244140625,183.4340057373047,0
2015-03-11,182.47999572753906,183.1199951171875,181.3000030517578,182.5,0
2015-03-12,181.33900451660156,181.7429962158203,180.59800720214844,181.36500549316406,0
2015-03-13,180.6300048828125,180.74000549316406,178.5,180.63499450683594,0
2015-03-16,179.01800537109375,179.59800720214844,178.88999938964844,179.0,0
2015-03-17,179.91600036621094,180.09500122070312,178.5679931640625,179.92799377441406,0
2015-03-18,178.9340057373047,179.1540069580078,177.156005859375,178.90199279785156,0
2015-03-19,179.59100341796875,179.88299560546875,178.0,179.57400512695312,0
2015-03-20,178.22500610351562,179.78799438476562,177.93699645996094,178.19000244140625,0
2015-03-23,179.32899475097656,179.3249969482422,178.13999938964844,179.26199340820312,0
2015-03-24,179.031005859375,179.19400024414062,177.74200439453125,179.03799438476562,0
2015-03-25,177.697998046875,178.35400390625,177.64999389648438,177.65199279785156,0
2015-03-26,177.79400634765625,177.83999633789062,176.46800231933594,177.81100463867188,0
2015-03-27,177.02999877929688,177.8800048828125,176.70199584960938,177.04100036621094,0
2015-03-30,177.48199462890625,177.9290008544922,176.6790008544922,177.44000244140625,0
2015-03-31,177.6999969482422,178.30799865722656,177.1009979248047,177.6820068359375,0
2015-04-01,177.9720001220703,178.3730010986328,176.77999877929688,177.8699951171875,0
2015-04-02,177.38699340820312,177.72900390625,176.7530059814453,177.3350067138672,0
2015-04-03,177.5,177.69700622558594,177.09800720214844,177.48300170898438,0
2015-04-06,177.3800048828125,178.27200317382812,177.2449951171875,177.36300659179688,0
2015-04-07,177.88499450683594,179.1580047607422,177.80499267578125,177.88900756835938,0
2015-04-08,178.28700256347656,179.26300048828125,177.63400268554688,178.2729949951172,0
2015-04-09,178.63999938964844,179.072998046875,177.23699951171875,178.6199951171875,0
2015-04-10,177.3699951171875,177.5,175.68499755859375,177.39999389648438,0
2015-04-13,175.97000122070312,176.51400756835938,175.3800048828125,175.9219970703125,0
2015-04-14,176.09500122070312,176.56300354003906,174.8679962158203,176.09100341796875,0
2015-04-15,176.44700622558594,176.64300537109375,175.6750030517578,176.46499633789062,0
2015-04-16,176.66400146484375,177.9199981689453,176.59300231933594,176.61700439453125,0
2015-04-17,177.65199279785156,178.71099853515625,177.43499755859375,177.67999267578125,0
2015-04-20,177.7969970703125,178.1790008544922,177.1959991455078,177.7779998779297,0
2015-04-21,177.69500732421875,178.68699645996094,177.48899841308594,177.74600219726562,0
2015-04-22,178.61900329589844,180.33799743652344,178.46800231933594,178.61599731445312,0
2015-04-23,180.35000610351562,180.4149932861328,179.3459930419922,180.33999633789062,0
2015-04-24,179.92999267578125,180.97999572753906,179.65699768066406,179.9340057373047,0
2015-04-27,180.43499755859375,181.4969940185547,180.30999755859375,180.4499969482422,0
2015-04-28,181.33999633789062,182.19500732421875,180.69500732421875,181.31900024414062,0
2015-04-29,182.1999969482422,184.0279998779297,182.09800720214844,182.19200134277344,0
2015-04-30,183.52000427246094,184.1179962158203,182.60499572753906,183.50599670410156,0
2015-05-01,183.406005859375,184.42599487304688,181.83099365234375,183.41000366210938,0
2015-05-04,181.93099975585938,182.11099243164062,181.4669952392578,181.9929962158203,0
2015-05-05,181.61099243164062,182.68899536132812,181.4499969482422,181.61000061035156,0
2015-05-06,181.91700744628906,182.4969940185547,181.45899963378906,181.89999389648438,0
2015-05-07,181.94000244140625,182.3560028076172,180.9739990234375,181.9550018310547,0
2015-05-08,184.3419952392578,186.02499389648438,184.14999389648438,184.31500244140625,0
2015-05-11,184.875,187.1959991455078,184.60699462890625,184.95899963378906,0
2015-05-12,187.1009979248047,188.32000732421875,186.7239990234375,187.12600708007812,0
2015-05-13,187.75799560546875,188.4980010986328,187.03799438476562,187.75999450683594,0
2015-05-14,187.53700256347656,188.51300048828125,187.3730010986328,187.56700134277344,0
2015-05-15,187.97000122070312,188.5989990234375,187.9499969482422,188.00100708007812,0
2015-05-18,187.84300231933594,188.25999450683594,187.33299255371094,187.8300018310547,0
2015-05-19,187.781005859375,187.9499969482422,185.96200561523438,187.82000732421875,0
2015-05-20,187.17999267578125,188.58200073242188,187.13900756835938,187.17300415039062,0
2015-05-21,188.3699951171875,189.968994140625,187.94700622558594,188.33299255371094,0
2015-05-22,189.54800415039062,189.6320037841797,188.00599670410156,189.54100036621094,0
2015-05-25,188.08999633789062,188.57200622558594,187.7899932861328,188.07000732421875,0
2015-05-26,188.0800018310547,189.6199951171875,187.8699951171875,188.18600463867188,0
2015-05-27,189.3300018310547,190.3070068359375,189.25,189.3000030517578,0
2015-05-28,189.91000366210938,190.6699981689453,189.5800018310547,189.8719940185547,0
2015-05-29,189.69200134277344,189.98800659179688,188.7030029296875,189.66000366210938,0
2015-06-01,189.84800720214844,189.9600067138672,188.52000427246094,189.91600036621094,0
2015-06-02,189.7100067138672,190.45899963378906,189.1300048828125,189.75399780273438,0
2015-06-03,190.24899291992188,190.78399658203125,189.68800354003906,190.2480010986328,0
2015-06-04,190.51300048828125,191.53399658203125,189.83700561523438,190.51800537109375,0
2015-06-05,191.07000732421875,191.6719970703125,190.78799438476562,191.0489959716797,0
2015-06-08,191.74000549316406,191.75,190.66000366210938,191.69000244140625,0
2015-06-09,191.11599731445312,191.2550048828125,189.52999877929688,191.1300048828125,0
2015-06-10,191.3509979248047,191.58999633789062,189.0050048828125,191.3699951171875,0
2015-06-11,190.41299438476562,191.86000061035156,190.3800048828125,190.50599670410156,0
2015-06-12,191.6699981689453,192.17799377441406,191.2790069580078,191.75599670410156,0
2015-06-15,191.84300231933594,192.10899353027344,191.39999389648438,191.91000366210938,0
2015-06-16,192.4499969482422,193.1300048828125,192.07899475097656,192.47999572753906,0
2015-06-17,192.9969940185547,195.27000427246094,192.94000244140625,193.04800415039062,0
2015-06-18,195.74200439453125,195.7949981689453,194.33999633789062,195.7949981689453,0
2015-06-19,195.27000427246094,195.4530029296875,194.74000549316406,195.3300018310547,0
2015-06-22,194.85000610351562,195.5489959716797,194.64100646972656,194.8699951171875,0
2015-06-23,195.27499389648438,195.4770050048828,194.77999877929688,195.31300354003906,0
2015-06-24,194.89999389648438,195.83999633789062,194.7899932861328,194.92999267578125,0
2015-06-25,194.50999450683594,194.74099731445312,193.47000122070312,194.50999450683594,0
2015-06-26,194.58999633789062,195.2100067138672,193.9600067138672,194.5800018310547,0
2015-06-29,192.38999938964844,193.50100708007812,192.1790008544922,192.1790008544922,0
2015-06-30,192.89999389648438,192.97999572753906,191.82000732421875,192.97999572753906,0
2015-07-01,191.95599365234375,192.78500366210938,191.91700744628906,191.99099731445312,0
2015-07-02,192.4199981689453,192.91000366210938,192.01600646972656,192.4149932861328,0
2015-07-03,192.07000732421875,192.38299560546875,190.89999389648438,192.0500030517578,0
2015-07-06,190.36399841308594,191.55799865722656,190.08999633789062,190.3560028076172,0
2015-07-07,191.2449951171875,191.47000122070312,188.24000549316406,191.30999755859375,0
2015-07-08,189.3800048828125,189.43600463867188,185.00999450683594,189.43600463867188,0
2015-07-09,185.72000122070312,187.3280029296875,185.24000549316406,185.75999450683594,0
2015-07-10,187.02999877929688,190.3560028076172,186.7949981689453,187.05099487304688,0
2015-07-13,190.02699279785156,192.31300354003906,189.78199768066406,190.03399658203125,0
2015-07-14,191.3000030517578,192.4720001220703,190.58999633789062,191.31399536132812,0
2015-07-15,192.7949981689453,193.62899780273438,192.66000366210938,192.80999755859375,0
2015-07-16,193.58999633789062,193.8350067138672,193.02999877929688,193.58999633789062,0
2015-07-17,193.7899932861328,194.343994140625,192.9409942626953,193.80999755859375,0
2015-07-20,193.64100646972656,193.9250030517578,193.0500030517578,193.67999267578125,0
2015-07-21,193.51699829101562,193.86199951171875,192.5399932861328,193.51499938964844,0
2015-07-22,192.6300048828125,193.96400451660156,192.2899932861328,192.6699981689453,0
2015-07-23,193.70899963378906,193.88699340820312,192.33999633789062,193.69700622558594,0
2015-07-24,192.2100067138672,192.43099975585938,191.6909942626953,192.22999572753906,0
2015-07-27,192.07000732421875,192.1699981689453,191.03399658203125,192.0800018310547,0
2015-07-28,191.80799865722656,193.18699645996094,191.44000244140625,191.83399963378906,0
2015-07-29,192.85000610351562,194.14500427246094,192.55999755859375,192.9199981689453,0
2015-07-30,193.33399963378906,194.58099365234375,193.3000030517578,193.343994140625,0
2015-07-31,193.55999755859375,193.9499969482422,193.16000366210938,193.59100341796875,0
2015-08-03,193.8000030517578,194.1999969482422,193.33999633789062,193.77999877929688,0
2015-08-04,193.2239990234375,193.67300415039062,193.0399932861328,193.21600341796875,0
2015-08-05,193.42999267578125,195.20599365234375,193.19000244140625,193.4929962158203,0
2015-08-06,194.6300048828125,195.2100067138672,193.11000061035156,194.6999969482422,0
2015-08-07,193.5,193.69700622558594,191.98599243164062,193.49600219726562,0
2015-08-10,192.52000427246094,193.6199951171875,192.47999572753906,192.55499267578125,0
2015-08-11,194.19400024414062,194.90699768066406,193.9600067138672,194.19000244140625,0
2015-08-12,194.86000061035156,195.02099609375,193.49000549316406,194.89999389648438,0
2015-08-13,193.97000122070312,194.71400451660156,193.72000122070312,194.03199768066406,0
2015-08-14,194.1699981689453,194.5050048828125,193.83999633789062,194.1959991455078,0
2015-08-17,194.60499572753906,195.1300048828125,193.843994140625,194.63299560546875,0
2015-08-18,193.9080047607422,195.24400329589844,193.52000427246094,193.8699951171875,0
2015-08-19,194.81199645996094,195.02099609375,194.05999755859375,194.8419952392578,0
2015-08-20,194.27999877929688,194.53500366210938,193.25999450683594,194.30999755859375,0
2015-08-21,193.64999389648438,193.69200134277344,191.32000732421875,193.64999389648438,0
2015-08-24,190.81900024414062,191.0399932861328,183.8470001220703,190.81399536132812,0
2015-08-25,187.33999633789062,189.95599365234375,187.11000061035156,187.3000030517578,0
2015-08-26,186.031005859375,188.07000732421875,184.2030029296875,186.2779998779297,0
2015-08-27,185.82000732421875,186.63400268554688,185.4600067138672,185.72799682617188,0
2015-08-28,186.4669952392578,186.97000122070312,185.3780059814453,186.4340057373047,0
2015-08-31,186.96400451660156,187.11000061035156,186.1909942626953,186.9499969482422,0
2015-09-01,186.05599975585938,186.16200256347656,183.2550048828125,186.02999877929688,0
2015-09-02,183.1699981689453,184.2449951171875,182.82000732421875,183.20199584960938,0
2015-09-03,184.5399932861328,184.69700622558594,182.76600646972656,184.60899353027344,0
2015-09-04,183.1999969482422,183.2469940185547,180.5760040283203,183.22999572753906,0
2015-09-07,181.08999633789062,182.51699829101562,180.42100524902344,181.02999877929688,0
2015-09-08,182.4010009765625,184.8990020751953,181.84100341796875,182.41600036621094,0
2015-09-09,184.88999938964844,186.406005859375,184.8000030517578,184.875,0
2015-09-10,184.69000244140625,187.27000427246094,184.22000122070312,184.625,0
2015-09-11,186.2310028076172,186.83200073242188,185.71499633789062,186.27999877929688,0
2015-09-14,186.56700134277344,186.5959930419922,184.6020050048828,186.5399932861328,0
2015-09-15,185.64199829101562,186.08200073242188,184.2100067138672,185.58999633789062,0
2015-09-16,184.78599548339844,187.16000366210938,184.22999572753906,184.7310028076172,0
2015-09-17,187.04400634765625,187.93699645996094,186.72000122070312,187.00999450683594,0
2015-09-18,186.85000610351562,187.1300048828125,185.92999267578125,186.93299865722656,0
2015-09-21,186.3249969482422,187.32000732421875,186.00999450683594,186.24000549316406,0
2015-09-22,186.83999633789062,186.9340057373047,184.11000061035156,186.84100341796875,0
2015-09-23,184.34500122070312,184.64300537109375,182.94000244140625,184.36300659179688,0
2015-09-24,183.28500366210938,183.52499389648438,181.6230010986328,183.2899932861328,0
2015-09-25,183.09800720214844,184.38699340820312,182.63999938964844,183.16700744628906,0
2015-09-28,182.97000122070312,183.25900268554688,181.85000610351562,182.94000244140625,0
2015-09-29,181.69000244140625,182.44000244140625,180.97999572753906,181.66600036621094,0
2015-09-30,181.64999389648438,182.9980010986328,180.8489990234375,181.6199951171875,0
2015-10-01,181.2469940185547,181.99899291992188,181.05999755859375,181.2519989013672,0
2015-10-02,181.36300659179688,182.57400512695312,180.71299743652344,181.37399291992188,0
2015-10-05,182.2480010986328,183.19900512695312,182.1999969482422,182.22999572753906,0
2015-10-06,182.52000427246094,183.1719970703125,181.9600067138672,182.51800537109375,0
2015-10-07,183.07899475097656,184.00999450683594,182.58599853515625,183.08999633789062,0
2015-10-08,183.63900756835938,184.0959930419922,183.0189971923828,183.6699981689453,0
2015-10-09,184.08200073242188,184.83299255371094,184.0,184.07699584960938,0
2015-10-12,184.1199951171875,184.66099548339844,183.91000366210938,184.05299377441406,0
2015-10-13,184.05799865722656,184.32699584960938,181.8509979248047,184.05999755859375,0
2015-10-14,182.6199951171875,184.29200744628906,182.32000732421875,182.6820068359375,0
2015-10-15,183.92300415039062,184.3300018310547,182.75,183.8979949951172,0
2015-10-16,184.1699981689453,184.6959991455078,183.67300415039062,184.17999267578125,0
2015-10-19,184.1269989013672,185.08799743652344,183.83599853515625,184.0399932861328,0
2015-10-20,184.83999633789062,185.56900024414062,184.6999969482422,184.86500549316406,0
2015-10-21,185.00999450683594,185.54800415039062,184.81300354003906,185.0,0
2015-10-22,184.81399536132812,185.72500610351562,184.49000549316406,184.83200073242188,0
2015-10-23,185.88999938964844,186.1719970703125,185.23699951171875,185.9739990234375,0
2015-10-26,185.76199340820312,185.88900756835938,185.2030029296875,185.75,0
2015-10-27,185.73399353027344,185.70599365234375,183.94000244140625,185.70599365234375,0
2015-10-28,184.447998046875,184.697998046875,183.9199981689453,184.46400451660156,0
2015-10-29,184.5399932861328,185.33200073242188,184.0800018310547,184.56500244140625,0
2015-10-30,185.36000061035156,186.25999450683594,184.58799743652344,185.39999389648438,0
2015-11-02,186.0330047607422,186.95700073242188,185.55999755859375,186.05999755859375,0
2015-11-03,186.26800537109375,186.593994140625,185.88400268554688,186.2989959716797,0
2015-11-04,186.68899536132812,187.25,186.49000549316406,186.66900634765625,0
2015-11-05,186.93699645996094,187.6580047607422,185.26199340820312,186.9759979248047,0
2015-11-06,185.0500030517578,185.69700622558594,184.3000030517578,185.05999755859375,0
2015-11-09,185.39999389648438,186.58799743652344,185.39500427246094,185.4320068359375,0
2015-11-10,186.07200622558594,186.47000122070312,185.8800048828125,186.031005859375,0
2015-11-11,186.3070068359375,186.99099731445312,185.95799255371094,186.28900146484375,0
2015-11-12,186.84100341796875,187.4759979248047,186.55499267578125,186.84800720214844,0
2015-11-13,186.68699645996094,186.9709930419922,186.39999389648438,186.71800231933594,0
2015-11-16,186.1699981689453,187.16900634765625,186.11300659179688,186.11300659179688,0
2015-11-17,187.375,187.86599731445312,186.8800048828125,187.3300018310547,0
2015-11-18,187.83399963378906,187.93600463867188,187.27999877929688,187.8179931640625,0
2015-11-19,188.22000122070312,188.78399658203125,187.6510009765625,188.1999969482422,0
2015-11-20,187.8679962158203,188.05999755859375,186.8699951171875,187.86099243164062,0
2015-11-23,186.6959991455078,186.96200561523438,186.0709991455078,186.69000244140625,0
2015-11-24,185.91700744628906,185.97999572753906,184.39999389648438,185.94000244140625,0
2015-11-25,184.75,185.75999450683594,184.49000549316406,184.73399353027344,0
2015-11-26,185.5189971923828,185.57000732421875,184.6999969482422,185.49000549316406,0
2015-11-27,185.15499877929688,185.302001953125,184.2519989013672,185.1699981689453,0
2015-11-30,184.66000366210938,185.47999572753906,184.32000732421875,184.6699981689453,0
2015-12-01,185.50399780273438,186.01199340820312,184.9600067138672,185.47000122070312,0
2015-12-02,185.27999877929688,185.61599731445312,184.468994140625,185.30999755859375,0
2015-12-03,184.19000244140625,185.5469970703125,184.0,184.1699981689453,0
2015-12-04,185.59800720214844,186.22999572753906,185.1199951171875,185.59800720214844,0
2015-12-07,186.11000061035156,186.33299255371094,185.72000122070312,186.1300048828125,0
2015-12-08,185.531005859375,185.58599853515625,183.77099609375,185.54800415039062,0
2015-12-09,184.447998046875,185.3179931640625,184.05999755859375,184.49899291992188,0
2015-12-10,184.6999969482422,184.93699645996094,183.38999938964844,184.71400451660156,0
2015-12-11,184.49000549316406,185.0489959716797,183.75999450683594,184.4980010986328,0
2015-12-14,183.67999267578125,184.36099243164062,182.46800231933594,183.6820068359375,0
2015-12-15,183.54600524902344,184.1699981689453,182.61599731445312,183.5850067138672,0
2015-12-16,183.0240020751953,183.5749969482422,182.62600708007812,183.0399932861328,0
2015-12-17,183.33999633789062,183.63800048828125,182.38999938964844,183.38999938964844,0
2015-12-18,182.75999450683594,183.66400146484375,180.7100067138672,182.8000030517578,0
2015-12-21,180.7899932861328,181.19000244140625,180.29600524902344,180.7899932861328,0
2015-12-22,180.53900146484375,180.57699584960938,179.1300048828125,180.47999572753906,0
2015-12-23,179.3719940185547,180.14100646972656,179.3000030517578,179.32899475097656,0
2015-12-24,179.85800170898438,179.91400146484375,178.94000244140625,179.87100219726562,0
2015-12-25,179.3979949951172,179.77000427246094,179.1510009765625,179.3979949951172,0
2015-12-28,179.45899963378906,180.03399658203125,179.0659942626953,179.4199981689453,0
2015-12-29,179.23399353027344,179.5290069580078,178.08999633789062,179.2239990234375,0
2015-12-30,178.6540069580078,179.0240020751953,178.25,178.60899353027344,0
2015-12-31,178.44000244140625,178.68699645996094,177.22000122070312,178.47000122070312,0
2016-01-01,177.27499389648438,177.27499389648438,177.10000610351562,177.27499389648438,0
2016-01-04,177.26800537109375,177.33399963378906,175.10499572753906,177.25999450683594,0
2016-01-05,175.74000549316406,176.14100646972656,174.1840057373047,175.76499938964844,0
2016-01-06,174.72500610351562,174.8300018310547,173.13299560546875,174.72999572753906,0
2016-01-07,173.47999572753906,173.72000122070312,170.74000549316406,173.48599243164062,0
2016-01-08,171.8990020751953,173.2899932861328,171.1219940185547,171.84800720214844,0
2016-01-11,170.00999450683594,172.23300170898438,169.8260040283203,170.00999450683594,0
2016-01-12,171.09800720214844,171.64100646972656,169.17999267578125,171.1199951171875,0
2016-01-13,170.08999633789062,171.26199340820312,169.89599609375,170.0919952392578,0
2016-01-14,169.1699981689453,170.20199584960938,168.83999633789062,169.19000244140625,0
2016-01-15,170.47000122070312,170.54800415039062,167.25999450683594,170.50799560546875,0
2016-01-18,166.9600067138672,168.11199951171875,166.74000549316406,166.99200439453125,0
2016-01-19,167.25999450683594,169.06500244140625,166.3719940185547,167.2989959716797,0
2016-01-20,166.69200134277344,166.6790008544922,164.0,166.65899658203125,0
2016-01-21,166.29800415039062,166.7480010986328,164.4600067138672,166.4080047607422,0
2016-01-22,167.7259979248047,170.3419952392578,167.09100341796875,167.75100708007812,0
2016-01-25,169.01800537109375,169.99099731445312,168.31700134277344,168.9499969482422,0
2016-01-26,168.3209991455078,169.83700561523438,167.02000427246094,168.35000610351562,0
2016-01-27,169.75999450683594,170.0189971923828,168.56300354003906,169.77000427246094,0
2016-01-28,168.75900268554688,171.11000061035156,168.69000244140625,168.75399780273438,0
2016-01-29,170.74000549316406,174.13999938964844,170.08999633789062,170.74000549316406,0
2016-02-01,172.86099243164062,173.99400329589844,172.4199981689453,172.83999633789062,0
2016-02-02,174.32200622558594,174.54800415039062,172.77000427246094,174.3159942626953,0
2016-02-03,172.68299865722656,173.70199584960938,171.08999633789062,172.6199951171875,0
2016-02-04,172.27000427246094,172.447998046875,170.5800018310547,172.33299255371094,0
2016-02-05,170.36199951171875,170.47799682617188,169.33200073242188,170.34500122070312,0
2016-02-08,169.66900634765625,170.6280059814453,166.0800018310547,169.6699981689453,0
2016-02-09,166.9510040283203,167.12100219726562,164.5399932861328,166.9290008544922,0
2016-02-10,166.61199951171875,167.62100219726562,165.3280029296875,166.5500030517578,0
2016-02-11,164.46200561523438,164.85000610351562,159.97999572753906,164.41000366210938,0
2016-02-12,162.86500549316406,164.02999877929688,161.80599975585938,162.83999633789062,0
2016-02-15,164.97000122070312,165.7270050048828,164.37600708007812,165.04100036621094,0
2016-02-16,165.18800354003906,166.072998046875,162.55999755859375,165.27200317382812,0
2016-02-17,163.13999938964844,163.7259979248047,161.63400268554688,163.23399353027344,0
2016-02-18,163.19900512695312,163.9510040283203,162.2480010986328,163.19000244140625,0
2016-02-19,162.26600646972656,162.3040008544922,160.7969970703125,162.3040008544922,0
2016-02-22,160.43699645996094,161.54100036621094,159.22000122070312,160.48500061035156,0
2016-02-23,159.83799743652344,159.8520050048828,157.64300537109375,159.7790069580078,0
2016-02-24,156.75799560546875,157.25799560546875,154.90199279785156,156.6999969482422,0
2016-02-25,156.1280059814453,157.61300659179688,155.80999755859375,156.08799743652344,0
2016-02-26,157.93099975585938,158.51800537109375,157.2209930419922,158.00999450683594,0
2016-02-29,157.5749969482422,157.68499755859375,156.26800537109375,157.60000610351562,0
2016-03-01,156.55999755859375,158.72300720214844,156.24099731445312,156.56399536132812,0
2016-03-02,159.06199645996094,160.46200561523438,158.7480010986328,159.0,0
2016-03-03,159.7480010986328,161.0,159.6999969482422,159.77200317382812,0
2016-03-04,161.0800018310547,161.67999267578125,160.4600067138672,161.093994140625,0
2016-03-07,161.74400329589844,161.73899841308594,160.3800048828125,161.73899841308594,0
2016-03-08,161.72999572753906,161.81700134277344,159.60000610351562,161.81700134277344,0
2016-03-09,159.99000549316406,160.9709930419922,159.49000549316406,160.0500030517578,0
2016-03-10,160.8730010986328,162.75999450683594,160.74000549316406,160.85000610351562,0
2016-03-11,161.24000549316406,163.33200073242188,161.14999389648438,161.18099975585938,0
2016-03-14,163.5800018310547,163.96200561523438,162.6510009765625,163.58099365234375,0
2016-03-15,162.5290069580078,162.63299560546875,159.57200622558594,162.53799438476562,0
2016-03-16,160.0989990234375,160.63600158691406,159.63800048828125,160.09500122070312,0
2016-03-17,160.697998046875,161.54400634765625,159.05999755859375,160.72000122070312,0
2016-03-18,161.14999389648438,161.71800231933594,160.33999633789062,161.21299743652344,0
2016-03-21,161.19200134277344,161.1959991455078,160.14700317382812,161.1529998779297,0
2016-03-22,161.10299682617188,161.4720001220703,158.46600341796875,161.07000732421875,0
2016-03-23,159.64199829101562,159.97300720214844,158.8000030517578,159.61000061035156,0
2016-03-24,158.6300048828125,159.38400268554688,158.4669952392578,158.66000366210938,0
2016-03-25,159.41200256347656,160.06300354003906,159.39999389648438,159.45399475097656,0
2016-03-28,160.25999450683594,161.60699462890625,160.16000366210938,160.30799865722656,0
2016-03-29,161.6300048828125,162.37600708007812,161.33999633789062,161.61000061035156,0
2016-03-30,162.09500122070312,162.5570068359375,161.33999633789062,162.03500366210938,0
2016-03-31,161.49099731445312,162.00399780273438,160.88999938964844,161.447998046875,0
2016-04-01,161.57000732421875,161.57899475097656,158.97999572753906,161.57899475097656,0
2016-04-04,158.8699951171875,159.552001953125,158.20199584960938,158.86000061035156,0
2016-04-05,158.66000366210938,158.6510009765625,155.75999450683594,158.6510009765625,0
2016-04-06,156.23500061035156,156.6300048828125,154.63999938964844,156.22799682617188,0
2016-04-07,155.052001953125,155.1580047607422,151.72900390625,155.06399536132812,0
2016-04-08,152.36000061035156,154.16900634765625,152.3699951171875,152.4720001220703,0
2016-04-11,153.02200317382812,154.42999267578125,151.99899291992188,153.02999877929688,0
2016-04-12,153.62399291992188,155.51600646972656,153.55999755859375,153.61000061035156,0
2016-04-13,154.9600067138672,155.73500061035156,154.7899932861328,155.03199768066406,0
2016-04-14,155.25,155.3040008544922,153.89999389648438,155.2449951171875,0
2016-04-15,154.57000732421875,155.27999877929688,154.08999633789062,154.593994140625,0
2016-04-18,153.10400390625,155.4320068359375,152.5240020751953,153.2899932861328,0
2016-04-19,155.82000732421875,157.69200134277344,155.64999389648438,155.7899932861328,0
2016-04-20,157.16000366210938,157.45199584960938,156.2100067138672,157.0679931640625,0
2016-04-21,157.468994140625,158.36199951171875,156.6479949951172,157.44700622558594,0
2016-04-22,156.72799682617188,160.82200622558594,156.50999450683594,156.77999877929688,0
2016-04-25,160.9340057373047,161.2830047607422,160.0399932861328,161.0030059814453,0
2016-04-26,160.97000122070312,162.52099609375,160.4759979248047,160.94000244140625,0
2016-04-27,162.0800018310547,162.7899932861328,161.63999938964844,162.0800018310547,0
2016-04-28,162.13999938964844,162.50900268554688,157.05999755859375,162.13299560546875,0
2016-04-29,157.8699951171875,157.96099853515625,156.072998046875,157.92999267578125,0
2016-05-02,155.42100524902344,156.5800018310547,155.15699768066406,155.4409942626953,0
2016-05-03,155.99000549316406,156.03199768066406,154.42999267578125,156.03199768066406,0
2016-05-04,155.1909942626953,155.9499969482422,154.4199981689453,155.20399475097656,0
2016-05-05,155.072998046875,155.84800720214844,154.8800048828125,155.10000610351562,0
2016-05-06,155.42999267578125,155.60800170898438,153.63999938964844,155.53399658203125,0
2016-05-09,154.91000366210938,156.40699768066406,154.44000244140625,154.8300018310547,0
2016-05-10,156.14199829101562,157.8699951171875,156.1199951171875,156.17999267578125,0
2016-05-11,157.77499389648438,157.8300018310547,156.39999389648438,157.77999877929688,0
2016-05-12,156.50399780273438,158.44900512695312,156.25999450683594,156.5290069580078,0
2016-05-13,157.5800018310547,157.60699462890625,156.2550048828125,157.60699462890625,0
2016-05-16,155.8699951171875,156.9199981689453,155.8699951171875,155.9219970703125,0
2016-05-17,157.5590057373047,158.94900512695312,157.3000030517578,157.53700256347656,0
2016-05-18,157.4600067138672,160.2729949951172,157.06399536132812,157.5970001220703,0
2016-05-19,160.72999572753906,161.59100341796875,160.16900634765625,160.81900024414062,0
2016-05-20,160.38699340820312,161.031005859375,160.25999450683594,160.4429931640625,0
2016-05-23,159.46800231933594,159.58999633789062,158.11599731445312,159.4669952392578,0
2016-05-24,158.36500549316406,160.92799377441406,158.11000061035156,158.30499267578125,0
2016-05-25,160.9499969482422,162.47999572753906,160.47000122070312,160.97999572753906,0
2016-05-26,161.82899475097656,162.14599609375,160.8979949951172,161.79600524902344,0
2016-05-27,160.87600708007812,161.39300537109375,160.1820068359375,160.8459930419922,0
2016-05-30,161.97000122070312,162.88699340820312,161.74000549316406,161.96299743652344,0
2016-05-31,162.16000366210938,163.85000610351562,160.9199981689453,162.2259979248047,0
2016-06-01,160.27099609375,160.5800018310547,157.24200439453125,160.24099731445312,0
2016-06-02,157.83700561523438,157.80099487304688,156.5800018310547,157.74200439453125,0
2016-06-03,156.82200622558594,157.26400756835938,154.89700317382812,156.906005859375,0
2016-06-06,153.4600067138672,155.3800048828125,153.36500549316406,153.54200744628906,0
2016-06-07,155.35400390625,157.5019989013672,154.99000549316406,155.28500366210938,0
2016-06-08,155.9499969482422,156.23699951171875,155.0570068359375,155.9530029296875,0
2016-06-09,154.97000122070312,155.13699340820312,153.66600036621094,155.0070037841797,0
2016-06-10,154.83999633789062,154.98199462890625,152.9499969482422,154.84300231933594,0
2016-06-13,151.10699462890625,152.35800170898438,149.47999572753906,151.08200073242188,0
2016-06-14,150.8820037841797,151.24099731445312,149.1999969482422,150.83399963378906,0
2016-06-15,149.81100463867188,151.14999389648438,149.52000427246094,149.7550048828125,0
2016-06-16,150.22999572753906,150.24000549316406,145.39999389648438,150.24000549316406,0
2016-06-17,149.6699981689453,149.65199279785156,148.25999450683594,149.65199279785156,0
2016-06-20,152.59800720214844,153.53799438476562,152.04200744628906,152.64300537109375,0
2016-06-21,152.3350067138672,154.35400390625,151.9530029296875,152.27999877929688,0
2016-06-22,153.47000122070312,154.4759979248047,152.88699340820312,153.4499969482422,0
2016-06-23,154.72000122070312,157.96299743652344,153.73300170898438,154.67599487304688,0
2016-06-24,152.62100219726562,154.18499755859375,133.3520050048828,152.65499877929688,0
2016-06-27,137.29400634765625,137.66600036621094,133.44000244140625,137.33399963378906,0
2016-06-28,134.71099853515625,137.4149932861328,134.32000732421875,134.55999755859375,0
2016-06-29,137.0709991455078,138.97000122070312,135.87899780273438,137.05599975585938,0
2016-06-30,138.35699462890625,138.78399658203125,135.93499755859375,138.21499633789062,0
2016-07-01,137.3419952392578,137.57000732421875,135.95599365234375,137.41600036621094,0
2016-07-04,136.11900329589844,136.67300415039062,135.89999389648438,136.11000061035156,0
2016-07-05,136.1300048828125,136.13400268554688,132.1840057373047,136.13299560546875,0
2016-07-06,131.00399780273438,131.44500732421875,128.89599609375,131.18299865722656,0
2016-07-07,130.70399475097656,131.91099548339844,129.99600219726562,130.56100463867188,0
2016-07-08,130.1580047607422,130.74400329589844,129.78900146484375,130.10000610351562,0
2016-07-11,130.32400512695312,133.5330047607422,130.1999969482422,130.28700256347656,0
2016-07-12,133.07200622558594,138.76199340820312,133.05999755859375,133.08999633789062,0
2016-07-13,139.08399963378906,139.43800354003906,136.97900390625,138.9429931640625,0
2016-07-14,136.51300048828125,141.60699462890625,136.48599243164062,136.48599243164062,0
2016-07-15,140.46600341796875,143.2100067138672,139.3090057373047,140.44700622558594,0
2016-07-18,139.48699951171875,141.2259979248047,139.24099731445312,139.5330047607422,0
2016-07-19,140.8000030517578,140.8300018310547,139.29600524902344,140.7989959716797,0
2016-07-20,139.0989990234375,140.76699829101562,138.37600708007812,139.0850067138672,0
2016-07-21,142.11900329589844,142.23699951171875,139.12899780273438,141.9029998779297,0
2016-07-22,140.0780029296875,141.02999877929688,138.42599487304688,139.9949951171875,0
2016-07-25,139.57699584960938,140.08700561523438,138.84500122070312,139.4459991455078,0
2016-07-26,138.35800170898438,138.36300659179688,136.0469970703125,138.36300659179688,0
2016-07-27,137.87100219726562,139.86599731445312,137.7550048828125,137.83299255371094,0
2016-07-28,138.89199829101562,139.01800537109375,137.4969940185547,138.89999389648438,0
2016-07-29,137.8280029296875,138.26100158691406,135.18499755859375,137.91600036621094,0
2016-08-01,135.21600341796875,136.2220001220703,134.51600646972656,135.25799560546875,0
2016-08-02,134.927001953125,135.50599670410156,133.95199584960938,134.91000366210938,0
2016-08-03,134.77499389648438,135.4290008544922,134.197998046875,134.79100036621094,0
2016-08-04,135.02099609375,135.2449951171875,132.5970001220703,135.04400634765625,0
2016-08-05,132.843994140625,133.17999267578125,132.27099609375,132.86099243164062,0
2016-08-08,133.64500427246094,133.98500061035156,133.2209930419922,133.39300537109375,0
2016-08-09,133.28500366210938,133.37899780273438,132.11199951171875,133.27999877929688,0
2016-08-10,132.54100036621094,132.8040008544922,131.58099365234375,132.60499572753906,0
2016-08-11,131.65699768066406,132.0189971923828,131.01699829101562,131.67999267578125,0
2016-08-12,131.85299682617188,132.52000427246094,130.36199951171875,131.88299560546875,0
2016-08-15,130.73699951171875,131.1790008544922,129.9810028076172,130.7239990234375,0
2016-08-16,130.41000366210938,130.68899536132812,129.28199768066406,130.41000366210938,0
2016-08-17,130.5570068359375,131.7790069580078,130.28799438476562,130.552001953125,0
2016-08-18,130.27000427246094,132.13900756835938,130.1300048828125,130.281005859375,0
2016-08-19,131.75,132.0030059814453,130.35299682617188,131.78900146484375,0
2016-08-22,131.26600646972656,132.13600158691406,131.18299865722656,131.33399963378906,0
2016-08-23,131.65499877929688,132.2969970703125,131.4499969482422,131.70899963378906,0
2016-08-24,132.3489990234375,133.25,131.97900390625,132.42300415039062,0
2016-08-25,133.07400512695312,133.22900390625,132.39100646972656,133.07699584960938,0
2016-08-26,132.63999938964844,133.41900634765625,132.3800048828125,132.65499877929688,0
2016-08-29,133.8000030517578,134.3820037841797,133.4290008544922,133.77000427246094,0
2016-08-30,133.42799377441406,134.7689971923828,133.33999633789062,133.42300415039062,0
2016-08-31,134.6739959716797,135.78500366210938,134.61000061035156,134.66600036621094,0
2016-09-01,135.65199279785156,137.96099853515625,135.39700317382812,135.67300415039062,0
2016-09-02,137.02999877929688,138.7949981689453,136.91600036621094,137.0570068359375,0
2016-09-05,138.1699981689453,138.34100341796875,137.3470001220703,138.19700622558594,0
2016-09-06,137.7790069580078,138.29100036621094,137.00399780273438,137.7899932861328,0
2016-09-07,136.23599243164062,136.36199951171875,135.47000122070312,136.21600341796875,0
2016-09-08,135.82699584960938,136.02200317382812,135.06199645996094,135.80499267578125,0
2016-09-09,136.125,137.1060028076172,135.7519989013672,136.1280059814453,0
2016-09-12,135.96099853515625,136.2239990234375,135.09800720214844,136.0449981689453,0
2016-09-13,135.70899963378906,136.06100463867188,134.5019989013672,135.70599365234375,0
2016-09-14,135.22999572753906,136.6009979248047,134.9600067138672,135.2519989013672,0
2016-09-15,135.97999572753906,136.0989990234375,134.7530059814453,135.94000244140625,0
2016-09-16,135.1020050048828,135.15899658203125,133.66900634765625,135.08799743652344,0
2016-09-19,133.12100219726562,133.4499969482422,132.79600524902344,133.15199279785156,0
2016-09-20,132.82000732421875,133.08599853515625,131.63600158691406,132.85800170898438,0
2016-09-21,131.83200073242188,133.2259979248047,130.4250030517578,131.906005859375,0
2016-09-22,130.8459930419922,132.2429962158203,130.54600524902344,130.87600708007812,0
2016-09-23,131.927001953125,132.1929931640625,130.47000122070312,131.84100341796875,0
2016-09-26,130.92999267578125,131.22300720214844,129.71400451660156,130.95599365234375,0
2016-09-27,130.1199951171875,131.18099975585938,129.67999267578125,130.1490020751953,0
2016-09-28,130.6699981689453,131.15899658203125,130.5760040283203,130.6820068359375,0
2016-09-29,131.60499572753906,132.41099548339844,131.57699584960938,131.6009979248047,0
2016-09-30,131.1699981689453,131.88299560546875,130.4499969482422,131.16700744628906,0
2016-10-03,131.31199645996094,131.38800048828125,130.1179962158203,131.2760009765625,0
2016-10-04,130.86700439453125,131.33700561523438,130.343994140625,130.94000244140625,0
2016-10-05,130.9499969482422,132.09800720214844,130.52099609375,130.88499450683594,0
2016-10-06,131.94700622558594,132.0590057373047,131.14700317382812,131.9239959716797,0
2016-10-07,128.57899475097656,129.5800018310547,126.83000183105469,128.60499572753906,0
2016-10-10,128.08900451660156,128.593994140625,127.5,128.1199951171875,0
2016-10-11,127.94000244140625,128.35699462890625,126.09200286865234,128.07200622558594,0
2016-10-12,126.80799865722656,127.55799865722656,126.50700378417969,126.7699966430664,0
2016-10-13,127.10700225830078,127.4219970703125,125.95700073242188,127.13999938964844,0
2016-10-14,126.76000213623047,127.9010009765625,126.69599914550781,126.84400177001953,0
2016-10-17,126.7020034790039,126.96600341796875,126.31700134277344,126.72699737548828,0
2016-10-18,126.875,128.1439971923828,126.77100372314453,126.91999816894531,0
2016-10-19,127.78500366210938,127.87999725341797,126.77899932861328,127.77100372314453,0
2016-10-20,127.06700134277344,127.45800018310547,126.64199829101562,127.13700103759766,0
2016-10-21,127.59500122070312,127.6259994506836,126.13500213623047,127.6259994506836,0
2016-10-24,126.94999694824219,127.40799713134766,126.63600158691406,126.95800018310547,0
2016-10-25,127.43900299072266,127.9280014038086,126.62799835205078,127.51300048828125,0
2016-10-26,126.79900360107422,127.8270034790039,126.63999938964844,126.79499816894531,0
2016-10-27,127.92500305175781,128.41000366210938,127.447998046875,127.94300079345703,0
2016-10-28,128.02699279785156,128.27000427246094,127.62000274658203,128.0399932861328,0
2016-10-31,127.69599914550781,128.2429962158203,127.51000213623047,127.60900115966797,0
2016-11-01,128.25100708007812,128.9969940185547,127.69200134277344,128.25900268554688,0
2016-11-02,127.37000274658203,127.48500061035156,126.80599975585938,127.35900115966797,0
2016-11-03,127.18699645996094,128.8509979248047,126.48999786376953,127.19499969482422,0
2016-11-04,128.46400451660156,129.42300415039062,128.3159942626953,128.44200134277344,0
2016-11-07,130.10000610351562,130.13600158691406,129.3509979248047,130.093994140625,0
2016-11-08,129.4810028076172,130.0070037841797,129.281005859375,129.49200439453125,0
2016-11-09,130.0780029296875,130.35000610351562,126.77999877929688,130.02000427246094,0
2016-11-10,131.44000244140625,133.4199981689453,130.3090057373047,131.43499755859375,0
2016-11-11,134.11000061035156,134.86000061035156,133.48599243164062,134.03900146484375,0
2016-11-14,134.35299682617188,135.3990020751953,134.21400451660156,134.38999938964844,0
2016-11-15,135.43600463867188,135.4340057373047,134.2220001220703,135.4199981689453,0
2016-11-16,135.77699279785156,136.7310028076172,135.6540069580078,135.72000122070312,0
2016-11-17,135.3300018310547,136.41799926757812,135.0,135.29800415039062,0
2016-11-18,136.8000030517578,137.56100463867188,135.4530029296875,136.78500366210938,0
2016-11-21,136.7310028076172,138.64700317382812,136.30599975585938,136.6699981689453,0
2016-11-22,138.2209930419922,138.802001953125,137.65899658203125,138.24099731445312,0
2016-11-23,137.89199829101562,140.07000732421875,137.28399658203125,137.8769989013672,0
2016-11-24,139.93299865722656,141.2790069580078,139.7790069580078,139.82000732421875,0
2016-11-25,141.0500030517578,141.69700622558594,140.03900146484375,141.02999877929688,0
2016-11-28,140.57699584960938,140.6699981689453,139.10400390625,140.58200073242188,0
2016-11-29,138.5760040283203,141.30799865722656,138.5800018310547,138.5800018310547,0
2016-11-30,140.46099853515625,142.3249969482422,139.98800659179688,140.5070037841797,0
2016-12-01,143.5449981689453,145.16099548339844,142.6510009765625,143.4949951171875,0
2016-12-02,143.38400268554688,144.18800354003906,142.93800354003906,143.40199279785156,0
2016-12-05,143.7899932861328,145.99099731445312,143.63999938964844,143.8090057373047,0
2016-12-06,144.88400268554688,145.5989990234375,144.48599243164062,144.91400146484375,0
2016-12-07,144.49000549316406,144.77099609375,143.02200317382812,144.54400634765625,0
2016-12-08,143.58599853515625,144.4239959716797,143.13299560546875,143.66000366210938,0
2016-12-09,143.5050048828125,145.08599853515625,143.4739990234375,143.50900268554688,0
2016-12-12,145.3730010986328,146.32200622558594,144.92599487304688,145.36000061035156,0
2016-12-13,145.75799560546875,146.67660522460938,145.552001953125,145.74099731445312,0
2016-12-14,145.8730010986328,146.1840057373047,145.22000122070312,145.84100341796875,0
2016-12-15,146.92799377441406,148.43699645996094,146.82699584960938,146.93699645996094,0
2016-12-16,146.88900756835938,147.27499389648438,146.27699279785156,146.91700744628906,0
2016-12-19,147.11000061035156,147.16600036621094,144.52000427246094,147.13400268554688,0
2016-12-20,144.97900390625,146.33599853515625,144.9239959716797,144.9770050048828,0
2016-12-21,145.7449951171875,145.82000732421875,144.8990020751953,145.66600036621094,0
2016-12-22,145.26300048828125,145.5749969482422,144.50100708007812,145.26600646972656,0
2016-12-23,144.35699462890625,144.38900756835938,143.5330047607422,144.36500549316406,0
2016-12-26,144.19000244140625,144.15899658203125,143.4040069580078,144.125,0
2016-12-27,143.83999633789062,144.1820068359375,143.60800170898438,143.843994140625,0
2016-12-28,144.1929931640625,144.6739959716797,143.52099609375,144.197998046875,0
2016-12-29,143.1179962158203,143.10000610351562,142.30299377441406,143.04400634765625,0
2016-12-30,142.8300018310547,144.5679931640625,142.78500366210938,142.89500427246094,0
2017-01-02,144.06300354003906,144.9320068359375,144.05999755859375,144.06500244140625,0
2017-01-03,144.25999450683594,145.36399841308594,144.11300659179688,144.27499389648438,0
2017-01-04,144.0279998779297,144.89100646972656,143.70700073242188,144.07200622558594,0
2017-01-05,144.322998046875,144.28199768066406,142.5399932861328,144.27699279785156,0
2017-01-06,143.17300415039062,144.01499938964844,143.197998046875,143.22900390625,0
2017-01-09,143.58700561523438,143.8300018310547,141.10899353027344,143.60000610351562,0
2017-01-10,141.16600036621094,141.42300415039062,140.18499755859375,141.1540069580078,0
2017-01-11,141.0330047607422,141.46200561523438,140.6219940185547,141.06399536132812,0
2017-01-12,140.5570068359375,140.6269989013672,139.22000122070312,140.4759979248047,0
2017-01-13,139.46800231933594,140.2030029296875,139.18899536132812,139.5,0
2017-01-16,137.4980010986328,138.06399536132812,136.5030059814453,137.5189971923828,0
2017-01-17,137.42799377441406,140.08700561523438,137.10499572753906,137.3939971923828,0
2017-01-18,139.8249969482422,139.96600341796875,139.1479949951172,139.8769989013672,0
2017-01-19,140.6750030517578,142.06700134277344,140.5,140.66900634765625,0
2017-01-20,141.843994140625,142.03799438476562,141.20599365234375,141.76199340820312,0
2017-01-23,140.95899963378906,142.0260009765625,140.76600646972656,140.99200439453125,0
2017-01-24,141.15199279785156,141.92640686035156,140.82699584960938,141.2030029296875,0
2017-01-25,142.66299438476562,143.29600524902344,141.83700561523438,142.72000122070312,0
2017-01-26,143.12399291992188,144.41200256347656,142.90699768066406,143.0260009765625,0
2017-01-27,144.14599609375,144.7740020751953,144.02200317382812,144.1179962158203,0
2017-01-30,144.36900329589844,144.50799560546875,142.41099548339844,144.41600036621094,0
2017-01-31,142.0540008544922,142.45399475097656,140.45599365234375,142.1219940185547,0
2017-02-01,141.91000366210938,144.09100341796875,141.89999389648438,141.89999389648438,0
2017-02-02,143.4080047607422,143.41299438476562,140.76199340820312,143.3800048828125,0
2017-02-03,141.19700622558594,141.95899963378906,140.39999389648438,141.19000244140625,0
2017-02-06,140.60400390625,140.74000549316406,139.6020050048828,140.61599731445312,0
2017-02-07,139.41000366210938,139.6179962158203,138.55999755859375,139.39700317382812,0
2017-02-08,140.4290008544922,140.63999938964844,139.82000732421875,140.44900512695312,0
2017-02-09,140.23699951171875,141.76300048828125,140.13800048828125,140.22500610351562,0
2017-02-10,141.75999450683594,142.36300659179688,141.15199279785156,141.71800231933594,0
2017-02-13,142.1699981689453,142.58900451660156,141.99000549316406,142.24899291992188,0
2017-02-14,142.37600708007812,142.6439971923828,141.1300048828125,142.34800720214844,0
2017-02-15,142.5229949951172,142.76400756835938,141.99400329589844,142.48800659179688,0
2017-02-16,142.281005859375,142.33299255371094,141.53900146484375,142.25999450683594,0
2017-02-17,141.48500061035156,141.93899536132812,139.68699645996094,141.47000122070312,0
2017-02-20,140.3780059814453,141.2480010986328,140.11700439453125,140.3260040283203,0
2017-02-21,141.2740020751953,141.69320678710938,140.86099243164062,141.24400329589844,0
2017-02-22,141.92599487304688,142.00799560546875,140.5070037841797,141.9029998779297,0
2017-02-23,141.2220001220703,141.3560028076172,140.70700073242188,141.1820068359375,0
2017-02-24,141.46499633789062,141.75900268554688,140.18699645996094,141.45700073242188,0
2017-02-27,139.08700561523438,139.76199340820312,139.01499938964844,139.09500122070312,0
2017-02-28,140.22300720214844,140.3070068359375,139.03399658203125,140.20199584960938,0
2017-03-01,139.95199584960938,140.71299743652344,139.81900024414062,139.91200256347656,0
2017-03-02,140.0240020751953,140.68099975585938,139.8939971923828,139.9969940185547,0
2017-03-03,140.33700561523438,140.47000122070312,139.63699340820312,140.31300354003906,0
2017-03-06,140.01499938964844,139.96800231933594,139.2969970703125,139.9029998779297,0
2017-03-07,139.42799377441406,139.6179962158203,138.76300048828125,139.40899658203125,0
2017-03-08,139.0260009765625,139.6269989013672,138.43899536132812,139.00999450683594,0
2017-03-09,139.25999450683594,139.98300170898438,139.09300231933594,139.25999450683594,0
2017-03-10,139.96299743652344,140.51699829101562,139.6009979248047,139.96099853515625,0
2017-03-13,139.6230010986328,140.34800720214844,139.6199951171875,139.66000366210938,0
2017-03-14,140.2480010986328,140.3249969482422,139.14999389648438,140.25900268554688,0
2017-03-15,139.3820037841797,140.38499450683594,139.39300537109375,139.39599609375,0
2017-03-16,139.26600646972656,140.16299438476562,138.66200256347656,139.26499938964844,0
2017-03-17,139.97799682617188,140.4459991455078,139.1510009765625,139.98599243164062,0
2017-03-20,139.5229949951172,140.11300659179688,139.2270050048828,139.51699829101562,0
2017-03-21,139.21600341796875,140.39500427246094,138.96600341796875,139.20199584960938,0
2017-03-22,139.1999969482422,139.46499633789062,137.81700134277344,139.22999572753906,0
2017-03-23,138.9199981689453,139.25100708007812,138.3159942626953,138.83399963378906,0
2017-03-24,138.9340057373047,139.13600158691406,138.5019989013672,138.86000061035156,0
2017-03-27,138.31900024414062,139.093994140625,138.0500030517578,138.2989959716797,0
2017-03-28,139.09100341796875,139.3769989013672,138.10499572753906,139.08099365234375,0
2017-03-29,138.14599609375,138.30599975585938,137.51699829101562,138.1020050048828,0
2017-03-30,138.26699829101562,139.2899932861328,137.76400756835938,138.2239990234375,0
2017-03-31,139.45899963378906,140.0780029296875,138.98300170898438,139.3699951171875,0
2017-04-03,139.50999450683594,139.88699340820312,138.40499877929688,139.5659942626953,0
2017-04-04,138.2760009765625,138.35400390625,137.09300231933594,138.2550048828125,0
2017-04-05,137.88900756835938,139.01499938964844,137.46099853515625,137.8800048828125,0
2017-04-06,137.83399963378906,138.6929931640625,137.7429962158203,137.83900451660156,0
2017-04-07,138.25999450683594,138.3209991455078,137.09500122070312,138.2469940185547,0
2017-04-10,137.6300048828125,138.24899291992188,137.6199951171875,137.6199951171875,0
2017-04-11,137.54600524902344,137.718994140625,136.88800048828125,137.5019989013672,0
2017-04-12,136.88400268554688,137.2469940185547,136.50999450683594,136.85000610351562,0
2017-04-13,136.65699768066406,137.08900451660156,136.52000427246094,136.61500549316406,0
2017-04-14,136.39500427246094,136.60699462890625,135.9929962158203,136.42100524902344,0
2017-04-17,135.75799560546875,136.6219940185547,135.61300659179688,135.77000427246094,0
2017-04-18,137.0070037841797,138.802001953125,136.1510009765625,137.0489959716797,0
2017-04-19,139.39700317382812,140.1699981689453,139.07400512695312,139.41400146484375,0
2017-04-20,139.09800720214844,140.27999877929688,139.0659942626953,139.09800720214844,0
2017-04-21,140.00599670410156,140.1269989013672,139.23800659179688,139.9720001220703,0
2017-04-24,141.04299926757812,141.39500427246094,140.28599548339844,141.0749969482422,0
2017-04-25,140.06900024414062,142.49899291992188,140.08599853515625,140.08599853515625,0
2017-04-26,142.48199462890625,143.47799682617188,142.36300659179688,142.5030059814453,0
2017-04-27,142.84100341796875,143.8800048828125,142.8000030517578,142.83799743652344,0
2017-04-28,143.38699340820312,144.3300018310547,143.30999755859375,143.38400268554688,0
2017-05-01,143.91900634765625,144.5970001220703,143.88999938964844,143.92799377441406,0
2017-05-02,144.21200561523438,145.08900451660156,144.20399475097656,144.20399475097656,0
2017-05-03,144.9029998779297,145.3249969482422,144.51300048828125,144.91600036621094,0
2017-05-04,145.16700744628906,145.7169952392578,144.66099548339844,145.19700622558594,0
2017-05-05,145.44000244140625,146.1125030517578,144.8159942626953,145.44700622558594,0
2017-05-08,146.0919952392578,146.3679962158203,145.67300415039062,146.13499450683594,0
2017-05-09,146.50999450683594,147.78500366210938,146.44500732421875,146.5019989013672,0
2017-05-10,147.20700073242188,148.0780029296875,147.13299560546875,147.18600463867188,0
2017-05-11,147.82400512695312,147.86199951171875,146.1699981689453,147.75,0
2017-05-12,146.68099975585938,146.78900146484375,145.8179931640625,146.6820068359375,0
2017-05-15,145.93299865722656,146.98199462890625,145.9239959716797,145.9290008544922,0
2017-05-16,146.5959930419922,147.01800537109375,145.86099243164062,146.6269989013672,0
2017-05-17,145.49000549316406,145.88800048828125,144.0800018310547,145.5850067138672,0
2017-05-18,144.11099243164062,144.8090057373047,143.61900329589844,144.08999633789062,0
2017-05-19,144.3560028076172,145.3179931640625,143.83099365234375,144.27999877929688,0
2017-05-22,144.79100036621094,145.07200622558594,144.156005859375,144.73800659179688,0
2017-05-23,144.0919952392578,145.08900451660156,143.781005859375,144.1320037841797,0
2017-05-24,145.0489959716797,145.3820037841797,144.79299926757812,145.0290069580078,0
2017-05-25,144.7259979248047,145.38099670410156,144.64999389648438,144.72999572753906,0
2017-05-26,144.46499633789062,144.4720001220703,142.15699768066406,144.4199981689453,0
2017-05-29,142.552001953125,143.07200622558594,142.47999572753906,142.5659942626953,0
2017-05-30,142.4499969482422,143.0780029296875,141.86099243164062,142.48800659179688,0
2017-05-31,141.9739990234375,142.84100341796875,141.5050048828125,142.01300048828125,0
2017-06-01,142.6199951171875,143.66900634765625,142.54400634765625,142.58999633789062,0
2017-06-02,143.593994140625,143.927001953125,142.0070037841797,143.61199951171875,0
2017-06-05,142.15499877929688,143.08599853515625,142.01699829101562,142.1300048828125,0
2017-06-06,142.46400451660156,142.552001953125,140.75999450683594,142.4429931640625,0
2017-06-07,141.31700134277344,141.85699462890625,140.75799560546875,141.3090057373047,0
2017-06-08,142.43099975585938,142.75599670410156,141.75900268554688,142.48699951171875,0
2017-06-09,139.73399353027344,141.08399963378906,139.5659942626953,139.94000244140625,0
2017-06-12,140.48300170898438,140.7740020751953,138.7270050048828,140.5659942626953,0
2017-06-13,139.25599670410156,140.27499389648438,139.072998046875,139.25100708007812,0
2017-06-14,140.27000427246094,140.88299560546875,139.1510009765625,140.2989959716797,0
2017-06-15,139.5780029296875,141.4219970703125,139.17999267578125,139.54800415039062,0
2017-06-16,141.53599548339844,142.2790069580078,141.48500061035156,141.6959991455078,0
2017-06-19,141.75999450683594,142.31100463867188,141.6300048828125,141.75999450683594,0
2017-06-20,142.13999938964844,142.51699829101562,140.7100067138672,142.23800659179688,0
2017-06-21,140.6269989013672,141.73699951171875,139.8800048828125,140.63600158691406,0
2017-06-22,141.08200073242188,141.11700439453125,140.47999572753906,141.11099243164062,0
2017-06-23,141.0850067138672,141.86000061035156,141.0189971923828,141.12399291992188,0
2017-06-26,141.72999572753906,142.32400512695312,141.70799255371094,141.77200317382812,0
2017-06-27,142.3000030517578,143.83099365234375,141.97000122070312,142.37100219726562,0
2017-06-28,143.73500061035156,145.468994140625,143.31300354003906,143.7220001220703,0
2017-06-29,145.38800048828125,146.51800537109375,145.2469940185547,145.38099670410156,0
2017-06-30,145.7220001220703,146.04400634765625,145.13600158691406,145.6199951171875,0
2017-07-03,146.11300659179688,146.8280029296875,145.93699645996094,146.1009979248047,0
2017-07-04,146.80999755859375,146.76499938964844,146.0279998779297,146.75100708007812,0
2017-07-05,146.11900329589844,146.78599548339844,146.01600646972656,146.11000061035156,0
2017-07-06,146.35699462890625,147.10699462890625,146.05999755859375,146.37600708007812,0
2017-07-07,146.74600219726562,147.60299682617188,146.4929962158203,146.75,0
2017-07-10,146.9340057373047,147.43800354003906,146.77699279785156,146.86599731445312,0
2017-07-12,146.26600646972656,146.35400390625,145.2760009765625,146.27699279785156,0
2017-07-13,146.1230010986328,146.80599975585938,145.5659942626953,146.06500244140625,0
2017-07-14,146.83599853515625,147.375,146.03900146484375,146.81300354003906,0
2017-07-17,147.3470001220703,147.5800018310547,146.73399353027344,147.375,0
2017-07-18,146.9219970703125,147.28900146484375,145.41200256347656,146.9550018310547,0
2017-07-19,146.01100158691406,146.31100463867188,145.2830047607422,145.96299743652344,0
2017-07-20,145.78199768066406,146.2100067138672,144.71240234375,145.74400329589844,0
2017-07-21,145.0500030517578,145.302001953125,144.05099487304688,145.06500244140625,0
2017-07-24,144.26600646972656,144.94700622558594,144.04299926757812,144.2779998779297,0
2017-07-25,144.90499877929688,145.8470001220703,144.47000122070312,144.8699951171875,0
2017-07-26,145.87600708007812,146.37600708007812,145.53199768066406,145.91000366210938,0
2017-07-27,145.72799682617188,146.54100036621094,145.47500610351562,145.74000549316406,0
2017-07-28,145.2689971923828,145.75999450683594,145.0489959716797,145.26300048828125,0
2017-07-31,145.2480010986328,145.7949981689453,144.8260040283203,145.24200439453125,0
2017-08-01,145.6020050048828,146.14100646972656,145.4080047607422,145.62600708007812,0
2017-08-02,145.843994140625,146.73500061035156,145.8470001220703,145.8719940185547,0
2017-08-03,146.4929962158203,146.74600219726562,144.47900390625,146.50599670410156,0
2017-08-04,144.4429931640625,145.1199951171875,144.3459930419922,144.41000366210938,0
2017-08-07,144.5279998779297,144.69700622558594,144.19000244140625,144.5590057373047,0
2017-08-08,144.3780059814453,144.4550018310547,143.2989959716797,144.3520050048828,0
2017-08-09,142.9709930419922,143.31700134277344,142.2830047607422,142.9669952392578,0
2017-08-10,143.1699981689453,143.31500244140625,141.89599609375,143.177001953125,0
2017-08-11,141.57000732421875,141.83999633789062,141.26199340820312,141.55799865722656,0
2017-08-14,142.0540008544922,142.71200561523438,141.91000366210938,142.0989990234375,0
2017-08-15,142.4969940185547,143.17300415039062,141.98109436035156,142.54200744628906,0
2017-08-16,142.29400634765625,143.0659942626953,142.26300048828125,142.26800537109375,0
2017-08-17,141.7989959716797,142.01800537109375,141.3459930419922,141.75799560546875,0
2017-08-18,140.65199279785156,141.07200622558594,139.80819702148438,140.65199279785156,0
2017-08-21,140.7239990234375,140.79100036621094,140.11500549316406,140.67999267578125,0
2017-08-22,140.4949951171875,141.01300048828125,140.0590057373047,140.6739959716797,0
2017-08-23,140.718994140625,140.7729949951172,139.4980010986328,140.7429962158203,0
2017-08-24,139.4290008544922,140.41700744628906,139.39500427246094,139.39500427246094,0
2017-08-25,140.19000244140625,140.83999633789062,140.13999938964844,140.15199279785156,0
2017-08-28,141.09800720214844,141.29299926757812,140.45899963378906,141.13600158691406,0
2017-08-29,140.53700256347656,141.0749969482422,140.447998046875,140.5399932861328,0
2017-08-30,141.85699462890625,142.5229949951172,141.8040008544922,141.84300231933594,0
2017-08-31,142.69000244140625,142.8820037841797,141.6280059814453,142.7169952392578,0
2017-09-01,142.49099731445312,142.97799682617188,142.08999633789062,142.48599243164062,0
2017-09-04,142.32899475097656,142.46200561523438,141.60000610351562,142.3070068359375,0
2017-09-05,141.9040069580078,141.88400268554688,141.20199584960938,141.87100219726562,0
2017-09-06,141.62100219726562,142.4709930419922,141.3939971923828,141.61500549316406,0
2017-09-07,142.36000061035156,142.6529998779297,141.60800170898438,142.3939971923828,0
2017-09-08,141.87399291992188,142.4929962158203,141.3459930419922,141.9080047607422,0
2017-09-11,142.8000030517578,143.6699981689453,142.66000366210938,142.87399291992188,0
2017-09-12,144.05299377441406,146.1490020751953,143.98699951171875,144.08700561523438,0
2017-09-13,146.47000122070312,146.6439971923828,145.75599670410156,146.46400451660156,0
2017-09-14,145.94000244140625,148.26400756835938,145.61000061035156,145.91400146484375,0
2017-09-15,147.2760009765625,151.51699829101562,147.2570037841797,147.2570037841797,0
2017-09-18,150.9199981689453,151.46600341796875,150.27200317382812,150.9080047607422,0
2017-09-19,150.67999267578125,151.5679931640625,150.2429962158203,150.64300537109375,0
2017-09-20,150.8000030517578,151.43499755859375,150.51199340820312,150.77999877929688,0
2017-09-21,151.79400634765625,152.5070037841797,151.46299743652344,151.8300018310547,0
2017-09-22,152.6909942626953,152.7310028076172,151.02000427246094,152.68600463867188,0
2017-09-25,151.86900329589844,152.25799560546875,150.23300170898438,151.87600708007812,0
2017-09-26,150.61099243164062,150.9080047607422,149.98699951171875,150.58900451660156,0
2017-09-27,151.06100463867188,151.58900451660156,150.57400512695312,151.10299682617188,0
2017-09-28,151.2100067138672,151.55799865722656,150.52099609375,151.1699981689453,0
2017-09-29,151.031005859375,151.29600524902344,150.22999572753906,151.08299255371094,0
2017-10-02,150.8300018310547,151.29600524902344,149.2760009765625,150.906005859375,0
2017-10-03,149.69400024414062,150.23199462890625,149.33099365234375,149.69200134277344,0
2017-10-04,149.4149932861328,149.76600646972656,149.02699279785156,149.4219970703125,0
2017-10-05,149.29800415039062,149.43600463867188,147.69000244140625,149.29400634765625,0
2017-10-06,147.85000610351562,147.93499755859375,147.03599548339844,147.84500122070312,0
2017-10-09,147.2449951171875,148.53700256347656,147.2100067138672,147.2270050048828,0
2017-10-10,148.04100036621094,148.41000366210938,147.75999450683594,148.0659942626953,0
2017-10-11,148.39999389648438,148.57899475097656,147.84500122070312,148.39700317382812,0
2017-10-12,148.84800720214844,149.00100708007812,147.31900024414062,148.79600524902344,0
2017-10-13,148.86000061035156,149.25399780273438,148.5540008544922,148.86199951171875,0
2017-10-16,148.64999389648438,148.92100524902344,148.23300170898438,148.66400146484375,0
2017-10-17,148.67799377441406,149.02200317382812,147.802001953125,148.6959991455078,0
2017-10-18,148.01800537109375,148.947998046875,147.94000244140625,148.02699279785156,0
2017-10-19,149.30799865722656,149.41600036621094,147.93600463867188,149.28900146484375,0
2017-10-20,148.16799926757812,149.71099853515625,148.08999633789062,148.16900634765625,0
2017-10-23,150.4149932861328,150.44000244140625,149.75999450683594,150.44000244140625,0
2017-10-24,149.66099548339844,150.06900024414062,149.44000244140625,149.60000610351562,0
2017-10-25,149.5850067138672,151.3699951171875,149.28799438476562,149.58200073242188,0
2017-10-26,150.7169952392578,150.8780059814453,149.81100463867188,150.67799377441406,0
2017-10-27,149.822998046875,149.9600067138672,149.0,149.82000732421875,0
2017-10-30,149.3730010986328,150.0019989013672,149.1699981689453,149.30799865722656,0
2017-10-31,149.27999877929688,150.968994140625,149.1790008544922,149.30799865722656,0
2017-11-01,151.05999755859375,151.89100646972656,151.0030059814453,151.0500030517578,0
2017-11-02,151.29800415039062,151.42599487304688,148.69200134277344,151.3300018310547,0
2017-11-03,148.81900024414062,149.51699829101562,148.69000244140625,148.8260040283203,0
2017-11-06,149.3000030517578,149.8419952392578,149.2899932861328,149.3470001220703,0
2017-11-07,149.8300018310547,150.3070068359375,149.67599487304688,149.87600708007812,0
2017-11-08,149.83799743652344,149.91299438476562,148.56199645996094,149.7989959716797,0
2017-11-09,149.36399841308594,149.68099975585938,148.45599365234375,149.3990020751953,0
2017-11-10,149.01499938964844,149.9739990234375,148.86399841308594,148.98399353027344,0
2017-11-13,149.14599609375,149.2519989013672,148.08999633789062,149.13499450683594,0
2017-11-14,149.02499389648438,149.3939971923828,148.6300048828125,149.03399658203125,0
2017-11-15,149.17799377441406,149.3090057373047,148.17300415039062,149.2169952392578,0
2017-11-17,149.18499755859375,149.30299377441406,148.01100158691406,149.19500732421875,0
2017-11-20,147.90699768066406,149.0959930419922,147.6479949951172,147.8520050048828,0
2017-11-21,149.0229949951172,149.3520050048828,148.6320037841797,149.04299926757812,0
2017-11-22,148.78500366210938,148.86000061035156,148.0897979736328,148.80099487304688,0
2017-11-23,148.22300720214844,148.45799255371094,147.8000030517578,148.13999938964844,0
2017-11-24,148.0290069580078,148.95899963378906,147.94000244140625,148.03199768066406,0
2017-11-27,148.75999450683594,148.76499938964844,147.906005859375,148.76499938964844,0
2017-11-28,148.05799865722656,148.35299682617188,146.99000549316406,148.0590057373047,0
2017-11-29,149.19000244140625,150.38699340820312,148.86000061035156,149.16600036621094,0
2017-11-30,150.24899291992188,151.7010040283203,150.18499755859375,150.2550048828125,0
2017-12-01,152.2790069580078,152.45899963378906,150.6179962158203,152.27699279785156,0
2017-12-04,152.2830047607422,152.9340057373047,151.51600646972656,152.21400451660156,0
2017-12-05,151.57000732421875,151.7989959716797,150.55999755859375,151.56700134277344,0
2017-12-06,150.8560028076172,151.08399963378906,149.75999450683594,150.85000610351562,0
2017-12-07,150.35299682617188,151.35899353027344,150.18899536132812,150.40699768066406,0
2017-12-08,152.57400512695312,153.39999389648438,151.63400268554688,152.60800170898438,0
2017-12-11,152.03500366210938,152.31300354003906,151.322998046875,152.03399658203125,0
2017-12-12,151.51100158691406,151.73199462890625,151.03399658203125,151.53500366210938,0
2017-12-13,151.21099853515625,151.49899291992188,150.8300018310547,151.1750030517578,0
2017-12-14,151.17999267578125,151.75100708007812,150.9958953857422,151.1959991455078,0
2017-12-15,150.96400451660156,151.00399780273438,149.41900634765625,150.94900512695312,0
2017-12-18,150.0970001220703,150.99200439453125,150.0489959716797,150.10800170898438,0
2017-12-19,150.60899353027344,150.9340057373047,150.40379333496094,150.61599731445312,0
2017-12-20,151.2239990234375,151.98199462890625,151.18600463867188,151.24600219726562,0
2017-12-21,151.4080047607422,151.8990020751953,151.27999877929688,151.38299560546875,0
2017-12-22,151.61099243164062,151.8560028076172,151.46400451660156,151.531005859375,0
2017-12-25,151.24899291992188,151.6699981689453,151.25,151.4199981689453,0
2017-12-26,151.5290069580078,151.5749969482422,151.19700622558594,151.50999450683594,0
2017-12-27,151.3699951171875,152.07899475097656,151.3470001220703,151.36199951171875,0
2017-12-28,151.73300170898438,151.95700073242188,151.47000122070312,151.73599243164062,0
2017-12-29,151.69400024414062,152.4429931640625,151.5469970703125,151.7209930419922,0
2018-01-01,152.25,152.25,151.77000427246094,152.25,0
2018-01-02,152.3489990234375,152.51699829101562,151.89300537109375,152.34100341796875,0
2018-01-03,152.59100341796875,152.80999755859375,151.75,152.5959930419922,0
2018-01-04,152.13600158691406,152.9510040283203,152.11000061035156,152.11000061035156,0
2018-01-05,152.83399963378906,153.61399841308594,152.80999755859375,152.8300018310547,0
2018-01-08,153.60499572753906,153.66299438476562,152.88299560546875,153.57000732421875,0
2018-01-09,153.51600646972656,153.56700134277344,151.96099853515625,153.56700134277344,0
2018-01-10,152.57000732421875,152.58399963378906,150.54400634765625,152.58399963378906,0
2018-01-11,150.5760040283203,150.98399353027344,150.20199584960938,150.55599975585938,0
2018-01-12,150.69700622558594,152.5970001220703,150.5970001220703,150.6840057373047,0
2018-01-15,152.5399932861328,152.79299926757812,151.93099975585938,152.63900756835938,0
2018-01-16,152.5709991455078,153.09300231933594,152.0489959716797,152.58200073242188,0
2018-01-17,152.30299377441406,153.37399291992188,152.18600463867188,152.24000549316406,0
2018-01-18,153.98199462890625,154.56300354003906,153.62120056152344,153.9219970703125,0
2018-01-19,154.23500061035156,154.33599853515625,153.1060028076172,154.1909942626953,0
2018-01-22,153.74400329589844,154.96299743652344,153.48800659179688,153.74000549316406,0
2018-01-23,155.16200256347656,155.36199951171875,153.73599243164062,155.17999267578125,0
2018-01-24,154.29200744628906,155.60699462890625,154.11000061035156,154.29800415039062,0
2018-01-25,155.44700622558594,156.06300354003906,155.03700256347656,155.44700622558594,0
2018-01-26,155.22999572753906,155.81199645996094,153.45700073242188,155.14999389648438,0
2018-01-29,153.7050018310547,154.0070037841797,152.84300231933594,153.71800231933594,0
2018-01-30,153.2989959716797,153.80799865722656,152.00999450683594,153.31700134277344,0
2018-01-31,153.90699768066406,155.28900146484375,153.59500122070312,153.91200256347656,0
2018-02-01,155.0540008544922,156.4219970703125,154.9739990234375,155.0260009765625,0
2018-02-02,156.07699584960938,156.5959930419922,155.72999572753906,156.05599975585938,0
2018-02-05,155.25799560546875,155.39700317382812,153.97500610351562,155.24600219726562,0
2018-02-06,152.11099243164062,152.85299682617188,151.2239990234375,151.94200134277344,0
2018-02-07,152.98599243164062,153.00999450683594,151.34300231933594,153.0030059814453,0
2018-02-08,151.53799438476562,154.00599670410156,151.45700073242188,151.45700073242188,0
2018-02-09,151.23500061035156,152.74400329589844,149.51800537109375,151.26300048828125,0
2018-02-12,150.39999389648438,150.79400634765625,149.67999267578125,150.3990020751953,0
2018-02-13,150.5330047607422,150.52999877929688,148.99600219726562,150.47500610351562,0
2018-02-14,149.60000610351562,149.83700561523438,147.98599243164062,149.61199951171875,0
2018-02-15,149.3679962158203,150.16700744628906,149.0290069580078,149.375,0
2018-02-16,149.6529998779297,149.9429931640625,148.822998046875,149.5919952392578,0
2018-02-19,149.07000732421875,149.45599365234375,148.89999389648438,149.10000610351562,0
2018-02-20,149.2989959716797,150.35000610351562,149.1060028076172,149.3249969482422,0
2018-02-21,150.3260040283203,150.91000366210938,149.47500610351562,150.2989959716797,0
2018-02-22,149.5959930419922,149.7740020751953,148.53599548339844,149.7050018310547,0
2018-02-23,149.0189971923828,149.50799560546875,148.83299255371094,149.0489959716797,0
2018-02-26,149.55599975585938,149.9980010986328,148.99600219726562,149.53199768066406,0
2018-02-27,149.52999877929688,149.7790069580078,148.86399841308594,149.49000549316406,0
2018-02-28,149.38699340820312,149.5070037841797,146.9530029296875,149.3939971923828,0
2018-03-01,146.66600036621094,147.43099975585938,146.48300170898438,146.65899658203125,0
2018-03-02,146.23699951171875,146.4290008544922,145.01800537109375,146.2480010986328,0
2018-03-05,145.59300231933594,146.9600067138672,145.08999633789062,145.61399841308594,0
2018-03-06,147.13999938964844,147.9929962158203,146.55099487304688,147.15899658203125,0
2018-03-07,146.6719970703125,147.4720001220703,146.25799560546875,146.7830047607422,0
2018-03-08,147.63299560546875,147.63299560546875,146.52200317382812,147.61199951171875,0
2018-03-09,146.8699951171875,148.5330047607422,146.80299377441406,146.85000610351562,0
2018-03-12,148.09800720214844,148.20199584960938,147.41900634765625,148.0959930419922,0
2018-03-13,147.77000427246094,149.343994140625,147.77999877929688,147.8260040283203,0
2018-03-14,148.74000549316406,149.13699340820312,147.7830047607422,148.86099243164062,0
2018-03-15,148.30799865722656,148.41799926757812,147.48300170898438,148.2969970703125,0
2018-03-16,148.16299438476562,148.177001953125,147.26199340820312,148.177001953125,0
2018-03-19,147.76100158691406,149.66900634765625,147.04400634765625,147.7519989013672,0
2018-03-20,148.6529998779297,149.7570037841797,148.64500427246094,148.697998046875,0
2018-03-21,149.07000732421875,149.6219940185547,148.96200561523438,149.10400390625,0
2018-03-22,149.82200622558594,149.97000122070312,148.31300354003906,149.77999877929688,0
2018-03-23,148.1300048828125,148.9459991455078,147.7310028076172,148.1490020751953,0
2018-03-26,148.33900451660156,149.60499572753906,148.24000549316406,148.3179931640625,0
2018-03-27,150.2050018310547,150.4810028076172,148.96800231933594,150.24899291992188,0
2018-03-28,149.49400329589844,150.38400268554688,149.13999938964844,149.56700134277344,0
2018-03-29,150.36700439453125,150.4040069580078,149.04100036621094,150.38499450683594,0
2018-03-30,149.3300018310547,149.35499572753906,148.84300231933594,149.3040008544922,0
2018-04-02,149.23500061035156,149.66099548339844,148.68699645996094,149.20399475097656,0
2018-04-03,148.5970001220703,149.86000061035156,148.49400329589844,148.61000061035156,0
2018-04-04,149.7270050048828,150.1490020751953,148.82899475097656,149.74400329589844,0
2018-04-05,150.41900634765625,150.67999267578125,150.03700256347656,150.4219970703125,0
2018-04-06,149.9429931640625,151.1840057373047,149.92599487304688,149.98899841308594,0
2018-04-09,150.72000122070312,151.47799682617188,150.59800720214844,150.6840057373047,0
2018-04-10,150.87899780273438,152.1179962158203,150.72000122070312,150.82400512695312,0
2018-04-11,151.88999938964844,152.23699951171875,151.25999450683594,151.88600158691406,0
2018-04-12,151.55999755859375,152.85899353027344,151.1739959716797,151.5330047607422,0
2018-04-13,152.64599609375,153.83999633789062,152.6999969482422,152.7480010986328,0
2018-04-16,153.1219940185547,153.72999572753906,152.66000366210938,153.1230010986328,0
2018-04-17,153.50999450683594,153.74600219726562,153.0800018310547,153.45700073242188,0
2018-04-18,152.98199462890625,153.62100219726562,152.06100463867188,153.01400756835938,0
2018-04-19,152.4199981689453,152.93299865722656,152.052001953125,152.47300720214844,0
2018-04-20,151.32000732421875,151.66799926757812,150.8800048828125,151.32000732421875,0
2018-04-23,151.03599548339844,151.57220458984375,150.9029998779297,151.02000427246094,0
2018-04-24,151.57699584960938,152.54800415039062,151.40199279785156,151.57000732421875,0
2018-04-25,152.26600646972656,152.55799865722656,152.08999633789062,152.2220001220703,0
2018-04-26,152.41700744628906,152.7050018310547,151.97999572753906,152.3990020751953,0
2018-04-27,152.14300537109375,152.26699829101562,150.30999755859375,152.13400268554688,0
2018-04-30,150.23300170898438,150.8090057373047,149.87100219726562,150.218994140625,0
2018-05-01,150.5760040283203,150.61099243164062,149.13400268554688,150.52099609375,0
2018-05-02,149.5489959716797,150.10299682617188,149.1510009765625,149.51499938964844,0
2018-05-03,149.06199645996094,149.42999267578125,147.63299560546875,149.0500030517578,0
2018-05-04,148.05999755859375,148.25,147.12600708007812,148.08599853515625,0
2018-05-07,147.69500732421875,148.25399780273438,147.33599853515625,147.6699981689453,0
2018-05-08,147.8179931640625,148.0489959716797,147.03199768066406,147.8090057373047,0
2018-05-09,147.74000549316406,149.18299865722656,147.73800659179688,147.77200317382812,0
2018-05-10,148.74000549316406,149.2899932861328,147.49000549316406,148.74000549316406,0
2018-05-11,147.95599365234375,148.47000122070312,147.5989990234375,148.00999450683594,0
2018-05-14,148.1529998779297,149.0469970703125,148.0500030517578,148.1280059814453,0
2018-05-15,148.81199645996094,149.0229949951172,148.4080047607422,148.8159942626953,0
2018-05-16,148.88499450683594,149.03700256347656,148.19500732421875,148.89100646972656,0
2018-05-17,149.4739990234375,149.8249969482422,149.0659942626953,149.5679931640625,0
2018-05-18,149.72999572753906,149.9969940185547,149.11599731445312,149.77000427246094,0
2018-05-21,149.41000366210938,149.60800170898438,148.99000549316406,149.46499633789062,0
2018-05-22,149.0500030517578,149.70199584960938,148.75,149.0780029296875,0
2018-05-23,148.81100463867188,148.9340057373047,145.96400451660156,148.83299255371094,0
2018-05-24,146.89100646972656,147.22999572753906,145.72900390625,146.94700622558594,0
2018-05-25,146.2830047607422,146.68699645996094,145.31100463867188,146.28700256347656,0
2018-05-28,145.88400268554688,146.1529998779297,145.3209991455078,145.88800048828125,0
2018-05-29,145.62899780273438,145.61599731445312,143.25799560546875,145.61599731445312,0
2018-05-30,143.64599609375,145.04200744628906,143.63400268554688,143.7429962158203,0
2018-05-31,144.3939971923828,145.3090057373047,144.13299560546875,144.4459991455078,0
2018-06-01,144.51800537109375,146.24400329589844,144.5,144.5290069580078,0
2018-06-04,146.35000610351562,146.87600708007812,145.8769989013672,146.3470001220703,0
2018-06-05,146.4149932861328,146.93899536132812,146.0800018310547,146.44700622558594,0
2018-06-06,147.27000427246094,147.98399353027344,147.1999969482422,147.28900146484375,0
2018-06-07,147.79600524902344,148.10699462890625,147.0659942626953,147.79800415039062,0
2018-06-08,147.16400146484375,147.41400146484375,146.11399841308594,147.19700622558594,0
2018-06-11,146.7790069580078,147.83799743652344,146.6999969482422,146.85800170898438,0
2018-06-12,147.61300659179688,147.95199584960938,147.0989990234375,147.5570068359375,0
2018-06-13,147.697998046875,147.88699340820312,147.26699829101562,147.7259979248047,0
2018-06-14,147.5,147.8280029296875,146.82899475097656,147.52999877929688,0
2018-06-15,146.65899658203125,147.06300354003906,146.29400634765625,146.66700744628906,0
2018-06-18,146.84300231933594,146.8489990234375,146.1060028076172,146.8489990234375,0
2018-06-19,146.00900268554688,146.14700317382812,144.41000366210938,146.02000427246094,0
2018-06-20,144.98699951171875,145.5019989013672,144.58900451660156,145.00999450683594,0
2018-06-21,145.33999633789062,146.177001953125,144.61300659179688,145.33999633789062,0
2018-06-22,145.65199279785156,146.62600708007812,145.58799743652344,145.6280059814453,0
2018-06-25,145.78700256347656,145.7899932861328,144.6699981689453,145.7899932861328,0
2018-06-26,145.572998046875,145.6739959716797,144.99099731445312,145.56399536132812,0
2018-06-27,145.55499267578125,145.62600708007812,144.8070068359375,145.57699584960938,0
2018-06-28,144.60000610351562,144.63699340820312,143.8000030517578,144.5959930419922,0
2018-06-29,144.44700622558594,146.3090057373047,144.3470001220703,144.41400146484375,0
2018-07-02,146.21499633789062,146.47900390625,145.19200134277344,146.2530059814453,0
2018-07-03,145.7030029296875,146.3719940185547,145.3159942626953,145.70199584960938,0
2018-07-04,145.66799926757812,146.1217041015625,145.57400512695312,145.6479949951172,0
2018-07-05,146.18099975585938,146.85299682617188,145.83399963378906,146.16000366210938,0
2018-07-06,146.1959991455078,146.656005859375,146.1300048828125,146.17599487304688,0
2018-07-09,146.80299377441406,147.59800720214844,146.322998046875,146.79600524902344,0
2018-07-10,147.05099487304688,147.75799560546875,146.91000366210938,147.04600524902344,0
2018-07-11,146.90899658203125,147.69200134277344,146.79800415039062,146.9969940185547,0
2018-07-12,147.85000610351562,148.87600708007812,147.87100219726562,147.87100219726562,0
2018-07-13,148.4770050048828,148.66099548339844,147.66000366210938,148.44700622558594,0
2018-07-16,148.64999389648438,149.29100036621094,148.55299377441406,148.677001953125,0
2018-07-17,148.7270050048828,149.0749969482422,148.10000610351562,148.71800231933594,0
2018-07-18,148.0989990234375,148.21800231933594,146.8699951171875,148.11599731445312,0
2018-07-19,147.49400329589844,147.5260009765625,146.55499267578125,147.51499938964844,0
2018-07-20,146.3179931640625,146.64599609375,145.98599243164062,146.32200622558594,0
2018-07-23,145.99200439453125,146.16000366210938,145.6840057373047,146.01400756835938,0
2018-07-24,146.03399658203125,146.1999969482422,145.47500610351562,146.02699279785156,0
2018-07-25,146.27000427246094,146.49200439453125,145.7899932861328,146.3300018310547,0
2018-07-26,146.29400634765625,146.39500427246094,145.8209991455078,146.3300018310547,0
2018-07-27,145.68899536132812,145.70399475097656,145.3260040283203,145.6929931640625,0
2018-07-30,145.447998046875,145.91799926757812,145.39999389648438,145.41000366210938,0
2018-07-31,145.7790069580078,146.9980010986328,145.47900390625,145.78700256347656,0
2018-08-01,146.64999389648438,147.1300048828125,146.53700256347656,146.6580047607422,0
2018-08-02,146.5050048828125,146.58399963378906,145.01400756835938,146.5330047607422,0
2018-08-03,145.3800048828125,145.49899291992188,144.51800537109375,145.38299560546875,0
2018-08-06,144.6269989013672,144.71800231933594,144.04800415039062,144.59500122070312,0
2018-08-07,144.09100341796875,144.42599487304688,143.8000030517578,144.07899475097656,0
2018-08-08,144.12100219726562,144.25999450683594,142.7519989013672,144.13499450683594,0
2018-08-09,142.8000030517578,143.47300720214844,142.36700439453125,142.8000030517578,0
2018-08-10,142.49099731445312,142.48500061035156,140.9980010986328,142.47999572753906,0
2018-08-13,141.14300537109375,141.81199645996094,140.2729949951172,141.1649932861328,0
2018-08-14,141.21800231933594,142.3979949951172,141.09800720214844,141.09800720214844,0
2018-08-15,141.4720001220703,141.7480010986328,139.91000366210938,141.47000122070312,0
2018-08-16,140.34800720214844,141.13800048828125,140.2100067138672,140.3769989013672,0
2018-08-17,141.0800018310547,141.15199279785156,140.25999450683594,141.0959930419922,0
2018-08-20,140.8000030517578,141.19900512695312,140.72999572753906,140.81199645996094,0
2018-08-21,140.77200317382812,142.15899658203125,140.66700744628906,140.74000549316406,0
2018-08-22,142.11000061035156,142.77699279785156,142.00399780273438,142.09300231933594,0
2018-08-23,142.6909942626953,142.9949951171875,142.44400024414062,142.64999389648438,0
2018-08-24,142.63699340820312,143.20399475097656,142.50999450683594,142.61199951171875,0
2018-08-27,143.10000610351562,143.20799255371094,142.52999877929688,143.0780029296875,0
2018-08-28,143.3249969482422,143.64100646972656,143.05599975585938,143.29400634765625,0
2018-08-29,143.02499389648438,145.4759979248047,142.8350067138672,143.0540008544922,0
2018-08-30,145.61500549316406,145.66600036621094,144.375,145.58200073242188,0
2018-08-31,144.4080047607422,144.63999938964844,143.52000427246094,144.41799926757812,0
2018-09-03,143.61700439453125,143.62399291992188,142.8470001220703,143.61199951171875,0
2018-09-04,142.94700622558594,143.23500061035156,142.593994140625,142.8979949951172,0
2018-09-05,143.30499267578125,144.9340057373047,142.73300170898438,143.2899932861328,0
2018-09-06,143.9149932861328,144.21400451660156,143.25999450683594,143.8800048828125,0
2018-09-07,142.80599975585938,144.3520050048828,142.61000061035156,142.80599975585938,0
2018-09-10,143.3800048828125,145.01499938964844,143.07200622558594,143.3800048828125,0
2018-09-11,144.7779998779297,145.83700561523438,144.45700073242188,144.80599975585938,0
2018-09-12,145.24899291992188,145.36599731445312,144.697998046875,145.25100708007812,0
2018-09-13,145.0850067138672,146.70399475097656,145.0,145.0,0
2018-09-14,146.85699462890625,146.98399353027344,146.35000610351562,146.89500427246094,0
2018-09-17,146.34800720214844,147.33599853515625,146.2899932861328,146.31700134277344,0
2018-09-18,146.8249969482422,147.906005859375,146.79200744628906,146.79200744628906,0
2018-09-19,147.83799743652344,148.47300720214844,147.33399963378906,147.83599853515625,0
2018-09-20,147.593994140625,149.1300048828125,147.3560028076172,147.58900451660156,0
2018-09-21,149.28399658203125,149.70700073242188,147.01400756835938,149.26199340820312,0
2018-09-24,147.17100524902344,148.27499389648438,146.96099853515625,147.1649932861328,0
2018-09-25,147.93600463867188,148.6820068359375,147.7899932861328,147.94400024414062,0
2018-09-26,148.8699951171875,149.04800415039062,148.33999633789062,148.8939971923828,0
2018-09-27,148.43899536132812,148.7220001220703,147.61399841308594,148.41099548339844,0
2018-09-28,148.21099853515625,148.60499572753906,147.55599975585938,148.25999450683594,0
2018-10-01,148.36099243164062,149.1649932861328,148.2729949951172,148.3300018310547,0
2018-10-02,148.61500549316406,148.68099975585938,147.19400024414062,148.63600158691406,0
2018-10-03,147.41200256347656,148.5050048828125,147.2480010986328,147.40499877929688,0
2018-10-04,148.14300537109375,148.59800720214844,147.7100067138672,148.1300048828125,0
2018-10-05,148.33200073242188,149.0780029296875,148.10000610351562,148.3179931640625,0
2018-10-08,149.26499938964844,149.49200439453125,147.5229949951172,149.2310028076172,0
2018-10-09,148.06900024414062,148.71299743652344,147.3560028076172,148.06199645996094,0
2018-10-10,148.65699768066406,149.29100036621094,148.5399932861328,148.6439971923828,0
2018-10-11,148.03399658203125,148.7550048828125,147.88099670410156,148.0469970703125,0
2018-10-12,148.32200622558594,148.97500610351562,147.32400512695312,148.32000732421875,0
2018-10-15,147.0070037841797,147.41299438476562,146.51600646972656,147.0290069580078,0
2018-10-16,147.11099243164062,148.39199829101562,147.0800018310547,147.125,0
2018-10-17,148.13900756835938,148.24000549316406,147.06300354003906,148.093994140625,0
2018-10-18,147.55499267578125,147.71400451660156,146.4250030517578,147.53900146484375,0
2018-10-19,146.0570068359375,147.00799560546875,146.05999755859375,146.08799743652344,0
2018-10-22,146.9510040283203,147.57000732421875,146.06100463867188,146.92100524902344,0
2018-10-23,146.18600463867188,146.3699951171875,145.3280029296875,146.16000366210938,0
2018-10-24,145.93899536132812,146.2949981689453,144.99000549316406,145.94900512695312,0
2018-10-25,144.33700561523438,145.01800537109375,144.0959930419922,144.3489990234375,0
2018-10-26,144.072998046875,144.125,142.77000427246094,144.00100708007812,0
2018-10-29,143.58200073242188,144.37100219726562,143.35699462890625,143.55999755859375,0
2018-10-30,143.79200744628906,144.375,143.53199768066406,143.75999450683594,0
2018-10-31,143.6699981689453,145.1060028076172,143.6199951171875,143.64199829101562,0
2018-11-01,144.0970001220703,146.32000732421875,144.031005859375,144.0399932861328,0
2018-11-02,146.5399932861328,147.22900390625,146.32000732421875,146.51499938964844,0
2018-11-05,147.13600158691406,147.50100708007812,146.87600708007812,147.11700439453125,0
2018-11-06,147.85400390625,148.35400390625,147.30599975585938,147.86000061035156,0
2018-11-07,148.63900756835938,149.22000122070312,148.35899353027344,148.64199829101562,0
2018-11-08,149.06500244140625,149.47500610351562,148.76800537109375,149.07400512695312,0
2018-11-09,148.88400268554688,148.9600067138672,147.61399841308594,148.88699340820312,0
2018-11-12,147.28599548339844,147.56500244140625,146.08399963378906,147.2740020751953,0
2018-11-13,146.1580047607422,148.63800048828125,146.0,146.10299682617188,0
2018-11-14,148.08200073242188,148.39999389648438,146.85000610351562,148.1179962158203,0
2018-11-15,147.46299743652344,147.8979949951172,144.44000244140625,147.4499969482422,0
2018-11-16,144.92999267578125,145.43299865722656,144.72000122070312,144.95799255371094,0
2018-11-19,144.65199279785156,145.26699829101562,144.41200256347656,144.6699981689453,0
2018-11-20,144.6020050048828,144.8520050048828,143.99000549316406,144.59100341796875,0
2018-11-21,144.1479949951172,144.88400268554688,144.0800018310547,144.13600158691406,0
2018-11-22,144.39700317382812,145.8560028076172,144.29200744628906,144.3800048828125,0
2018-11-23,145.4499969482422,145.51699829101562,144.37600708007812,145.4499969482422,0
2018-11-26,144.6649932861328,145.73199462890625,144.66299438476562,144.7259979248047,0
2018-11-27,145.4250030517578,145.50399780273438,144.60400390625,145.4409942626953,0
2018-11-28,144.9550018310547,145.68899536132812,144.86000061035156,144.97000122070312,0
2018-11-29,145.60400390625,145.66000366210938,144.5500030517578,145.60299682617188,0
2018-11-30,144.9600067138672,145.25399780273438,144.66600036621094,144.96200561523438,0
2018-12-03,145.0399932861328,145.5030059814453,144.19200134277344,145.00999450683594,0
2018-12-04,144.53500366210938,144.68699645996094,143.6199951171875,144.5330047607422,0
2018-12-05,143.34100341796875,144.45799255371094,143.27200317382812,143.33299255371094,0
2018-12-06,143.87899780273438,144.05599975585938,143.25,143.8800048828125,0
2018-12-07,143.99000549316406,144.18899536132812,143.46200561523438,144.0590057373047,0
2018-12-10,143.0800018310547,143.66000366210938,141.26300048828125,143.09800720214844,0
2018-12-11,142.13999938964844,142.83599853515625,141.81199645996094,142.16700744628906,0
2018-12-12,141.63699340820312,143.41799926757812,141.52999877929688,141.63999938964844,0
2018-12-13,143.05099487304688,143.8939971923828,142.99000549316406,143.0050048828125,0
2018-12-14,143.68800354003906,143.70399475097656,142.40499877929688,143.7010040283203,0
2018-12-17,142.69200134277344,143.20700073242188,142.26100158691406,142.69200134277344,0
2018-12-18,142.3249969482422,142.63999938964844,141.96099853515625,142.33200073242188,0
2018-12-19,142.3699951171875,142.51199340820312,141.64300537109375,142.3419952392578,0
2018-12-20,141.94500732421875,142.072998046875,140.81700134277344,141.91000366210938,0
2018-12-21,140.82000732421875,141.156005859375,140.2469940185547,140.8350067138672,0
2018-12-24,140.45700073242188,140.8470001220703,140.3000030517578,140.52000427246094,0
2018-12-25,140.1699981689453,140.9199981689453,139.5399932861328,140.24000549316406,0
2018-12-26,140.05299377441406,140.4810028076172,139.7570037841797,140.07000732421875,0
2018-12-27,140.6959991455078,140.76600646972656,139.8300018310547,140.70199584960938,0
2018-12-28,140.20599365234375,140.30499267578125,139.48500061035156,140.21099853515625,0
2018-12-31,140.02699279785156,140.86000061035156,139.65499877929688,140.00399780273438,0
2019-01-01,139.60000610351562,139.77999877929688,138.02999877929688,139.75,0
2019-01-02,139.85800170898438,139.8489990234375,137.4459991455078,139.8489990234375,0
2019-01-03,134.48399353027344,136.73399353027344,133.90899658203125,134.4929962158203,0
2019-01-04,136.14100646972656,137.9499969482422,135.83200073242188,136.2010040283203,0
2019-01-07,138.18299865722656,138.6750030517578,137.66299438476562,138.12100219726562,0
2019-01-08,138.8560028076172,139.38699340820312,138.1230010986328,138.89999389648438,0
2019-01-09,138.54200744628906,139.06100463867188,137.76100158691406,138.51600646972656,0
2019-01-10,138.46299743652344,138.47500610351562,137.41900634765625,138.42799377441406,0
2019-01-11,138.08999633789062,139.0919952392578,137.7030029296875,138.1490020751953,0
2019-01-14,139.35800170898438,139.99000549316406,138.60899353027344,139.36500549316406,0
2019-01-15,139.343994140625,140.42300415039062,138.51199340820312,139.35800170898438,0
2019-01-16,139.83900451660156,140.31900024414062,138.99099731445312,139.8560028076172,0
2019-01-17,140.49000549316406,141.09500122070312,139.5540008544922,140.4709930419922,0
2019-01-18,141.70799255371094,142.06700134277344,141.22300720214844,141.6909942626953,0
2019-01-21,140.91900634765625,141.5189971923828,140.69700622558594,140.9149932861328,0
2019-01-22,141.34500122070312,141.86900329589844,140.6490020751953,141.36700439453125,0
2019-01-23,141.68899536132812,143.5489959716797,141.66000366210938,141.6909942626953,0
2019-01-24,143.2310028076172,143.5330047607422,142.73199462890625,143.21800231933594,0
2019-01-25,143.78199768066406,144.4770050048828,143.41299438476562,143.6840057373047,0
2019-01-28,144.48800659179688,144.4980010986328,143.61000061035156,144.4669952392578,0
2019-01-29,143.74000549316406,144.43299865722656,143.42599487304688,143.78500366210938,0
2019-01-30,143.05999755859375,143.57400512695312,142.8209991455078,143.10499572753906,0
2019-01-31,142.91000366210938,143.16000366210938,142.25100708007812,142.906005859375,0
2019-02-01,142.6820068359375,143.45199584960938,142.09800720214844,142.6790008544922,0
2019-02-04,143.10499572753906,144.13999938964844,143.14999389648438,143.16700744628906,0
2019-02-05,143.2899932861328,143.47999572753906,142.05299377441406,143.3090057373047,0
2019-02-06,142.43899536132812,142.50599670410156,141.7899932861328,142.42300415039062,0
2019-02-07,142.21800231933594,142.61000061035156,141.11500549316406,142.2310028076172,0
2019-02-08,142.1230010986328,142.50900268554688,141.85400390625,142.1320037841797,0
2019-02-11,142.00999450683594,142.49899291992188,141.875,142.0570068359375,0
2019-02-12,142.0,142.49000549316406,141.8800048828125,142.0030059814453,0
2019-02-13,142.47000122070312,143.2989959716797,142.42599487304688,142.447998046875,0
2019-02-14,142.59100341796875,143.0260009765625,141.30099487304688,142.59300231933594,0
2019-02-15,141.4550018310547,142.16000366210938,141.0229949951172,141.4510040283203,0
2019-02-18,142.677001953125,142.99600219726562,142.5,142.62399291992188,0
2019-02-19,142.89999389648438,144.27999877929688,142.4770050048828,142.8800048828125,0
2019-02-20,144.41000366210938,145.02000427246094,144.14199829101562,144.4340057373047,0
2019-02-21,144.48800659179688,144.91400146484375,144.11199951171875,144.48599243164062,0
2019-02-22,144.3679962158203,144.73699951171875,143.77999877929688,144.35000610351562,0
2019-02-25,144.71400451660156,145.06700134277344,144.4499969482422,144.69700622558594,0
2019-02-26,145.76100158691406,147.00900268554688,145.38099670410156,145.7429962158203,0
2019-02-27,146.56100463867188,148.0240020751953,146.1580047607422,146.5780029296875,0
2019-02-28,147.63600158691406,148.22300720214844,146.98599243164062,147.62399291992188,0
2019-03-01,147.70399475097656,148.56300354003906,147.69000244140625,147.71800231933594,0
2019-03-04,148.14999389648438,148.2969970703125,147.11700439453125,148.15499877929688,0
2019-03-05,147.2969970703125,147.7209930419922,146.61700439453125,147.26800537109375,0
2019-03-06,147.13999938964844,147.16299438476562,146.6699981689453,147.13999938964844,0
2019-03-07,147.1269989013672,147.2740020751953,146.02499389648438,147.13400268554688,0
2019-03-08,146.12899780273438,146.14100646972656,144.52000427246094,146.14100646972656,0
2019-03-11,144.25900268554688,145.66299438476562,143.72300720214844,144.2100067138672,0
2019-03-12,147.4739990234375,147.44500732421875,144.63299560546875,147.44500732421875,0
2019-03-13,145.40499877929688,147.16700744628906,145.41799926757812,145.4250030517578,0
2019-03-14,147.71299743652344,148.85800170898438,147.4029998779297,147.70199584960938,0
2019-03-15,148.156005859375,148.26600646972656,147.4459991455078,148.16000366210938,0
2019-03-18,148.32899475097656,148.37600708007812,147.01600646972656,148.3179931640625,0
2019-03-19,147.69700622558594,148.0189971923828,147.5189971923828,147.72500610351562,0
2019-03-20,147.83799743652344,148.06199645996094,146.56500244140625,147.86399841308594,0
2019-03-21,146.1199951171875,146.38299560546875,144.8699951171875,146.10899353027344,0
2019-03-22,145.48199462890625,145.73399353027344,144.54400634765625,145.46600341796875,0
2019-03-25,145.36500549316406,145.78599548339844,144.6699981689453,145.41299438476562,0
2019-03-26,145.447998046875,146.42999267578125,145.0240020751953,145.35699462890625,0
2019-03-27,146.02000427246094,146.3769989013672,145.52999877929688,145.99000549316406,0
2019-03-28,145.322998046875,145.4969940185547,144.5,145.30599975585938,0
2019-03-29,144.42100524902344,145.38400268554688,143.87899780273438,144.44000244140625,0
2019-04-01,144.53399658203125,146.25999450683594,144.41900634765625,144.51499938964844,0
2019-04-02,145.63299560546875,145.64500427246094,144.94400024414062,145.60299682617188,0
2019-04-03,146.10400390625,147.17100524902344,146.0,146.1009979248047,0
2019-04-04,146.76300048828125,146.9459991455078,145.74099731445312,146.7550048828125,0
2019-04-05,145.96400451660156,146.5050048828125,145.28900146484375,145.9499969482422,0
2019-04-08,145.63099670410156,145.6219940185547,145.10499572753906,145.60800170898438,0
2019-04-09,145.5760040283203,145.98300170898438,144.81300354003906,145.55999755859375,0
2019-04-10,145.05799865722656,145.64100646972656,144.95899963378906,144.9600067138672,0
2019-04-11,145.3300018310547,145.91600036621094,145.177001953125,145.36099243164062,0
2019-04-12,145.72000122070312,146.96600341796875,145.69000244140625,145.72300720214844,0
2019-04-15,146.5679931640625,146.96600341796875,146.36099243164062,146.57899475097656,0
2019-04-16,146.61000061035156,146.73899841308594,146.0,146.63699340820312,0
2019-04-17,146.03199768066406,146.33599853515625,145.85299682617188,146.02699279785156,0
2019-04-18,146.02000427246094,146.05799865722656,145.40899658203125,146.05799865722656,0
2019-04-19,145.48899841308594,145.54299926757812,145.3300018310547,145.46800231933594,0
2019-04-22,145.39199829101562,145.4980010986328,145.1999969482422,145.38999938964844,0
2019-04-23,145.28900146484375,145.61300659179688,144.70399475097656,145.28900146484375,0
2019-04-24,144.73699951171875,144.8820037841797,144.39999389648438,144.71299743652344,0
2019-04-25,144.6999969482422,144.8470001220703,143.82200622558594,144.69000244140625,0
2019-04-26,143.88800048828125,144.41400146484375,143.74000549316406,143.86500549316406,0
2019-04-29,144.1999969482422,144.71400451660156,144.1719970703125,144.2100067138672,0
2019-04-30,144.46499633789062,145.35400390625,144.0469970703125,144.4199981689453,0
2019-05-01,145.29800415039062,145.68800354003906,145.2689971923828,145.27999877929688,0
2019-05-02,145.4770050048828,145.8520050048828,145.11199951171875,145.468994140625,0
2019-05-03,145.30799865722656,146.5019989013672,144.8000030517578,145.28199768066406,0
2019-05-06,145.47900390625,145.54100036621094,144.99000549316406,145.4340057373047,0
2019-05-07,145.11500549316406,145.35299682617188,143.96499633789062,145.1179962158203,0
2019-05-08,144.05999755859375,144.06500244140625,143.0590057373047,144.04200744628906,0
2019-05-09,143.1580047607422,143.18099975585938,142.2760009765625,143.1529998779297,0
2019-05-10,142.83900451660156,143.21800231933594,142.49000549316406,142.9080047607422,0
2019-05-13,142.62600708007812,142.86700439453125,141.33099365234375,142.60499572753906,0
2019-05-14,141.48300170898438,142.16400146484375,141.36000061035156,141.52099609375,0
2019-05-15,141.54100036621094,141.63400268554688,140.21200561523438,141.5469970703125,0
2019-05-16,140.63600158691406,140.79100036621094,140.20399475097656,140.57899475097656,0
2019-05-17,140.60000610351562,140.64300537109375,139.56300354003906,140.57200622558594,0
2019-05-20,140.23599243164062,140.5070037841797,139.7449951171875,140.21400451660156,0
2019-05-21,140.08999633789062,141.4600067138672,139.6510009765625,140.08999633789062,0
2019-05-22,140.4929962158203,140.68099975585938,139.34300231933594,140.4510040283203,0
2019-05-23,139.572998046875,139.56900024414062,138.7310028076172,139.56900024414062,0
2019-05-24,138.7220001220703,139.4770050048828,138.531005859375,138.7169952392578,0
2019-05-27,139.19200134277344,139.63299560546875,138.67300415039062,139.17300415039062,0
2019-05-28,138.86000061035156,138.99600219726562,138.25999450683594,138.843994140625,0
2019-05-29,138.39100646972656,138.55799865722656,137.8719940185547,138.43699645996094,0
2019-05-30,138.3350067138672,138.718994140625,138.18600463867188,138.33700561523438,0
2019-05-31,137.87899780273438,137.94400024414062,136.6300048828125,137.77999877929688,0
2019-06-03,136.76100158691406,137.11099243164062,136.61599731445312,136.79800415039062,0
2019-06-04,136.79100036621094,137.45799255371094,136.5399932861328,136.82200622558594,0
2019-06-05,137.49000549316406,137.75799560546875,137.1999969482422,137.47900390625,0
2019-06-06,137.43699645996094,137.73300170898438,136.97000122070312,137.43899536132812,0
2019-06-07,137.68899536132812,138.1649932861328,137.4929962158203,137.69000244140625,0
2019-06-10,137.94000244140625,138.24899291992188,137.48399353027344,137.96200561523438,0
2019-06-11,137.50799560546875,138.31199645996094,137.47999572753906,137.5279998779297,0
2019-06-12,138.00999450683594,138.2310028076172,137.552001953125,138.01199340820312,0
2019-06-13,137.69700622558594,137.77200317382812,137.1320037841797,137.72300720214844,0
2019-06-14,137.33700561523438,137.39500427246094,136.531005859375,137.3280029296875,0
2019-06-17,136.73800659179688,136.92599487304688,136.35299682617188,136.71299743652344,0
2019-06-18,136.125,136.1179962158203,135.4029998779297,136.10000610351562,0
2019-06-19,136.427001953125,136.9739990234375,135.8040008544922,136.43299865722656,0
2019-06-20,136.79800415039062,137.15499877929688,136.38999938964844,136.7830047607422,0
2019-06-21,136.32200622558594,136.7519989013672,135.92999267578125,136.3159942626953,0
2019-06-24,136.8179931640625,137.125,136.50100708007812,136.8260040283203,0
2019-06-25,136.71499633789062,136.82899475097656,135.81399536132812,136.74899291992188,0
2019-06-26,135.97999572753906,136.80799865722656,136.00999450683594,136.00999450683594,0
2019-06-27,136.7550048828125,137.3000030517578,136.46600341796875,136.75900268554688,0
2019-06-28,136.54600524902344,137.1699981689453,136.25999450683594,136.5760040283203,0
2019-07-01,137.57000732421875,137.54299926757812,136.74000549316406,137.54299926757812,0
2019-07-02,137.01800537109375,137.11500549316406,135.98800659179688,137.03700256347656,0
2019-07-03,135.77999877929688,135.8179931640625,135.1739959716797,135.8179931640625,0
2019-07-04,135.57000732421875,135.69900512695312,135.4530029296875,135.58900451660156,0
2019-07-05,135.63699340820312,135.83599853515625,135.47000122070312,135.6540069580078,0
2019-07-08,135.86300659179688,136.01199340820312,135.52000427246094,135.86199951171875,0
2019-07-09,136.0500030517578,136.26699829101562,135.40699768066406,136.0500030517578,0
2019-07-10,135.7010040283203,136.04200744628906,135.48899841308594,135.67999267578125,0
2019-07-11,135.5050048828125,136.03799438476562,135.07699584960938,135.47799682617188,0
2019-07-12,135.98199462890625,136.00999450683594,135.51300048828125,135.94000244140625,0
2019-07-15,135.55999755859375,135.8280029296875,135.06700134277344,135.52000427246094,0
2019-07-16,135.05499267578125,135.24400329589844,133.97000122070312,135.03799438476562,0
2019-07-17,134.27999877929688,134.48399353027344,133.9709930419922,134.26199340820312,0
2019-07-18,134.1840057373047,134.80099487304688,133.83999633789062,134.18499755859375,0
2019-07-19,134.6929931640625,134.98899841308594,134.5659942626953,134.72500610351562,0
2019-07-22,134.86000061035156,135.0760040283203,134.406005859375,134.88600158691406,0
2019-07-23,134.57000732421875,134.9600067138672,134.33099365234375,134.52999877929688,0
2019-07-24,134.58999633789062,135.2530059814453,134.26100158691406,134.5800018310547,0
2019-07-25,135.06300354003906,135.64100646972656,134.71200561523438,135.05499267578125,0
2019-07-26,135.2899932861328,135.3820037841797,134.52999877929688,135.32400512695312,0
2019-07-29,134.4409942626953,134.4499969482422,132.93899536132812,134.42999267578125,0
2019-07-30,132.98199462890625,133.0330047607422,131.6020050048828,132.9759979248047,0
2019-07-31,132.01800537109375,132.96099853515625,131.83999633789062,131.968994140625,0
2019-08-01,132.24400329589844,132.53399658203125,131.00900268554688,132.2519989013672,0
2019-08-02,130.24000549316406,130.3990020751953,129.08999633789062,130.2310028076172,0
2019-08-05,129.4810028076172,129.55599975585938,128.1719970703125,129.49600219726562,0
2019-08-06,128.36700439453125,130.0540008544922,128.3820037841797,128.3820037841797,0
2019-08-07,129.38800048828125,129.50900268554688,128.26300048828125,129.3699951171875,0
2019-08-08,128.83999633789062,129.31700134277344,128.33999633789062,128.84100341796875,0
2019-08-09,128.55799865722656,128.70399475097656,127.27100372314453,128.5590057373047,0
2019-08-12,126.66600036621094,127.47699737548828,126.65499877929688,126.69499969482422,0
2019-08-13,127.2300033569336,129.18800354003906,126.81199645996094,127.26000213623047,0
2019-08-14,128.5800018310547,128.63400268554688,127.56700134277344,128.5540008544922,0
2019-08-15,127.69999694824219,128.91799926757812,127.56500244140625,127.72599792480469,0
2019-08-16,128.25799560546875,129.54400634765625,128.13999938964844,128.2779998779297,0
2019-08-19,129.3699951171875,129.53199768066406,128.9600067138672,129.36000061035156,0
2019-08-20,129.25399780273438,129.39199829101562,128.27000427246094,129.2519989013672,0
2019-08-21,129.24200439453125,129.66200256347656,128.88999938964844,129.25999450683594,0
2019-08-22,129.31399536132812,130.63099670410156,128.75799560546875,129.3070068359375,0
2019-08-23,130.4199981689453,130.54200744628906,129.01400756835938,130.4429931640625,0
2019-08-26,128.5540008544922,130.01699829101562,128.57200622558594,128.57200622558594,0
2019-08-27,129.51800537109375,130.3209991455078,128.99000549316406,129.5189971923828,0
2019-08-28,129.875,130.06199645996094,128.53599548339844,129.8679962158203,0
2019-08-29,129.593994140625,129.9949951171875,129.0030059814453,129.60899353027344,0
2019-08-30,129.69200134277344,129.79400634765625,129.18299865722656,129.72999572753906,0
2019-09-02,129.02000427246094,129.29400634765625,127.96199798583984,129.0679931640625,0
2019-09-03,128.1179962158203,128.22999572753906,126.72000122070312,128.11000061035156,0
2019-09-04,127.97000122070312,129.7899932861328,127.91999816894531,127.98699951171875,0
2019-09-05,130.197998046875,132.0919952392578,129.968994140625,130.21099853515625,0
2019-09-06,131.94000244140625,132.11199951171875,131.33700561523438,131.94000244140625,0
2019-09-09,131.3560028076172,132.51600646972656,130.82400512695312,131.33999633789062,0
2019-09-10,132.49899291992188,132.85400390625,132.00999450683594,132.48599243164062,0
2019-09-11,132.9149932861328,133.35400390625,132.6999969482422,132.8800048828125,0
2019-09-12,133.23199462890625,133.52200317382812,132.197998046875,133.2100067138672,0
2019-09-13,133.36599731445312,134.7530059814453,133.302001953125,133.375,0
2019-09-16,134.65699768066406,134.6529998779297,133.88999938964844,134.63999938964844,0
2019-09-17,134.3979949951172,135.17100524902344,133.98500061035156,134.3820037841797,0
2019-09-18,135.1179962158203,135.22500610351562,134.6060028076172,135.14599609375,0
2019-09-19,135.197998046875,135.21800231933594,134.27999877929688,135.20399475097656,0
2019-09-20,135.30599975585938,135.7270050048828,134.58099365234375,135.32899475097656,0
2019-09-23,134.24000549316406,134.52999877929688,133.35000610351562,134.21299743652344,0
2019-09-24,133.77499389648438,134.46299743652344,133.52999877929688,133.80499267578125,0
2019-09-25,133.7830047607422,133.9759979248047,132.85899353027344,133.80599975585938,0
2019-09-26,133.08599853515625,133.27699279785156,132.3800048828125,133.07200622558594,0
2019-09-27,132.8459930419922,133.26600646972656,132.32000732421875,132.82899475097656,0
2019-09-30,132.67999267578125,133.3260040283203,132.4600067138672,132.66000366210938,0
2019-10-01,132.7899932861328,133.32000732421875,131.79100036621094,132.77999877929688,0
2019-10-02,132.41700744628906,132.53599548339844,131.57899475097656,132.42599487304688,0
2019-10-03,131.8419952392578,132.5260009765625,131.47999572753906,131.83900451660156,0
2019-10-04,131.83799743652344,131.9720001220703,131.25999450683594,131.8090057373047,0
2019-10-07,131.6719970703125,131.9340057373047,131.30599975585938,131.67999267578125,0
2019-10-08,131.78199768066406,132.10000610351562,130.44000244140625,131.7899932861328,0
2019-10-09,130.68699645996094,131.7050018310547,130.65899658203125,130.68800354003906,0
2019-10-10,130.8780059814453,133.63099670410156,130.86199951171875,130.9250030517578,0
2019-10-11,134.11000061035156,137.8090057373047,134.07000732421875,134.07000732421875,0
2019-10-14,136.8419952392578,136.97999572753906,135.56100463867188,136.76300048828125,0
2019-10-15,136.66700744628906,139.20599365234375,136.51100158691406,136.6199951171875,0
2019-10-16,138.83200073242188,139.81100463867188,137.59500122070312,138.8280029296875,0
2019-10-17,139.33399963378906,141.343994140625,138.68899536132812,139.28900146484375,0
2019-10-18,139.69000244140625,140.31399536132812,139.33999633789062,139.67999267578125,0
2019-10-21,139.83599853515625,141.3070068359375,139.77699279785156,139.84800720214844,0
2019-10-22,140.85400390625,141.08900451660156,139.9600067138672,140.85699462890625,0
2019-10-23,139.7429962158203,140.03700256347656,139.0800018310547,139.7469940185547,0
2019-10-24,140.35699462890625,140.69200134277344,139.0970001220703,140.31100463867188,0
2019-10-25,139.4199981689453,139.74400329589844,139.00999450683594,139.4499969482422,0
2019-10-28,139.4770050048828,140.19400024414062,139.30999755859375,139.46099853515625,0
2019-10-29,140.08299255371094,140.51499938964844,139.47500610351562,140.0850067138672,0
2019-10-30,140.052001953125,140.44900512695312,139.94000244140625,140.072998046875,0
2019-10-31,140.3419952392578,140.656005859375,139.75,140.35899353027344,0
2019-11-01,139.73199462890625,140.1269989013672,139.67999267578125,139.76199340820312,0
2019-11-04,139.9969940185547,140.21299743652344,139.91000366210938,139.98199462890625,0
2019-11-05,140.08399963378906,140.531005859375,139.9969940185547,140.0590057373047,0
2019-11-06,140.5749969482422,140.57400512695312,140.05999755859375,140.53799438476562,0
2019-11-07,140.01400756835938,140.5229949951172,139.48699951171875,140.01400756835938,0
2019-11-08,140.08099365234375,140.197998046875,139.48800659179688,140.0800018310547,0
2019-11-11,139.74400329589844,140.45899963378906,139.36000061035156,139.73899841308594,0
2019-11-12,140.13400268554688,140.57200622558594,139.947998046875,140.13600158691406,0
2019-11-13,140.0659942626953,140.24000549316406,139.4499969482422,140.0570068359375,0
2019-11-14,139.8300018310547,139.8459930419922,139.38999938964844,139.7949981689453,0
2019-11-15,139.7449951171875,140.43899536132812,139.66000366210938,139.74099731445312,0
2019-11-18,140.42999267578125,141.5290069580078,140.38999938964844,140.4239959716797,0
2019-11-19,140.6909942626953,140.91299438476562,140.27000427246094,140.7169952392578,0
2019-11-20,140.197998046875,140.43899536132812,139.72799682617188,140.24600219726562,0
2019-11-21,140.19000244140625,140.85299682617188,139.9669952392578,140.22300720214844,0
2019-11-22,140.25,140.44400024414062,139.33399963378906,140.25999450683594,0
2019-11-25,139.6999969482422,140.60699462890625,139.63999938964844,139.71299743652344,0
2019-11-26,140.55499267578125,140.85299682617188,139.99000549316406,140.56500244140625,0
2019-11-27,140.29800415039062,140.9720001220703,140.02999877929688,140.27000427246094,0
2019-11-28,141.3699951171875,141.74400329589844,141.22999572753906,141.41700744628906,0
2019-11-29,141.3939971923828,141.68099975585938,141.12899780273438,141.36700439453125,0
2019-12-02,141.4239959716797,141.7989959716797,140.9720001220703,141.4029998779297,0
2019-12-03,141.0659942626953,141.6959991455078,140.92100524902344,141.0290069580078,0
2019-12-04,141.1999969482422,142.76300048828125,140.82000732421875,141.21200561523438,0
2019-12-05,142.66600036621094,143.2469940185547,142.61000061035156,142.6790008544922,0
2019-12-06,143.07400512695312,143.1300048828125,142.38999938964844,143.08200073242188,0
2019-12-09,142.7169952392578,143.07899475097656,142.55999755859375,142.75,0
2019-12-10,142.70399475097656,143.27000427246094,142.63699340820312,142.74899291992188,0
2019-12-11,142.80599975585938,143.31100463867188,142.57000732421875,142.8260040283203,0
2019-12-12,143.27200317382812,143.63658142089844,142.49600219726562,143.2760009765625,0
2019-12-13,147.41900634765625,147.9320068359375,145.4669952392578,147.4320068359375,0
2019-12-16,146.0709991455078,146.73300170898438,145.8470001220703,146.0659942626953,0
2019-12-17,145.42300415039062,145.71299743652344,143.50799560546875,145.38600158691406,0
2019-12-18,143.68800354003906,143.69900512695312,143.08599853515625,143.69900512695312,0
2019-12-19,143.3515625,143.8209991455078,142.03599548339844,143.31700134277344,0
2019-12-20,142.36000061035156,143.02499389648438,142.17999267578125,142.38099670410156,0
2019-12-23,142.38099670410156,142.50100708007812,141.1649932861328,142.38600158691406,0
2019-12-24,141.53811645507812,141.7830047607422,141.32899475097656,141.54100036621094,0
2019-12-25,141.39999389648438,142.4199981689453,140.63499450683594,141.41000366210938,0
2019-12-26,141.85899353027344,142.68600463867188,141.83399963378906,141.8489990234375,0
2019-12-27,142.46299743652344,143.65499877929688,142.0229949951172,142.41600036621094,0
2019-12-30,143.2480010986328,143.41400146484375,142.76800537109375,143.2550048828125,0
2019-12-31,142.76400756835938,144.33399963378906,142.42799377441406,142.75799560546875,0
2020-01-01,144.4199981689453,145.30723571777344,144.00999450683594,144.6678009033203,0
2020-01-02,144.04800415039062,144.16900634765625,142.2760009765625,144.0290069580078,0
2020-01-03,142.70799255371094,142.73699951171875,141.0229949951172,142.6490020751953,0
2020-01-06,141.2010040283203,142.72900390625,141.1199951171875,141.26100158691406,0
2020-01-07,142.7729949951172,143.2729949951172,142.03399658203125,142.77699279785156,0
2020-01-08,141.63900756835938,142.94700622558594,141.13499450683594,141.55999755859375,0
2020-01-09,142.875,143.447998046875,142.4199981689453,142.906005859375,0
2020-01-10,143.11000061035156,143.48800659179688,142.8699951171875,143.1020050048828,0
2020-01-13,142.91200256347656,142.96200561523438,142.38099670410156,142.8509979248047,0
2020-01-14,142.8470001220703,143.2469940185547,142.4499969482422,142.85299682617188,0
2020-01-15,143.04600524902344,143.343994140625,142.69000244140625,143.06500244140625,0
2020-01-16,143.28700256347656,144.10699462890625,143.27000427246094,143.27200317382812,0
2020-01-17,144.0570068359375,144.4720001220703,143.36000061035156,144.05499267578125,0
2020-01-20,143.30999755859375,143.3419952392578,142.81399536132812,143.3090057373047,0
2020-01-21,143.26199340820312,143.96600341796875,142.86099243164062,143.26699829101562,0
2020-01-22,143.3860626220703,144.5679931640625,143.33900451660156,143.41000366210938,0
2020-01-23,144.21499633789062,144.28700256347656,143.21099853515625,144.2310028076172,0
2020-01-24,143.71499633789062,144.21499633789062,142.822998046875,143.73500061035156,0
2020-01-27,142.10299682617188,142.73399353027344,142.11500549316406,142.11500549316406,0
2020-01-28,142.23899841308594,142.43499755859375,141.4949951171875,142.24400329589844,0
2020-01-29,142.12899780273438,142.20553588867188,141.70700073242188,142.12100219726562,0
2020-01-30,141.91099548339844,142.67799377441406,141.26400756835938,141.9219970703125,0
2020-01-31,142.46099853515625,143.27999877929688,142.5050048828125,142.5050048828125,0
2020-02-03,142.84271240234375,143.0970001220703,141.1320037841797,142.83700561523438,0
2020-02-04,141.15199279785156,142.54200744628906,140.97000122070312,141.13999938964844,0
2020-02-05,142.61000061035156,143.33299255371094,142.24000549316406,142.6142578125,0
2020-02-06,142.69000244140625,142.80299377441406,142.0800018310547,142.71099853515625,0
2020-02-07,142.16329956054688,142.35499572753906,141.61500549316406,142.15699768066406,0
2020-02-10,141.3280029296875,142.07400512695312,141.27000427246094,141.29080200195312,0
2020-02-11,141.75999450683594,142.44200134277344,141.67999267578125,141.74020385742188,0
2020-02-12,142.30499267578125,142.87600708007812,142.2270050048828,142.27999877929688,0
2020-02-13,142.3179931640625,143.46499633789062,142.13999938964844,142.34800720214844,0
2020-02-14,143.16000366210938,143.3939971923828,142.7779998779297,143.2050018310547,0
2020-02-17,143.28900146484375,143.33200073242188,142.87399291992188,143.2480010986328,0
2020-02-18,142.8300018310547,143.21499633789062,142.33200073242188,142.8000030517578,0
2020-02-19,142.88699340820312,143.9459991455078,142.80999755859375,142.88999938964844,0
2020-02-20,143.74000549316406,144.5749969482422,143.61199951171875,143.73399353027344,0
2020-02-21,144.21499633789062,144.93800354003906,143.76300048828125,144.218994140625,0
2020-02-24,144.49400329589844,144.60000610351562,142.81199645996094,144.47799682617188,0
2020-02-25,143.28399658203125,143.61000061035156,143.0469970703125,143.28700256347656,0
2020-02-26,143.3939971923828,143.69900512695312,142.59100341796875,143.375,0
2020-02-27,142.42999267578125,142.53399658203125,141.3820037841797,142.427001953125,0
2020-02-28,141.3280029296875,141.3280029296875,137.6020050048828,141.31900024414062,0
2020-03-02,137.91099548339844,139.1529998779297,137.1649932861328,137.96499633789062,0
2020-03-03,138.4929962158203,138.46600341796875,137.2100067138672,138.43299865722656,0
2020-03-04,137.22000122070312,137.97500610351562,137.24200439453125,137.25900268554688,0
2020-03-05,138.6009979248047,138.5590057373047,137.781005859375,138.5590057373047,0
2020-03-06,137.58299255371094,137.72900390625,136.44700622558594,137.59500122070312,0
2020-03-09,136.1179962158203,136.29299926757812,132.6820068359375,136.14999389648438,0
2020-03-10,134.78900146484375,137.16200256347656,134.0959930419922,134.77499389648438,0
2020-03-11,135.56500244140625,136.52000427246094,134.33700561523438,135.58599853515625,0
2020-03-12,133.99200439453125,134.2100067138672,131.35400390625,134.0989990234375,0
2020-03-13,131.46192932128906,134.29299926757812,131.23599243164062,131.58799743652344,0
2020-03-16,132.25399780273438,132.49400329589844,128.89300537109375,132.13600158691406,0
2020-03-17,130.20599365234375,131.11199951171875,128.6529998779297,130.33299255371094,0
2020-03-18,130.1300048828125,130.26600646972656,127.06700134277344,130.03199768066406,0
2020-03-19,125.96199798583984,129.5,124.93000030517578,125.86499786376953,0
2020-03-20,127.86299896240234,131.94900512695312,127.50599670410156,127.88099670410156,0
2020-03-23,128.35000610351562,129.07400512695312,127.41200256347656,128.07000732421875,0
2020-03-24,128.46299743652344,131.38600158691406,128.0189971923828,128.531005859375,0
2020-03-25,131.00399780273438,133.35800170898438,129.91600036621094,130.9949951171875,0
2020-03-26,131.36500549316406,132.86599731445312,130.6269989013672,131.2790069580078,0
2020-03-27,133.06399536132812,133.67999267578125,132.125,133.0469970703125,0
2020-03-30,133.7259979248047,134.3719940185547,132.75100708007812,133.76800537109375,0
2020-03-31,133.63600158691406,134.53900146484375,133.23199462890625,133.58299255371094,0
2020-04-01,133.35299682617188,133.5469970703125,132.61500549316406,133.3209991455078,0
2020-04-02,132.78799438476562,133.83523559570312,132.56399536132812,132.7969970703125,0
2020-04-03,133.83099365234375,133.91099548339844,132.5500030517578,133.85899353027344,0
2020-04-06,132.7779998779297,134.48199462890625,132.77499389648438,132.77499389648438,0
2020-04-07,133.5279998779297,134.93899536132812,133.11000061035156,133.4080047607422,0
2020-04-08,134.03700256347656,134.99600219726562,133.72500610351562,134.01499938964844,0
2020-04-09,134.93499755859375,135.7239990234375,134.64599609375,134.91400146484375,0
2020-04-10,135.1300048828125,135.38600158691406,134.97999572753906,135.1699981689453,0
2020-04-13,134.97000122070312,135.11700439453125,134.4980010986328,134.97999572753906,0
2020-04-14,134.76199340820312,135.39300537109375,134.56900024414062,134.74000549316406,0
2020-04-15,135.21200561523438,135.25399780273438,133.66600036621094,135.17100524902344,0
2020-04-16,134.71800231933594,134.84500122070312,133.718994140625,134.7169952392578,0
2020-04-17,134.77000427246094,134.8280029296875,133.88499450683594,134.75999450683594,0
2020-04-20,134.4290008544922,134.6909942626953,133.86000061035156,134.46200561523438,0
2020-04-21,133.9429931640625,134.0229949951172,131.95899963378906,133.94400024414062,0
2020-04-22,132.4720001220703,133.2779998779297,132.04800415039062,132.50999450683594,0
2020-04-23,132.84100341796875,133.6479949951172,132.4010009765625,132.8300018310547,0
2020-04-24,132.96600341796875,133.10299682617188,132.3800048828125,132.96400451660156,0
2020-04-27,132.92575073242188,133.5229949951172,132.90899658203125,132.95199584960938,0
2020-04-28,133.25799560546875,133.53700256347656,132.82899475097656,133.25399780273438,0
2020-04-29,132.73300170898438,132.9929962158203,131.94000244140625,132.71600341796875,0
2020-04-30,132.94400024414062,135.06199645996094,132.6699981689453,132.89999389648438,0
2020-05-01,134.94900512695312,135.0399932861328,133.447998046875,134.98199462890625,0
2020-05-04,132.9149932861328,133.1490020751953,132.51800537109375,132.96299743652344,0
2020-05-05,132.76300048828125,133.09800720214844,132.54400634765625,132.78199768066406,0
2020-05-06,132.4499969482422,132.43899536132812,130.8459930419922,132.43899536132812,0
2020-05-07,130.8489990234375,131.9669952392578,130.77000427246094,130.906005859375,0
2020-05-08,131.61599731445312,132.6540069580078,131.5399932861328,131.60899353027344,0
2020-05-11,132.72999572753906,133.16799926757812,131.88400268554688,132.72300720214844,0
2020-05-12,132.63099670410156,132.8509979248047,131.94500732421875,132.66700744628906,0
2020-05-13,131.2729949951172,131.90499877929688,130.66099548339844,131.30299377441406,0
2020-05-14,130.88099670410156,130.86099243164062,130.13999938964844,130.83200073242188,0
2020-05-15,131.32000732421875,131.4040069580078,129.98599243164062,131.3249969482422,0
2020-05-18,129.55299377441406,131.24000549316406,129.53399658203125,129.58099365234375,0
2020-05-19,130.97000122070312,132.3679962158203,130.7779998779297,130.97999572753906,0
2020-05-20,132.11399841308594,132.4080047607422,131.55999755859375,132.15199279785156,0
2020-05-21,131.6300048828125,131.9340057373047,131.21299743652344,131.61099243164062,0
2020-05-22,131.54299926757812,131.75999450683594,130.67100524902344,131.5780029296875,0
2020-05-25,131.27000427246094,131.40199279785156,130.9980010986328,131.28399658203125,0
2020-05-26,131.3780059814453,133.0240020751953,131.3699951171875,131.37399291992188,0
2020-05-27,132.55099487304688,132.93499755859375,131.66700744628906,132.55599975585938,0
2020-05-28,132.197998046875,132.7270050048828,131.8419952392578,132.1820068359375,0
2020-05-29,132.61399841308594,133.41200256347656,131.8090057373047,132.57200622558594,0
2020-06-01,132.9499969482422,134.2550048828125,132.93600463867188,132.96099853515625,0
2020-06-02,134.27999877929688,136.4929962158203,134.281005859375,134.2949981689453,0
2020-06-03,136.85000610351562,137.35000610351562,136.26699829101562,136.86500549316406,0
2020-06-04,137.0399932861328,137.625,135.95199584960938,137.01199340820312,0
2020-06-05,137.60800170898438,139.68800354003906,137.2760009765625,137.5070037841797,0
2020-06-08,139.49000549316406,139.35699462890625,137.6009979248047,139.3090057373047,0
2020-06-09,138.04800415039062,138.14700317382812,136.23800659179688,137.97799682617188,0
2020-06-10,137.00100708007812,137.38299560546875,136.6300048828125,137.03500366210938,0
2020-06-11,135.95899963378906,136.39999389648438,134.6739959716797,136.04600524902344,0
2020-06-12,134.2899932861328,136.0260009765625,133.78799438476562,134.31199645996094,0
2020-06-15,134.22000122070312,135.04200744628906,133.49400329589844,134.24899291992188,0
2020-06-16,135.77000427246094,136.32000732421875,134.8249969482422,135.7969970703125,0
2020-06-17,135.14500427246094,135.1219940185547,134.09300231933594,135.10899353027344,0
2020-06-18,134.16200256347656,134.3179931640625,132.4669952392578,134.11000061035156,0
2020-06-19,132.94000244140625,133.18299865722656,132.11000061035156,132.9199981689453,0
2020-06-22,131.8990020751953,133.08200073242188,131.77999877929688,131.85299682617188,0
2020-06-23,133.62399291992188,133.95700073242188,132.61599731445312,133.58399963378906,0
2020-06-24,133.28799438476562,133.5970001220703,132.69700622558594,133.29400634765625,0
2020-06-25,132.85400390625,133.5800018310547,132.8090057373047,132.86099243164062,0
2020-06-26,133.10000610351562,133.24200439453125,132.04800415039062,133.11199951171875,0
2020-06-29,132.31700134277344,132.66000366210938,131.95700073242188,132.3070068359375,0
2020-06-30,132.43099975585938,133.5540008544922,132.04600524902344,132.4550018310547,0
2020-07-01,133.78550720214844,134.11700439453125,132.9550018310547,133.75599670410156,0
2020-07-02,133.81900024414062,134.67599487304688,133.79100036621094,133.8350067138672,0
2020-07-03,133.99099731445312,134.18499755859375,133.6959991455078,134.01400756835938,0
2020-07-06,134.19700622558594,134.65499877929688,134.1490020751953,134.21800231933594,0
2020-07-07,134.13499450683594,135.37600708007812,134.08999633789062,134.12100219726562,0
2020-07-08,134.91200256347656,135.3990020751953,134.58900451660156,134.85699462890625,0
2020-07-09,135.2899932861328,135.91299438476562,135.1840057373047,135.25999450683594,0
2020-07-10,135.1300048828125,135.18600463867188,134.30099487304688,135.1699981689453,0
2020-07-13,134.98800659179688,135.468994140625,134.802001953125,134.98399353027344,0
2020-07-14,134.63800048828125,134.74200439453125,133.98899841308594,134.63099670410156,0
2020-07-15,134.78399658203125,135.0760040283203,134.46800231933594,134.80599975585938,0
2020-07-16,134.58999633789062,135.1490020751953,134.0590057373047,134.552001953125,0
2020-07-17,134.718994140625,134.88999938964844,134.10000610351562,134.74099731445312,0
2020-07-20,134.61199951171875,135.6999969482422,134.33999633789062,134.58299255371094,0
2020-07-21,135.7100067138672,136.42100524902344,135.70700073242188,135.70700073242188,0
2020-07-22,135.99000549316406,136.48300170898438,135.29600524902344,136.0229949951172,0
2020-07-23,136.4149932861328,136.61000061035156,135.8419952392578,136.41700744628906,0
2020-07-24,136.0030059814453,136.0229949951172,134.97000122070312,135.9929962158203,0
2020-07-27,135.60699462890625,135.80799865722656,135.1540069580078,135.59100341796875,0
2020-07-28,135.63999938964844,135.9980010986328,135.3300018310547,135.69400024414062,0
2020-07-29,135.8280029296875,136.4429931640625,135.6699981689453,135.86199951171875,0
2020-07-30,136.3509979248047,137.33999633789062,136.08399963378906,136.3249969482422,0
2020-07-31,137.3000030517578,139.18299865722656,136.78900146484375,137.2779998779297,0
2020-08-03,138.68600463867188,138.97999572753906,137.76100158691406,138.6510009765625,0
2020-08-04,138.63999938964844,138.85499572753906,137.80999755859375,138.6739959716797,0
2020-08-05,138.19200134277344,138.98699951171875,138.02999877929688,138.18099975585938,0
2020-08-06,138.54100036621094,139.20599365234375,138.42999267578125,138.53900146484375,0
2020-08-07,138.69900512695312,138.73800659179688,137.86000061035156,138.63099670410156,0
2020-08-10,138.14599609375,138.61900329589844,138.0970001220703,138.14999389648438,0
2020-08-11,138.57000732421875,139.48399353027344,138.58999633789062,138.58999633789062,0
2020-08-12,139.0019989013672,139.60400390625,138.89199829101562,138.94900512695312,0
2020-08-13,139.3300018310547,140.1929931640625,139.27999877929688,139.3509979248047,0
2020-08-14,139.822998046875,139.98899841308594,139.34500122070312,139.78399658203125,0
2020-08-17,139.63699340820312,139.66299438476562,138.7899932861328,139.6300048828125,0
2020-08-18,138.92300415039062,139.4969940185547,138.58999633789062,138.91200256347656,0
2020-08-19,139.45599365234375,139.9409942626953,138.88400268554688,139.43600463867188,0
2020-08-20,139.02999877929688,139.58399963378906,138.57000732421875,139.04299926757812,0
2020-08-21,139.67799377441406,139.92100524902344,138.29299926757812,139.6959991455078,0
2020-08-24,138.6199951171875,138.98899841308594,138.29800415039062,138.64300537109375,0
2020-08-25,138.5330047607422,140.00799560546875,138.44900512695312,138.52200317382812,0
2020-08-26,139.88999938964844,140.28500366210938,139.61000061035156,139.9219970703125,0
2020-08-27,139.90499877929688,140.7689971923828,139.718994140625,139.93600463867188,0
2020-08-28,140.7050018310547,141.58900451660156,140.0229949951172,140.76199340820312,0
2020-08-31,140.93800354003906,142.00999450683594,140.51199340820312,140.91299438476562,0
2020-09-01,141.65899658203125,142.69700622558594,141.32000732421875,141.64300537109375,0
2020-09-02,141.88099670410156,141.9530029296875,141.02699279785156,141.843994140625,0
2020-09-03,141.77999877929688,141.75384521484375,140.50100708007812,141.72999572753906,0
2020-09-04,140.67100524902344,141.41700744628906,140.13400268554688,140.73699951171875,0
2020-09-07,140.80299377441406,140.97314453125,139.60499572753906,140.8000030517578,0
2020-09-08,139.89599609375,139.89300537109375,137.88800048828125,139.89100646972656,0
2020-09-09,137.4010009765625,138.29100036621094,136.74600219726562,137.39300537109375,0
2020-09-10,138.0749969482422,138.30999755859375,136.3699951171875,138.0800018310547,0
2020-09-11,135.9340057373047,136.5189971923828,135.57899475097656,135.9459991455078,0
2020-09-14,135.9239959716797,136.56100463867188,135.77000427246094,135.93299865722656,0
2020-09-15,135.8280029296875,136.41200256347656,135.44400024414062,135.8000030517578,0
2020-09-16,135.7740020751953,136.45399475097656,135.5500030517578,135.7429962158203,0
2020-09-17,136.14300537109375,136.13900756835938,134.58299255371094,136.13900756835938,0
2020-09-18,135.82000732421875,136.15199279785156,135.02999877929688,135.91200256347656,0
2020-09-21,135.17799377441406,135.31900024414062,133.5500030517578,135.1959991455078,0
2020-09-22,134.19500732421875,134.35499572753906,133.10299682617188,134.19900512695312,0
2020-09-23,133.83799743652344,134.5,133.1490020751953,133.88099670410156,0
2020-09-24,133.90699768066406,134.60000610351562,133.6280059814453,133.9409942626953,0
2020-09-25,134.45700073242188,134.80999755859375,133.8520050048828,134.45599365234375,0
2020-09-28,134.74899291992188,136.14199829101562,134.36599731445312,134.7530059814453,0
2020-09-29,135.7050018310547,136.17599487304688,135.44000244140625,135.71499633789062,0
2020-09-30,135.9250030517578,136.50999450683594,135.1790008544922,135.927001953125,0
2020-10-01,136.19900512695312,136.99200439453125,135.37899780273438,136.2050018310547,0
2020-10-02,135.99000549316406,136.36399841308594,135.05599975585938,136.01499938964844,0
2020-10-05,136.4199981689453,137.1490020751953,136.22799682617188,136.4290008544922,0
2020-10-06,137.3249969482422,137.42799377441406,136.50999450683594,137.33299255371094,0
2020-10-07,136.09500122070312,136.94700622558594,135.9669952392578,136.0919952392578,0
2020-10-08,136.8699951171875,137.38099670410156,136.69700622558594,136.86500549316406,0
2020-10-09,137.18299865722656,137.54800415039062,136.8800048828125,137.1739959716797,0
2020-10-12,137.6490020751953,137.7050018310547,137.21400451660156,137.61000061035156,0
2020-10-13,137.61000061035156,137.7550048828125,136.84100341796875,137.6320037841797,0
2020-10-14,136.40499877929688,137.3040008544922,135.67799377441406,136.41600036621094,0
2020-10-15,136.74600219726562,137.14100646972656,135.7740020751953,136.80799865722656,0
2020-10-16,135.91700744628906,136.39500427246094,135.5260009765625,135.9239959716797,0
2020-10-19,136.2790069580078,137.19000244140625,136.23300170898438,136.2899932861328,0
2020-10-20,136.552001953125,137.0189971923828,136.33399963378906,136.53900146484375,0
2020-10-21,136.61300659179688,137.50100708007812,136.54600524902344,136.64999389648438,0
2020-10-22,137.4429931640625,137.5749969482422,136.9759979248047,137.3979949951172,0
2020-10-23,137.1959991455078,137.26657104492188,136.53500366210938,137.18499755859375,0
2020-10-26,136.62600708007812,137.03799438476562,136.3000030517578,136.66299438476562,0
2020-10-27,136.4340057373047,136.57400512695312,136.14700317382812,136.41099548339844,0
2020-10-28,136.2100067138672,136.21800231933594,134.8979949951172,136.21800231933594,0
2020-10-29,135.48899841308594,135.93499755859375,134.6719970703125,135.4759979248047,0
2020-10-30,135.19200134277344,135.78399658203125,134.41099548339844,135.1959991455078,0
2020-11-02,135.1699981689453,135.40699768066406,134.8699951171875,135.218994140625,0
2020-11-03,135.3249969482422,136.66900634765625,135.16099548339844,135.31500244140625,0
2020-11-04,137.14700317382812,137.2790069580078,135.36700439453125,137.22000122070312,0
2020-11-05,135.3979949951172,136.25,135.05999755859375,135.322998046875,0
2020-11-06,136.0850067138672,136.16900634765625,135.49000549316406,136.06399536132812,0
2020-11-09,136.07899475097656,138.76300048828125,136.0290069580078,136.0760040283203,0
2020-11-10,138.4340057373047,139.75599670410156,138.16799926757812,138.44700622558594,0
2020-11-11,139.5709991455078,140.16799926757812,139.3000030517578,139.5780029296875,0
2020-11-12,139.38800048828125,139.4010009765625,138.01199340820312,139.39999389648438,0
2020-11-13,137.89100646972656,138.49600219726562,137.52000427246094,137.88900756835938,0
2020-11-16,138.3719940185547,138.80599975585938,137.6649932861328,138.3520050048828,0
2020-11-17,138.1929931640625,138.34100341796875,137.81399536132812,138.15499877929688,0
2020-11-18,138.0919952392578,138.1529998779297,137.80999755859375,138.0500030517578,0
2020-11-19,137.71099853515625,137.95599365234375,137.18699645996094,137.60400390625,0
2020-11-20,137.5399932861328,138.0260009765625,137.4720001220703,137.48800659179688,0
2020-11-23,138.11199951171875,139.0189971923828,138.0800018310547,138.1009979248047,0
2020-11-24,139.32081604003906,139.81900024414062,139.1280059814453,139.29299926757812,0
2020-11-25,139.6529998779297,139.73800659179688,139.01199340820312,139.62600708007812,0
2020-11-26,139.7239990234375,139.77000427246094,138.92100524902344,139.69200134277344,0
2020-11-27,139.197998046875,139.20399475097656,138.34500122070312,139.1929931640625,0
2020-11-30,138.74600219726562,139.4429931640625,138.4219970703125,138.75799560546875,0
2020-12-01,139.09100341796875,140.22000122070312,138.98500061035156,139.11199951171875,0
2020-12-02,139.99000549316406,140.41600036621094,138.906005859375,139.96099853515625,0
2020-12-03,139.6439971923828,140.2790069580078,139.52099609375,139.6490020751953,0
2020-12-04,139.67999267578125,140.68899536132812,139.51300048828125,139.6699981689453,0
2020-12-07,139.7949981689453,139.81300354003906,137.91600036621094,139.77499389648438,0
2020-12-08,138.8990020751953,139.26600646972656,138.4239959716797,138.9010009765625,0
2020-12-09,139.16799926757812,140.302001953125,139.14500427246094,139.1840057373047,0
2020-12-10,139.3560028076172,139.64300537109375,138.4810028076172,139.3679962158203,0
2020-12-11,138.6020050048828,138.61300659179688,136.77999877929688,138.5489959716797,0
2020-12-14,138.40699768066406,139.40699768066406,138.28399658203125,138.44000244140625,0
2020-12-15,138.6280059814453,139.42999267578125,138.2969970703125,138.572998046875,0
2020-12-16,139.3040008544922,140.03599548339844,139.13699340820312,139.35699462890625,0
2020-12-17,139.70399475097656,140.3800048828125,139.5970001220703,139.68699645996094,0
2020-12-18,139.93899536132812,140.2969970703125,139.33799743652344,139.9499969482422,0
2020-12-21,138.63800048828125,138.74000549316406,136.99400329589844,138.66200256347656,0
2020-12-22,138.97000122070312,139.06500244140625,138.02099609375,138.947998046875,0
2020-12-23,138.69500732421875,140.24200439453125,138.54400634765625,138.67300415039062,0
2020-12-24,139.8209991455078,141.20599365234375,139.82899475097656,139.82899475097656,0
2020-12-25,140.10299682617188,140.88999938964844,133.71299743652344,140.4600067138672,0
2020-12-28,140.4949951171875,140.56100463867188,139.50599670410156,140.5030059814453,0
2020-12-29,139.61900329589844,140.15199279785156,139.61000061035156,139.61000061035156,0
2020-12-30,139.7899932861328,140.53399658203125,139.6999969482422,139.72999572753906,0
2020-12-31,140.5330047607422,141.19400024414062,140.38099670410156,140.55099487304688,0
2021-01-01,141.13999938964844,141.16000366210938,138.74000549316406,141.1300048828125,0
2021-01-04,141.2570037841797,141.24899291992188,139.781005859375,141.24899291992188,0
2021-01-05,139.93299865722656,140.13499450683594,139.50799560546875,139.9810028076172,0
2021-01-06,139.9290008544922,140.5540008544922,139.77999877929688,139.9250030517578,0
2021-01-07,140.33999633789062,140.97999572753906,140.11599731445312,140.33200073242188,0
2021-01-08,140.8179931640625,141.33099365234375,140.73199462890625,140.80799865722656,0
2021-01-11,140.6719970703125,140.83700561523438,140.33399963378906,140.69700622558594,0
2021-01-12,140.80999755859375,142.00599670410156,140.72500610351562,140.83099365234375,0
2021-01-13,141.802001953125,142.22799682617188,141.57000732421875,141.77999877929688,0
2021-01-14,141.70199584960938,142.21099853515625,141.61000061035156,141.697998046875,0
2021-01-15,142.0500030517578,142.09800720214844,140.96400451660156,142.06500244140625,0
2021-01-18,141.03700256347656,141.0749969482422,140.35400390625,141.03500366210938,0
2021-01-19,140.82699584960938,141.7100067138672,140.83299255371094,140.83299255371094,0
2021-01-20,141.7449951171875,142.29800415039062,141.1060028076172,141.74600219726562,0
2021-01-21,141.52099609375,142.20599365234375,141.4080047607422,141.48199462890625,0
2021-01-22,142.0749969482422,142.18600463867188,141.51600646972656,142.11399841308594,0
2021-01-25,142.05450439453125,142.30999755859375,141.66400146484375,142.0399932861328,0
2021-01-26,141.91099548339844,142.43899536132812,141.28700256347656,141.8769989013672,0
2021-01-27,142.33999633789062,142.68800354003906,142.20399475097656,142.3509979248047,0
2021-01-28,142.33999633789062,143.22999572753906,142.1909942626953,142.3719940185547,0
2021-01-29,143.11900329589844,143.9443359375,142.9969940185547,143.1649932861328,0
2021-02-01,143.37600708007812,144.08299255371094,143.3719940185547,143.39999389648438,0
2021-02-02,143.4459991455078,143.74600219726562,143.13600158691406,143.41000366210938,0
2021-02-03,143.43899536132812,143.67799377441406,143.1179962158203,143.46600341796875,0
2021-02-04,143.27200317382812,144.1999969482422,142.8419952392578,143.30499267578125,0
2021-02-05,144.36399841308594,144.8769989013672,144.2480010986328,144.31900024414062,0
2021-02-08,144.7830047607422,144.91600036621094,144.38999938964844,144.78599548339844,0
2021-02-09,144.60699462890625,144.65199279785156,144.01499938964844,144.60800170898438,0
2021-02-10,144.44000244140625,145.04800415039062,144.38999938964844,144.47999572753906,0
2021-02-11,144.67100524902344,144.89100646972656,144.5399932861328,144.6699981689453,0
2021-02-12,144.65199279785156,145.4040069580078,144.47999572753906,144.6580047607422,0
2021-02-15,145.70700073242188,146.62399291992188,145.64500427246094,145.7030029296875,0
2021-02-16,146.61000061035156,147.29600524902344,146.5189971923828,146.60800170898438,0
2021-02-17,147.35000610351562,147.3509979248047,146.427001953125,147.3509979248047,0
2021-02-18,146.7689971923828,147.75999450683594,146.5399932861328,146.73399353027344,0
2021-02-19,147.56100463867188,148.13600158691406,147.2779998779297,147.54800415039062,0
2021-02-22,148.03500366210938,148.27000427246094,147.5449981689453,148.03599548339844,0
2021-02-23,147.6999969482422,148.38900756835938,147.65899658203125,147.72000122070312,0
2021-02-24,148.64013671875,149.95199584960938,148.62899780273438,148.6540069580078,0
2021-02-25,149.8828887939453,150.43499755859375,149.748779296875,149.85000610351562,0
2021-02-26,148.9709930419922,149.01499938964844,147.427001953125,148.95399475097656,0
2021-03-01,148.79200744628906,149.281005859375,148.3470001220703,148.79600524902344,0
2021-03-02,148.81300354003906,149.031005859375,148.08999633789062,148.8070068359375,0
2021-03-03,148.93699645996094,149.6529998779297,148.88299560546875,148.94700622558594,0
2021-03-04,149.0800018310547,150.66900634765625,149.04800415039062,149.04800415039062,0
2021-03-05,149.9739990234375,150.35699462890625,149.3730010986328,149.9709930419922,0
2021-03-08,150.18299865722656,150.5659942626953,149.68699645996094,150.0919952392578,0
2021-03-09,150.57200622558594,151.26199340820312,150.49000549316406,150.56700134277344,0
2021-03-10,150.7899932861328,151.16600036621094,150.67100524902344,150.75599670410156,0
2021-03-11,151.04800415039062,151.66900634765625,150.9608154296875,151.03900146484375,0
2021-03-12,151.8520050048828,152.22000122070312,151.2480010986328,151.83900451660156,0
2021-03-15,151.97808837890625,152.0850067138672,151.20899963378906,151.98800659179688,0
2021-03-16,151.66229248046875,151.73300170898438,150.8040008544922,151.66099548339844,0
2021-03-17,151.54400634765625,151.98699951171875,151.42999267578125,151.55499267578125,0
2021-03-18,152.1580047607422,152.5290069580078,151.67599487304688,152.16299438476562,0
2021-03-19,151.66900634765625,151.7729949951172,150.58999633789062,151.64700317382812,0
2021-03-22,150.5780029296875,150.88699340820312,150.33599853515625,150.6269989013672,0
2021-03-23,150.77200317382812,150.76300048828125,149.12100219726562,150.7449951171875,0
2021-03-24,148.98500061035156,149.4340057373047,148.53900146484375,149.0540008544922,0
2021-03-25,148.9040069580078,149.88600158691406,148.90499877929688,148.9149932861328,0
2021-03-26,150.08999633789062,151.5260009765625,150.03599548339844,150.0850067138672,0
2021-03-29,151.3979949951172,151.79420471191406,150.57000732421875,151.3300018310547,0
2021-03-30,151.28746032714844,151.927001953125,151.14999389648438,151.2689971923828,0
2021-03-31,151.58399963378906,152.7689971923828,151.5570068359375,151.59800720214844,0
2021-04-01,152.65199279785156,153.06500244140625,152.31500244140625,152.67100524902344,0
2021-04-02,153.00399780273438,153.19400024414062,152.69000244140625,152.99981689453125,0
2021-04-05,153.05599975585938,153.35499572753906,152.86000061035156,153.03500366210938,0
2021-04-06,153.29299926757812,153.38999938964844,151.89500427246094,153.27999877929688,0
2021-04-07,151.81500244140625,152.04400634765625,150.79299926757812,151.7969970703125,0
2021-04-08,150.9219970703125,151.07400512695312,149.88699340820312,150.96400451660156,0
2021-04-09,150.11000061035156,150.90699768066406,149.59300231933594,150.11300659179688,0
2021-04-12,150.3990020751953,150.5659942626953,149.74000549316406,150.39100646972656,0
2021-04-13,150.4250030517578,150.81100463867188,149.73599243164062,150.41900634765625,0
2021-04-14,149.8509979248047,150.4499969482422,149.55999755859375,149.85000610351562,0
2021-04-15,150.01600646972656,150.16799926757812,149.69700622558594,150.00900268554688,0
2021-04-16,149.79800415039062,150.4409942626953,149.39999389648438,149.76199340820312,0
2021-04-19,150.21600341796875,151.1959991455078,149.90699768066406,150.19400024414062,0
2021-04-20,151.22000122070312,151.9340057373047,150.59800720214844,151.24400329589844,0
2021-04-21,150.7030029296875,150.94400024414062,150.0590057373047,150.68600463867188,0
2021-04-22,150.5030059814453,150.6300048828125,149.42100524902344,150.49000549316406,0
2021-04-23,149.40899658203125,149.9219970703125,149.06500244140625,149.39500427246094,0
2021-04-26,149.54299926757812,150.2530059814453,149.5500030517578,149.59300231933594,0
2021-04-27,150.33200073242188,151.08799743652344,150.15899658203125,150.302001953125,0
2021-04-28,151.18299865722656,151.44410705566406,150.99000549316406,151.1300048828125,0
2021-04-29,151.3990020751953,152.38400268554688,151.3000030517578,151.38999938964844,0
2021-04-30,151.91000366210938,152.093994140625,150.91900634765625,151.93099975585938,0
2021-05-03,151.00900268554688,151.9250030517578,151.01800537109375,151.01800537109375,0
2021-05-04,151.65699768066406,152.04100036621094,151.00599670410156,151.6490020751953,0
2021-05-05,151.81199645996094,152.2100067138672,151.75999450683594,151.80999755859375,0
2021-05-06,151.88600158691406,152.09100341796875,151.33099365234375,151.8820037841797,0
2021-05-07,151.51199340820312,152.02099609375,151.3000030517578,151.4669952392578,0
2021-05-10,152.39999389648438,153.84100341796875,152.3990020751953,152.4320068359375,0
2021-05-11,153.79800415039062,153.9409942626953,153.17599487304688,153.7689971923828,0
2021-05-12,153.64999389648438,154.41600036621094,153.5290069580078,153.66700744628906,0
2021-05-13,154.19400024414062,154.2969970703125,153.57200622558594,154.2429962158203,0
2021-05-14,153.8209991455078,154.25100708007812,153.61000061035156,153.8300018310547,0
2021-05-17,154.2790069580078,154.26400756835938,153.72000122070312,154.25399780273438,0
2021-05-18,154.53799438476562,154.81300354003906,154.5050048828125,154.59500122070312,0
2021-05-19,154.44200134277344,154.78500366210938,153.56500244140625,154.4239959716797,0
2021-05-20,154.11000061035156,154.2689971923828,153.6580047607422,154.12899780273438,0
2021-05-21,154.4029998779297,154.6529998779297,154.03500366210938,154.3820037841797,0
2021-05-24,154.00999450683594,154.14247131347656,153.7729949951172,154.0,0
2021-05-25,154.06900024414062,154.42599487304688,153.80999755859375,154.0399932861328,0
2021-05-26,153.8470001220703,154.3260040283203,153.7689971923828,153.88999938964844,0
2021-05-27,154.08599853515625,155.76400756835938,153.83399963378906,154.07899475097656,0
2021-05-28,155.9459991455078,156.03799438476562,155.5919952392578,155.9929962158203,0
2021-05-31,155.83599853515625,155.86199951171875,155.2899932861328,155.86199951171875,0
2021-06-01,155.76400756835938,155.9199981689453,154.97799682617188,155.73599243164062,0
2021-06-02,154.98399353027344,155.49600219726562,154.96099853515625,154.96099853515625,0
2021-06-03,155.29600524902344,155.79800415039062,155.2899932861328,155.2899932861328,0
2021-06-04,155.5500030517578,155.718994140625,155.02000427246094,155.55999755859375,0
2021-06-07,155.22999572753906,155.24400329589844,154.5399932861328,155.24400329589844,0
2021-06-08,154.89100646972656,155.06700134277344,154.57200622558594,154.90699768066406,0
2021-06-09,154.88299560546875,155.302001953125,154.4980010986328,154.89700317382812,0
2021-06-10,154.6739959716797,155.1959991455078,154.13699340820312,154.72000122070312,0
2021-06-11,155.01199340820312,155.19400024414062,154.8300018310547,155.0,0
2021-06-14,154.8820037841797,155.28700256347656,154.32400512695312,154.88999938964844,0
2021-06-15,155.25399780273438,155.4720001220703,154.54800415039062,155.25,0
2021-06-16,154.99400329589844,155.3730010986328,154.9600067138672,155.0050048828125,0
2021-06-17,154.92999267578125,155.0,153.4029998779297,154.87600708007812,0
2021-06-18,153.75799560546875,153.74099731445312,152.13499450683594,153.73699951171875,0
2021-06-21,152.25100708007812,153.4080047607422,151.30999755859375,152.23300170898438,0
2021-06-22,153.67999267578125,154.2480010986328,153.0800018310547,153.67300415039062,0
2021-06-23,154.343994140625,155.13299560546875,154.22999572753906,154.3769989013672,0
2021-06-24,155.02000427246094,155.11300659179688,153.82200622558594,154.99000549316406,0
2021-06-25,154.35000610351562,154.50900268554688,153.61000061035156,154.35000610351562,0
2021-06-28,153.96299743652344,154.21800231933594,153.447998046875,153.97500610351562,0
2021-06-29,153.47999572753906,153.49200439453125,152.62899780273438,153.48899841308594,0
2021-06-30,152.97300720214844,153.39199829101562,152.69000244140625,152.96299743652344,0
2021-07-01,153.66799926757812,153.9459991455078,153.33399963378906,153.6280059814453,0
2021-07-02,153.5019989013672,153.7050018310547,153.0800018310547,153.51499938964844,0
2021-07-05,153.71400451660156,153.7100067138672,153.4499969482422,153.68299865722656,0
2021-07-06,153.64199829101562,154.06300354003906,152.42100524902344,153.6230010986328,0
2021-07-07,152.66200256347656,153.16200256347656,152.30999755859375,152.58299255371094,0
2021-07-08,152.66000366210938,152.6300048828125,150.6929931640625,152.6300048828125,0
2021-07-09,151.39999389648438,152.7969970703125,151.16000366210938,151.40199279785156,0
2021-07-12,153.17999267578125,153.3350067138672,152.40899658203125,153.15699768066406,0
2021-07-13,153.1699981689453,153.47000122070312,152.43600463867188,153.218994140625,0
2021-07-14,152.65199279785156,153.26800537109375,152.38999938964844,152.64199829101562,0
2021-07-15,152.36900329589844,152.77499389648438,151.6199951171875,152.3820037841797,0
2021-07-16,151.79400634765625,152.60699462890625,151.69500732421875,151.7760009765625,0
2021-07-19,151.1999969482422,151.28900146484375,149.31900024414062,151.23699951171875,0
2021-07-20,149.71800231933594,149.9409942626953,148.47000122070312,149.6999969482422,0
2021-07-21,149.85899353027344,150.99600219726562,149.29200744628906,149.86099243164062,0
2021-07-22,151.16600036621094,151.88699340820312,150.7100067138672,151.16299438476562,0
2021-07-23,151.69400024414062,152.14500427246094,151.5540008544922,151.64999389648438,0
2021-07-26,152.06900024414062,152.55099487304688,151.43499755859375,152.06100463867188,0
2021-07-27,152.4929962158203,152.52499389648438,151.58999633789062,152.5,0
2021-07-28,152.4239959716797,152.8730010986328,152.17100524902344,152.4409942626953,0
2021-07-29,152.79800415039062,153.41600036621094,152.5189971923828,152.7989959716797,0
2021-07-30,152.76699829101562,153.21299743652344,152.4949951171875,152.73599243164062,0
2021-08-02,152.4199981689453,152.83299255371094,151.6479949951172,152.41900634765625,0
2021-08-03,151.7779998779297,152.1929931640625,151.20199584960938,151.74000549316406,0
2021-08-04,151.6739959716797,152.4980010986328,151.50999450683594,151.64999389648438,0
2021-08-05,152.1230010986328,153.01699829101562,152.08999633789062,152.1300048828125,0
2021-08-06,152.8459930419922,153.2259979248047,152.6699981689453,152.83799743652344,0
2021-08-09,152.8699951171875,153.02099609375,152.58999633789062,152.8800048828125,0
2021-08-10,152.72500610351562,153.29299926757812,152.62399291992188,152.7259979248047,0
2021-08-11,153.0050048828125,153.23399353027344,152.86000061035156,153.02000427246094,0
2021-08-12,153.01699829101562,153.18299865722656,152.5500030517578,153.04400634765625,0
2021-08-13,152.46200561523438,152.53799438476562,152.07000732421875,152.5,0
2021-08-16,151.95452880859375,151.9499969482422,150.95399475097656,151.9499969482422,0
2021-08-17,151.25999450683594,151.281005859375,150.50399780273438,151.2740020751953,0
2021-08-18,150.4969940185547,151.24400329589844,150.44700622558594,150.4720001220703,0
2021-08-19,150.94700622558594,151.20199584960938,149.63699340820312,150.96299743652344,0
2021-08-20,149.61000061035156,149.86900329589844,149.19000244140625,149.63299560546875,0
2021-08-23,149.61000061035156,150.74099731445312,149.6999969482422,149.71299743652344,0
2021-08-24,150.5030059814453,151.00999450683594,150.0399932861328,150.48399353027344,0
2021-08-25,150.58799743652344,151.2050018310547,150.4199981689453,150.6280059814453,0
2021-08-26,151.3679962158203,151.572998046875,150.83900451660156,151.38400268554688,0
2021-08-27,150.76100158691406,151.49400329589844,150.45700073242188,150.68600463867188,0
2021-08-30,151.19200134277344,151.26100158691406,150.92999267578125,151.14999389648438,0
2021-08-31,151.26199340820312,151.57400512695312,151.06900024414062,151.24600219726562,0
2021-09-01,151.3459930419922,151.93699645996094,151.3000030517578,151.3300018310547,0
2021-09-02,151.58999633789062,152.1540069580078,151.37100219726562,151.64100646972656,0
2021-09-03,152.11500549316406,152.28500366210938,151.82400512695312,152.1020050048828,0
2021-09-06,152.11199951171875,152.2259979248047,151.77999877929688,152.1199951171875,0
2021-09-07,151.9770050048828,152.21499633789062,151.5070037841797,151.9720001220703,0
2021-09-08,151.97000122070312,152.07400512695312,151.46499633789062,151.96400451660156,0
2021-09-09,151.72999572753906,152.1540069580078,151.39100646972656,151.72000122070312,0
2021-09-10,151.91000366210938,152.62100219726562,151.75999450683594,151.89199829101562,0
2021-09-13,152.10000610351562,152.32200622558594,151.92100524902344,152.10000610351562,0
2021-09-14,152.19700622558594,152.8209991455078,151.77499389648438,152.2239990234375,0
2021-09-15,151.47000122070312,151.52699279785156,150.82200622558594,151.48300170898438,0
2021-09-16,151.46600341796875,151.54100036621094,150.90499877929688,151.4550018310547,0
2021-09-17,151.3509979248047,151.91600036621094,151.07200622558594,151.343994140625,0
2021-09-20,150.97900390625,151.03399658203125,149.4149932861328,150.95799255371094,0
2021-09-21,149.4949951171875,150.1320037841797,148.94000244140625,149.468994140625,0
2021-09-22,149.05352783203125,149.80499267578125,148.99539184570312,149.0500030517578,0
2021-09-23,149.52499389648438,151.4510040283203,149.52000427246094,149.54600524902344,0
2021-09-24,151.36599731445312,151.71299743652344,151.01100158691406,151.36300659179688,0
2021-09-27,151.38999938964844,152.17300415039062,151.11500549316406,151.3520050048828,0
2021-09-28,152.01800537109375,152.5659942626953,150.54299926757812,151.9980010986328,0
2021-09-29,150.97999572753906,151.16600036621094,149.92799377441406,150.97000122070312,0
2021-09-30,150.27999877929688,150.92599487304688,150.09300231933594,150.24400329589844,0
2021-10-01,150.11099243164062,150.6929931640625,149.24400329589844,150.11000061035156,0
2021-10-04,150.54800415039062,151.51100158691406,150.2100067138672,150.5500030517578,0
2021-10-05,150.9759979248047,152.0240020751953,150.7429962158203,150.98599243164062,0
2021-10-06,151.9029998779297,152.10899353027344,150.8260040283203,151.93499755859375,0
2021-10-07,151.41299438476562,152.0030059814453,151.00999450683594,151.41000366210938,0
2021-10-08,152.05999755859375,152.92599487304688,152.00399780273438,152.07899475097656,0
2021-10-11,152.86199951171875,154.4980010986328,152.8800048828125,152.8800048828125,0
2021-10-12,154.10000610351562,154.8070068359375,153.70700073242188,154.13699340820312,0
2021-10-13,154.125,154.94400024414062,154.1199951171875,154.1269989013672,0
2021-10-14,154.85899353027344,155.72300720214844,154.81300354003906,154.8509979248047,0
2021-10-15,155.57000732421875,157.40699768066406,155.5760040283203,155.58999633789062,0
2021-10-18,157.3209991455078,157.28199768066406,156.61599731445312,157.2729949951172,0
2021-10-19,156.97300720214844,158.03599548339844,156.88299560546875,157.01499938964844,0
2021-10-20,157.9600067138672,158.20199584960938,157.02000427246094,157.98500061035156,0
2021-10-21,158.0959930419922,158.156005859375,156.9530029296875,158.09800720214844,0
2021-10-22,157.00100708007812,157.6320037841797,156.05599975585938,156.99000549316406,0
2021-10-25,156.3800048828125,156.7969970703125,156.1649932861328,156.4290008544922,0
2021-10-26,156.57000732421875,157.7480010986328,156.49000549316406,156.57899475097656,0
2021-10-27,157.1699981689453,157.24000549316406,155.7100067138672,157.18800354003906,0
2021-10-28,156.2220001220703,156.56100463867188,155.91000366210938,156.2100067138672,0
2021-10-29,156.7169952392578,157.08299255371094,156.04299926757812,156.7550048828125,0
2021-11-01,156.29600524902344,156.46800231933594,155.8159942626953,156.30799865722656,0
2021-11-02,155.7790069580078,155.8090057373047,154.6580047607422,155.8090057373047,0
2021-11-03,155.1580047607422,155.89199829101562,154.96200561523438,155.16299438476562,0
2021-11-04,156.18800354003906,156.20399475097656,153.12100219726562,156.1790008544922,0
2021-11-05,153.75900268554688,153.73199462890625,152.81900024414062,153.73199462890625,0
2021-11-08,153.07699584960938,153.61199951171875,152.71299743652344,153.04165649414062,0
2021-11-09,153.60400390625,153.62399291992188,152.76699829101562,153.58299255371094,0
2021-11-10,153.10000610351562,153.72000122070312,152.7949981689453,153.111328125,0
2021-11-11,152.73500061035156,152.99400329589844,152.48699951171875,152.77000427246094,0
2021-11-12,152.3990020751953,152.91299438476562,152.41299438476562,152.41299438476562,0
2021-11-15,152.91099548339844,153.26699829101562,152.64199829101562,152.9239959716797,0
2021-11-16,153.0,154.0,153.03500366210938,153.03500366210938,0
2021-11-17,154.24400329589844,154.64999389648438,153.97500610351562,154.24899291992188,0
2021-11-18,154.0070037841797,154.25100708007812,153.70700073242188,154.03799438476562,0
2021-11-19,154.25999450683594,154.44200134277344,152.52000427246094,154.29299926757812,0
2021-11-22,153.322998046875,154.0290069580078,153.13400268554688,153.31700134277344,0
2021-11-23,153.77499389648438,154.2010040283203,153.28500366210938,153.78900146484375,0
2021-11-24,153.99600219726562,154.1280059814453,153.4600067138672,154.01499938964844,0
2021-11-25,153.822998046875,154.04600524902344,153.4250030517578,153.843994140625,0
2021-11-26,153.177001953125,153.2270050048828,150.79400634765625,153.2270050048828,0
2021-11-29,151.69900512695312,151.83299255371094,150.7530059814453,151.66000366210938,0
2021-11-30,151.5050048828125,151.60000610351562,149.75599670410156,151.52999877929688,0
2021-12-01,150.6269989013672,151.41700744628906,150.06300354003906,150.57699584960938,0
2021-12-02,149.85000610351562,150.78500366210938,149.79800415039062,149.8300018310547,0
2021-12-03,150.302001953125,150.7259979248047,149.3000030517578,150.3159942626953,0
2021-12-06,149.61099243164062,150.37600708007812,149.36599731445312,149.5330047607422,0
2021-12-07,150.46499633789062,151.11199951171875,150.17799377441406,150.47000122070312,0
2021-12-08,150.36000061035156,150.6699981689453,149.5189971923828,150.3489990234375,0
2021-12-09,150.1490020751953,150.2899932861328,149.47000122070312,150.19000244140625,0
2021-12-10,150.0050048828125,150.37100219726562,149.6820068359375,150.03799438476562,0
2021-12-13,150.45199584960938,150.74099731445312,150.02999877929688,150.47500610351562,0
2021-12-14,150.06399536132812,150.54299926757812,149.8000030517578,150.05299377441406,0
2021-12-15,150.46600341796875,150.99200439453125,150.28199768066406,150.4720001220703,0
2021-12-16,151.36399841308594,152.6179962158203,151.09100341796875,151.38999938964844,0
2021-12-17,151.42300415039062,151.69700622558594,150.4199981689453,151.4510040283203,0
2021-12-20,150.16299438476562,150.3979949951172,149.53900146484375,150.21299743652344,0
2021-12-21,150.1320037841797,151.26199340820312,149.906005859375,150.11500549316406,0
2021-12-22,151.23399353027344,152.572998046875,151.10000610351562,151.27699279785156,0
2021-12-23,152.33299255371094,153.69500732421875,152.28199768066406,152.35000610351562,0
2021-12-24,153.4320068359375,153.54299926757812,153.05499267578125,153.39999389648438,0
2021-12-27,153.23699951171875,154.36199951171875,153.1540069580078,153.23500061035156,0
2021-12-28,154.26100158691406,154.56199645996094,154.02000427246094,154.25399780273438,0
2021-12-29,154.14999389648438,155.03799438476562,154.03199768066406,154.16099548339844,0
2021-12-30,155.1199951171875,155.64100646972656,154.9149932861328,155.16600036621094,0
2021-12-31,155.29400634765625,155.98699951171875,155.00599670410156,155.27000427246094,0
2022-01-03,155.68299865722656,155.9080047607422,154.89700317382812,155.66799926757812,0
2022-01-04,155.48300170898438,157.40699768066406,155.38829040527344,155.46099853515625,0
2022-01-05,157.16299438476562,157.37399291992188,156.5760040283203,157.14999389648438,0
2022-01-06,157.39700317382812,157.45899963378906,156.1199951171875,157.3979949951172,0
2022-01-07,156.7899932861328,157.08999633789062,156.75100708007812,156.7989959716797,0
2022-01-10,157.13699340820312,157.35400390625,155.968994140625,157.125,0
2022-01-11,156.5279998779297,157.1999969482422,156.41700744628906,156.53599548339844,0
2022-01-12,157.2209930419922,157.68099975585938,157.04299926757812,157.22300720214844,0
2022-01-13,157.13499450683594,157.44900512695312,156.51100158691406,157.15499877929688,0
2022-01-14,156.4770050048828,156.50999450683594,155.47999572753906,156.44000244140625,0
2022-01-17,156.28199768066406,156.70799255371094,156.19400024414062,156.28199768066406,0
2022-01-18,156.34500122070312,156.8800048828125,155.48500061035156,156.35400390625,0
2022-01-19,155.78700256347656,156.2220001220703,155.4029998779297,155.78900146484375,0
2022-01-20,155.59300231933594,156.0399932861328,155.4250030517578,155.6020050048828,0
2022-01-21,154.9770050048828,154.9600067138672,153.91700744628906,154.94500732421875,0
2022-01-24,154.2310028076172,154.46400451660156,152.95700073242188,154.22300720214844,0
2022-01-25,153.77499389648438,153.8780059814453,153.1199951171875,153.77099609375,0
2022-01-26,153.83599853515625,154.552001953125,153.67599487304688,153.8260040283203,0
2022-01-27,154.48199462890625,154.70899963378906,153.82400512695312,154.48399353027344,0
2022-01-28,154.38800048828125,154.9409942626953,154.3780059814453,154.41299438476562,0
2022-01-31,154.4759979248047,155.3249969482422,154.38600158691406,154.4290008544922,0
2022-02-01,154.76499938964844,155.16099548339844,154.48599243164062,154.7689971923828,0
2022-02-02,155.1540069580078,155.281005859375,154.80999755859375,155.12399291992188,0
2022-02-03,155.1300048828125,156.48399353027344,155.02999877929688,155.10800170898438,0
2022-02-04,156.3040008544922,156.49099731445312,155.5989990234375,156.31300354003906,0
2022-02-07,155.92300415039062,156.1219940185547,155.11099243164062,155.95199584960938,0
2022-02-08,155.7480010986328,156.70599365234375,155.76699829101562,155.76699829101562,0
2022-02-09,156.4929962158203,156.83999633789062,156.28700256347656,156.50599670410156,0
2022-02-10,156.42599487304688,158.03900146484375,156.25,156.43099975585938,0
2022-02-11,157.23399353027344,157.66700744628906,156.72300720214844,157.23199462890625,0
2022-02-14,156.8280029296875,156.7989959716797,155.3300018310547,156.7989959716797,0
2022-02-15,156.33700561523438,156.81199645996094,155.97500610351562,156.3470001220703,0
2022-02-16,156.55099487304688,157.06900024414062,156.37100219726562,156.57400512695312,0
2022-02-17,156.74000549316406,156.97900390625,156.10699462890625,156.70700073242188,0
2022-02-18,156.39999389648438,157.17300415039062,156.21200561523438,156.36500549316406,0
2022-02-21,156.2480010986328,156.72799682617188,156.1230010986328,156.24200439453125,0
2022-02-22,155.77200317382812,156.4949951171875,155.593994140625,155.76400756835938,0
2022-02-23,156.39199829101562,156.76499938964844,155.8990020751953,156.4149932861328,0
2022-02-24,155.61300659179688,155.85400390625,153.3990020751953,155.64300537109375,0
2022-02-25,154.5240020751953,155.16200256347656,154.16099548339844,154.4980010986328,0
2022-02-28,154.552001953125,154.97000122070312,154.09800720214844,154.5189971923828,0
2022-03-01,154.45599365234375,154.6719970703125,152.89700317382812,154.45899963378906,0
2022-03-02,153.1269989013672,154.52499389648438,152.82000732421875,153.06900024414062,0
2022-03-03,154.73300170898438,155.20599365234375,154.04100036621094,154.70799255371094,0
2022-03-04,154.156005859375,154.18899536132812,151.47300720214844,154.1320037841797,0
2022-03-07,151.85899353027344,152.197998046875,151.20799255371094,151.8419952392578,0
2022-03-08,151.27000427246094,151.86399841308594,151.00399780273438,151.27200317382812,0
2022-03-09,151.57200622558594,152.7100067138672,151.60899353027344,151.63299560546875,0
2022-03-10,152.8159942626953,152.98199462890625,152.0800018310547,152.84300231933594,0
2022-03-11,152.20899963378906,153.39500427246094,152.01100158691406,152.18899536132812,0
2022-03-14,153.36500549316406,154.1820068359375,153.19000244140625,153.3249969482422,0
2022-03-15,153.76800537109375,154.6840057373047,153.2830047607422,153.8040008544922,0
2022-03-16,154.30299377441406,155.3489990234375,154.23899841308594,154.30499267578125,0
2022-03-17,156.17100524902344,156.69400024414062,155.468994140625,156.19900512695312,0
2022-03-18,155.88900756835938,156.9980010986328,155.91600036621094,155.91700744628906,0
2022-03-21,156.93699645996094,157.38299560546875,156.3769989013672,156.94000244140625,0
2022-03-22,157.4770050048828,160.14999389648438,157.45899963378906,157.45899963378906,0
2022-03-23,160.95799255371094,161.07899475097656,159.0570068359375,160.8990020751953,0
2022-03-24,159.93800354003906,160.9980010986328,159.593994140625,159.95700073242188,0
2022-03-25,161.41700744628906,161.41200256347656,159.8820037841797,161.41200256347656,0
2022-03-28,161.05999755859375,164.58799743652344,160.77699279785156,161.05999755859375,0
2022-03-29,162.01199340820312,162.54800415039062,160.41200256347656,162.01199340820312,0
2022-03-30,161.197998046875,161.09500122070312,159.0489959716797,161.197998046875,0
2022-03-31,160.26300048828125,160.7989959716797,159.4770050048828,160.26300048828125,0
2022-04-01,160.05799865722656,161.1439971923828,160.0030059814453,160.05799865722656,0
2022-04-04,160.6510009765625,161.26400756835938,160.28700256347656,160.6510009765625,0
2022-04-05,161.00999450683594,161.9429931640625,160.5449981689453,161.00999450683594,0
2022-04-06,161.6959991455078,162.24400329589844,161.60899353027344,161.6959991455078,0
2022-04-07,161.68899536132812,162.24600219726562,161.44900512695312,161.68899536132812,0
2022-04-08,162.1719970703125,162.2239990234375,161.6580047607422,162.1719970703125,0
2022-04-11,162.08599853515625,163.84100341796875,161.92100524902344,162.08599853515625,0
2022-04-12,163.38999938964844,163.6060028076172,162.91900634765625,163.38999938964844,0
2022-04-13,163.0570068359375,164.1999969482422,163.0050048828125,163.0570068359375,0
2022-04-14,164.46800231933594,164.781005859375,164.0229949951172,164.46800231933594,0
2022-04-15,164.8470001220703,165.36785888671875,164.6529998779297,164.8470001220703,0
2022-04-18,165.31700134277344,165.36000061035156,164.6300048828125,165.31700134277344,0
2022-04-19,165.30999755859375,167.44400024414062,165.32000732421875,165.30999755859375,0
2022-04-20,168.28399658203125,168.38800048828125,166.4600067138672,168.28399658203125,0
2022-04-21,167.24600219726562,167.89500427246094,166.9810028076172,167.24600219726562,0
2022-04-22,167.23300170898438,167.5500030517578,164.8209991455078,167.23300170898438,0
2022-04-25,164.9949951171875,165.11399841308594,162.06900024414062,164.9949951171875,0
2022-04-26,162.7310028076172,163.57000732421875,160.45199584960938,162.7310028076172,0
2022-04-27,160.13600158691406,161.2169952392578,160.0800018310547,160.13600158691406,0
2022-04-28,161.01699829101562,164.2209930419922,160.875,161.01699829101562,0
2022-04-29,163.0050048828125,163.9669952392578,162.52200317382812,163.0050048828125,0
2022-05-02,163.4459991455078,163.79800415039062,162.75399780273438,163.4459991455078,0
2022-05-03,162.5749969482422,163.39500427246094,162.49000549316406,162.5749969482422,0
2022-05-04,162.63600158691406,162.8419952392578,162.23399353027344,162.63600158691406,0
2022-05-05,163.0229949951172,163.1179962158203,160.49099731445312,163.0229949951172,0
2022-05-06,161.1009979248047,161.57400512695312,160.33999633789062,161.1009979248047,0
2022-05-09,161.1529998779297,162.17799377441406,160.18699645996094,161.1529998779297,0
2022-05-10,160.8419952392578,161.48399353027344,160.0590057373047,160.8419952392578,0
2022-05-11,160.42100524902344,161.25999450683594,160.0050048828125,160.42100524902344,0
2022-05-12,158.8159942626953,159.03399658203125,155.6739959716797,158.8159942626953,0
2022-05-13,156.9080047607422,158.25100708007812,156.6529998779297,156.9080047607422,0
2022-05-16,158.64300537109375,159.2169952392578,157.48300170898438,158.64300537109375,0
2022-05-17,158.8800048828125,161.82899475097656,158.86300659179688,158.8800048828125,0
2022-05-18,161.58999633789062,161.69700622558594,158.93800354003906,161.58999633789062,0
2022-05-19,157.8699951171875,159.89500427246094,157.906005859375,157.8699951171875,0
2022-05-20,159.2790069580078,160.17799377441406,158.72900390625,159.2790069580078,0
2022-05-23,159.9149932861328,160.77999877929688,159.41700744628906,159.9149932861328,0
2022-05-24,160.63999938964844,160.8350067138672,158.052001953125,160.63999938964844,0
2022-05-25,158.97000122070312,159.82200622558594,158.3990020751953,158.97000122070312,0
2022-05-26,160.00799560546875,160.77200317382812,159.02139282226562,160.00799560546875,0
2022-05-27,160.2689971923828,160.593994140625,159.80999755859375,160.2689971923828,0
2022-05-30,160.72300720214844,161.51499938964844,160.33299255371094,160.72300720214844,0
2022-05-31,161.59500122070312,162.3300018310547,160.97300720214844,161.59500122070312,0
2022-06-01,162.26499938964844,163.3249969482422,161.9949951171875,162.26499938964844,0
2022-06-02,162.39500427246094,163.12600708007812,162.1060028076172,162.39500427246094,0
2022-06-03,163.41299438476562,164.0489959716797,163.05999755859375,163.41299438476562,0
2022-06-06,163.26800537109375,165.03700256347656,162.93499755859375,163.26800537109375,0
2022-06-07,165.5189971923828,166.91099548339844,165.31500244140625,165.5189971923828,0
2022-06-08,167.20199584960938,168.48699951171875,166.97000122070312,167.20199584960938,0
2022-06-09,168.56300354003906,168.7169952392578,166.74000549316406,168.56300354003906,0
2022-06-10,167.8990020751953,167.8679962158203,165.177001953125,167.8990020751953,0
2022-06-13,165.46499633789062,166.0019989013672,162.29400634765625,165.46499633789062,0
2022-06-14,162.97999572753906,164.2480010986328,161.3560028076172,162.97999572753906,0
2022-06-15,162.49600219726562,163.0760040283203,161.72900390625,162.49600219726562,0
2022-06-16,163.24000549316406,163.75100708007812,160.156005859375,163.24000549316406,0
2022-06-17,163.5850067138672,166.15699768066406,163.052001953125,163.5850067138672,0
2022-06-20,165.4010009765625,165.625,164.5030059814453,165.4010009765625,0
2022-06-21,165.48800659179688,167.375,165.38999938964844,165.48800659179688,0
2022-06-22,167.1020050048828,167.30299377441406,165.80099487304688,167.1020050048828,0
2022-06-23,166.58399963378906,166.8780059814453,164.75799560546875,166.58399963378906,0
2022-06-24,165.28399658203125,166.29299926757812,164.85800170898438,165.28399658203125,0
2022-06-27,165.8730010986328,166.4739990234375,165.14700317382812,165.8730010986328,0
2022-06-28,166.1199951171875,166.89999389648438,165.7209930419922,166.1199951171875,0
2022-06-29,165.79800415039062,166.3000030517578,165.44000244140625,165.79800415039062,0
2022-06-30,165.66299438476562,165.8070068359375,164.80499267578125,165.66299438476562,0
2022-07-01,165.0919952392578,165.2949981689453,161.63699340820312,165.0919952392578,0
2022-07-04,163.4219970703125,164.72900390625,163.01199340820312,163.4219970703125,0
2022-07-05,164.52499389648438,165.2570037841797,161.61000061035156,164.52499389648438,0
2022-07-06,161.89999389648438,162.55799865722656,160.406005859375,161.89999389648438,0
2022-07-07,162.0800018310547,163.3990020751953,161.593994140625,162.0800018310547,0
2022-07-08,163.44200134277344,163.8939971923828,161.8489990234375,163.44200134277344,0
2022-07-11,163.7689971923828,164.42100524902344,163.06300354003906,163.7689971923828,0
2022-07-12,163.49000549316406,163.50399780273438,161.8520050048828,163.49000549316406,0
2022-07-13,162.37100219726562,164.072998046875,162.44900512695312,162.37100219726562,0
2022-07-14,163.24200439453125,165.16299438476562,163.1439971923828,163.24200439453125,0
2022-07-15,164.51499938964844,164.6840057373047,163.6490020751953,164.51499938964844,0
2022-07-18,164.4149932861328,166.0540008544922,164.13999938964844,164.4149932861328,0
2022-07-19,165.10299682617188,165.9199981689453,164.71099853515625,165.10299682617188,0
2022-07-20,165.85899353027344,166.20700073242188,165.17300415039062,165.85899353027344,0
2022-07-21,165.6529998779297,165.94200134277344,164.5749969482422,165.6529998779297,0
2022-07-22,164.447998046875,165.1219940185547,163.40699768066406,164.447998046875,0
2022-07-25,163.37399291992188,165.031005859375,163.02000427246094,163.37399291992188,0
2022-07-26,164.44900512695312,164.9429931640625,163.51199340820312,164.44900512695312,0
2022-07-27,164.8509979248047,165.26699829101562,164.74899291992188,164.8509979248047,0
2022-07-28,165.5229949951172,165.6750030517578,162.8800048828125,165.5229949951172,0
2022-07-29,163.57699584960938,163.8509979248047,161.5679931640625,163.57699584960938,0
2022-08-01,162.27999877929688,162.2644805908203,161.06399536132812,162.27999877929688,0
2022-08-02,161.17799377441406,161.7729949951172,159.46400451660156,161.17799377441406,0
2022-08-03,161.9429931640625,163.0469970703125,161.2480010986328,161.9429931640625,0
2022-08-04,162.58999633789062,163.6479949951172,161.1320037841797,162.58999633789062,0
2022-08-05,161.22799682617188,163.31300354003906,161.2030029296875,161.22799682617188,0
2022-08-08,162.85899353027344,163.82899475097656,162.84100341796875,162.85899353027344,0
2022-08-09,162.93299865722656,163.64500427246094,162.6230010986328,162.93299865722656,0
2022-08-10,163.1919403076172,163.48699951171875,161.6840057373047,163.1919403076172,0
2022-08-11,162.17999267578125,162.4290008544922,161.3560028076172,162.17999267578125,0
2022-08-12,162.14500427246094,162.7790069580078,161.8260040283203,162.14500427246094,0
2022-08-15,161.63699340820312,161.7949981689453,160.36099243164062,161.63699340820312,0
2022-08-16,160.51300048828125,162.7209930419922,160.0800018310547,160.51300048828125,0
2022-08-17,162.44647216796875,163.52999877929688,162.1909942626953,162.44647216796875,0
2022-08-18,162.50900268554688,163.22900390625,161.91000366210938,162.50900268554688,0
2022-08-19,162.00999450683594,162.8159942626953,161.6439971923828,162.00999450683594,0
2022-08-22,161.9409942626953,162.47799682617188,161.19700622558594,161.9409942626953,0
2022-08-23,161.8470001220703,162.2830047607422,160.81500244140625,161.8470001220703,0
2022-08-24,161.74400329589844,161.83999633789062,160.85000610351562,161.74400329589844,0
2022-08-25,161.62899780273438,161.98599243164062,161.3350067138672,161.62899780273438,0
2022-08-26,161.4499969482422,162.63299560546875,161.29200744628906,161.4499969482422,0
2022-08-29,161.5399932861328,162.55799865722656,161.4550018310547,161.5399932861328,0
2022-08-30,162.4510040283203,162.56399536132812,161.50999450683594,162.4510040283203,0
2022-08-31,161.72799682617188,161.88499450683594,160.92599487304688,161.72799682617188,0
2022-09-01,161.52999877929688,161.6959991455078,160.98199462890625,161.52999877929688,0
2022-09-02,161.75799560546875,162.4759979248047,161.51699829101562,161.75799560546875,0
2022-09-05,161.18800354003906,161.91099548339844,160.6540069580078,161.18800354003906,0
2022-09-06,162.39999389648438,165.0800018310547,162.25100708007812,162.39999389648438,0
2022-09-07,164.77699279785156,165.98899841308594,164.22000122070312,164.77699279785156,0
2022-09-08,166.01300048828125,166.18600463867188,164.93099975585938,166.01300048828125,0
2022-09-09,165.69000244140625,166.21299743652344,164.30099487304688,165.69000244140625,0
2022-09-12,165.6699981689453,167.01800537109375,165.38499450683594,165.6699981689453,0
2022-09-13,166.66000366210938,167.13400268554688,166.13099670410156,166.66000366210938,0
2022-09-14,166.13699340820312,166.40899658203125,164.7899932861328,166.13699340820312,0
2022-09-15,164.96600341796875,165.71499633789062,164.63800048828125,164.96600341796875,0
2022-09-16,164.16900634765625,164.46499633789062,162.75900268554688,164.16900634765625,0
2022-09-19,163.20700073242188,163.63600158691406,162.947998046875,163.20700073242188,0
2022-09-20,163.8769989013672,164.41700744628906,163.36399841308594,163.8769989013672,0
2022-09-21,163.41200256347656,163.91099548339844,162.30999755859375,163.41200256347656,0
2022-09-22,162.4080047607422,164.39999389648438,159.156005859375,162.4080047607422,0
2022-09-23,160.26600646972656,160.35000610351562,156.10400390625,160.26600646972656,0
2022-09-26,154.91700744628906,156.95399475097656,148.92999267578125,154.91700744628906,0
2022-09-27,155.58099365234375,156.33700561523438,155.18600463867188,155.58099365234375,0
2022-09-28,155.18299865722656,156.30099487304688,152.58999633789062,155.18299865722656,0
2022-09-29,156.43499755859375,159.86500549316406,155.6179962158203,156.43499755859375,0
2022-09-30,161.28700256347656,162.15199279785156,159.43499755859375,161.28700256347656,0
2022-10-03,161.2899932861328,163.4709930419922,160.67599487304688,161.2899932861328,0
2022-10-04,163.7779998779297,165.2550048828125,163.4199981689453,163.7779998779297,0
2022-10-05,164.625,165.6820068359375,162.60800170898438,164.625,0
2022-10-06,164.0019989013672,164.42799377441406,161.1820068359375,164.0019989013672,0
2022-10-07,161.86599731445312,162.56100463867188,161.05499267578125,161.86599731445312,0
2022-10-10,161.0800018310547,161.5500030517578,160.47999572753906,161.02999877929688,0
2022-10-11,161.3260040283203,162.60299682617188,160.3209991455078,161.3260040283203,0
2022-10-12,159.9600067138672,163.0399932861328,159.8159942626953,159.9600067138672,0
2022-10-13,162.9149932861328,167.00599670410156,162.33299255371094,162.9149932861328,0
2022-10-14,166.45799255371094,167.15499877929688,165.05299377441406,166.45799255371094,0
2022-10-17,167.09800720214844,170.0709991455078,166.64199829101562,167.09800720214844,0
2022-10-18,169.11199951171875,169.71600341796875,167.94000244140625,169.11199951171875,0
2022-10-19,169.24099731445312,169.27699279785156,167.97799682617188,169.24099731445312,0
2022-10-20,167.93899536132812,169.66700744628906,167.4499969482422,167.93899536132812,0
2022-10-21,168.49400329589844,169.5229949951172,165.0290069580078,168.49400329589844,0
2022-10-24,167.6699981689453,169.468994140625,167.53900146484375,167.6699981689453,0
2022-10-25,168.33999633789062,169.88800048828125,167.8419952392578,168.33999633789062,0
2022-10-26,169.5989990234375,170.58299255371094,169.35699462890625,169.5989990234375,0
2022-10-27,170.052001953125,170.031005859375,168.75999450683594,170.052001953125,0
2022-10-28,169.1320037841797,171.0449981689453,168.89999389648438,169.1320037841797,0
2022-10-31,171.37600708007812,172.1009979248047,170.74000549316406,171.37600708007812,0
2022-11-01,170.55099487304688,170.91900634765625,169.57699584960938,170.55099487304688,0
2022-11-02,169.92599487304688,170.03900146484375,168.52099609375,169.92599487304688,0
2022-11-03,168.33900451660156,168.2899932861328,165.12100219726562,168.33900451660156,0
2022-11-04,165.7429962158203,166.33999633789062,165.24000549316406,165.7429962158203,0
2022-11-07,166.375,168.25900268554688,166.36700439453125,166.375,0
2022-11-08,168.83799743652344,169.0489959716797,167.31700134277344,168.83799743652344,0
2022-11-09,167.80599975585938,168.3000030517578,166.2899932861328,167.80599975585938,0
2022-11-10,166.14999389648438,167.10899353027344,165.26400756835938,166.14999389648438,0
2022-11-11,165.70599365234375,166.07400512695312,163.13099670410156,165.70599365234375,0
2022-11-14,164.63999938964844,165.7010040283203,163.69000244140625,164.63999938964844,0
2022-11-15,164.6269989013672,166.1909942626953,164.54200744628906,164.6269989013672,0
2022-11-16,165.0679931640625,166.36199951171875,164.9709930419922,165.0679931640625,0
2022-11-17,165.97799682617188,166.2969970703125,165.29400634765625,165.97799682617188,0
2022-11-18,166.50799560546875,167.30299377441406,166.14199829101562,166.50799560546875,0
2022-11-21,166.67799377441406,167.61900329589844,166.08299255371094,166.67799377441406,0
2022-11-22,168.0290069580078,168.25999450683594,167.36300659179688,168.0290069580078,0
2022-11-23,167.87600708007812,168.97999572753906,167.75,167.87600708007812,0
2022-11-24,168.11099243164062,168.25999450683594,167.1739959716797,168.11099243164062,0
2022-11-25,167.86599731445312,168.77099609375,167.61599731445312,167.86599731445312,0
2022-11-28,167.98599243164062,168.03900146484375,166.30999755859375,167.98599243164062,0
2022-11-29,165.8939971923828,166.65899658203125,165.5590057373047,165.8939971923828,0
2022-11-30,165.74400329589844,167.36099243164062,165.51699829101562,165.74400329589844,0
2022-12-01,165.83999633789062,167.1230010986328,164.54400634765625,165.83999633789062,0
2022-12-02,165.66200256347656,165.947998046875,164.04100036621094,165.66200256347656,0
2022-12-05,165.00999450683594,166.5500030517578,164.61000061035156,164.7100067138672,0
2022-12-06,166.59100341796875,167.4709930419922,166.18499755859375,166.59100341796875,0
2022-12-07,166.05599975585938,167.39599609375,165.94400024414062,166.05599975585938,0
2022-12-08,166.51800537109375,167.14100646972656,166.31900024414062,166.51800537109375,0
2022-12-09,167.1199951171875,168.0240020751953,166.4980010986328,167.1199951171875,0
2022-12-12,167.29600524902344,168.96400451660156,167.1269989013672,167.29600524902344,0
2022-12-13,168.68699645996094,169.24400329589844,167.1280059814453,168.68699645996094,0
2022-12-14,167.50900268554688,167.63299560546875,166.7550048828125,167.50900268554688,0
2022-12-15,168.07699584960938,168.8260040283203,167.80999755859375,168.07699584960938,0
2022-12-16,167.87399291992188,167.9759979248047,166.00100708007812,167.87399291992188,0
2022-12-19,166.04800415039062,166.86199951171875,165.48800659179688,166.04800415039062,0
2022-12-20,166.45899963378906,166.9290008544922,159.1300048828125,166.45899963378906,0
2022-12-21,160.73699951171875,160.9810028076172,159.49400329589844,160.73699951171875,0
2022-12-22,159.84300231933594,160.20899963378906,158.81900024414062,159.84300231933594,0
2022-12-23,159.32000732421875,160.51300048828125,159.1280059814453,159.32000732421875,0
2022-12-26,160.900146484375,160.91000366210938,159.61000061035156,160.900146484375,0
2022-12-27,160.4010009765625,160.89300537109375,160.2030029296875,160.4010009765625,0
2022-12-28,160.51699829101562,162.33700561523438,160.4949951171875,160.51699829101562,0
2022-12-29,161.197998046875,161.4499969482422,160.05799865722656,161.197998046875,0
2022-12-30,160.2259979248047,160.25999450683594,158.4600067138672,160.2259979248047,0
2023-01-02,158.11199951171875,158.5285186767578,157.343994140625,158.11199951171875,0
2023-01-03,157.7570037841797,157.86000061035156,155.36099243164062,157.7570037841797,0
2023-01-04,157.07400512695312,159.2010040283203,156.5260009765625,157.07400512695312,0
2023-01-05,159.4290008544922,159.9929962158203,158.8179931640625,159.4290008544922,0
2023-01-06,158.75900268554688,159.99600219726562,158.74899291992188,158.75900268554688,0
2023-01-09,159.74400329589844,161.17599487304688,159.28700256347656,159.74400329589844,0
2023-01-10,160.48899841308594,160.91600036621094,160.03500366210938,160.48899841308594,0
2023-01-11,160.5070037841797,161.1739959716797,160.50599670410156,160.5070037841797,0
2023-01-12,160.33599853515625,160.46099853515625,157.7740020751953,160.33599853515625,0
2023-01-13,157.7949981689453,157.8699951171875,155.67799377441406,157.7949981689453,0
2023-01-16,156.5050048828125,157.02699279785156,156.17799377441406,156.5050048828125,0
2023-01-17,156.62100219726562,158.0260009765625,156.58999633789062,156.62100219726562,0
2023-01-18,157.53399658203125,161.4929962158203,157.5019989013672,157.53399658203125,0
2023-01-19,158.697998046875,159.0070037841797,157.5500030517578,158.697998046875,0
2023-01-20,159.0760040283203,161.27200317382812,159.04400634765625,159.0760040283203,0
2023-01-23,160.45799255371094,161.68499755859375,160.38600158691406,160.5030059814453,0
2023-01-24,161.62600708007812,161.73599243164062,160.0050048828125,161.62600708007812,0
2023-01-25,160.50900268554688,160.89700317382812,159.52000427246094,160.50900268554688,0
2023-01-26,160.38800048828125,161.44400024414062,160.00999450683594,160.38800048828125,0
2023-01-27,161.13299560546875,161.25100708007812,160.41400146484375,161.13299560546875,0
2023-01-30,160.9980010986328,161.39700317382812,160.19400024414062,160.9980010986328,0
2023-01-31,161.1199951171875,161.1479949951172,159.7790069580078,161.1199951171875,0
2023-02-01,160.10000610351562,160.6479949951172,159.0399932861328,160.10000610351562,0
2023-02-02,159.30099487304688,159.55499267578125,157.38600158691406,159.30099487304688,0
2023-02-03,157.32000732421875,158.72500610351562,156.74200439453125,157.32000732421875,0
2023-02-06,158.9810028076172,159.9290008544922,158.7209930419922,158.9810028076172,0
2023-02-07,159.47999572753906,159.53599548339844,157.5679931640625,159.47999572753906,0
2023-02-08,157.94000244140625,158.7949981689453,157.61099243164062,157.94000244140625,0
2023-02-09,158.5749969482422,159.4080047607422,158.42599487304688,158.5749969482422,0
2023-02-10,159.33299255371094,159.5679931640625,157.58299255371094,159.33299255371094,0
2023-02-13,158.52699279785156,161.17799377441406,158.4219970703125,158.52699279785156,0
2023-02-14,160.79800415039062,161.95899963378906,160.11000061035156,160.79800415039062,0
2023-02-15,161.89100646972656,161.9550018310547,160.81100463867188,161.89100646972656,0
2023-02-16,161.14599609375,161.5019989013672,160.83599853515625,161.14599609375,0
2023-02-17,160.531005859375,161.4530029296875,160.5019989013672,160.531005859375,0
2023-02-20,161.5500030517578,161.71099853515625,161.17300415039062,161.5500030517578,0
2023-02-21,161.70199584960938,163.74099731445312,161.42799377441406,161.70199584960938,0
2023-02-22,163.43600463867188,163.5469970703125,162.3979949951172,163.43600463867188,0
2023-02-23,162.54299926757812,162.8280029296875,161.8730010986328,162.54299926757812,0
2023-02-24,161.75999450683594,162.99899291992188,161.22300720214844,161.75999450683594,0
2023-02-27,162.9949951171875,163.96200561523438,162.6009979248047,162.9949951171875,0
2023-02-28,164.38099670410156,165.96800231933594,164.09100341796875,164.38099670410156,0
2023-03-01,164.04600524902344,164.4980010986328,162.8820037841797,164.04600524902344,0
2023-03-02,163.78599548339844,163.88400268554688,163.08200073242188,163.78599548339844,0
2023-03-03,163.35899353027344,163.6230010986328,163.0970001220703,163.35899353027344,0
2023-03-06,163.58900451660156,163.7760009765625,163.00399780273438,163.58900451660156,0
2023-03-07,163.50799560546875,163.8520050048828,162.21600341796875,163.50799560546875,0
2023-03-08,162.47500610351562,162.96600341796875,161.7310028076172,162.47500610351562,0
2023-03-09,162.59100341796875,162.61000061035156,161.62899780273438,162.59100341796875,0
2023-03-10,162.59100341796875,164.2030029296875,161.94200134277344,162.59100341796875,0
2023-03-13,162.9980010986328,163.0050048828125,160.052001953125,162.9980010986328,0
2023-03-14,161.98199462890625,164.0489959716797,161.8719940185547,161.98199462890625,0
2023-03-15,163.29299926757812,164.13800048828125,159.68899536132812,163.29299926757812,0
2023-03-16,160.38699340820312,161.18800354003906,158.58299255371094,160.38699340820312,0
2023-03-17,161.48599243164062,162.093994140625,160.1790008544922,161.48599243164062,0
2023-03-20,161.1959991455078,161.69700622558594,158.98599243164062,161.1959991455078,0
2023-03-21,161.26800537109375,162.23399353027344,160.75799560546875,161.26800537109375,0
2023-03-22,161.7760009765625,163.3179931640625,161.69000244140625,161.7760009765625,0
2023-03-23,161.06199645996094,161.82400512695312,160.6999969482422,161.06199645996094,0
2023-03-24,160.68600463867188,160.69900512695312,158.31199645996094,160.68600463867188,0
2023-03-27,159.8300018310547,161.69700622558594,159.63999938964844,159.77000427246094,0
2023-03-28,161.3699951171875,161.72300720214844,160.71299743652344,161.3699951171875,0
2023-03-29,161.5749969482422,163.45599365234375,161.50999450683594,161.5749969482422,0
2023-03-30,163.2209930419922,164.41900634765625,163.02200317382812,163.2209930419922,0
2023-03-31,164.9600067138672,165.3990020751953,164.1649932861328,164.9600067138672,0
2023-04-03,163.8280029296875,164.8730010986328,163.41900634765625,163.8280029296875,0
2023-04-04,164.33999633789062,166.343994140625,164.18699645996094,164.33999633789062,0
2023-04-05,164.2259979248047,164.65899658203125,162.80999755859375,164.2259979248047,0
2023-04-06,163.10699462890625,164.1020050048828,162.90499877929688,163.11700439453125,0
2023-04-07,163.72799682617188,164.26400756835938,163.60699462890625,163.72799682617188,0
2023-04-10,164.197998046875,165.48199462890625,164.01600646972656,164.197998046875,0
2023-04-11,165.36700439453125,166.0989990234375,165.19000244140625,165.36700439453125,0
2023-04-12,166.04400634765625,166.55599975585938,165.4409942626953,166.04400634765625,0
2023-04-13,166.2429962158203,166.80099487304688,165.4409942626953,166.2429962158203,0
2023-04-14,165.91700744628906,166.22300720214844,165.4739990234375,165.91700744628906,0
2023-04-17,166.11099243164062,166.62899780273438,165.71099853515625,166.11099243164062,0
2023-04-18,166.3509979248047,166.98300170898438,166.16700744628906,166.3509979248047,0
2023-04-19,166.52699279785156,167.93499755859375,166.4810028076172,166.52699279785156,0
2023-04-20,167.40699768066406,167.69000244140625,166.843994140625,167.40699768066406,0
2023-04-21,166.6820068359375,166.98500061035156,165.53599548339844,166.6820068359375,0
2023-04-24,166.72999572753906,167.66900634765625,166.55299377441406,166.72999572753906,0
2023-04-25,167.58399963378906,167.93299865722656,165.8769989013672,167.58399963378906,0
2023-04-26,165.9770050048828,166.9600067138672,165.63900756835938,165.9770050048828,0
2023-04-27,166.41000366210938,167.3300018310547,166.33999633789062,166.40199279785156,0
2023-04-28,167.07000732421875,171.09800720214844,166.94700622558594,167.07000732421875,0
2023-05-01,171.2519989013672,172.0749969482422,171.00999450683594,171.2519989013672,0
2023-05-02,171.68499755859375,172.3070068359375,169.94400024414062,171.68499755859375,0
2023-05-03,170.2429962158203,170.35499572753906,169.14500427246094,170.2429962158203,0
2023-05-04,169.07000732421875,169.5229949951172,168.1490020751953,169.07000732421875,0
2023-05-05,168.8280029296875,170.59800720214844,168.69000244140625,168.8280029296875,0
2023-05-08,170.7480010986328,171.05599975585938,170.2270050048828,170.7480010986328,0
2023-05-09,170.3419952392578,170.593994140625,169.86000061035156,170.3419952392578,0
2023-05-10,170.7779998779297,171.15699768066406,169.5540008544922,170.7779998779297,0
2023-05-11,169.3000030517578,169.70199584960938,167.85499572753906,169.3000030517578,0
2023-05-12,168.19000244140625,169.10899353027344,168.20199584960938,168.19000244140625,0
2023-05-15,169.09800720214844,170.42100524902344,169.0399932861328,169.09800720214844,0
2023-05-16,170.3800048828125,170.80499267578125,169.39700317382812,170.3800048828125,0
2023-05-17,170.3040008544922,171.66400146484375,170.12100219726562,170.3040008544922,0
2023-05-18,171.76600646972656,172.1320037841797,171.17999267578125,171.76600646972656,0
2023-05-19,172.04800415039062,172.4949951171875,171.2530059814453,172.04800415039062,0
2023-05-22,171.56500244140625,172.54100036621094,171.2010040283203,171.56500244140625,0
2023-05-23,172.41400146484375,172.61000061035156,171.31700134277344,172.41400146484375,0
2023-05-24,172.08700561523438,172.7239990234375,171.26100158691406,172.08700561523438,0
2023-05-25,172.29600524902344,172.7511749267578,172.00999450683594,172.29600524902344,0
2023-05-26,172.4239959716797,173.42999267578125,172.22000122070312,172.4239959716797,0
2023-05-29,173.91700744628906,173.9010009765625,172.92999267578125,173.91700744628906,0
2023-05-30,173.4199981689453,174.26699829101562,173.0030059814453,173.4199981689453,0
2023-05-31,173.49200439453125,173.60699462890625,172.52000427246094,173.49200439453125,0
2023-06-01,173.15499877929688,174.09500122070312,173.052001953125,173.15499877929688,0
2023-06-02,173.77699279785156,174.656005859375,173.74899291992188,173.77699279785156,0
2023-06-05,174.26300048828125,174.3040008544922,172.88999938964844,174.26300048828125,0
2023-06-06,173.26699829101562,173.7429962158203,172.6750030517578,173.26699829101562,0
2023-06-07,173.38699340820312,174.343994140625,172.68099975585938,173.38699340820312,0
2023-06-08,174.08799743652344,174.4810028076172,173.89999389648438,174.08799743652344,0
2023-06-09,174.3769989013672,175.531005859375,174.4290008544922,174.3769989013672,0
2023-06-12,175.3280029296875,175.74899291992188,174.36399841308594,175.3280029296875,0
2023-06-13,174.5229949951172,176.63900756835938,174.46499633789062,174.5229949951172,0
2023-06-14,176.6790008544922,177.12899780273438,176.4499969482422,176.6790008544922,0
2023-06-15,177.32400512695312,179.33900451660156,177.33399963378906,177.32400512695312,0
2023-06-16,179.3260040283203,181.7239990234375,178.8249969482422,179.3260040283203,0
2023-06-19,181.97999572753906,182.05999755859375,181.2220001220703,181.97999572753906,0
2023-06-20,181.531005859375,182.03199768066406,179.95799255371094,181.531005859375,0
2023-06-21,180.39700317382812,181.55999755859375,179.95899963378906,180.39700317382812,0
2023-06-22,180.93800354003906,182.1959991455078,180.73699951171875,180.93800354003906,0
2023-06-23,182.2989959716797,182.79299926757812,181.31900024414062,182.2989959716797,0
2023-06-26,182.70799255371094,182.97000122070312,181.6999969482422,182.70799255371094,0
2023-06-27,182.3520050048828,183.677001953125,182.21800231933594,182.3520050048828,0
2023-06-28,183.3509979248047,183.57899475097656,182.16900634765625,183.3509979248047,0
2023-06-29,182.5189971923828,182.8560028076172,182.2169952392578,182.5189971923828,0
2023-06-30,182.6300048828125,183.8560028076172,182.17999267578125,182.6300048828125,0
2023-07-03,183.27699279785156,183.7449951171875,183.08599853515625,183.27699279785156,0
2023-07-04,183.49000549316406,183.89700317382812,183.2550048828125,183.49000549316406,0
2023-07-05,183.61000061035156,183.9739990234375,183.17100524902344,183.61000061035156,0
2023-07-06,183.52999877929688,183.99400329589844,182.5,183.52999877929688,0
2023-07-07,183.41099548339844,183.53500366210938,182.0229949951172,183.41099548339844,0
2023-07-10,182.56900024414062,183.2030029296875,181.10299682617188,182.56900024414062,0
2023-07-11,181.73300170898438,181.97500610351562,180.83599853515625,181.73300170898438,0
2023-07-12,181.19700622558594,181.16900634765625,179.52999877929688,181.19700622558594,0
2023-07-13,179.73199462890625,181.42599487304688,179.4969940185547,179.73199462890625,0
2023-07-14,181.2530059814453,182.2519989013672,180.25100708007812,181.2530059814453,0
2023-07-17,181.531005859375,182.1199951171875,180.6009979248047,181.531005859375,0
2023-07-18,181.3300018310547,181.7899932861328,180.4040069580078,181.3300018310547,0
2023-07-19,181.20899963378906,181.6060028076172,179.843994140625,181.20899963378906,0
2023-07-20,180.58200073242188,180.7030029296875,179.73199462890625,180.58200073242188,0
2023-07-21,180.01400756835938,182.50900268554688,179.9340057373047,180.01400756835938,0
2023-07-24,182.18499755859375,182.32400512695312,180.8159942626953,182.18499755859375,0
2023-07-25,181.27999877929688,181.98599243164062,181.16700744628906,181.27999877929688,0
2023-07-26,181.68099975585938,181.9080047607422,180.91099548339844,181.68099975585938,0
2023-07-27,181.4429931640625,181.90199279785156,180.81700134277344,181.4429931640625,0
2023-07-28,177.65199279785156,181.11399841308594,176.4029998779297,177.65199279785156,0
2023-07-31,180.91700744628906,183.17599487304688,180.8699951171875,180.91700744628906,0
2023-08-01,182.6479949951172,183.22799682617188,182.58399963378906,182.6479949951172,0
2023-08-02,182.89700317382812,183.1219940185547,181.75599670410156,182.89700317382812,0
2023-08-03,182.31500244140625,182.74200439453125,180.48300170898438,182.31500244140625,0
2023-08-04,181.31399536132812,181.71299743652344,180.7530059814453,181.31399536132812,0
2023-08-07,180.85400390625,181.89300537109375,180.58200073242188,180.85400390625,0
2023-08-08,182.14700317382812,182.94500732421875,181.39999389648438,182.14700317382812,0
2023-08-09,182.52000427246094,183.00599670410156,182.3769989013672,182.52000427246094,0
2023-08-10,182.8070068359375,184.20599365234375,182.6999969482422,182.8070068359375,0
2023-08-11,183.51300048828125,184.22900390625,183.43499755859375,183.51300048828125,0
2023-08-14,183.83700561523438,184.4340057373047,183.45599365234375,183.83700561523438,0
2023-08-15,184.4499969482422,185.29100036621094,184.35400390625,184.4499969482422,0
2023-08-16,184.9290008544922,186.02200317382812,184.67999267578125,184.9290008544922,0
2023-08-17,186.2270050048828,186.468994140625,185.7899932861328,186.2270050048828,0
2023-08-18,185.7449951171875,185.86900329589844,184.5679931640625,185.7449951171875,0
2023-08-21,185.1359405517578,186.3560028076172,184.88099670410156,185.1359405517578,0
2023-08-22,186.5989990234375,186.74899291992188,185.57000732421875,186.5989990234375,0
2023-08-23,185.572998046875,185.91600036621094,183.3979949951172,185.572998046875,0
2023-08-24,184.02200317382812,184.73800659179688,184.0,184.02200317382812,0
2023-08-25,183.9290008544922,184.3520050048828,183.39100646972656,183.9290008544922,0
2023-08-28,184.46299743652344,184.6320037841797,184.17999267578125,184.46299743652344,0
2023-08-29,184.6959991455078,185.2469940185547,184.10499572753906,184.6959991455078,0
2023-08-30,184.468994140625,185.7220001220703,184.40899658203125,184.468994140625,0
2023-08-31,185.69400024414062,185.7969970703125,184.40362548828125,185.69400024414062,0
2023-09-01,184.33200073242188,184.53900146484375,183.53900146484375,184.33200073242188,0
2023-09-04,183.8800048828125,185.0679931640625,183.875,183.8800048828125,0
2023-09-05,184.92999267578125,185.75999450683594,184.07200622558594,184.92999267578125,0
2023-09-06,185.35499572753906,185.58999633789062,184.281005859375,185.35499572753906,0
2023-09-07,184.60800170898438,184.74899291992188,183.38600158691406,184.60800170898438,0
2023-09-08,183.77999877929688,184.44900512695312,183.17599487304688,183.77999877929688,0
2023-09-11,183.71499633789062,183.8939971923828,182.6699981689453,183.71499633789062,0
2023-09-12,183.4510040283203,183.86300659179688,182.9770050048828,183.4510040283203,0
2023-09-13,183.7989959716797,184.36099243164062,183.2050018310547,183.7989959716797,0
2023-09-14,184.01100158691406,184.05599975585938,182.55999755859375,184.01100158691406,0
2023-09-15,182.87399291992188,183.89599609375,182.77000427246094,182.87399291992188,0
2023-09-18,183.30799865722656,183.33200073242188,182.74000549316406,183.30799865722656,0
2023-09-19,182.77000427246094,183.468994140625,182.73199462890625,182.77000427246094,0
2023-09-20,183.08900451660156,183.34100341796875,182.4929962158203,183.08900451660156,0
2023-09-21,182.83399963378906,182.91900634765625,181.08799743652344,182.83399963378906,0
2023-09-22,181.49899291992188,182.28799438476562,181.1959991455078,181.49899291992188,0
2023-09-25,181.69200134277344,181.9510040283203,181.41000366210938,181.69200134277344,0
2023-09-26,181.72999572753906,181.79400634765625,181.06100463867188,181.72999572753906,0
2023-09-27,181.02000427246094,181.53500366210938,180.88299560546875,181.02000427246094,0
2023-09-28,181.40699768066406,182.39599609375,181.06300354003906,181.40699768066406,0
2023-09-29,182.2480010986328,182.99099731445312,181.89999389648438,182.2480010986328,0
2023-10-02,182.30999755859375,182.79800415039062,181.53700256347656,182.30999755859375,0
2023-10-03,181.17300415039062,181.35499572753906,179.6649932861328,181.17300415039062,0
2023-10-04,180.1820068359375,181.24099731445312,179.58999633789062,180.1820068359375,0
2023-10-05,180.78900146484375,180.92799377441406,180.32000732421875,180.78900146484375,0
2023-10-06,180.9219970703125,182.7469940185547,180.83599853515625,180.9219970703125,0
2023-10-09,182.2740020751953,182.29600524902344,181.26600646972656,182.2740020751953,0
2023-10-10,181.68299865722656,182.76600646972656,181.56500244140625,181.68299865722656,0
2023-10-11,182.63600158691406,183.73699951171875,182.4980010986328,182.63600158691406,0
2023-10-12,183.53399658203125,183.8000030517578,182.76199340820312,183.53399658203125,0
2023-10-13,182.47000122070312,182.8990020751953,181.50999450683594,182.47000122070312,0
2023-10-16,181.75999450683594,182.47999572753906,181.5399932861328,181.75999450683594,0
2023-10-17,182.656005859375,182.7169952392578,181.7050018310547,182.656005859375,0
2023-10-18,182.36000061035156,182.8040008544922,181.87399291992188,182.36000061035156,0
2023-10-19,181.78700256347656,182.13499450683594,181.19000244140625,181.78700256347656,0
2023-10-20,181.76800537109375,182.28399658203125,181.32000732421875,181.76800537109375,0
2023-10-23,182.29600524902344,183.28599548339844,182.07400512695312,182.29600524902344,0
2023-10-24,183.447998046875,183.7310028076172,182.26100158691406,183.447998046875,0
2023-10-25,182.2310028076172,182.43600463867188,181.6300048828125,182.2310028076172,0
2023-10-26,181.64999389648438,182.35000610351562,181.4219970703125,181.64999389648438,0
2023-10-27,182.4720001220703,182.4949951171875,181.5489959716797,182.4720001220703,0
2023-10-30,181.36900329589844,181.86000061035156,180.78799438476562,181.36900329589844,0
2023-10-31,181.38299560546875,183.82000732421875,181.33999633789062,181.343994140625,0
2023-11-01,183.8350067138672,183.97799682617188,183.0,183.8350067138672,0
2023-11-02,183.40699768066406,183.6790008544922,182.80999755859375,183.40699768066406,0
2023-11-03,183.43899536132812,184.79200744628906,183.26499938964844,183.43899536132812,0
2023-11-06,184.8939971923828,185.94500732421875,184.8800048828125,184.8939971923828,0
2023-11-07,185.14199829101562,185.44500732421875,184.6580047607422,185.14199829101562,0
2023-11-08,184.83900451660156,185.49400329589844,184.55299377441406,184.83900451660156,0
2023-11-09,185.3070068359375,185.87399291992188,185.13400268554688,185.3070068359375,0
2023-11-10,184.86700439453125,185.2100067138672,184.65199279785156,184.86700439453125,0
2023-11-13,185.20599365234375,185.95399475097656,185.21400451660156,185.20599365234375,0
2023-11-14,186.1999969482422,188.2830047607422,186.08900451660156,186.1999969482422,0
2023-11-15,187.9980010986328,188.2239990234375,187.343994140625,187.9980010986328,0
2023-11-16,187.82400512695312,187.89999389648438,186.8249969482422,187.82400512695312,0
2023-11-17,187.0749969482422,187.14100646972656,185.3300018310547,187.0749969482422,0
2023-11-20,186.72799682617188,186.76600646972656,184.64199829101562,186.72799682617188,0
2023-11-21,185.5679931640625,185.61900329589844,184.47999572753906,185.5679931640625,0
2023-11-22,185.83399963378906,187.0189971923828,185.73300170898438,185.83399963378906,0
2023-11-23,186.66299438476562,187.5749969482422,186.28399658203125,186.66299438476562,0
2023-11-24,187.5279998779297,188.656005859375,187.0800018310547,187.5279998779297,0
2023-11-27,188.44900512695312,188.51300048828125,187.60000610351562,188.44900512695312,0
2023-11-28,187.54200744628906,187.85800170898438,187.06399536132812,187.54200744628906,0
2023-11-29,186.92999267578125,187.5050048828125,186.64500427246094,186.92999267578125,0
2023-11-30,186.65899658203125,187.53599548339844,186.2550048828125,186.65899658203125,0
2023-12-01,186.927001953125,187.4929962158203,186.21200561523438,186.927001953125,0
2023-12-04,186.0919952392578,186.31199645996094,185.0800018310547,186.0919952392578,0
2023-12-05,186.1199951171875,186.16400146484375,185.0800018310547,186.1199951171875,0
2023-12-06,185.35699462890625,185.7949981689453,185.1699981689453,185.35699462890625,0
2023-12-07,184.8159942626953,184.8090057373047,180.96499633789062,184.8159942626953,0
2023-12-08,181.5989990234375,182.01400756835938,179.56500244140625,181.5989990234375,0
2023-12-11,182.0070037841797,184.29600524902344,181.96800231933594,182.0070037841797,0
2023-12-12,183.3719940185547,183.4239959716797,182.2760009765625,183.3719940185547,0
2023-12-13,182.59800720214844,183.125,181.7100067138672,182.59800720214844,0
2023-12-14,180.2100067138672,180.89199829101562,178.42799377441406,180.2100067138672,0
2023-12-15,181.66099548339844,181.6959991455078,179.85499572753906,181.66099548339844,0
2023-12-18,180.32899475097656,181.17100524902344,180.1999969482422,180.32899475097656,0
2023-12-19,180.5449981689453,184.14100646972656,180.06300354003906,180.5449981689453,0
2023-12-20,183.16400146484375,183.3040008544922,181.29400634765625,183.1999969482422,0
2023-12-21,181.40899658203125,181.42100524902344,179.79800415039062,181.40899658203125,0
2023-12-22,180.11399841308594,181.36599731445312,179.94500732421875,180.11399841308594,0
2023-12-25,181.17361450195312,181.2329864501953,180.11000061035156,181.17361450195312,0
2023-12-26,180.66400146484375,181.23800659179688,180.49400329589844,180.66400146484375,0
2023-12-27,181.26300048828125,182.1490020751953,181.12600708007812,181.26300048828125,0
2023-12-28,180.9499969482422,181.36599731445312,179.0330047607422,180.9499969482422,0
2023-12-29,180.04100036621094,180.52499389648438,179.33099365234375,180.04100036621094,0
2024-01-01,179.38800048828125,179.86000061035156,178.9600067138672,179.38800048828125,0
2024-01-02,179.61399841308594,180.61700439453125,178.76600646972656,179.61399841308594,0
2024-01-03,179.427001953125,181.46200561523438,179.18600463867188,179.427001953125,0
2024-01-04,181.2030029296875,183.76800537109375,181.02200317382812,181.2030029296875,0
2024-01-05,183.60499572753906,184.29400634765625,183.38800048828125,183.60499572753906,0
2024-01-08,184.03799438476562,184.1230010986328,183.01300048828125,184.03799438476562,0
2024-01-09,183.7899932861328,183.80999755859375,182.7790069580078,183.7899932861328,0
2024-01-10,183.57699584960938,185.49600219726562,183.63800048828125,183.57699584960938,0
2024-01-11,185.7310028076172,186.11099243164062,185.28199768066406,185.7310028076172,0
2024-01-12,185.3070068359375,185.63699340820312,184.4739990234375,185.3070068359375,0
2024-01-15,184.85699462890625,185.70899963378906,184.77999877929688,184.85699462890625,0
2024-01-16,185.36700439453125,186.16600036621094,184.99099731445312,185.36700439453125,0
2024-01-17,186.07699584960938,188.0959930419922,185.8719940185547,186.07699584960938,0
2024-01-18,187.74200439453125,187.95899963378906,187.32000732421875,187.74200439453125,0
2024-01-19,188.22300720214844,188.88999938964844,187.4149932861328,188.22300720214844,0
2024-01-22,188.10299682617188,188.36900329589844,187.7550048828125,188.10299682617188,0
2024-01-23,188.2310028076172,188.88999938964844,187.40699768066406,188.2310028076172,0
2024-01-24,188.12600708007812,188.4550018310547,187.14300537109375,188.12600708007812,0
2024-01-25,187.68800354003906,188.1699981689453,187.177001953125,187.68800354003906,0
2024-01-26,187.70700073242188,188.54299926757812,187.33399963378906,187.70700073242188,0
2024-01-29,188.0800018310547,188.27999877929688,187.11300659179688,188.0800018310547,0
2024-01-30,187.46200561523438,187.4510040283203,186.36199951171875,187.46200561523438,0
2024-01-31,187.07899475097656,187.5679931640625,185.99600219726562,187.07899475097656,0
2024-02-01,186.3459930419922,186.55799865722656,185.23899841308594,186.3459930419922,0
2024-02-02,186.63699340820312,187.7100067138672,186.41000366210938,186.63699340820312,0
2024-02-05,187.427001953125,187.57000732421875,186.18800354003906,187.427001953125,0
2024-02-06,186.30099487304688,186.75900268554688,186.17599487304688,186.30099487304688,0
2024-02-07,186.27999877929688,187.2519989013672,186.25,186.27999877929688,0
2024-02-08,186.98399353027344,188.4290008544922,186.86500549316406,186.98399353027344,0
2024-02-09,188.35400390625,188.843994140625,188.2550048828125,188.35400390625,0
2024-02-12,188.49200439453125,188.7030029296875,187.8679962158203,188.49200439453125,0
2024-02-13,188.63299560546875,189.98800659179688,188.42999267578125,188.63099670410156,0
2024-02-14,189.72900390625,189.8159942626953,188.7550048828125,189.72900390625,0
2024-02-15,189.19500732421875,189.21200561523438,188.13999938964844,189.19500732421875,0
2024-02-16,188.89100646972656,189.24099731445312,188.85000610351562,188.89100646972656,0
2024-02-19,189.27099609375,189.38900756835938,188.91000366210938,189.33399963378906,0
2024-02-20,189.11399841308594,189.6999969482422,189.05799865722656,189.11399841308594,0
2024-02-21,189.3090057373047,189.74099731445312,189.13999938964844,189.3090057373047,0
2024-02-22,189.99000549316406,190.81100463867188,189.85699462890625,189.99000549316406,0
2024-02-23,190.53900146484375,191.13699340820312,190.38600158691406,190.53900146484375,0
2024-02-26,190.70700073242188,191.3000030517578,190.31900024414062,190.68099975585938,0
2024-02-27,190.9669952392578,190.96600341796875,190.4029998779297,190.94000244140625,0
2024-02-28,190.83399963378906,190.89199829101562,190.27499389648438,190.83399963378906,0
2024-02-29,190.66900634765625,190.75,189.05599975585938,190.75,0
2024-03-01,189.48300170898438,190.37399291992188,189.47300720214844,189.48300170898438,0
2024-03-04,190.02999877929688,191.18499755859375,189.78700256347656,190.02999877929688,0
2024-03-05,190.9320068359375,191.0189971923828,190.41000366210938,190.9320068359375,0
2024-03-06,190.6199951171875,190.67599487304688,189.87600708007812,190.6199951171875,0
2024-03-07,190.09100341796875,190.09100341796875,188.2310028076172,190.09100341796875,0
2024-03-08,189.46499633789062,189.68699645996094,188.39199829101562,189.46499633789062,0
2024-03-11,188.6709747314453,188.96299743652344,187.96600341796875,188.6709747314453,0
2024-03-12,188.0970001220703,189.18099975585938,187.99099731445312,188.0970001220703,0
2024-03-13,188.8719940185547,189.51800537109375,188.43099975585938,188.8719940185547,0
2024-03-14,188.94000244140625,189.5050048828125,188.6580047607422,188.94000244140625,0
2024-03-15,188.99899291992188,189.98599243164062,188.5970001220703,188.99899291992188,0
2024-03-18,189.6300048828125,190.14199829101562,189.62310791015625,189.6300048828125,0
2024-03-19,189.8040008544922,191.64500427246094,189.72000122070312,189.8040008544922,0
2024-03-20,192.0959930419922,192.8249969482422,192.052001953125,192.0959930419922,0
2024-03-21,192.93600463867188,193.4770050048828,191.906005859375,192.93600463867188,0
2024-03-22,191.97500610351562,192.18299865722656,190.406005859375,191.97500610351562,0
2024-03-25,190.67771911621094,191.49200439453125,190.60000610351562,190.67771911621094,0
2024-03-26,191.28399658203125,191.67100524902344,191.12100219726562,191.28399658203125,0
2024-03-27,191.21800231933594,191.61000061035156,190.51400756835938,191.21800231933594,0
2024-03-28,190.80999755859375,191.25599670410156,190.5659942626953,190.80999755859375,0
2024-03-29,191.1529998779297,191.2030029296875,190.77000427246094,191.1529998779297,0
2024-04-01,191.3000030517578,191.33299255371094,190.28500366210938,191.3000030517578,0
2024-04-02,190.1719970703125,190.7050018310547,190.07200622558594,190.1719970703125,0
2024-04-03,190.5800018310547,191.6699981689453,190.4290008544922,190.5800018310547,0
2024-04-04,191.76100158691406,192.23699951171875,191.7220001220703,191.76100158691406,0
2024-04-05,191.22999572753906,191.5260009765625,190.69500732421875,191.22999572753906,0
2024-04-08,191.5,192.13099670410156,191.36900329589844,191.5,0
2024-04-09,192.18499755859375,192.822998046875,192.10899353027344,192.18499755859375,0
2024-04-10,192.39999389648438,192.88800048828125,191.6719970703125,192.39999389648438,0
2024-04-11,191.74000549316406,192.56700134277344,191.57200622558594,191.74000549316406,0
2024-04-12,192.31700134277344,192.38099670410156,190.0229949951172,192.31700134277344,0
2024-04-15,191.00999450683594,192.67999267578125,190.88800048828125,191.00999450683594,0
2024-04-16,191.92999267578125,192.78900146484375,191.66099548339844,191.92999267578125,0
2024-04-17,192.2899932861328,192.83099365234375,192.00900268554688,192.2899932861328,0
2024-04-18,192.20199584960938,192.77499389648438,191.90699768066406,192.20199584960938,0
2024-04-19,192.27099609375,192.71400451660156,190.35400390625,192.27099609375,0
2024-04-22,191.36500549316406,191.6840057373047,190.31900024414062,191.36700439453125,0
2024-04-23,191.18299865722656,192.7550048828125,190.83599853515625,191.18299865722656,0
2024-04-24,192.69500732421875,192.9429931640625,192.4239959716797,192.69500732421875,0
2024-04-25,193.43699645996094,194.93783569335938,193.44700622558594,193.43699645996094,0
2024-04-26,194.61700439453125,196.67599487304688,194.40699768066406,194.61700439453125,0
2024-04-29,197.91099548339844,200.2830047607422,193.63400268554688,197.91099548339844,0
2024-04-30,196.3179931640625,197.35299682617188,196.1219940185547,196.3179931640625,0
2024-05-01,196.98199462890625,197.406005859375,196.57000732421875,196.98199462890625,0
2024-05-02,195.2030029296875,195.73500061035156,191.89700317382812,195.2030029296875,0
2024-05-03,191.91299438476562,192.5189971923828,191.40499877929688,191.91299438476562,0
2024-05-06,192.5760040283203,193.63400268554688,192.4409942626953,192.5760040283203,0
2024-05-07,193.7169952392578,194.11300659179688,193.02000427246094,193.7169952392578,0
2024-05-08,193.44700622558594,194.39100646972656,193.35899353027344,193.44700622558594,0
2024-05-09,194.15899658203125,194.8489990234375,193.91400146484375,194.15899658203125,0
2024-05-10,194.6230010986328,195.2790069580078,194.62100219726562,194.6230010986328,0
2024-05-13,195.11900329589844,196.19000244140625,194.8560028076172,195.11900329589844,0
2024-05-14,196.24000549316406,197.04200744628906,195.7449951171875,196.24000549316406,0
2024-05-15,196.94700622558594,197.08099365234375,196.06500244140625,196.94700622558594,0
2024-05-16,195.76699829101562,196.85800170898438,195.0500030517578,195.76699829101562,0
2024-05-17,196.88400268554688,197.61300659179688,196.80499267578125,196.88400268554688,0
2024-05-20,197.89999389648438,198.4409942626953,197.4040069580078,197.89999389648438,0
2024-05-21,198.74600219726562,198.88499450683594,198.2790069580078,198.74600219726562,0
2024-05-22,198.60499572753906,199.5290069580078,198.52000427246094,198.60499572753906,0
2024-05-23,199.33900451660156,199.87100219726562,199.1490020751953,199.33900451660156,0
2024-05-24,199.22300720214844,200.0800018310547,199.1269989013672,199.22300720214844,0
2024-05-27,199.781005859375,200.3800048828125,199.58999633789062,199.781005859375,0
2024-05-28,200.3090057373047,200.60800170898438,200.16099548339844,200.3090057373047,0
2024-05-29,200.63099670410156,200.72900390625,200.06900024414062,200.63099670410156,0
2024-05-30,200.11900329589844,200.1479949951172,198.75,200.11900329589844,0
2024-05-31,199.78599548339844,200.25999450683594,199.23199462890625,199.78599548339844,0
2024-06-03,200.31100463867188,200.63699340820312,199.2310028076172,200.31100463867188,0
2024-06-04,199.9199981689453,200.4040069580078,197.20199584960938,199.9199981689453,0
2024-06-05,198.1199951171875,199.72000122070312,198.11300659179688,198.1199951171875,0
2024-06-06,199.48500061035156,199.9340057373047,199.0449981689453,199.48500061035156,0
2024-06-07,199.1649932861328,199.78900146484375,198.41000366210938,199.1649932861328,0
2024-06-10,199.61000061035156,199.91799926757812,198.93499755859375,199.61000061035156,0
2024-06-11,199.843994140625,200.37899780273438,199.66000366210938,199.843994140625,0
2024-06-12,200.14300537109375,200.9040069580078,199.94200134277344,200.14300537109375,0
2024-06-13,200.63099670410156,201.29100036621094,199.97500610351562,200.63099670410156,0
2024-06-14,200.4199981689453,201.60299682617188,198.9409942626953,200.4199981689453,0
2024-06-17,199.80299377441406,200.32400512695312,199.08599853515625,199.80299377441406,0
2024-06-18,200.48899841308594,200.82899475097656,200.0279998779297,200.48899841308594,0
2024-06-19,200.56199645996094,201.11000061035156,200.39100646972656,200.60000610351562,0
2024-06-20,200.927001953125,201.38099670410156,200.83399963378906,200.927001953125,0
2024-06-21,201.20599365234375,201.58200073242188,200.5590057373047,201.20599365234375,0
2024-06-24,202.0189971923828,202.6820068359375,201.4459991455078,202.0189971923828,0
2024-06-25,202.51300048828125,202.58900451660156,202.02699279785156,202.51300048828125,0
2024-06-26,202.5399932861328,203.10000610351562,202.47000122070312,202.5399932861328,0
2024-06-27,202.71600341796875,203.35000610351562,202.49000549316406,202.71600341796875,0
2024-06-28,203.18899536132812,203.5659942626953,202.5760040283203,203.18899536132812,0
2024-07-01,203.47999572753906,204.7270050048828,203.42999267578125,203.47999572753906,0
2024-07-02,204.22900390625,204.81300354003906,203.88499450683594,204.22900390625,0
2024-07-03,204.89999389648438,206.15699768066406,204.875,204.89999389648438,0
2024-07-04,206.00900268554688,205.968994140625,205.27999877929688,206.00900268554688,0
2024-07-05,205.80799865722656,206.4239959716797,205.01600646972656,205.80799865722656,0
2024-07-08,205.70899963378906,206.6580047607422,205.29200744628906,205.70899963378906,0
2024-07-09,206.14199829101562,206.55499267578125,205.86700439453125,206.14199829101562,0
2024-07-10,206.31199645996094,207.76300048828125,206.30499267578125,206.31199645996094,0
2024-07-11,207.7030029296875,208.1020050048828,203.91600036621094,207.7030029296875,0
2024-07-12,204.4340057373047,206.31399536132812,204.1269989013672,204.4340057373047,0
2024-07-15,205.2689971923828,205.29200744628906,204.79200744628906,205.2689971923828,0
2024-07-16,205.08200073242188,205.77699279785156,205.0290069580078,205.08200073242188,0
2024-07-17,205.48199462890625,205.66900634765625,203.43800354003906,205.48199462890625,0
2024-07-18,202.48599243164062,203.69000244140625,202.2790069580078,202.48599243164062,0
2024-07-19,203.51499938964844,204.20199584960938,202.96200561523438,203.51499938964844,0
2024-07-22,203.5850067138672,203.5989990234375,201.90499877929688,203.5850067138672,0
2024-07-23,202.88699340820312,202.88800048828125,201.15899658203125,202.88699340820312,0
2024-07-24,200.9499969482422,201.1699981689453,197.78399658203125,200.9499969482422,0
2024-07-25,198.5,198.5279998779297,195.86399841308594,198.5,0
2024-07-26,197.57400512695312,199.1269989013672,197.03599548339844,197.57400512695312,0
2024-07-29,198.33900451660156,198.5850067138672,196.81199645996094,198.33900451660156,0
2024-07-30,197.81199645996094,199.43699645996094,197.10000610351562,197.81199645996094,0
2024-07-31,195.97000122070312,197.2100067138672,192.21200561523438,195.97000122070312,0
2024-08-01,192.46099853515625,193.25100708007812,190.9530029296875,192.46099853515625,0
2024-08-02,189.91000366210938,190.45700073242188,187.39700317382812,189.91000366210938,0
2024-08-05,186.16400146484375,186.531005859375,180.1060028076172,186.16400146484375,0
2024-08-06,186.43600463867188,186.95899963378906,182.8350067138672,186.43600463867188,0
2024-08-07,183.58200073242188,187.97500610351562,183.40499877929688,183.58200073242188,0
2024-08-08,185.2729949951172,187.5229949951172,184.50399780273438,185.2729949951172,0
2024-08-09,188.21299743652344,188.26199340820312,186.49099731445312,188.21299743652344,0
2024-08-12,187.4669952392578,189.30499267578125,187.15899658203125,187.4669952392578,0
2024-08-13,187.68699645996094,189.49099731445312,187.6699981689453,187.68699645996094,0
2024-08-14,189.08999633789062,189.343994140625,187.85800170898438,189.08999633789062,0
2024-08-15,188.86500549316406,191.66200256347656,188.77699279785156,188.86500549316406,0
2024-08-16,191.8800048828125,191.97999572753906,190.4010009765625,191.8800048828125,0
2024-08-19,191.54600524902344,191.60499572753906,188.29800415039062,191.54600524902344,0
2024-08-20,190.5590057373047,191.23300170898438,189.56700134277344,190.5590057373047,0
2024-08-21,189.44500732421875,190.80299377441406,188.99400329589844,189.44500732421875,0
2024-08-22,189.99400329589844,191.83900451660156,189.6959991455078,189.99400329589844,0
2024-08-23,191.42999267578125,191.9980010986328,190.42999267578125,191.42999267578125,0
2024-08-26,190.2469940185547,190.67599487304688,189.54100036621094,190.2469940185547,0
2024-08-27,190.62600708007812,191.8979949951172,190.55599975585938,190.61900329589844,0
2024-08-28,190.8520050048828,191.406005859375,190.552001953125,190.8520050048828,0
2024-08-29,190.5449981689453,191.50799560546875,190.3699951171875,190.5449981689453,0
2024-08-30,190.7429962158203,191.7100067138672,190.5030059814453,190.7429962158203,0
2024-09-02,192.18299865722656,193.42300415039062,191.35400390625,192.18299865722656,0
2024-09-03,192.7899932861328,193.34100341796875,190.38999938964844,192.7899932861328,0
2024-09-04,190.58799743652344,190.80799865722656,189.55999755859375,190.58799743652344,0
2024-09-05,188.39199829101562,189.73800659179688,188.08399963378906,188.39199829101562,0
2024-09-06,188.94400024414062,189.28500366210938,186.53599548339844,188.94400024414062,0
2024-09-09,187.11300659179688,188.10400390625,186.58200073242188,187.11300659179688,0
2024-09-10,187.14100646972656,188.05799865722656,185.8509979248047,187.14100646972656,0
2024-09-11,186.02499389648438,186.16799926757812,183.78399658203125,186.02499389648438,0
2024-09-12,185.92300415039062,186.60499572753906,185.2969970703125,185.92300415039062,0
2024-09-13,185.8090057373047,185.8780059814453,184.36900329589844,185.8090057373047,0
2024-09-16,184.9199981689453,185.86599731445312,183.802001953125,184.9199981689453,0
2024-09-17,185.98500061035156,187.13800048828125,185.31900024414062,185.98500061035156,0
2024-09-18,186.98899841308594,187.9720001220703,185.8459930419922,186.98899841308594,0
2024-09-19,188.39100646972656,190.37399291992188,188.21200561523438,188.39100646972656,0
2024-09-20,189.72999572753906,191.97500610351562,188.7779998779297,189.72999572753906,0
2024-09-23,191.71636962890625,192.41000366210938,190.14599609375,191.71636962890625,0
2024-09-24,191.7469940185547,193.29600524902344,191.38800048828125,191.7469940185547,0
2024-09-25,191.9550018310547,193.24000549316406,191.927001953125,191.9550018310547,0
2024-09-26,192.64999389648438,194.31100463867188,192.51699829101562,192.64999389648438,0
2024-09-27,194.552001953125,195.92599487304688,190.90199279785156,194.552001953125,0
2024-09-30,191.08299255371094,192.1529998779297,189.5749969482422,191.08299255371094,0
2024-10-01,192.21299743652344,193.3560028076172,190.32699584960938,192.21299743652344,0
2024-10-02,190.781005859375,194.00999450683594,190.41200256347656,190.781005859375,0
2024-10-03,194.43499755859375,195.13099670410156,192.1320037841797,194.43499755859375,0
2024-10-04,192.781005859375,194.906005859375,191.71279907226562,192.781005859375,0
2024-10-07,195.31399536132812,195.22999572753906,193.3470001220703,195.31399536132812,0
2024-10-08,193.82699584960938,194.33299255371094,192.8939971923828,193.82699584960938,0
2024-10-09,193.99099731445312,195.23599243164062,193.64100646972656,193.99099731445312,0
2024-10-10,194.91000366210938,195.47500610351562,193.5709991455078,194.91000366210938,0
2024-10-11,194.2220001220703,195.1909942626953,193.86399841308594,194.2220001220703,0
2024-10-14,194.85299682617188,195.6909942626953,194.63900756835938,194.85299682617188,0
2024-10-15,195.55299377441406,195.63099670410156,194.6580047607422,195.55299377441406,0
2024-10-16,194.80799865722656,195.26600646972656,193.7169952392578,194.80799865722656,0
2024-10-17,194.26400756835938,195.3040008544922,193.8489990234375,194.26400756835938,0
2024-10-18,195.3489990234375,196.02999877929688,194.75399780273438,195.3489990234375,0
2024-10-21,195.2519989013672,195.53500366210938,194.5500030517578,195.2519989013672,0
2024-10-22,195.48321533203125,196.5,195.18099975585938,195.48321533203125,0
2024-10-23,196.2100067138672,198.4149932861328,196.19000244140625,196.2100067138672,0
2024-10-24,197.2729949951172,197.5959930419922,196.66000366210938,197.2729949951172,0
2024-10-25,196.88699340820312,197.697998046875,196.41600036621094,196.88699340820312,0
2024-10-28,198.17999267578125,199.32000732421875,197.8419952392578,198.17999267578125,0
2024-10-29,198.71600341796875,199.6652069091797,198.02999877929688,198.71600341796875,0
2024-10-30,199.4499969482422,199.72999572753906,198.17999267578125,199.4499969482422,0
2024-10-31,198.52499389648438,198.8769989013672,195.4080047607422,198.52499389648438,0
2024-11-01,196.0070037841797,198.343994140625,195.9290008544922,196.0070037841797,0
2024-11-04,197.25100708007812,197.71299743652344,196.5030059814453,197.25100708007812,0
2024-11-05,197.2550048828125,197.86900329589844,197.00999450683594,197.2550048828125,0
2024-11-06,197.5030059814453,199.35299682617188,197.38600158691406,197.5030059814453,0
2024-11-07,198.79600524902344,199.5399932861328,198.5500030517578,198.79600524902344,0
2024-11-08,198.8459930419922,198.8730010986328,196.8300018310547,198.8459930419922,0
2024-11-11,197.49200439453125,198.4409942626953,197.4340057373047,197.49200439453125,0
2024-11-12,197.55499267578125,198.052001953125,196.88900756835938,197.55499267578125,0
2024-11-13,196.99200439453125,197.7010040283203,196.67999267578125,196.99200439453125,0
2024-11-14,197.48699951171875,198.20700073242188,197.10000610351562,197.48699951171875,0
2024-11-15,198.20799255371094,198.4239959716797,195.0399932861328,198.20799255371094,0
2024-11-18,195.14100646972656,196.1320037841797,194.37899780273438,195.14100646972656,0
2024-11-19,196.0279998779297,196.0070037841797,193.63999938964844,196.0279998779297,0
2024-11-20,196.39700317382812,197.75999450683594,196.1320037841797,196.39700317382812,0
2024-11-21,196.49600219726562,196.50100708007812,194.41000366210938,196.49600219726562,0
2024-11-22,194.05999755859375,194.79299926757812,192.8719940185547,194.05999755859375,0
2024-11-25,194.1179962158203,194.58799743652344,193.31199645996094,194.1179962158203,0
2024-11-26,193.4499969482422,193.69000244140625,192.44400024414062,193.4499969482422,0
2024-11-27,192.37600708007812,192.39199829101562,190.73800659179688,192.37600708007812,0
2024-11-28,191.85899353027344,192.43699645996094,191.5989990234375,191.85000610351562,0
2024-11-29,191.91000366210938,191.93899536132812,190.18099975585938,191.91000366210938,0
2024-12-02,190.37399291992188,191.2740020751953,188.47000122070312,190.322998046875,0
2024-12-03,189.24099731445312,190.36099243164062,188.1009979248047,189.24099731445312,0
2024-12-04,189.6479949951172,191.51699829101562,189.36199951171875,189.6479949951172,0
2024-12-05,191.2270050048828,192.19700622558594,190.33900451660156,191.2270050048828,0
2024-12-06,191.63699340820312,192.35800170898438,190.74000549316406,191.63699340820312,0
2024-12-09,191.1699981689453,193.39500427246094,190.6020050048828,191.13299560546875,0
2024-12-10,193.0330047607422,193.9770050048828,192.4600067138672,193.0330047607422,0
2024-12-11,193.9949951171875,194.54299926757812,192.8159942626953,193.9949951171875,0
2024-12-12,194.33599853515625,194.97999572753906,192.9510040283203,194.33599853515625,0
2024-12-13,193.427001953125,194.43800354003906,192.85400390625,193.427001953125,0
2024-12-16,193.75399780273438,195.85000610351562,193.6479949951172,193.75399780273438,0
2024-12-17,195.53599548339844,195.88299560546875,194.66700744628906,195.53599548339844,0
2024-12-18,195.1929931640625,195.76600646972656,194.72300720214844,195.1929931640625,0
2024-12-19,194.3769989013672,198.88800048828125,194.3000030517578,194.3769989013672,0
2024-12-20,197.00999450683594,197.25100708007812,195.77099609375,197.00999450683594,0
2024-12-23,196.7429962158203,197.0780029296875,196.47900390625,196.7429962158203,0
2024-12-24,196.95492553710938,197.60299682617188,196.60499572753906,196.95492553710938,0
2024-12-25,196.89999389648438,200.9499969482422,196.63900756835938,196.89999389648438,0
2024-12-26,197.0970001220703,197.84100341796875,197.00799560546875,197.0970001220703,0
2024-12-27,197.625,198.48599243164062,197.21299743652344,197.625,0
2024-12-30,198.57200622558594,198.91000366210938,196.33200073242188,198.57200622558594,0
2024-12-31,196.99899291992188,197.0959930419922,195.7449951171875,196.99899291992188,0
2025-01-02,197.40499877929688,197.4550018310547,194.23199462890625,197.40499877929688,0
2025-01-03,194.7975311279297,195.3300018310547,194.6540069580078,194.7975311279297,0
2025-01-06,195.68600463867188,197.38900756835938,195.7050018310547,195.68600463867188,0
2025-01-07,197.33900451660156,198.23699951171875,197.06199645996094,197.33900451660156,0
2025-01-08,197.39999389648438,197.5330047607422,195.14100646972656,197.39999389648438,0
2025-01-09,195.51300048828125,195.58700561523438,193.49899291992188,195.51300048828125,0
2025-01-10,194.3800048828125,194.75999450683594,192.20899963378906,194.3800048828125,0
2025-01-13,192.6840057373047,192.74400329589844,190.10899353027344,192.6840057373047,0
2025-01-14,192.49400329589844,192.83399963378906,191.55499267578125,192.49400329589844,0
2025-01-15,192.97799682617188,192.9600067138672,191.18299865722656,192.97799682617188,0
2025-01-16,191.28799438476562,191.5030059814453,189.8040008544922,191.28799438476562,0
2025-01-17,190.0780029296875,190.5749969482422,189.35899353027344,190.0780029296875,0
2025-01-20,190.22900390625,191.6219940185547,189.88699340820312,190.22900390625,0
2025-01-21,191.4250030517578,191.74099731445312,190.48199462890625,191.4250030517578,0
2025-01-22,192.13999938964844,193.0,191.71600341796875,192.13999938964844,0
2025-01-23,192.6199951171875,192.9949951171875,192.35699462890625,192.6199951171875,0
2025-01-24,192.87606811523438,194.56199645996094,192.09500122070312,192.87606811523438,0
2025-01-27,194.0279998779297,194.63400268554688,192.17300415039062,194.0279998779297,0
2025-01-28,193.0070037841797,193.99899291992188,192.77200317382812,193.0070037841797,0
2025-01-29,193.5019989013672,193.73699951171875,192.5019989013672,193.5019989013672,0
2025-01-30,193.25799560546875,193.2570037841797,191.48699951171875,193.25799560546875,0
2025-01-31,191.4250030517578,192.97000122070312,191.21499633789062,191.4250030517578,0
2025-02-03,190.94700622558594,192.2740020751953,190.03500366210938,190.94700622558594,0
2025-02-04,193.0240020751953,193.13600158691406,191.781005859375,193.0240020751953,0
2025-02-05,192.2949981689453,192.5469970703125,190.3560028076172,192.2949981689453,0
2025-02-06,190.8000030517578,190.8800048828125,188.26100158691406,190.8000030517578,0
2025-02-07,188.01300048828125,189.552001953125,187.06399536132812,188.01300048828125,0
2025-02-10,188.14599609375,189.10899353027344,187.64300537109375,188.14599609375,0
2025-02-11,187.55099487304688,189.4250030517578,187.27499389648438,187.55099487304688,0
2025-02-12,190.1750030517578,192.44000244140625,190.18600463867188,190.1750030517578,0
2025-02-13,192.03599548339844,193.0189971923828,191.18099975585938,192.03599548339844,0
2025-02-14,192.19700622558594,192.48599243164062,191.47900390625,192.19700622558594,0
2025-02-17,191.29600524902344,191.38400268554688,190.63900756835938,191.29600524902344,0
2025-02-18,191.125,191.93099975585938,190.9320068359375,191.125,0
2025-02-19,191.8159942626953,192.0959930419922,190.47500610351562,191.8159942626953,0
2025-02-20,190.26600646972656,190.26800537109375,188.79100036621094,190.26600646972656,0
2025-02-21,189.27000427246094,190.9320068359375,188.86500549316406,189.27000427246094,0
2025-02-24,188.96600341796875,189.57200622558594,188.2239990234375,188.96600341796875,0
2025-02-25,189.07000732421875,189.6999969482422,188.18299865722656,189.07000732421875,0
2025-02-26,188.9250030517578,189.85299682617188,188.4409942626953,188.9250030517578,0
2025-02-27,188.74099731445312,190.08700561523438,188.5749969482422,188.74099731445312,0
2025-02-28,188.98699951171875,190.27699279785156,187.71099853515625,188.98699951171875,0
2025-03-03,190.0189971923828,191.96099853515625,188.83999633789062,190.0189971923828,0
2025-03-04,189.62399291992188,190.07000732421875,188.2689971923828,189.62399291992188,0
2025-03-05,191.62899780273438,192.2689971923828,190.8990020751953,191.62899780273438,0
2025-03-06,191.93099975585938,192.51199340820312,189.91600036621094,191.93099975585938,0
2025-03-07,190.8300018310547,190.9040069580078,189.83900451660156,190.8300018310547,0
2025-03-10,190.88299560546875,190.88299560546875,189.31199645996094,190.88299560546875,0
2025-03-11,189.34300231933594,191.54299926757812,188.8000030517578,189.34300231933594,0
2025-03-12,191.62600708007812,193.0749969482422,191.22999572753906,191.62600708007812,0
2025-03-13,192.218994140625,192.32400512695312,191.00100708007812,192.218994140625,0
2025-03-14,191.6909942626953,192.6719970703125,191.56199645996094,191.6909942626953,0
2025-03-17,192.12899780273438,193.4709930419922,191.9980010986328,192.12899780273438,0
2025-03-18,193.96400451660156,194.8800048828125,193.82400512695312,193.96400451660156,0
2025-03-19,194.27699279785156,194.69200134277344,193.28199768066406,194.27699279785156,0
2025-03-20,193.18299865722656,193.16900634765625,192.08200073242188,193.18299865722656,0
2025-03-21,192.68699645996094,193.56700134277344,192.09100341796875,192.68699645996094,0
2025-03-24,193.44200134277344,194.66799926757812,193.28199768066406,193.44200134277344,0
2025-03-25,194.85000610351562,194.99099731445312,193.6529998779297,194.85000610351562,0
2025-03-26,194.0800018310547,194.77200317382812,193.47999572753906,194.0800018310547,0
2025-03-27,193.76400756835938,195.8800048828125,193.52999877929688,193.76400756835938,0
2025-03-28,195.36099243164062,195.69900512695312,194.2480010986328,195.36099243164062,0
2025-03-31,193.56500244140625,193.677001953125,192.76100158691406,193.56500244140625,0
2025-04-01,193.68800354003906,193.88499450683594,192.2030029296875,193.68800354003906,0
2025-04-02,193.55599975585938,194.6199951171875,192.9929962158203,193.55599975585938,0
2025-04-03,192.9029998779297,193.63499450683594,191.25999450683594,192.9029998779297,0
2025-04-04,191.3820037841797,191.72900390625,187.5679931640625,191.42999267578125,0
2025-04-07,187.7429962158203,189.88299560546875,187.20399475097656,187.7429962158203,0
2025-04-08,188.18499755859375,188.92300415039062,187.27200317382812,188.18499755859375,0
2025-04-09,186.51499938964844,187.08999633789062,184.41700744628906,186.51499938964844,0
2025-04-10,189.03500366210938,189.39700317382812,186.67599487304688,189.03500366210938,0
2025-04-11,186.74000549316406,187.62399291992188,186.03199768066406,186.74000549316406,0
2025-04-14,188.0019989013672,189.1840057373047,186.61099243164062,188.0019989013672,0
2025-04-15,188.6699981689453,189.5279998779297,188.56399536132812,188.6699981689453,0
2025-04-16,189.36000061035156,189.58700561523438,188.5780029296875,189.36000061035156,0
2025-04-17,187.7740020751953,189.25999450683594,187.7530059814453,187.7740020751953,0
2025-04-22,188.4530029296875,188.7429962158203,187.47799682617188,188.4530029296875,0
2025-04-23,189.3800048828125,189.61000061035156,188.25799560546875,189.3800048828125,0
2025-04-24,189.96800231933594,190.10400390625,189.30999755859375,189.96800231933594,0
2025-04-25,190.39199829101562,191.71299743652344,190.0760040283203,190.39199829101562,0
2025-04-28,191.1580047607422,191.5290069580078,190.6580047607422,191.1580047607422,0
2025-04-29,191.01499938964844,191.33099365234375,190.44400024414062,191.01499938964844,0
2025-04-30,190.8249969482422,191.2550048828125,190.02200317382812,190.8249969482422,0
2025-05-01,190.5290069580078,193.343994140625,190.35800170898438,190.5290069580078,0
2025-05-02,193.23300170898438,193.71200561523438,191.51400756835938,193.23300170898438,0
2025-05-05,191.92999267578125,192.02999877929688,191.06100463867188,191.92999267578125,0
2025-05-06,190.9199981689453,191.32000732421875,190.46099853515625,190.9199981689453,0
2025-05-07,191.01600646972656,191.63499450683594,190.73599243164062,191.01600646972656,0
2025-05-08,191.18600463867188,193.27000427246094,191.01100158691406,191.18600463867188,0
2025-05-09,193.24899291992188,193.2760009765625,192.35699462890625,193.24899291992188,0
2025-05-12,193.72999572753906,195.7530059814453,193.63299560546875,193.72999572753906,0
2025-05-13,195.4199981689453,196.3209991455078,194.77999877929688,195.4199981689453,0
2025-05-14,196.2570037841797,196.38999938964844,194.2429962158203,196.2570037841797,0
2025-05-15,194.49899291992188,194.57899475097656,193.44400024414062,194.49899291992188,0
2025-05-16,193.7310028076172,193.7259979248047,193.05599975585938,193.7310028076172,0
2025-05-19,193.30799865722656,194.0540008544922,192.78500366210938,193.30799865722656,0
2025-05-20,193.67799377441406,194.14599609375,192.93600463867188,193.67799377441406,0
2025-05-21,193.3489990234375,193.4709930419922,192.5850067138672,193.3489990234375,0
2025-05-22,192.88499450683594,193.22999572753906,191.91700744628906,192.88499450683594,0
2025-05-23,193.04299926757812,193.5469970703125,192.0919952392578,193.04299926757812,0
2025-05-26,193.36099243164062,194.02999877929688,193.27099609375,193.36099243164062,0
2025-05-27,193.5,195.6020050048828,193.02999877929688,193.5,0
2025-05-28,194.8179931640625,195.2779998779297,194.35000610351562,194.8179931640625,0
2025-05-29,195.67599487304688,196.26699829101562,194.30599975585938,195.67599487304688,0
2025-05-30,194.0970001220703,194.6479949951172,193.4770050048828,194.0970001220703,0
2025-06-02,193.66700744628906,193.89700317382812,193.00999450683594,193.66700744628906,0
2025-06-03,193.1020050048828,194.72500610351562,192.73500061035156,193.1020050048828,0
2025-06-04,194.61500549316406,195.2169952392578,193.81399536132812,194.61500549316406,0
2025-06-05,193.41900634765625,195.47000122070312,193.33999633789062,193.41900634765625,0
2025-06-06,194.9320068359375,196.1750030517578,194.81900024414062,194.9320068359375,0
2025-06-09,195.87100219726562,196.1269989013672,195.45399475097656,195.87100219726562,0
2025-06-10,195.93699645996094,196.43600463867188,194.78700256347656,195.93699645996094,0
2025-06-11,195.61199951171875,196.18600463867188,195.2949981689453,195.61199951171875,0
2025-06-12,195.6230010986328,195.7519989013672,194.7239990234375,195.6230010986328,0
2025-06-13,195.0959930419922,195.96600341796875,193.78399658203125,195.0959930419922,0
2025-06-16,196.74551391601562,196.16400146484375,195.39999389648438,196.74551391601562,0
2025-06-17,196.31300354003906,196.82200622558594,195.8159942626953,196.31300354003906,0
2025-06-18,195.22000122070312,195.33099365234375,194.5189971923828,195.22000122070312,0
2025-06-19,194.45599365234375,195.9239959716797,194.03799438476562,194.45599365234375,0
2025-06-20,195.69200134277344,196.6840057373047,195.68899536132812,195.69200134277344,0
2025-06-23,196.44900512695312,198.16299438476562,196.2969970703125,196.44900512695312,0
2025-06-24,197.64500427246094,197.6230010986328,196.95599365234375,197.64500427246094,0
2025-06-25,197.34300231933594,198.56500244140625,197.04200744628906,197.34300231933594,0
2025-06-26,198.3719940185547,198.58299255371094,197.75999450683594,198.3719940185547,0
2025-06-27,198.5659942626953,198.78399658203125,198.1280059814453,198.5659942626953,0
2025-06-30,198.23699951171875,198.40499877929688,197.23199462890625,198.23699951171875,0
2025-07-01,197.44400024414062,197.73899841308594,196.30799865722656,197.44400024414062,0
2025-07-02,197.11000061035156,197.53199768066406,195.3800048828125,197.11000061035156,0
2025-07-03,195.9029998779297,198.0489959716797,195.7760009765625,195.9029998779297,0
2025-07-04,197.73300170898438,197.82400512695312,196.89700317382812,197.73300170898438,0
2025-07-07,197.2519989013672,198.98300170898438,196.7989959716797,197.2519989013672,0
2025-07-08,198.73699951171875,199.42999267578125,198.66700744628906,198.73699951171875,0
2025-07-09,199.48300170898438,199.79299926757812,198.91799926757812,199.48300170898438,0
2025-07-10,198.5800018310547,199.24000549316406,198.3800048828125,198.5800018310547,0
2025-07-11,198.63299560546875,199.41200256347656,198.25,198.63299560546875,0
2025-07-14,198.74200439453125,198.79100036621094,198.10899353027344,198.74200439453125,0
2025-07-15,198.4459991455078,199.50100708007812,198.1999969482422,198.4459991455078,0
2025-07-16,199.22900390625,199.7169952392578,198.04400634765625,199.22900390625,0
2025-07-17,198.47300720214844,199.48500061035156,198.4720001220703,198.47300720214844,0
2025-07-18,199.3800048828125,199.9600067138672,199.27499389648438,199.3800048828125,0
2025-07-21,199.11599731445312,199.22900390625,198.5780029296875,199.11599731445312,0
2025-07-22,198.82899475097656,199.28199768066406,197.4429931640625,198.82899475097656,0
2025-07-23,198.46800231933594,199.05099487304688,197.7830047607422,198.46800231933594,0
2025-07-24,198.6999969482422,198.8520050048828,198.12899780273438,198.6999969482422,0
2025-07-25,198.58700561523438,199.05999755859375,198.14199829101562,198.58700561523438,0
2025-07-28,198.6280059814453,199.2010040283203,198.41000366210938,198.6280059814453,0
2025-07-29,198.35800170898438,198.4459991455078,197.7449951171875,198.35800170898438,0
2025-07-30,198.20899963378906,198.4250030517578,197.4429931640625,198.20899963378906,0
2025-07-31,197.8179931640625,199.20399475097656,196.97000122070312,197.8179931640625,0
2025-08-01,199.14700317382812,199.2760009765625,196.1750030517578,199.14700317382812,0
2025-08-04,195.79600524902344,196.5260009765625,195.4600067138672,195.79600524902344,0
2025-08-05,195.18299865722656,196.343994140625,195.0399932861328,195.18299865722656,0
2025-08-06,196.2310028076172,196.8560028076172,196.0970001220703,196.2310028076172,0
2025-08-07,196.60800170898438,197.96800231933594,196.2449951171875,196.60800170898438,0
2025-08-08,197.5070037841797,198.81723022460938,197.4320068359375,197.5070037841797,0
2025-08-11,198.49000549316406,198.78799438476562,198.1929931640625,198.49000549316406,0
2025-08-12,198.99000549316406,200.07000732421875,198.9980010986328,198.99000549316406,0
2025-08-13,199.52099609375,200.26400756835938,199.42599487304688,199.52099609375,0
2025-08-14,199.85699462890625,200.08999633789062,198.61099243164062,199.85699462890625,0
2025-08-15,199.8209991455078,199.82400512695312,198.91000366210938,199.8209991455078,0
2025-08-18,199.62600708007812,200.25999450683594,199.37600708007812,199.62600708007812,0
2025-08-19,199.80099487304688,199.85400390625,199.26400756835938,199.80099487304688,0
2025-08-20,199.23399353027344,199.41000366210938,197.8699951171875,199.23399353027344,0
2025-08-21,198.3509979248047,199.21299743652344,198.13299560546875,198.3509979248047,0
2025-08-22,199.08799743652344,199.5260009765625,198.41000366210938,199.08799743652344,0
2025-08-25,198.8979949951172,199.2689971923828,198.74000549316406,198.8979949951172,0
2025-08-26,198.86199951171875,199.04400634765625,198.26800537109375,198.86199951171875,0
2025-08-27,198.72000122070312,199.17799377441406,198.6479949951172,198.72000122070312,0
2025-08-28,198.92300415039062,199.0919952392578,198.4669952392578,198.92300415039062,0
2025-08-29,198.32400512695312,198.5800018310547,197.96299743652344,198.32400512695312,0
2025-09-01,198.6280059814453,199.53799438476562,198.6199951171875,198.6280059814453,0
2025-09-02,199.26100158691406,200.24899291992188,198.32699584960938,199.26100158691406,0
2025-09-03,198.7949981689453,199.7169952392578,198.51800537109375,198.7949981689453,0
2025-09-04,198.89700317382812,199.81300354003906,198.80499267578125,198.89700317382812,0
2025-09-05,199.468994140625,199.78500366210938,198.6959991455078,199.468994140625,0
2025-09-08,200.1540069580078,200.322998046875,199.39999389648438,200.1540069580078,0
2025-09-09,199.7100067138672,199.86599731445312,198.81100463867188,199.7100067138672,0
2025-09-10,199.28599548339844,199.79400634765625,199.24899291992188,199.28599548339844,0
2025-09-11,199.40499877929688,200.0449981689453,199.3560028076172,199.40499877929688,0
2025-09-12,199.86599731445312,200.47000122070312,199.70899963378906,199.86599731445312,0
2025-09-15,200.12600708007812,200.73500061035156,199.91099548339844,200.12600708007812,0
2025-09-16,200.5,200.69000244140625,199.93299865722656,200.5,0
2025-09-17,199.8979949951172,199.98699951171875,199.47999572753906,199.8979949951172,0
2025-09-18,200.2010040283203,201.2270050048828,200.14700317382812,200.2010040283203,0
2025-09-19,200.54800415039062,200.58399963378906,199.25100708007812,200.54800415039062,0
2025-09-22,199.39300537109375,199.76499938964844,199.39599609375,199.39300537109375,0
2025-09-23,199.63900756835938,199.9459991455078,199.156005859375,199.63900756835938,0
2025-09-24,199.60800170898438,200.11700439453125,199.4600067138672,199.60800170898438,0
2025-09-25,200.10000610351562,200.33099365234375,199.6230010986328,200.10000610351562,0
2025-09-26,199.8509979248047,200.49400329589844,199.69200134277344,199.8509979248047,0
2025-09-29,200.31399536132812,200.30999755859375,199.34500122070312,200.31399536132812,0
2025-09-30,199.64599609375,199.74400329589844,198.57000732421875,199.64599609375,0
2025-10-01,198.94900512695312,199.21099853515625,197.91299438476562,198.94900512695312,0
2025-10-02,198.25999450683594,198.5989990234375,197.49600219726562,198.25999450683594,0
2025-10-03,197.86000061035156,198.6790008544922,197.87600708007812,197.86000061035156,0
2025-10-06,200.9600067138672,202.23300170898438,200.79200744628906,200.9600067138672,0
2025-10-07,202.7050018310547,203.2429962158203,202.13699340820312,202.7050018310547,0
2025-10-08,204.05799865722656,205.30799865722656,203.91200256347656,204.05799865722656,0
2025-10-09,204.59800720214844,204.86700439453125,203.5800018310547,204.59800720214844,0
2025-10-10,203.50399780273438,203.6929931640625,202.2530059814453,203.50399780273438,0
2025-10-13,202.77200317382812,203.2239990234375,202.6320037841797,202.77200317382812,0
2025-10-14,203.2239990234375,203.50399780273438,201.36000061035156,203.2239990234375,0
2025-10-15,202.11599731445312,202.5800018310547,201.59500122070312,202.11599731445312,0
2025-10-16,202.36000061035156,203.41099548339844,202.01100158691406,202.36000061035156,0
2025-10-17,201.83799743652344,202.10499572753906,200.70899963378906,201.83799743652344,0
2025-10-20,202.58200073242188,203.0959930419922,201.8679962158203,202.58200073242188,0
2025-10-21,202.10400390625,203.5070037841797,201.82200622558594,202.10400390625,0
2025-10-22,202.9929962158203,203.24200439453125,201.9239959716797,202.9929962158203,0
2025-10-23,202.8780059814453,203.781005859375,202.8800048828125,202.8780059814453,0
2025-10-24,203.3719940185547,203.97300720214844,203.1060028076172,203.3719940185547,0
2025-10-27,203.90699768066406,204.23300170898438,203.54600524902344,203.90699768066406,0
2025-10-28,203.69500732421875,203.7030029296875,201.6699981689453,203.69500732421875,0
2025-10-29,201.47000122070312,201.9239959716797,200.59500122070312,201.47000122070312,0
2025-10-30,201.50399780273438,203.23599243164062,201.00999450683594,201.50399780273438,0
2025-10-31,202.50900268554688,202.89300537109375,201.85299682617188,202.50900268554688,0
2025-11-03,202.5189971923828,202.75900268554688,202.0330047607422,202.5189971923828,0
2025-11-04,202.54100036621094,202.65499877929688,200.02000427246094,202.54100036621094,0
2025-11-05,199.9199981689453,201.23500061035156,199.0919952392578,199.9199981689453,0
2025-11-06,201.08999633789062,201.3719940185547,200.47300720214844,201.08999633789062,0
2025-11-07,200.97000122070312,201.74600219726562,200.6580047607422,200.97000122070312,0
2025-11-10,202.12600708007812,203.22000122070312,201.89300537109375,201.89300537109375,0
2025-11-11,203.03500366210938,203.25799560546875,202.33999633789062,203.072998046875,0
2025-11-12,202.63800048828125,203.552001953125,202.60000610351562,202.61300659179688,0
2025-11-13,203.09800720214844,204.04400634765625,202.97000122070312,203.08599853515625,0
2025-11-14,203.35899353027344,203.79299926757812,202.3730010986328,203.37600708007812,0
2025-11-17,203.41900634765625,204.52200317382812,203.13499450683594,203.41799926757812,0
2025-11-18,204.26600646972656,204.4530029296875,203.70700073242188,204.2010040283203,0
2025-11-19,204.50100708007812,205.35499572753906,203.98699951171875,204.47000122070312,0
2025-11-20,205.04100036621094,206.83799743652344,204.8040008544922,205.01600646972656,0
2025-11-21,205.9040069580078,206.031005859375,204.29200744628906,205.90499877929688,0
2025-11-24,205.2030029296875,205.88699340820312,205.02999877929688,205.16400146484375,0
2025-11-25,205.66900634765625,205.90899658203125,205.0030059814453,205.5959930419922,0
2025-11-26,205.5590057373047,207.0449981689453,205.3489990234375,205.51800537109375,0
2025-11-27,206.9320068359375,207.177001953125,206.4320068359375,206.89999389648438,0
2025-11-28,206.9250030517578,207.19900512695312,206.1300048828125,206.92799377441406,0
2025-12-01,206.4239959716797,206.39700317382812,205.21400451660156,206.39599609375,0
2025-12-02,205.4739990234375,206.22999572753906,205.38699340820312,205.46499633789062,0
2025-12-03,205.96200561523438,207.05099487304688,205.78900146484375,205.90499877929688,0
2025-12-04,207.0330047607422,207.343994140625,206.35800170898438,206.9929962158203,0
2025-12-05,206.6649932861328,207.28199768066406,206.21800231933594,206.6439971923828,0
2025-12-08,206.9770050048828,207.71400451660156,206.593994140625,206.96099853515625,0
2025-12-09,207.6699981689453,208.92799377441406,207.5970001220703,207.68800354003906,0
2025-12-10,208.63400268554688,208.8560028076172,208.22999572753906,208.59300231933594,0
2025-12-11,208.56900024414062,208.6199951171875,207.93600463867188,208.52000427246094,0
2025-12-12,208.30999755859375,208.7239990234375,207.89700317382812,208.2310028076172,0
2025-12-15,208.3699951171875,208.4149932861328,207.10299682617188,208.34300231933594,0
2025-12-16,207.40699768066406,207.9759979248047,206.7689971923828,207.40699768066406,0
2025-12-17,207.7760009765625,208.36700439453125,207.0800018310547,207.77200317382812,0
2025-12-18,207.94900512695312,208.96299743652344,207.86199951171875,207.93600463867188,0
2025-12-19,208.2429962158203,210.63299560546875,208.2169952392578,208.2169952392578,0
2025-12-22,210.875,211.58099365234375,210.6219940185547,210.86199951171875,0
2025-12-23,211.23599243164062,211.28599548339844,210.28799438476562,211.26800537109375,0
2025-12-24,210.95599365234375,211.0749969482422,210.0449981689453,210.92599487304688,0
2025-12-26,210.8419952392578,211.47300720214844,210.61900329589844,210.91900634765625,0
2025-12-29,211.16700744628906,211.33599853515625,210.4409942626953,210.96499633789062,0
2025-12-30,210.7550048828125,211.10537719726562,210.44000244140625,210.6490020751953,0
2025-12-31,210.61000061035156,211.08700561523438,210.25799560546875,210.58599853515625,0
2026-01-02,211.16000366210938,211.42999267578125,210.75900268554688,211.18699645996094,0
2026-01-05,210.95700073242188,211.4739990234375,210.51300048828125,210.9526824951172,0
2026-01-06,211.95799255371094,212.125,211.3179931640625,211.91799926757812,0
2026-01-07,211.51199340820312,211.73399353027344,210.98699951171875,211.46600341796875,0
2026-01-08,210.91000366210938,211.1490020751953,210.3419952392578,210.89100646972656,0
2026-01-09,210.7729949951172,212.04800415039062,210.76400756835938,210.7899932861328,0
2026-01-12,211.8159942626953,212.97799682617188,211.66799926757812,211.78599548339844,0
2026-01-13,212.7259979248047,214.28500366210938,212.7270050048828,212.74899291992188,0
2026-01-14,213.70799255371094,214.093994140625,212.5709991455078,213.6999969482422,0
2026-01-15,212.8979949951172,213.2989959716797,212.01300048828125,212.9320068359375,0
2026-01-16,212.218994140625,212.2480010986328,211.38999938964844,212.18899536132812,0
2026-01-19,211.13999938964844,212.37600708007812,210.8939971923828,211.16900634765625,0
2026-01-20,212.23699951171875,213.46499633789062,211.8489990234375,212.25999450683594,0
2026-01-21,212.56399536132812,212.74200439453125,211.65199279785156,212.55099487304688,0
2026-01-22,212.6199951171875,213.64300537109375,212.375,212.62399291992188,0
2026-01-23,213.9720001220703,214.8350067138672,212.71600341796875,213.9429931640625,0
2026-01-26,211.9810028076172,212.0330047607422,209.63999938964844,211.99400329589844,0
2026-01-27,211.08200073242188,211.72900390625,210.12600708007812,211.07000732421875,0
2026-01-28,210.75,211.8509979248047,210.07000732421875,210.88900756835938,0
2026-01-29,211.63900756835938,212.1479949951172,210.072998046875,211.65899658203125,0
2026-01-30,211.42999267578125,212.43699645996094,211.30799865722656,211.4669952392578,0
2026-02-02,212.28199768066406,212.66299438476562,211.2989959716797,212.2220001220703,0
2026-02-03,212.5229949951172,213.4250030517578,212.5449981689453,212.61300659179688,0
2026-02-04,213.3939971923828,214.99099731445312,213.37399291992188,213.41700744628906,0
2026-02-05,214.08999633789062,214.20899963378906,211.81199645996094,214.1020050048828,0
2026-02-06,211.9969940185547,213.8560028076172,211.6300048828125,211.9550018310547,0
2026-02-09,213.98300170898438,213.98699951171875,212.1649932861328,213.98699951171875,0
2026-02-10,213.60000610351562,213.6999969482422,210.53900146484375,213.60800170898438,0
2026-02-11,210.61000061035156,210.63299560546875,208.74200439453125,210.63299560546875,0
2026-02-12,208.79800415039062,209.52999877929688,207.58700561523438,208.75900268554688,0
2026-02-13,208.1060028076172,209.31199645996094,208.03500366210938,208.03500366210938,0
2026-02-16,208.49600219726562,209.66900634765625,208.49600219726562,208.50599670410156,0
2026-02-17,209.32000732421875,209.25900268554688,207.24400329589844,209.25900268554688,0
2026-02-18,207.72799682617188,209.2100067138672,207.6199951171875,207.6719970703125,0
2026-02-19,208.7530059814453,209.52999877929688,208.07699584960938,208.74200439453125,0
2026-02-20,208.84500122070312,209.60400390625,208.38999938964844,208.85000610351562,0
2026-02-23,208.86700439453125,209.21200561523438,208.22799682617188,208.81300354003906,0
2026-02-24,208.6909942626953,210.8300018310547,208.68699645996094,208.68699645996094,0
2026-02-25,210.3719940185547,212.0,210.00999450683594,210.4199981689453,0
2026-02-26,211.76600646972656,211.7689971923828,210.6820068359375,211.697998046875,0
2026-02-27,210.26499938964844,210.8209991455078,209.79299926757812,210.28399658203125,0
2026-03-02,209.98199462890625,211.35899353027344,209.37600708007812,209.947998046875,0
2026-03-03,210.8730010986328,211.3209991455078,209.22999572753906,210.86399841308594,0
2026-03-04,210.66000366210938,210.64300537109375,209.48899841308594,210.64300537109375,0
2026-03-05,209.85400390625,210.61199951171875,209.1750030517578,209.8470001220703,0
2026-03-06,210.4149932861328,211.21299743652344,210.28500366210938,210.38099670410156,0
2026-03-09,210.71800231933594,212.02000427246094,210.6719970703125,210.7519989013672,0
2026-03-10,211.8699951171875,212.38999938964844,211.58900451660156,211.88900756835938,0
2026-03-11,212.15899658203125,213.0469970703125,212.13099670410156,212.1490020751953,0
2026-03-12,212.87100219726562,212.99899291992188,212.41600036621094,212.8679962158203,0
2026-03-13,212.56100463867188,212.79986572265625,211.13499450683594,212.56900024414062,0
2026-03-16,211.3699951171875,211.8990020751953,210.8090057373047,211.33099365234375,0
2026-03-17,211.82200622558594,212.25999450683594,211.63400268554688,211.82000732421875,0
2026-03-18,212.23699951171875,212.6020050048828,211.96099853515625,212.2239990234375,0
2026-03-19,211.94000244140625,212.33700561523438,210.83799743652344,211.96200561523438,0
2026-03-20,212.01300048828125,212.75,211.76600646972656,211.968994140625,0
2026-03-23,212.25999450683594,213.29100036621094,211.60400390625,212.18899536132812,0
2026-03-24,212.73599243164062,212.96200561523438,212.2949981689453,212.77099609375,0
2026-03-25,212.9320068359375,213.18499755859375,212.65199279785156,212.88999938964844,0
2026-03-26,212.98399353027344,213.2969970703125,212.70799255371094,213.0260009765625,0
2026-03-27,212.96200561523438,213.07699584960938,212.23199462890625,212.9720001220703,0
2026-03-30,212.0970001220703,212.10899353027344,210.2469940185547,212.10899353027344,0
2026-03-31,210.5449981689453,211.20399475097656,209.64300537109375,210.427001953125,0
2026-04-01,209.9409942626953,211.427001953125,209.8699951171875,209.89100646972656,0
2026-04-02,211.04100036621094,211.24600219726562,210.3560028076172,211.0749969482422,0
2026-04-03,210.96099853515625,211.2949981689453,210.60299682617188,210.9929962158203,0
2026-04-06,210.68099975585938,211.5279998779297,210.60699462890625,210.67300415039062,0
2026-04-07,211.322998046875,211.96800231933594,211.1999969482422,211.34300231933594,0
2026-04-08,212.69500732421875,213.1320037841797,212.13999938964844,212.60699462890625,0
2026-04-09,212.47000122070312,213.76300048828125,212.43899536132812,212.43899536132812,0
2026-04-10,213.66600036621094,214.45199584960938,213.54800415039062,213.63699340820312,0
2026-04-13,213.8679962158203,214.98599243164062,213.81300354003906,213.8260040283203,0
2026-04-14,215.18600463867188,215.781005859375,214.906005859375,215.18699645996094,0
2026-04-15,215.56500244140625,215.82200622558594,215.2050018310547,215.50100708007812,0
2026-04-16,215.54400634765625,215.70399475097656,215.13099670410156,215.52857971191406,0
2026-04-17,215.31900024414062,215.65899658203125,214.0399932861328,215.30099487304688,0
2026-04-20,214.583251953125,214.87399291992188,214.33399963378906,214.5749969482422,0
2026-04-21,214.93099975585938,215.4010009765625,214.63699340820312,214.92799377441406,0
2026-04-22,215.28700256347656,215.66200256347656,214.9340057373047,215.29400634765625,0
2026-04-23,215.2969970703125,215.7259979248047,215.05999755859375,215.28700256347656,0
2026-04-24,215.11900329589844,215.4669952392578,214.94000244140625,215.13099670410156,0
2026-04-27,215.64700317382812,216.03500366210938,215.50999450683594,215.6300048828125,0
2026-04-28,215.73399353027344,215.81500244140625,214.9739990234375,215.6999969482422,0
2026-04-29,215.7760009765625,216.26800537109375,215.49899291992188,215.80099487304688,0
2026-04-30,216.05499267578125,216.5850067138672,210.52099609375,216.0760040283203,0
2026-05-01,213.53500366210938,214.0290069580078,211.81300354003906,213.5659942626953,0
2026-05-04,213.01600646972656,213.6060028076172,211.8939971923828,213.07400512695312,0
2026-05-05,212.6820068359375,214.0570068359375,212.5489959716797,212.71600341796875,0
2026-05-06,213.94700622558594,214.21200561523438,210.77999877929688,213.92599487304688,0
2026-05-07,212.69200134277344,213.11900329589844,212.29600524902344,212.72300720214844,0
2026-05-08,212.5800018310547,213.45399475097656,212.54800415039062,212.5989990234375,0
2026-05-11,213.22999572753906,214.36000061035156,213.26699829101562,213.26699829101562,0
2026-05-12,213.8939971923828,214.18800354003906,212.7480010986328,213.88800048828125,0
2026-05-13,213.40499877929688,213.67799377441406,212.89100646972656,213.38999938964844,0
2026-05-14,213.51800537109375,213.6959991455078,212.7449951171875,213.52099609375,0
2026-05-15,212.07400512695312,212.07899475097656,211.29400634765625,212.07899475097656,0
2026-05-18,211.41700744628906,213.17799377441406,211.37100219726562,211.45700073242188,0
2026-05-19,213.37600708007812,213.4720001220703,212.94000244140625,213.40899658203125,0
2026-05-20,213.03500366210938,213.5709991455078,212.7209930419922,212.9929962158203,0
2026-05-21,213.42999267578125,213.8000030517578,213.29200744628906,213.4409942626953,0
2026-05-22,213.58200073242188,213.98199462890625,213.44000244140625,213.57400512695312,0
2026-05-25,214.27499389648438,214.5970001220703,214.03599548339844,214.25799560546875,0
2026-05-26,214.50900268554688,214.66600036621094,214.06700134277344,214.49400329589844,0
2026-05-27,214.26100158691406,214.47300720214844,214.01800537109375,214.26300048828125,0
2026-05-28,214.06300354003906,214.10499572753906,213.3070068359375,214.06500244140625,0
2026-05-29,214.1199951171875,214.60699462890625,213.58799743652344,214.11599731445312,0
2026-06-01,214.33799743652344,214.86900329589844,214.18499755859375,214.3459930419922,0
2026-06-02,214.8719940185547,215.51199340820312,214.79800415039062,214.85899353027344,0
2026-06-03,215.19000244140625,215.36399841308594,214.58799743652344,215.20799255371094,0
2026-06-04,214.7429962158203,215.1479949951172,214.46800231933594,214.73500061035156,0
2026-06-05,214.72999572753906,215.5919952392578,214.04100036621094,214.7449951171875,0
2026-06-08,213.80099487304688,214.0070037841797,212.93699645996094,213.79800415039062,0
2026-06-09,213.57400512695312,214.7740020751953,213.49200439453125,213.5590057373047,0
2026-06-10,214.45599365234375,215.2100067138672,214.38400268554688,214.45599365234375,0
2026-06-11,214.48699951171875,214.9340057373047,213.8719940185547,214.53199768066406,0
2026-06-12,214.77499389648438,215.00799560546875,214.5659942626953,214.8090057373047,0
2026-06-15,215.1320037841797,215.36099243164062,214.88499450683594,215.1300048828125,0
2026-06-16,214.9499969482422,215.5240020751953,214.5260009765625,214.96499633789062,0
2026-06-17,215.36099243164062,215.4239959716797,214.5826416015625,215.33799743652344,0
2026-06-18,213.60800170898438,214.04200744628906,212.52099609375,213.5959930419922,0
2026-06-19,212.927001953125,213.50399780273438,212.4600067138672,212.91600036621094,0
2026-06-22,213.2050018310547,214.66299438476562,213.24099731445312,213.24099731445312,0
2026-06-23,214.02699279785156,214.1909942626953,212.97799682617188,213.99099731445312,0
2026-06-24,213.3000030517578,213.48899841308594,212.56900024414062,213.2830047607422,0
2026-06-25,212.947998046875,213.66400146484375,212.8070068359375,212.87100219726562,0
2026-06-26,213.3699951171875,213.80099487304688,213.21499633789062,213.39199829101562,0
2026-06-29,213.50100708007812,214.60299682617188,213.39599609375,213.44700622558594,0
2026-06-30,214.59300231933594,215.73500061035156,214.39199829101562,214.593994140625,0
2026-07-01,215.47999572753906,215.74400329589844,215.11900329589844,215.47999572753906,0
2026-07-02,215.82699584960938,216.05999755859375,214.72000122070312,215.8300018310547,0
2026-07-03,215.3470001220703,215.45599365234375,214.84500122070312,215.3159942626953,0
2026-07-06,215.57899475097656,216.93899536132812,215.58200073242188,215.58399963378906,0
2026-07-07,217.1020050048828,217.19200134277344,216.44400024414062,217.11000061035156,0
2026-07-08,216.68600463867188,217.468994140625,216.54100036621094,216.66200256347656,0
2026-07-09,217.6929931640625,218.0019989013672,217.40499877929688,217.6320037841797,0
2026-07-10,217.7779998779297,217.79200744628906,216.4600067138672,217.68800354003906,0
2026-07-13,216.69900512695312,217.2969970703125,216.66799926757812,216.6929931640625,0
2026-07-14,216.79800415039062,217.281005859375,216.72999572753906,216.82000732421875,0
2026-07-15,217.27699279785156,218.81199645996094,217.11000061035156,217.2429962158203,0
2026-07-16,219.38699340820312,219.51600646972656,218.8470001220703,219.42300415039062,0
2026-07-17,218.82000732421875,218.9340057373047,217.99400329589844,218.84800720214844,0
2026-07-20,218.4929962158203,218.8249969482422,218.06500244140625,218.4969940185547,0
2026-07-21,218.2270050048828,218.7169952392578,217.51600646972656,218.2270050048828,0
2026-07-22,218.31300354003906,218.4040069580078,217.83299255371094,218.2760009765625,0
2026-07-23,218.1179962158203,218.58399963378906,217.9759979248047,218.11599731445312,0
2026-07-24,218.29100036621094,218.47300720214844,217.95899963378906,217.98800659179688,0
