Date,Close,High,Low,Open,Volume
2015-01-02,94.56114196777344,95.71857849986742,94.10183975422629,95.31439731765494,31314600
2015-01-05,93.17407989501953,94.2580337782868,92.90768367702016,94.14779868547387,36521300
2015-01-06,91.92473602294922,93.46799159447637,91.51136687330951,93.31183053869204,66205500
2015-01-07,93.10975646972656,93.33021959634728,92.31056799918137,92.53103813419852,37577400
2015-01-08,94.89185333251953,95.07557144015638,93.79871166940957,93.89975873112881,40212600
2015-01-09,94.2672119140625,95.21337358430702,93.71604351612828,95.18581656608977,41410100
2015-01-12,93.2842788696289,94.5519504083639,93.045439765208,94.4509033645087,34129800
2015-01-13,93.25672912597656,95.18580425239728,92.50347368909482,94.19370967453457,56162300
2015-01-14,92.7423095703125,93.2199878354847,91.92475212517918,92.31975234090396,51354200
2015-01-15,91.5389404296875,93.32102840571753,91.42870536593871,93.17405532911535,51005400
2015-01-16,92.61370086669922,92.73311692281891,91.27253920349455,91.4195122719191,35362200
2015-01-20,93.34857940673828,93.58741149895161,92.12683390209655,93.17404233224796,30964100
2015-01-21,93.82625579833984,94.26718900786439,92.74230229200408,93.0730004470486,40128800
2015-01-22,95.56241607666016,95.66346312288192,93.36695208765163,94.19369746201363,40887200
2015-01-23,95.77372741699219,96.06768063891492,95.27768004092303,95.55325724425192,34783000
2015-01-26,95.6634750366211,95.83801213972166,95.17661575786306,95.6634750366211,19960900
2015-01-27,93.18321990966797,94.21205221241678,92.87089081176606,94.1569381985965,45253200
2015-01-28,92.70555877685547,94.7816067819832,92.68718977167545,94.68055973250381,43591700
2015-01-29,93.59661865234375,93.7711557625395,91.82371155994468,92.63208105485744,46539700
2015-01-30,92.87091064453125,94.23044834571697,92.742306579224,93.51393797946345,42927600
2015-02-02,93.6792984008789,93.76196944926801,91.63080709834415,93.08220402061384,43624700
2015-02-03,94.57950592041016,94.64380794653607,93.40369343788184,94.01915668914351,30750400
2015-02-04,94.49684143066406,95.12149273128955,93.98241817765764,94.1937002829203,34073200
2015-02-05,95.31439971923828,95.37870175041924,94.49684231919647,94.73567443021388,23605500
2015-02-06,94.73567962646484,95.6910291481227,94.39580044660703,95.46137802296637,34169300
2015-02-09,94.43256378173828,94.8826781119882,94.20291261204378,94.36826173455972,22604700
2015-02-10,95.9023208618164,96.03092494409887,94.80917915401865,94.95615925285395,23686500
2015-02-11,96.25141143798828,96.47187463133662,95.82885406390456,96.01257222362841,20303600
2015-02-12,97.37210083007812,97.40884586007836,96.72908032606883,96.87605343767187,22520300
2015-02-13,98.2080307006836,98.22639971077533,97.46395613661304,97.64768127951831,29030200
2015-02-17,98.29985046386719,98.3641524860742,97.95996434169021,98.20799143334213,17675300
2015-02-18,98.4376449584961,98.4927589765009,98.05182580727758,98.18042985488543,15149600
2015-02-19,98.92454528808594,98.98884733863662,98.3458198247319,98.37337684519677,19828100
2015-02-20,99.5859146118164,99.64102863769226,98.54788706851477,98.86021623473518,28336700
2015-02-23,99.68696594238281,99.71452996683733,99.31034170893221,99.53080484579102,17868000
2015-02-24,99.76045227050781,99.87987534683354,99.25522397536429,99.5583581490918,19745000
2015-02-25,99.51242065429688,99.99927988609036,99.29195054268061,99.61346770335541,19472300
2015-02-26,100.01766204833984,100.07278308769283,99.33789663575695,99.61348080733205,22255500
2015-02-27,99.57671356201172,100.04520374578087,99.42055250355368,99.98089471282104,27757600
2015-03-02,100.47696685791016,100.51371188227155,99.75126839566522,99.76964441204431,22988600
2015-03-03,100.00848388671875,100.27488005789512,99.3746444791475,100.17383299267661,20788900
2015-03-04,99.62263488769531,99.82472895778933,99.08066170734745,99.67775591215396,21007400
2015-03-05,99.79720306396484,100.10034426361753,99.38383379781803,99.87988112223236,15381000
2015-03-06,98.66730499267578,99.86148654424619,98.4192778723711,99.6685804553401,30990400
2015-03-09,98.95207977294922,99.20009990904629,98.46522049988721,98.86940172198601,26237100
2015-03-10,97.1148452758789,98.2722886271313,97.1148452758789,98.24472461177278,34234500
2015-03-11,96.55452728271484,97.38127280055666,96.51778225876667,97.26184972062596,25459700
2015-03-12,97.18833923339844,97.29856726571583,96.41670796520299,96.48100998685305,21473200
2015-03-13,96.76580047607422,97.48231791614882,96.15952511403766,97.09649867660201,42021100
2015-03-16,98.01508331298828,98.05182832873473,97.02299592141495,97.12404296261887,25674100
2015-03-17,98.1712646484375,98.32742573016642,97.5190562996907,97.74870742284364,19603800
2015-03-18,99.13579559326172,99.58591684265095,97.3996336553208,97.90486893182049,40622200
2015-03-19,99.28275299072266,99.55833007170197,99.08984693151878,99.23681997302884,31314000
2015-03-20,99.92542266845703,100.42261073012057,99.90701141780896,100.10036115992581,31761400
2015-03-23,99.73209381103516,100.14641377025977,99.69526427751282,99.87020280561512,17268500
2015-03-24,99.37300872802734,100.18323734377164,99.35459747461911,99.72287873890252,22445300
2015-03-25,97.09883880615234,99.62160206438313,97.0620092737931,99.52953174574252,41581400
2015-03-26,96.76736450195312,97.31979334961089,95.97554724465523,96.29779682041276,47846300
2015-03-27,97.15409088134766,97.3842702169526,96.60166188079896,96.74898002735374,33878400
2015-03-30,98.26813507080078,98.35099623457435,97.74332662669364,97.74332662669364,30570200
2015-03-31,97.22773742675781,98.19449332153769,97.20011703396666,97.99193440838268,30488100
2015-04-01,96.72132873535156,97.24613717191086,96.09524086151646,97.22771889721693,32970500
2015-04-02,96.7857894897461,97.0988299494738,96.472742005504,96.81340988036743,19164200
2015-04-06,97.57760620117188,97.84460799187714,96.06762361952985,96.21494173462249,24451100
2015-04-07,97.411865234375,98.24050494729833,97.411865234375,97.52234678302423,19379400
2015-04-08,98.185302734375,98.32341174894114,97.4395238900406,97.44872600636641,25866900
2015-04-09,98.80217742919922,98.83900696645743,97.80780802129135,98.13925980758333,23114700
2015-04-10,99.2072982788086,99.2165074195273,98.54438063738492,98.76535084302074,17164300
2015-04-13,98.95867919921875,99.78731898803308,98.8481906159369,99.28092878648145,17783500
2015-04-14,98.6732406616211,99.14280830542079,98.11160272136406,98.85738827904909,23755700
2015-04-15,99.29012298583984,99.50189099745529,98.81135321214182,98.93104389943792,21128600
2015-04-16,99.15205383300781,99.32698535312574,98.88504495812516,99.02315396575632,16195300
2015-04-17,97.60521697998047,98.47068623512261,97.18168797756758,98.20368447071026,46514000
2015-04-20,99.06916809082031,99.24410660450319,98.0563805882391,98.09321011872574,28945900
2015-04-21,99.49271392822266,99.81497061818168,99.3730232023483,99.64003207500573,22759800
2015-04-22,100.03594970703125,100.20167912463761,99.10602314021128,99.75052252839353,21429200
2015-04-23,100.41341400146484,100.86457048000446,99.67684446778333,99.69525572070663,29473200
2015-04-24,101.77609252929688,101.91420153102426,101.30652473323003,101.47225413039976,32508100
2015-04-27,101.5182876586914,102.34693460252647,101.2973104573252,102.15357779520222,31121300
2015-04-28,101.31574249267578,101.78531032869122,100.45947503853762,101.59195349511363,36849200
2015-04-29,100.68043518066406,101.34335275947093,100.12800620649683,100.75409425042383,34043900
2015-04-30,99.09678649902344,100.51469178406205,98.57197799299414,100.10958100584712,44080500
2015-05-01,100.40423583984375,100.46868577722259,99.46510015287629,99.48351843470815,32874300
2015-05-04,100.56993103027344,101.19601893369153,100.51468322809477,100.72645124999947,23507300
2015-05-05,98.93106842041016,100.35818300692021,98.88503677135472,100.17404236166777,47843300
2015-05-06,98.2497329711914,99.39142034862043,97.59602459280403,99.1060002603919,42687200
2015-05-07,98.83899688720703,99.11521487621792,98.1484589391951,98.22211800620002,29335800
2015-05-08,100.07276153564453,100.28452257234744,99.71368236513504,99.86099347442638,33023300
2015-05-11,99.68602752685547,100.33974278516614,99.61237550472627,100.13718391915587,19679300
2015-05-12,99.23490905761719,99.7413063803186,98.3326100410962,99.09680005828811,33665000
2015-05-13,99.43744659423828,100.18322519585058,99.2901284867764,99.66762586876197,20738400
2015-05-14,100.8921890258789,100.97505019928988,99.87940154527355,100.24768279311948,23904200
2015-05-15,100.8921890258789,101.28809768937636,100.64359145661692,101.14998870917687,23937400
2015-05-18,101.33414459228516,101.53670352381103,100.65281575175631,100.7264748222231,17631100
2015-05-19,101.22364807128906,101.60113845881449,101.05791869945692,101.44461822556039,14212900
2015-05-20,101.2881088256836,101.89577857105236,100.75409112327311,101.29731094073132,21131900
2015-05-21,101.81290435791016,101.95101333561828,100.96584626392143,101.11315735549954,16771800
2015-05-22,101.71163177490234,102.07992006547919,101.62876357287799,101.69321349689032,13543800
2015-05-26,100.54231262207031,101.62875916870671,100.13720184205502,101.49065721217568,25488400
2015-05-27,102.16275024414062,102.27323880514302,100.62515464888249,100.84612474637453,30572700
2015-05-28,101.9325942993164,102.20881225267446,101.619553841724,101.9694238280651,17302400
2015-05-29,101.32490539550781,102.00623398669433,101.08551701635628,101.86812503624103,30383000
2015-06-01,101.66559600830078,101.94181399025186,100.83694908696265,101.86815492512956,24570200
2015-06-02,101.34333801269531,101.84052612445312,100.79090911891369,101.2880972306715,19449600
2015-06-03,101.64717864990234,102.02466904308271,101.39858107617277,101.80369888550116,20507200
2015-06-04,100.87377166748047,101.72083680897848,100.55152206042314,101.07633057034923,31374600
2015-06-05,100.63438415527344,100.99346327057427,100.01749834544904,100.75407485220232,22641700
2015-06-08,99.61238861083984,100.66200557779834,99.4098297181787,100.58834652146442,24549200
2015-06-09,99.44664001464844,99.80571906419223,98.70085450639273,99.37298097255922,27554600
2015-06-10,100.80931091308594,101.10394009709381,99.67683284076438,99.78731439444618,30297900
2015-06-11,100.95665740966797,101.41701607818034,100.7817188677882,101.15000720750126,17593500
2015-06-12,100.12798309326172,100.63438030032056,99.98987412547169,100.42261227977399,27201800
2015-06-15,99.63080596923828,99.78732620515562,98.80215909597788,99.3822154195175,31238800
2015-06-16,100.17404174804688,100.33977113756501,99.48350379580717,99.52953544458063,16456900
2015-06-17,100.45025634765625,100.77250599878793,99.83337744055909,100.33977476699141,23296700
2015-06-18,101.91417694091797,102.08910841135017,100.76328057840698,100.81852135596306,43032400
2015-06-19,101.41032409667969,102.04708241499031,101.33649561673934,101.96402361488957,27877600
2015-06-22,102.15782165527344,102.46235886513949,101.92711292792126,102.15782165527344,19120900
2015-06-23,102.24087524414062,102.33315732224094,101.81637205234225,102.2685591635036,18127900
2015-06-24,101.71485137939453,102.55462737466138,101.68716746228375,102.1209009388079,15815900
2015-06-25,101.51185607910156,102.213212692491,101.34574548752704,102.11170027315808,18326700
2015-06-26,100.83815002441406,101.72407758011448,100.45979143810091,101.49336889263779,32311700
2015-06-29,98.45723724365234,100.27522274481095,98.41109269198706,99.72151628750797,50874900
2015-06-30,98.80793762207031,99.40778174653423,98.50340039940329,99.19552661055275,34809900
2015-07-01,99.59233093261719,99.98915018225387,99.13091352795458,99.78612539769497,21293000
2015-07-02,99.6200180053711,99.96146943027675,99.3154878595591,99.87841767432923,20499400
2015-07-06,99.38932800292969,99.96148824516602,98.78026055599511,98.9925086660358,24311000
2015-07-07,99.63848876953125,99.73077085462928,97.6636225776116,99.50006212154828,44230800
2015-07-08,97.90355682373047,99.04787723519576,97.71899264932482,98.92790418522732,39691500
2015-07-09,97.84817504882812,99.29702543772167,97.83894472922039,99.20474336365712,28381000
2015-07-10,99.3431625366211,99.7122978458364,98.78946309313332,99.14936808343388,26415800
2015-07-13,101.08734130859375,101.17039307460468,100.19219028022572,100.20142060111758,25780700
2015-07-14,101.75177764892578,102.02862389344416,101.1703871581613,101.22576203960219,21977200
2015-07-15,101.86248016357422,102.2592993214488,101.57640369185158,101.94553893835547,28631500
2015-07-16,103.3021469116211,103.32060051278897,102.49927796771541,102.70230278392181,29838900
2015-07-17,104.8248062133789,104.8248062133789,103.95734625046454,104.13268008260441,35926800
2015-07-20,105.18472290039062,105.56308154068932,104.7233054596006,105.04629626001935,26539000
2015-07-21,105.12008666992188,105.38770249286927,104.81554957953074,105.22159199271674,35468900
2015-07-22,103.92964935302734,104.4372042278093,103.51436950202006,103.51436950202006,35575000
2015-07-23,103.54207611083984,104.37262895421837,103.27446017749675,104.03118453687013,25698300
2015-07-24,102.52692413330078,104.28031130676972,102.37004393879461,104.09574720037061,30844700
2015-07-27,101.67796325683594,102.38854312763591,101.45648482239694,101.94558625875794,35994800
2015-07-28,102.55463409423828,102.75765888724754,101.31803877779446,102.13013090916034,33553500
2015-07-29,102.94224548339844,103.16372390860468,102.37931557880043,102.77613490432572,26714100
2015-07-30,103.43132019042969,103.6066540048003,102.08398230394882,102.70227989501812,25438100
2015-07-31,103.31131744384766,103.80964890900889,103.09906945576148,103.75428109310265,22081700
2015-08-03,102.98835754394531,103.61588546076402,102.30546179468305,103.32980893891167,25001800
2015-08-04,102.79458618164062,103.12680733227353,102.37008294264793,102.94224315555392,22132300
2015-08-05,103.58820343017578,104.28032951100101,103.24675202899392,103.36672505569948,28989900
2015-08-06,101.92709350585938,103.81890752593338,101.46567613907744,103.68048090776475,42125400
2015-08-07,101.79792022705078,102.03785928342501,100.95814409074879,101.6779542191996,30006800
2015-08-10,102.9606704711914,103.1821488348461,102.4346549570926,102.44388527577371,21500800
2015-08-11,101.64103698730469,102.81304127227448,101.07810712583196,102.41622197714896,36123300
2015-08-12,101.9917221069336,102.19474693544137,99.8692058104258,100.9396907598227,41889000
2015-08-13,101.82559204101562,102.5823233627283,101.6041136525981,102.09321498732768,22510500
2015-08-14,101.98245239257812,102.13010226565684,101.3826085016484,101.58563323771716,17924900
2015-08-17,102.83148956298828,102.85917348250476,101.4749211813108,101.73331381769293,21224900
2015-08-18,102.30548095703125,102.77612874296766,102.16705430932386,102.69306993807452,13984400
2015-08-19,101.63179779052734,102.53617902624758,101.04118405969123,101.99170281273462,42511400
2015-08-20,98.817138671875,101.01348266335856,98.80790835373902,100.69049193529771,57747300
2015-08-21,94.49829864501953,98.25423654458527,94.49829864501953,97.42368369589235,97763400
2015-08-24,90.8622817993164,94.61821784068258,78.20099164296612,86.95869590271477,150829900
2015-08-25,90.52086639404297,94.81204982325046,90.44704495749367,94.19375216803968,75088300
2015-08-26,95.07968139648438,95.26425260627613,91.29605960415026,93.16941337933814,104103800
2015-08-27,97.48827362060547,97.55287177889598,95.31038279728071,96.45469604728603,69377700
2015-08-28,97.46981048583984,97.82048516215713,96.75922377349019,96.97147886749178,49919600
2015-08-31,96.26091766357422,97.46060599313591,96.02098563019979,96.92535999744393,39549400
2015-09-01,93.2524642944336,95.31961238451117,92.86486830699873,93.86153163353782,73155500
2015-09-02,95.88253784179688,95.90099144003908,93.85229704228314,94.94124239601508,43963600
2015-09-03,95.41189575195312,96.91611404131561,95.14427279728042,96.26090213463607,45131800
2015-09-04,94.27680206298828,94.91355325704335,93.75077949296603,94.1014612063142,49379600
2015-09-08,96.9345703125,97.0545363044273,95.68874471395782,96.08556396808157,37343500
2015-09-09,95.84563446044922,98.1065771770915,95.59646509159721,98.07889325625719,47146700
2015-09-10,96.88841247558594,97.52517066696028,95.62413345182755,95.73486910899182,47686700
2015-09-11,97.4236831665039,97.4236831665039,96.1686270998926,96.44548039484313,29106100
2015-09-14,97.12836456298828,97.80203707780493,96.75922922777386,97.7835764386752,19718800
2015-09-15,98.27265930175781,98.5771964241426,96.99915002724363,97.35905497527307,30020200
2015-09-16,98.8263931274414,98.9186822565772,97.94970272602775,98.29115419808286,31329100
2015-09-17,98.86329650878906,100.33983792466864,98.41110939652835,98.72487691163771,56139800
2015-09-18,97.45716857910156,98.61351848406908,97.29065391047425,97.3461635052165,48384000
2015-09-21,97.762451171875,98.56727328378369,96.88362802655175,97.9937211635706,35772600
2015-09-22,96.30079650878906,96.59682173401328,95.40346805982247,96.26379247341129,47359700
2015-09-23,96.37483978271484,96.81888131164678,95.87529570934166,96.5598529693861,21775100
2015-09-24,96.02330780029297,96.3840884393404,94.60792945733725,95.44050287736992,38284300
2015-09-25,95.20923614501953,97.14265710115517,94.61718548328437,97.05015050859666,44700000
2015-09-28,92.49874114990234,94.86695059369849,92.22122140280581,94.80219528026265,44077500
2015-09-29,92.01771545410156,93.67360962205393,91.3516566761765,92.73002400072649,49315500
2015-09-30,94.13613891601562,94.23789827646688,92.97053618762853,93.33131680821025,41411400
2015-10-01,94.56167602539062,94.57092880131013,93.05379115151428,94.30265476204501,39339100
2015-10-02,96.21759033203125,96.21759033203125,92.95205846545083,93.24808383715157,59370900
2015-10-05,97.59596252441406,97.8549838549462,96.71713914470836,96.92990364144464,32853500
2015-10-06,97.13336944580078,97.68841585964574,96.37480436672645,97.36463937305268,33051500
2015-10-07,97.7161865234375,97.92895800418665,96.47658285498424,97.74394484876959,37389300
2015-10-08,98.10475158691406,98.27126629428489,96.40260046070102,97.34618615506949,50188900
2015-10-09,98.54878234863281,98.73380260411115,97.88272354451301,98.15099762160577,23916200
2015-10-12,98.78929138183594,98.97430455372461,98.38225393432074,98.73378884182935,16162000
2015-10-13,98.15096282958984,99.2240587575757,98.05845626354244,98.2249709055472,26999600
2015-10-14,97.99370574951172,98.6412588012816,97.58666836965698,98.15096762525599,30902600
2015-10-15,99.60335540771484,99.61260818329524,98.2249882738276,98.35449890075394,38393800
2015-10-16,100.01964569091797,100.07514822884272,99.33508145344672,99.81612697479407,27091100
2015-10-19,100.59320068359375,100.65795600350893,99.66812065177677,99.89014494102923,23776300
2015-10-20,100.07515716552734,100.63020376773993,99.73287501622602,100.41743931482867,23404700
2015-10-21,99.46456909179688,100.68567404851342,99.42757211359783,100.58392177176873,30195200
2015-10-22,101.49052429199219,101.57378516068563,100.06590026837264,100.3526798629832,42778700
2015-10-23,104.33052062988281,104.75605658033285,103.6737146808534,104.21951554755687,53170900
2015-10-26,104.3952865600586,104.59880530874632,103.85873841493657,104.25652313524414,25918000
2015-10-27,104.6080322265625,104.75604133405581,104.08998270583785,104.11774103017962,31390500
2015-10-28,105.47762298583984,105.47762298583984,103.92348823735227,104.76531446094165,42221900
2015-10-29,105.31108856201172,105.48685599505468,104.88555267057019,104.99656479530248,24913300
2015-10-30,104.83930969238281,105.53311963678308,104.81155842385476,105.35735219237243,27199200
2015-11-02,106.02342987060547,106.1529405188148,104.89483102952329,105.11684827533914,22176900
2015-11-03,106.3934555053711,106.77273464504415,105.65338866326691,105.8106505734289,20418400
2015-11-04,106.40269470214844,106.81898492199115,105.95866027034293,106.74497683075687,28633000
2015-11-05,106.11590576171875,106.75421309876006,105.56085927889102,106.49519187729372,25004100
2015-11-06,106.18994903564453,106.31020691181082,105.23711763040045,105.9124221733515,29924900
2015-11-09,105.06135559082031,105.93093321711419,104.41380228898551,105.79216977877769,33479800
2015-11-10,104.79306030273438,104.89481966641841,104.19175689672882,104.50628776387951,35452100
2015-11-11,104.66354370117188,105.58862363988317,104.48777625432078,105.07982685047202,22748800
2015-11-12,103.64598083496094,104.74682847176648,103.57197272910142,104.23803156623414,31196900
2015-11-13,101.61078643798828,103.32219012845303,101.55528389505012,103.21117798477626,52836000
2015-11-16,103.07242584228516,103.09093139715542,101.27777519893927,101.50904523020868,33980600
2015-11-17,103.13714599609375,103.8772126668931,102.87812477865363,103.24815811405331,30579500
2015-11-18,105.1168441772461,105.21860354798638,103.45170431184295,103.55346368258321,32966500
2015-11-19,105.19082641601562,105.67187187903941,104.98730772456702,105.17232792488346,26188100
2015-11-20,105.90316009521484,105.98641390636209,105.58862922934702,105.690388592616,22727600
2015-11-23,105.59790802001953,106.32872223726397,105.14462069056987,105.94018318279089,20696200
2015-11-24,105.50538635253906,105.75515486966644,104.38603324057301,104.9133356636881,26374400
2015-11-25,105.59790802001953,105.7921740183551,105.37589074446487,105.66266335279805,14159900
2015-11-27,105.74588775634766,105.95865925215156,105.38510713729752,105.82914862263613,8828000
2015-11-30,105.47762298583984,106.06042792764806,105.13534788825785,106.06042792764806,25041600
2015-12-01,106.53223419189453,106.53223419189453,105.77366168820606,105.90317940327107,28639400
2015-12-02,105.87539672851562,107.07800347839071,105.71813483196576,106.61546350656181,22395500
2015-12-03,104.08076477050781,106.34720820857387,103.46095573515247,106.16219501037297,42754300
2015-12-04,106.51371002197266,106.68947747945651,104.18251154082995,104.3952759872365,40037300
2015-12-07,106.03267669677734,106.65247862953667,105.52387985179546,106.5877233090663,25892100
2015-12-08,106.04191589355469,106.3841980280181,104.88556591498927,104.92256996123939,30792600
2015-12-09,104.43225860595703,106.16216038185173,103.79395128210841,105.57935558779906,48509200
2015-12-10,104.90409088134766,105.60715377461352,104.35828992039869,104.67282084283401,30154600
2015-12-11,102.48961639404297,103.96974301637917,102.42486107487203,103.69221618690344,56022200
2015-12-14,103.26667785644531,103.31293467956421,101.18524785650068,102.6283774557665,53098500
2015-12-15,103.89573669433594,104.79306545945124,103.76622605378327,104.21952035351818,48428000
2015-12-16,105.44061279296875,105.61637317914163,103.50719208266942,104.59878667478395,44944100
2015-12-17,103.90499114990234,105.90316744980466,103.88649265429615,105.90316744980466,45668800
2015-12-18,101.91181945800781,103.81402067707906,101.91181945800781,103.58204440065421,53746100
2015-12-21,103.04389190673828,103.06244689881399,102.11598655712103,102.87686866063294,26432800
2015-12-22,103.72126770019531,103.86973596689681,103.04390070160038,103.5913615065098,26540300
2015-12-23,104.49141693115234,104.5656510545755,104.07386237576947,104.2594406049717,25656900
2015-12-24,104.47285461425781,104.7605100720053,104.42646359674447,104.49141668474766,11468600
2015-12-28,104.41716766357422,104.43572973141569,103.47070750494368,104.2223084273666,19183600
2015-12-29,106.05958557128906,106.2915619114893,104.97393091884135,105.03888401092317,27725700
2015-12-30,105.10382843017578,106.00389768857885,105.08527343940754,105.96678062768686,19520100
2015-12-31,103.79549407958984,104.92753975087214,103.77693200796051,104.73268047490068,29886800
2016-01-04,101.60563659667969,101.6984257165132,100.32512975252259,101.55923849708489,50807600
2016-01-05,101.42932891845703,102.2366091006355,100.95610229933887,102.10670292134552,38795200
2016-01-06,100.45503997802734,101.0396178279198,99.66632180867381,99.66632180867381,41891100
2016-01-07,97.30943298339844,99.55496214782487,97.25375385050748,98.31156534381103,61386300
2016-01-08,96.51143646240234,98.62705950636933,96.40936630858323,98.01463858345471,69344000
2016-01-11,96.80838012695312,97.48574716081066,95.32373277943286,97.19809872829775,50024100
2016-01-12,97.93114471435547,98.43221452054884,96.57640356991719,97.73628541406198,46734200
2016-01-13,94.55355072021484,98.57138233572543,94.40508247532638,98.33012497745946,69870700
2016-01-14,96.5671157836914,97.41151310530367,93.41223597224652,94.92472632208906,78445700
2016-01-15,93.5699691772461,94.59067069389286,92.33586048055135,93.36583595327252,91443900
2016-01-19,93.77411651611328,94.98967739185842,92.6791878719438,94.84120913125956,56563800
2016-01-20,93.48646545410156,94.48860494660043,90.23879667902112,92.2987477204834,86675000
2016-01-21,93.57923889160156,94.97109670480145,92.62349765923443,93.88544930955072,61660100
2016-01-22,96.28871154785156,96.32582860231298,95.13811117696454,95.46287655430915,42229800
2016-01-25,94.85974884033203,96.49285684577649,94.77623369359479,95.9453961924337,38881500
2016-01-26,95.71342468261719,96.12169816470396,94.4236369955407,95.25875310787386,36143900
2016-01-27,93.32869720458984,95.56494482744543,92.92969772607482,95.15667139501095,54524700
2016-01-28,94.64636993408203,94.91546340400579,93.03181619389728,94.87834633097928,47641500
2016-01-29,96.6227798461914,96.65989690906079,94.59067197942235,94.61850800673544,54245100
2016-02-01,96.88262176513672,97.244504362883,95.78769293418813,96.15884949028661,32750300
2016-02-02,94.78550720214844,96.47429419778999,94.49785180773004,96.43717714433748,44928100
2016-02-03,94.33087921142578,95.41652697826238,92.67920142778219,95.41652697826238,61572900
2016-02-04,94.32157135009766,95.07317234733772,93.19880683198218,94.08031399962535,49321600
2016-02-05,91.04605102539062,94.02462554898884,90.67488756925555,93.98750849543991,70749900
2016-02-08,89.65422058105469,90.05322017859417,88.00254305399982,89.34801010586843,91673100
2016-02-09,89.37584686279297,90.73058788238475,88.31803528476438,88.4572225091063,73778400
2016-02-10,89.71917724609375,91.57498808445759,89.65422414992527,90.40582527406853,59421700
2016-02-11,89.58927154541016,90.30375560718436,88.32731960204882,88.57785095168595,76839200
2016-02-12,90.95327758789062,91.0460737846367,89.75628593865196,90.60067611006548,49186500
2016-02-16,93.00393676757812,93.00393676757812,91.72342312334543,92.298726867809,40565900
2016-02-17,95.11029052734375,95.24019669927657,93.44005820341408,93.68131555672734,41766500
2016-02-18,94.02464294433594,95.42577480841972,93.90401072814547,95.40721981788947,38991500
2016-02-19,94.30300903320312,94.59066447778906,93.36582981765974,93.56996302821852,28257900
2016-02-22,95.83405303955078,95.9268421486335,95.09173308753381,95.18452219661653,23979100
2016-02-23,94.25662994384766,95.53713681620704,94.19167685059804,95.27732444320857,29869700
2016-02-24,95.15673828125,95.2773634811784,92.57715432825361,93.152458446581,40739100
2016-02-25,96.09387969970703,96.09387969970703,94.49788129991875,95.3515596370458,29389300
2016-02-26,95.97325897216797,96.8454923423446,95.74128261451305,96.82693026929249,30925000
2016-02-29,95.11029052734375,96.59493754897267,95.11029052734375,95.88045360334218,27553900
2016-03-01,98.16310119628906,98.16310119628906,95.72271283917603,96.01964224794779,37699800
2016-03-02,98.20024871826172,98.21880371484752,97.43936642980458,98.04250646953032,29209800
2016-03-03,98.01461029052734,98.12596144782987,97.30940753233968,98.0981254283427,25474600
2016-03-04,98.0517578125,98.68273374124868,97.40222689144522,98.12599194043658,31655400
2016-03-07,97.44860076904297,98.11669364423118,96.75267187061439,97.55067090716088,25861200
2016-03-08,96.64136505126953,97.62494267501117,96.47434176805325,96.78055230050936,28898500
2016-03-09,97.26302337646484,97.28157836566233,96.46502433322951,97.00321105157053,31047400
2016-03-10,97.11457824707031,98.22806184585316,95.86190034924452,97.67132004646174,44236100
2016-03-11,98.81262969970703,98.81262969970703,97.85688840933709,98.1630988458698,31454000
2016-03-14,98.97969055175781,99.21166695620799,98.41366755855071,98.44150359438746,25374900
2016-03-15,98.9425277709961,99.05387894226237,98.31155195919672,98.6270434047738,26524600
2016-03-16,99.82404327392578,100.08385559764253,98.67343572695897,98.70127882966138,31693100
2016-03-17,99.76837921142578,100.00035554682,99.16524640288559,99.53640287603157,29623700
2016-03-18,99.92474365234375,100.17601816715475,99.3942689207592,100.00849945716193,37682300
2016-03-21,100.31562805175781,100.40869243296638,99.6920888872675,99.74792609592122,17288600
2016-03-22,100.6227035522461,100.85536795521529,99.72927309688686,99.7478831249686,18840300
2016-03-23,99.79443359375,100.50172837104844,99.57107062163509,100.42728114736528,20912900
2016-03-24,99.82234191894531,99.8502605124982,99.14295870762251,99.31047736929426,19017300
2016-03-28,99.68275451660156,100.12016480545302,99.50592726782622,100.10154767381597,13892300
2016-03-29,101.28351593017578,101.34866170878968,99.32913547140144,99.49665420217396,29963900
2016-03-30,101.77674102783203,102.40958863730957,101.56268660241585,101.88842252374775,23807200
2016-03-31,101.62783813476562,102.08386561037102,101.46962799850556,101.70229246960196,21447200
2016-04-01,102.70735931396484,102.7445864649365,100.87396295564037,101.01356299669584,26389000
2016-04-04,102.31649017333984,102.78181893403307,102.07451722968041,102.70736462823733,17163000
2016-04-05,101.33000946044922,101.90701979991898,101.19971794836813,101.52544672857087,20107900
2016-04-06,102.99591827392578,103.03314544564984,101.43241256330032,101.43241256330032,25056000
2016-04-07,101.51615142822266,102.58640928561273,101.07874113952238,102.40027347108318,28567200
2016-04-08,101.44169616699219,102.3909639610958,101.0880487731801,102.1489980549716,22898000
2016-04-11,101.06944274902344,102.39097521363149,101.06013418227099,101.87911764794269,25772100
2016-04-12,101.91632843017578,102.11176569842208,100.52964332158483,101.14388082209167,28564100
2016-04-13,103.21923828125,103.37744836986563,102.56777369815275,102.6980651947014,25356700
2016-04-14,103.22859191894531,103.61016513766009,102.37238819449536,103.2379004877904,17199700
2016-04-15,102.96797180175781,103.35884634853403,102.70738877057366,103.14479904449922,21353300
2016-04-18,103.5170669555664,103.55428701808046,102.60501921615536,102.6701649760879,17126100
2016-04-19,102.88423156738281,103.71251651330498,102.26068539094705,103.71251651330498,42481400
2016-04-20,102.96797180175781,103.44260923733184,102.53056152783223,102.88421601331507,18078300
2016-04-21,102.97726440429688,103.34952886272005,102.5119356063564,102.91211865659938,20216000
2016-04-22,101.42308807373047,102.11177284340931,100.62272181422989,101.63713538711121,39074000
2016-04-25,101.42308807373047,101.43238953928241,100.92983348561772,101.11596930198726,14351900
2016-04-26,100.92982482910156,101.80464534011863,100.62271318405399,101.63712666993142,19118300
2016-04-27,100.12014770507812,100.35281210831523,99.29186299758234,99.89678476571554,33059800
2016-04-28,98.91030883789062,100.81816014855023,98.71487155392906,100.23184119631007,29818200
2016-04-29,98.38914489746094,99.11505685385481,97.60738864417519,98.91031099941436,67502800
2016-05-02,99.31979370117188,99.45939378020809,98.23092586532843,98.64041043671834,24813800
2016-05-03,98.3984375,99.05920358645032,98.13784739094451,98.61248478556679,38569400
2016-05-04,97.7656021118164,98.16578523911306,97.5236291021973,97.80282217450673,27474500
2016-05-05,97.73768615722656,98.33331372497676,97.54224885702124,98.11925929121509,20788100
2016-05-06,98.25881958007812,98.27742960573822,97.16064345694984,97.25370778595668,30758500
2016-05-09,98.53804779052734,98.99407523627288,98.22162753872581,98.26815616968479,19289600
2016-05-10,99.88750457763672,99.93403320798217,98.71487374745502,98.8917010036923,21178900
2016-05-11,98.98474884033203,100.03638943527348,98.95683024671435,99.7385792694274,20966300
2016-05-12,98.54737854003906,99.33843644796701,97.84938501533371,99.21745345981338,29196300
2016-05-13,98.18440246582031,99.06852457679199,97.98896517077465,98.46360265894603,21059300
2016-05-16,99.41287231445312,99.77582831180007,98.24024142283287,98.33331288911135,18311900
2016-05-17,98.1657943725586,99.61761836464176,97.90520420699342,99.32911669963958,29932700
2016-05-18,98.51944732666016,99.04992205353217,97.75630812132927,97.94243686395382,27524400
2016-05-19,98.007568359375,98.3798328907612,97.29096499424975,98.13785988030686,27334600
2016-05-20,99.08716583251953,99.48734908656745,98.34263653650001,98.3984808489339,29549600
2016-05-23,98.95684051513672,99.55246090863443,98.86377615996929,99.19880641850098,15729800
2016-05-24,100.93914031982422,101.06012327312231,99.47800791307841,99.50592650996603,29931300
2016-05-25,101.66503143310547,101.9721501367235,101.14386546358674,101.32069267482508,37951700
2016-05-26,101.96286010742188,102.09315162348561,101.52544983191288,101.76742283332628,21885900
2016-05-27,102.49336242675781,102.50267099480719,102.00942339354542,102.02803342928716,19870000
2016-05-31,102.68875885009766,102.84697604248707,102.1675928526385,102.63292166475681,24366100
2016-06-01,102.69806671142578,102.93073111589224,102.28858218780562,102.37233796524356,19571500
2016-06-02,102.91213989257812,102.92144135820143,101.93494637511711,102.49333962779964,15696600
2016-06-03,102.4281997680664,102.76323715905022,101.75812498609879,102.7167085271866,20269900
2016-06-06,102.8004379272461,103.07032948403233,102.43748203027421,102.61430924687478,12502400
2016-06-07,102.53987884521484,102.95867202388307,102.49334311409362,102.85629909570093,12184300
2016-06-08,102.71670532226562,102.93075264294255,102.33513221096803,102.71670532226562,14568700
2016-06-09,102.54918670654297,102.66086109989709,102.10246783205955,102.2979051207849,17571600
2016-06-10,101.38585662841797,101.81395833745394,101.03220214243015,101.61852106378676,32965000
2016-06-13,100.53897094726562,101.37656447022488,100.40867941040044,100.80886258801674,25154700
2016-06-14,100.53897094726562,100.90192695715527,99.80375036046564,100.26907930651453,24588500
2016-06-15,100.2504653930664,100.92054018550145,100.08294669495766,100.78094008701815,24605700
2016-06-16,100.54827117919922,100.64133554062306,99.11505729213414,99.75721345656318,32079900
2016-06-17,99.3697280883789,100.48016307193784,99.13644390657363,100.34019113900104,29208800
2016-06-20,99.9948959350586,101.00267779503308,99.92024331750035,100.52678337644655,20562800
2016-06-21,100.31217193603516,100.51746310140548,99.93891591893151,100.12554748711653,22804100
2016-06-22,100.06958770751953,100.95607193260436,99.98560881338209,100.36819119656725,22724200
2016-06-23,101.49726104736328,101.51592776545368,100.42415969297623,100.84406829953925,18714200
2016-06-24,97.31683349609375,99.37906488013935,97.10220890894489,97.88604748889236,68012700
2016-06-27,95.38521575927734,96.67294158780945,94.94664045788308,96.67294158780945,48222600
2016-06-28,97.47544860839844,97.52210828621388,96.39301385189987,96.43966641044801,28260600
2016-06-29,99.20176696777344,99.40705819465724,98.19398467466796,98.2406372412434,31356700
2016-06-30,100.3495101928711,100.41482946969329,99.03378417782322,99.36971392127089,36300800
2016-07-01,100.85340118408203,101.22665723219693,100.2655205945393,100.30284691127748,19902800
2016-07-05,100.23755645751953,100.46151442234196,99.69633538810216,100.3215424741452,21167900
2016-07-06,101.05870056152344,101.10535312177907,99.44437104820636,99.76164120657542,24579300
2016-07-07,101.3572998046875,101.58125059473973,100.88139814646766,101.1520086141116,19161700
2016-07-08,102.92495727539062,102.98094318639728,101.7305365928729,101.89850144515925,29457900
2016-07-11,103.51284790039062,103.89543022129047,103.26090413972659,103.27023038026658,20218500
2016-07-12,104.0353775024414,104.31532127622859,103.89540561554782,104.14735643580946,21906100
2016-07-13,103.78346252441406,104.34334310767431,103.77412916423383,104.2780238249484,21107800
2016-07-14,104.49263763427734,104.688595462278,104.23135341100932,104.47397091583892,20871000
2016-07-15,104.3246841430664,104.79125248517445,104.09139997201238,104.7352594430193,17999300
2016-07-18,105.01517486572266,105.20179930433474,104.37130844975877,104.38997516517956,20713900
2016-07-19,104.63261413574219,104.95921767156086,104.44598964607546,104.65128085626962,18936700
2016-07-20,105.85499572753906,106.05095351765918,105.07115744779277,105.20179597453952,24997900
2016-07-21,105.61241912841797,106.1349734375682,105.32314901003389,105.92968221061103,18885400
2016-07-22,106.05097198486328,106.17227717531856,105.36045292049168,105.68704929423048,20003400
2016-07-25,106.06033325195312,106.08832621717276,105.70573670778727,105.96701387552913,12968100
2016-07-26,106.18160247802734,106.56418473844593,105.64971496136098,106.02297098271394,21223800
2016-07-27,106.91879272460938,107.19872943144662,106.47088402669566,107.07742423707721,27646100
2016-07-28,107.29206848144531,107.41337369808218,106.75084744856969,107.08677725385328,16939700
2016-07-29,107.52529907226562,107.81456904734507,107.18936943444078,107.53462530940271,22385300
2016-08-01,108.09454345703125,108.36515393317985,107.46934362555041,107.59998218379215,13990100
2016-08-02,107.27338409423828,108.02922247202545,106.58286499454053,107.9359102346502,21278400
2016-08-03,107.62796783447266,107.63730119350394,107.12408035505507,107.18939962974008,15011300
2016-08-04,107.9359130859375,108.03855868554203,107.3387062078389,107.59065708660185,12835300
2016-08-05,108.97169494628906,109.21431246445016,108.36515471052006,108.48646702923438,23196600
2016-08-08,108.85038757324219,109.05567876764316,108.50512446272536,109.02767868900607,12358200
2016-08-09,109.10234069824219,109.44760383841557,108.86905652443345,108.93437580832918,13276500
2016-08-10,108.82239532470703,109.19564427776426,108.53311813104003,109.16765131821171,14688400
2016-08-11,109.28894805908203,109.5222321811281,108.97167795108084,109.19562871485047,12969800
2016-08-12,109.36360931396484,109.37294267358513,108.98102700074257,109.10233219873648,19379000
2016-08-15,109.83018493652344,110.0821358281711,109.46626219904832,109.50358852074677,11777800
2016-08-16,109.2236328125,109.63420804132184,109.20496609525959,109.62488180196833,14161400
2016-08-17,109.41960906982422,109.45693539132942,108.64510391694412,109.25164418268479,15980300
2016-08-18,109.44759368896484,109.60622520382002,109.13032353998716,109.31695513328795,10036300
2016-08-19,109.41960906982422,109.66221948070618,108.95304072991108,109.25164418268479,18743000
2016-08-22,109.50357055664062,109.69020213451596,109.05566900827333,109.26095306503606,14500600
2016-08-23,109.69953155517578,110.11944727812251,109.65287899880411,109.93281569483497,11997900
2016-08-24,108.99036407470703,109.77419544710477,108.62644134905555,109.62489728442945,17728700
2016-08-25,108.81302642822266,109.14895607167797,108.57974234911562,108.71038086387435,24266300
2016-08-26,108.97169494628906,109.68088078130825,108.31850215039476,108.85038974684227,23896000
2016-08-29,109.12098693847656,109.41025698154175,108.98101503660847,108.99967463453311,11184900
2016-08-30,108.76638793945312,109.26094914435932,108.39313903562947,108.9436861522559,19843300
2016-08-31,108.6544189453125,108.76639077166868,108.19717692346916,108.59842591286773,16169800
2016-09-01,108.93436431884766,109.06500287286046,108.1598663541339,108.69175392954804,20944700
2016-09-02,109.28894805908203,109.69952327278196,108.87836572611567,109.47557250901232,18088200
2016-09-06,109.97013092041016,109.97013092041016,109.23295225912351,109.47556973329453,18525200
2016-09-07,110.03548431396484,110.22211593631049,109.61557562240691,110.07281063843396,17546900
2016-09-08,109.39161682128906,109.73687283874297,109.10233960755588,109.70887987724865,20125300
2016-09-09,106.63886260986328,108.71976061598626,106.62020300804848,108.47714307678504,50813300
2016-09-12,108.55176544189453,108.70106357257039,106.0322927436192,106.0416261015571,39646000
2016-09-13,107.58130645751953,108.32781137567748,107.05875230288231,108.0105483872953,45863900
2016-09-14,108.09454345703125,108.68242408838657,107.66530146291302,107.69330154190837,28221800
2016-09-15,109.77416229248047,109.9421271243028,108.11318068849597,108.12251404561542,38521400
2016-09-16,109.72180938720703,109.8340689010926,109.1792324424166,109.65632645504986,27596500
2016-09-19,109.24471282958984,110.33921630033518,109.02955768770187,110.00244490362829,16222900
2016-09-20,109.45050811767578,109.8995389836123,109.26341608684594,109.63760014850563,18078600
2016-09-21,110.52632141113281,110.68535037446328,109.27278178127584,109.91826151575243,31546800
2016-09-22,111.4056625366211,111.52727879783609,111.05954151526647,111.1717938953363,22614400
2016-09-23,110.69470977783203,111.32147603926562,110.53568081068107,111.32147603926562,22213400
2016-09-26,109.76856231689453,110.19888682016038,109.60953338231116,110.06792097555017,16403900
2016-09-27,110.85374450683594,110.90987070119361,109.59085517405249,109.69375795511164,20238400
2016-09-28,111.04081726074219,111.10630018846858,110.47017726036776,110.99404781928268,14794300
2016-09-29,110.23633575439453,111.05955806211648,109.75924879380722,110.85375248518599,27207500
2016-09-30,111.05953979492188,111.38695446022795,110.41406007110102,110.52631958653643,25543200
2016-10-03,110.9005126953125,111.04082817058097,110.47018811414075,110.91921904631346,19216400
2016-10-04,110.73213195800781,111.47115775504528,110.31116410199401,111.22793235848874,21239700
2016-10-05,111.12501525878906,111.48049299478468,111.0127557508991,111.05953233012924,14481300
2016-10-06,111.06891632080078,111.30278500011619,110.52633927188367,110.98471988495228,11987100
2016-10-07,110.8256607055664,111.330817771729,110.28308380445432,111.1717816889177,19984200
2016-10-10,111.52726745605469,111.77049281664532,111.34952502288033,111.39630160122215,19687300
2016-10-11,109.93695831298828,111.45242954771643,109.45051472121969,111.43372319834621,27774400
2016-10-12,109.84344482421875,110.21763615638233,109.50667333898213,110.03989366775576,14267800
2016-10-13,109.45050811767578,109.74985964926563,108.45890750749133,109.09503040425768,22821000
2016-10-14,109.58148956298828,110.43277483976225,109.51600662916755,109.99310065392115,21313300
2016-10-17,109.2821273803711,109.73115826662736,109.14180478234702,109.48793290585922,14182700
2016-10-18,110.25502014160156,110.76953394811324,110.19889395801982,110.58243477433457,19276700
2016-10-19,110.24565887451172,110.40468781286977,110.04921010293353,110.17081920807144,13702900
2016-10-20,110.11466217041016,110.35788744963267,109.47853945812916,110.13337565032803,18132200
2016-10-21,110.52632141113281,110.59180434527504,109.83407223061437,110.19890674042169,15707800
2016-10-24,111.85468292236328,111.92952259342348,111.21855999255918,111.23727347887616,19143000
2016-10-25,111.49920654296875,111.93888069440094,111.33082084959268,111.92016720785696,20341800
2016-10-26,110.74146270751953,111.34952252681363,110.41404807777766,110.7788825419334,20463700
2016-10-27,110.23633575439453,111.31213309200943,110.0773067675321,111.21858704897892,19099800
2016-10-28,109.54407501220703,110.48890636332077,109.20730358284185,109.91826628229113,35369300
2016-10-31,109.44115447998047,109.94631154207715,109.38502829655985,109.94631154207715,18749400
2016-11-01,108.61793518066406,109.64695561243437,107.67310402065429,109.62824926441093,23498700
2016-11-02,107.74794006347656,108.79567394513924,107.47665163508793,108.54309186414496,26960100
2016-11-03,106.69088745117188,107.92571371252814,106.56927117805388,107.5702287752358,36205200
2016-11-04,106.31669616699219,107.14926804053074,106.12959695337916,106.42894855805477,26997500
2016-11-07,108.84245300292969,108.95471250852806,107.86020909308309,108.03794438890077,26591200
2016-11-08,109.55340576171875,110.04920604366662,108.47760879190751,108.7301908725509,20777900
2016-11-09,110.05857849121094,110.23631379643416,108.14085287410178,108.27181873567855,70234400
2016-11-10,108.28117370605469,110.74146907921924,106.83118537177994,110.59179687005575,72825400
2016-11-11,108.32796478271484,108.56183343972666,107.42990285913706,107.81345088244684,41115200
2016-11-14,107.23342895507812,108.4589052843357,106.6721457369901,108.35600252835751,35906000
2016-11-15,108.7208251953125,109.09501634585597,107.88825363233211,108.04728255175476,31796600
2016-11-16,109.3663330078125,109.44116554757312,108.20633942771778,108.20633942771778,16538100
2016-11-17,110.16148376464844,110.18019011511164,109.08568661685395,109.31019850793402,20598600
2016-11-18,109.74986267089844,110.47953160316895,109.64695990997785,110.2924395671881,16428700
2016-11-21,110.89116668701172,110.99406947024066,109.98375512786852,110.0211749705977,20268500
2016-11-22,111.22793579101562,111.4992242922575,110.95664728977377,111.33083857207652,18850600
2016-11-23,110.77890014648438,110.98470569991468,110.29245649600755,110.86309657157167,22926000
2016-11-25,111.13435363769531,111.18112307209311,110.77886882333773,110.90983465901597,7162800
2016-11-28,110.88179779052734,111.39631165028649,110.76954541174676,110.99405730641237,13479000
2016-11-29,111.26534271240234,111.79856290820506,110.66663958508366,110.98469749898861,18553000
2016-11-30,109.91825103759766,111.4430718656129,109.88083120206856,111.4056520300838,30405300
2016-12-01,108.01921844482422,109.89016704277844,107.85083278552423,109.88081030139998,39796600
2016-12-02,108.234375,108.6646994639971,107.78535132719816,108.08470282143358,32876800
2016-12-05,109.07633972167969,109.5066571922304,108.2998940709207,108.7957016167666,21419700
2016-12-06,109.33827209472656,109.52537130283503,108.8798915247946,109.38504868102993,27293300
2016-12-07,110.7227554321289,110.86307802573054,108.78632362431631,109.11373825131774,26622400
2016-12-08,110.91920471191406,111.1998499003915,110.55437024915557,110.76953251193541,18578400
2016-12-09,111.78921508789062,111.82663492847304,111.32147778626765,111.33083453068946,21863100
2016-12-12,111.2840576171875,111.51792626730862,110.82567706133942,111.29341436158168,23259300
2016-12-13,112.687255859375,113.2953157034095,111.62081551505158,111.62081551505158,54477900
2016-12-14,112.4533920288086,113.19241776155555,112.12597737179519,112.82758326701143,28746000
2016-12-15,112.63114929199219,113.29533543706653,112.33179768946424,112.60308619442787,22762300
2016-12-16,112.21361541748047,113.13309469177646,111.98843959532627,112.90791171141194,26283900
2016-12-19,112.67333221435547,113.36763554780819,112.16668849067032,112.32618770583821,21138700
2016-12-20,113.10494995117188,113.31135694830694,112.89853579582639,113.02988895682617,11461800
2016-12-21,113.02051544189453,113.22692961714516,112.7671935093122,113.1518686155611,7079300
2016-12-22,112.70149230957031,113.05802125191552,112.2605179693323,113.02987517202111,16645000
2016-12-23,112.77655792236328,112.82347283256323,112.41064452907666,112.5138516049483,9007500
2016-12-27,113.35829162597656,114.01505754549784,112.97361648974601,113.02052425073371,16110600
2016-12-28,112.4763412475586,113.70544196440935,112.40128739929453,113.60223487005825,17975200
2016-12-29,112.31684112548828,112.71090066917886,111.96031208475083,112.44819430671846,13267500
2016-12-30,111.16277313232422,112.5419810954125,110.84376753805913,112.53260384132325,41749000
2017-01-03,112.15733337402344,112.57953897344414,111.54747527402944,111.90400428780224,22307600
2017-01-04,112.76717376708984,112.97358790620342,112.26990724552161,112.2792845004196,19749100
2017-01-05,113.40519714355469,113.48025098655519,112.68274753376281,112.68274753376281,20644300
2017-01-06,114.39971160888672,114.6999484063213,113.236294913604,113.5271472978722,24074300
2017-01-09,114.77503967285156,114.98145386770418,114.41850346057457,114.49356446928675,18909200
2017-01-10,115.02832794189453,115.3754796368615,114.55920751214927,114.82191380749306,16176600
2017-01-11,115.33797454833984,115.33797454833984,114.48417174220052,115.0752681951312,20686000
2017-01-12,115.1596908569336,115.23475185002951,114.09009675905264,114.92513062216653,19622500
2017-01-13,115.55378723144531,115.75081702037359,115.21601983379335,115.21601983379335,16930800
2017-01-17,115.20660400390625,115.43177982153738,114.86883669835449,115.25351175521556,14538500
2017-01-18,115.44116973876953,115.55376123205801,115.08464074733847,115.37549315723722,12499700
2017-01-19,115.38488006591797,116.01349981106274,115.14093540429064,115.61005589915284,12710700
2017-01-20,115.63819122314453,116.18237266451797,115.32857000737586,115.89151311718527,22091000
2017-01-23,115.73201751708984,115.90090117115861,115.00019073552865,115.5631338630211,17434200
2017-01-24,116.51078796386719,116.68905607555102,115.76019216982034,115.95722195515994,17640900
2017-01-25,117.68354034423828,117.71168642209103,117.13935897838812,117.2425660359876,15036200
2017-01-26,117.8055191040039,118.04946372985886,117.59910497121967,117.84304959707464,16052200
2017-01-27,118.03069305419922,118.14327736660924,117.64601089824077,118.05883913230173,15053000
2017-01-30,117.11123657226562,117.63664922027642,116.46384801795914,117.63664922027642,25006700
2017-01-31,116.87667846679688,116.90482455085296,116.20114381660841,116.69841039016086,19091100
2017-02-01,117.68354034423828,117.91810053729,117.14874339040871,117.70230201007044,22861900
2017-02-02,117.58035278320312,117.93688175880428,117.14876281540903,117.47714570849038,15101400
2017-02-03,117.91812896728516,118.0400977201234,117.5897460494816,117.70233038803669,16957200
2017-02-06,118.058837890625,118.07759955642632,117.6084791710943,117.72107064052923,11630100
2017-02-07,118.4904556274414,118.73440028943142,118.19021879661166,118.30280313429114,17541100
2017-02-08,118.68746948242188,118.85635312453553,118.10575756887268,118.33094053049737,12569100
2017-02-09,119.11907196044922,119.38177828512168,118.74377414311262,118.80945072428074,17542700
2017-02-10,119.51311492919922,119.68199856574826,119.17534765610114,119.38176178501769,13915700
2017-02-13,120.18866729736328,120.33877496373266,119.83213116734298,119.87903891830715,19120200
2017-02-14,120.59209442138672,120.60147167590708,119.85088329633379,120.23555831974556,16333500
2017-02-15,121.30516052246094,121.36146700265323,120.44198060630688,120.50766434165452,17891400
2017-02-16,121.26763153076172,121.62416763992069,120.95801032803199,121.38021585305637,15098300
2017-02-17,121.7930679321289,121.80245950510232,121.07061831786454,121.08938714738915,15563700
2017-02-21,122.39352416992188,122.46858516089081,121.9619413673757,122.02761078671091,18479600
2017-02-22,122.4404525756836,122.52489083117388,122.07453915213726,122.28095332095025,12110900
2017-02-23,121.98070526123047,122.62809383127059,121.4928302570326,122.62809383127059,17489000
2017-02-24,122.2152328491211,122.2152328491211,121.38959073841771,121.42711406855165,18624500
2017-02-27,122.36538696289062,122.3747642187843,121.78368213621616,121.9900962972467,12008700
2017-02-28,121.99009704589844,122.3935337981205,121.65232971817753,122.33724162957056,16598600
2017-03-01,123.32237243652344,123.54754106490896,122.5342536043373,122.76881380318449,25813800
2017-03-02,122.70313262939453,123.31298343252243,122.5530106630675,123.29422892404557,19951400
2017-03-03,122.92833709716797,122.96586043710876,122.2903257868052,122.61871585607709,13722700
2017-03-06,122.65624237060547,122.86265653667515,122.16836735664222,122.52488920278128,12026200
2017-03-07,122.44983673095703,122.98464101203743,122.23404529373877,122.41231338743225,15500900
2017-03-08,122.66561889648438,123.05028678022786,122.40291259306062,122.52487417338035,15776000
2017-03-09,122.75943756103516,122.92832836983118,122.1026717855399,122.63747597757043,20855300
2017-03-10,123.27542877197266,123.47246559225755,122.74063908791088,123.32234366408002,21922600
2017-03-13,123.48189544677734,123.51004153074885,123.16289695081963,123.22856637461274,10731600
2017-03-14,123.18168640136719,123.24737016021177,122.68441968826613,123.2004552348121,14019700
2017-03-15,123.94165802001953,124.23251047739308,123.04094024311185,123.43499979662666,22709100
2017-03-16,123.85718536376953,124.17619817422464,123.5757245257519,124.17619817422464,18457300
2017-03-17,123.81392669677734,124.14298539516106,123.74810634938298,124.01135904656837,21234500
2017-03-20,123.92675018310547,124.20881075467048,123.59769147144347,123.77631596544458,10105200
2017-03-21,122.04637145996094,124.50967092309524,121.97115434745794,124.39685242743941,35841900
2017-03-22,122.8737564086914,122.99598602078285,121.9241528308091,122.08399817563574,29177900
2017-03-23,122.5634536743164,123.05235762690776,122.35661024615061,122.71388786683593,20311700
2017-03-24,122.81730651855469,123.43782244138573,122.34721043829835,122.95832960415406,22967600
2017-03-27,123.0147705078125,123.23102508966345,121.66089115273505,121.94295174274244,18472400
2017-03-28,123.76690673828125,124.13358114051769,122.74210063282493,123.01475007194632,23721900
2017-03-29,124.34040832519531,124.38742080060607,123.71987808063724,123.85150440407138,13710000
2017-03-30,124.54727935791016,124.67890571053192,124.18060492230696,124.29342341135518,16092400
2017-03-31,124.46266174316406,124.80113154631283,124.22761366726063,124.36863677432427,19841400
2017-04-03,124.387451171875,124.86694410727698,123.69170366602003,124.56609001433753,23700300
2017-04-04,124.58489227294922,124.60370013826397,123.98316969865698,124.03018218884498,13400000
2017-04-05,124.07719421386719,125.49687959655674,123.84214611000613,124.76353066020609,32011200
2017-04-06,124.14298248291016,124.47205551977024,123.82332055042625,124.19940607058,18832200
2017-04-07,124.07719421386719,124.45326544156576,123.63530263091259,124.10539883863468,16743100
2017-04-10,124.12422943115234,124.64133822356935,123.78575952577033,124.19944655970394,15619300
2017-04-11,123.58830261230469,124.1994363517321,122.69512259674066,124.01138637270878,33778400
2017-04-12,123.08995819091797,123.67287275034762,122.9583318598792,123.56945103694616,15955200
2017-04-13,122.60106658935547,123.6446805856258,122.58227307316723,122.92074286509802,23683000
2017-04-17,123.61648559570312,123.6352934595522,122.90194457760192,122.94895706412626,13325500
2017-04-18,123.428466796875,123.78574452765656,123.11820155901711,123.20281543856055,12841100
2017-04-19,123.62591552734375,124.37805804148793,123.4566734193221,123.96438539718818,17764800
2017-04-20,124.66010284423828,124.93276666529714,123.93616504889619,124.12420065357989,21977900
2017-04-21,124.6319580078125,124.81999370269845,124.31229589188598,124.77299553862991,22454900
2017-04-24,126.13623809814453,126.25845337630898,125.79776820053519,126.01400847378004,22469900
2017-04-25,127.0481948852539,127.2738318642052,126.4370612594689,126.54989409514108,19384400
2017-04-26,126.86959838867188,127.4055007387344,126.79438125518566,127.09523544292924,25398500
2017-04-27,127.63108825683594,127.63108825683594,127.10458293216196,127.17980002800027,16136500
2017-04-28,127.85673522949219,128.18579387321142,127.64989180946587,128.13878139662478,22771900
2017-05-01,128.994384765625,129.1636268449932,128.223434515293,128.2798437596836,24815500
2017-05-02,129.2106170654297,129.26704065255862,128.82514913698657,129.15420782449632,18345100
2017-05-03,128.7969512939453,128.96617902565032,128.44907037955784,128.9191665403335,23827600
2017-05-04,128.84397888183594,129.21065339720076,128.39269048127912,128.77817286430871,14630100
2017-05-05,129.3140869140625,129.3140869140625,128.69357068667193,129.17306375924667,19330700
2017-05-08,129.59613037109375,129.59613037109375,129.1166373621529,129.37989011367324,13279900
2017-05-09,130.04742431640625,130.33888167546345,129.68073549491075,129.79356834237015,28426100
2017-05-10,130.12266540527344,130.1696779100427,129.6619801586605,130.12266540527344,20499400
2017-05-11,130.0192108154297,130.0568265482315,129.16364656786988,129.76536917691126,27232100
2017-05-12,130.3107452392578,130.3389498793321,129.96286410133237,130.07569700783506,19738600
2017-05-15,130.72434997558594,130.79956709200192,130.24485699790685,130.3670866053576,20481300
2017-05-16,131.26966857910156,131.28847644551,130.67735707612223,131.06282508720446,21786000
2017-05-17,127.93193054199219,130.47044603735097,127.9131226853209,130.22598693919775,55642200
2017-05-18,129.05081176757812,129.4833066110785,127.74394482331611,127.88498229989595,41319900
2017-05-19,129.59613037109375,130.14144374101417,129.4269026077731,129.5115164894334,36730100
2017-05-22,130.68673706054688,130.75255741142809,129.84056968136738,129.8875678220576,19509700
2017-05-23,130.81838989257812,131.08164265698937,130.4799200031637,131.07224589618886,19687500
2017-05-24,131.4200897216797,131.48591007445083,130.84657179606245,131.21324625039497,15891900
2017-05-25,132.5388946533203,132.87736441679726,131.636303835317,131.91836436258018,23928600
2017-05-26,132.77403259277344,132.8304418671776,132.3885500894063,132.56718902248883,13851600
2017-05-30,132.88677978515625,133.04661075887802,132.62352708182672,132.7081409479977,20306400
2017-05-31,132.8397674560547,133.35687610470234,132.16284217969348,133.35687610470234,33229400
2017-06-01,133.35694885253906,133.41335812749142,132.54838243707894,133.11250387901083,20120700
2017-06-02,134.8800048828125,134.90820950646147,133.6107394338209,133.82697966386195,37222900
2017-06-05,134.85183715820312,135.0868853420635,134.66380148035535,134.8706450298487,15727500
2017-06-06,134.31588745117188,135.13385025212372,134.11844073394337,134.69195867441013,22393000
2017-06-07,134.8423614501953,134.95517992161234,134.0714113185218,134.69192725750978,18842400
2017-06-08,134.98341369628906,135.19965390562942,134.25005051302963,135.14324466373156,25417400
2017-06-09,131.6081085205078,135.2936604576783,129.84995358532223,135.14324059920662,109783700
2017-06-12,130.90296936035156,131.1380174343609,129.24823608395627,130.49869355922954,104454000
2017-06-13,131.96543884277344,132.15347450056217,130.9500290752729,131.63636568199232,51193000
2017-06-14,131.3918914794922,132.50131165554117,130.32946944776555,132.50131165554117,60093800
2017-06-15,130.80902099609375,130.95004416913997,129.26710547057647,130.06626069484298,55145200
2017-06-16,130.24139404296875,130.83533336845912,129.7605949227434,130.74105226161782,48087400
2017-06-19,132.419189453125,132.54173765067395,131.30673262003964,131.50471722420286,39626500
2017-06-20,131.3822021484375,132.4569411668353,131.33506156989768,132.28725234643375,40935100
2017-06-21,132.6831817626953,132.74916705171682,131.59900620619143,131.68385060005426,35743400
2017-06-22,132.64544677734375,133.13568274424347,132.30605485953322,132.89057195343375,24099100
2017-06-23,133.15455627441406,133.3242450590655,132.12694366576918,132.49461708446245,21654300
2017-06-26,132.5323486328125,134.14444979038612,132.24009721742098,133.91819805474535,34411100
2017-06-27,130.12826538085938,132.1928978622065,130.11884302449192,132.03263149229844,65957800
2017-06-28,132.00440979003906,132.1175356587628,129.85493197258774,130.60912361112383,57427200
2017-06-29,129.7135009765625,131.45760138285735,128.45021424853095,131.45760138285735,88769400
2017-06-30,129.76060485839844,130.73163991505092,129.33636861568357,130.08113762975825,68898300
2017-07-03,128.39364624023438,130.50540561007256,128.30880184811377,130.3545759302854,32797000
2017-07-05,129.6569366455078,130.00575096888545,128.36536846627087,128.79902718420811,42116600
2017-07-06,128.48793029785156,129.2138548716484,128.0259900661221,128.66705585108696,48430500
2017-07-07,129.873779296875,130.22260804123698,128.91218062288343,128.9216029837048,36970400
2017-07-10,130.72219848632812,131.03330885500446,129.62860101800086,129.95857048379355,24853500
2017-07-11,131.0899200439453,131.25018646527263,130.04346274034097,130.53369874899494,31517700
2017-07-12,132.64544677734375,132.79629082643294,131.94781822454675,132.2117881178127,36045800
2017-07-13,132.93768310546875,133.25823026987132,132.55116505312694,132.80569817375428,31073600
2017-07-14,133.98410034179688,134.15380342367428,133.10734663879916,133.5315827655811,34544800
2017-07-17,134.0501251220703,134.52150188140791,133.79557764415043,134.12554712979758,25343200
2017-07-18,134.94578552246094,134.97406698714022,133.53165474736798,133.95589110283944,25748500
2017-07-19,135.73768615722656,135.93567078192234,135.28516836756918,135.3417312931162,33752300
2017-07-20,135.91683959960938,136.1713872021437,135.30405526659118,136.08654279639362,36139400
2017-07-21,135.8602752685547,135.8602752685547,135.14378742965377,135.41717975158267,39697100
2017-07-24,136.48245239257812,136.57671912810576,135.68110602155684,135.84137241870522,26712700
2017-07-25,136.1336669921875,136.4542142735749,135.76599352070787,136.02996348047355,28120900
2017-07-26,136.57672119140625,136.65214321213537,136.2561883922671,136.47301771106362,18610600
2017-07-27,135.7188262939453,137.60433365660748,134.15385173046863,137.4723487166323,80665900
2017-07-28,135.60572814941406,135.83199428184582,134.6912556439346,134.90809941532987,38013200
2017-07-31,135.03057861328125,136.16187992647508,134.73832733244447,135.99219120287052,33848600
2017-08-01,135.34173583984375,135.5302837264284,134.92692185818856,135.4925799032241,20149400
2017-08-02,135.70941162109375,136.24678821178068,134.44612493512778,136.21850674756368,41769700
2017-08-03,135.18141174316406,135.91675825681295,134.93630103370626,135.84133625730084,27112800
2017-08-04,135.42657470703125,135.72826282148628,134.87035342944597,135.48315201745237,29472900
2017-08-07,136.2844696044922,136.2844696044922,135.4831376080989,135.67168546693972,17933900
2017-08-08,136.04879760742188,137.14239546010086,135.6622650997072,136.0205161444458,30810400
2017-08-09,135.86968994140625,135.9356896205451,134.61582550531628,134.92693602422128,36169500
2017-08-10,132.9565887451172,135.190911008829,132.82460376720348,135.09664424476705,63331700
2017-08-11,133.96533203125,134.2575834322502,132.83401586762236,133.1357040139984,45862500
2017-08-14,135.6905517578125,135.89795875109877,134.99292313065123,135.03062695430245,34161000
2017-08-15,135.78488159179688,136.03942924489772,135.41720804188986,136.02999249663924,25509200
2017-08-16,136.02053833007812,136.6616184944221,135.5680204633718,136.12424183966536,31913000
2017-08-17,133.23939514160156,135.6999831139852,133.23939514160156,135.49257612893516,70191000
2017-08-18,133.1451416015625,134.05961412008728,132.5983425626818,133.3148447996282,60751900
2017-08-21,132.97543334960938,133.42795116949233,132.15522771854896,133.13569977779122,37111500
2017-08-22,135.00234985351562,135.14377156366257,133.64478199368594,133.69192256373492,36294200
2017-08-23,134.52151489257812,134.82318856738854,134.22926357516607,134.32353030498498,25702300
2017-08-24,134.12559509277344,134.97406780888198,133.37138913107572,134.823223739486,38160800
2017-08-25,133.84274291992188,134.9834668324727,133.66361741664207,134.64408931292743,26380400
2017-08-28,134.25755310058594,134.56866353676875,133.82388008446705,134.24811635734204,15362100
2017-08-29,134.78546142578125,135.01172743168902,132.98479889011452,133.10736144147407,24498300
2017-08-30,136.36929321289062,136.59555924020492,134.8137556327772,134.89859999854107,33642700
2017-08-31,137.8306121826172,137.84004892784768,136.68045131652235,136.75587335195442,38480700
2017-09-01,137.6420135498047,138.1982346726422,137.27434025340466,138.00968684620474,22293600
2017-09-05,136.4070587158203,137.52893811424389,135.37946045779356,137.23668671840898,44794300
2017-09-06,136.8218536376953,137.1329640952826,135.83195934269585,136.75585397156453,30722700
2017-09-07,137.14234924316406,137.4911634258395,136.6426910519298,137.07634959494092,22721100
2017-09-08,135.95448303222656,137.02922140308195,135.81306138181526,136.96322175583478,27890100
2017-09-11,137.5194854736328,137.75517391210013,136.98212331427322,137.0198271349045,27126300
2017-09-12,137.8494415283203,138.02856702564085,137.1989392002738,137.90600444636274,30256700
2017-09-13,138.03799438476562,138.05685348655612,137.38749203315098,137.61375809879775,28450900
2017-09-14,137.2272491455078,137.91545543335027,137.14240475083182,137.50065581984018,35296400
2017-09-15,137.6986083984375,138.19826672776736,136.97268399373397,137.19895006910764,46422400
2017-09-18,137.51815795898438,138.2929006317054,137.10243604918733,137.8582927563849,24858200
2017-09-19,137.7543182373047,137.95272172924206,137.29135272817922,137.76376121704737,20871200
2017-09-20,137.32916259765625,137.85825783363197,136.2709577089409,137.70708364713494,34236200
2017-09-21,136.48826599121094,137.24410803469576,136.00640010921208,137.2346650550192,28841800
2017-09-22,136.35601806640625,136.55442159460242,135.91195285237495,136.05366965822935,21702400
2017-09-25,134.91993713378906,135.89309797118938,134.25856779042533,135.81751084383774,54947700
2017-09-26,135.26947021484375,135.86470963525812,134.79706163782043,135.60960496697115,29628800
2017-09-27,136.48826599121094,136.99846081223947,135.64737946358565,135.9874997330961,33249400
2017-09-28,136.44105529785156,136.58277211113028,135.84581584854814,136.15760725452773,24149400
2017-09-29,137.42367553710938,137.5276060183951,136.3560417749213,136.71506255109804,43102400
2017-10-02,137.5465087890625,138.10394755437702,136.9323688737976,137.63153888883556,27351300
2017-10-03,137.83938598632812,138.00000318643953,137.42366409579648,137.72601253137108,19715200
2017-10-04,137.9716796875,138.26457076615327,137.44258426583357,137.57485812125017,26381100
2017-10-05,139.32273864746094,139.3983113301931,138.33067778961117,138.47239459069039,31562400
2017-10-06,139.51171875,139.51171875,138.85034955761876,138.85034955761876,23561100
2017-10-09,139.35110473632812,139.84239933804463,139.17158714783778,139.6912395311605,13704800
2017-10-10,139.45509338378906,139.96528858047122,138.84095325031643,139.82357169716326,19223100
2017-10-11,139.87069702148438,139.899054793829,139.2093280299693,139.3888455598297,12439100
2017-10-12,139.61561584472656,140.16361144933154,139.4738846408942,139.66285957933735,14513500
2017-10-13,140.15420532226562,140.31482254528686,139.6251099013089,140.18254869004767,18409900
2017-10-16,140.63601684570312,140.67380318249627,140.2013946803834,140.50374304178206,21809400
2017-10-17,140.8155517578125,140.8344521388578,140.37150092899705,140.5888048523351,13138200
2017-10-18,140.64553833007812,140.97623023284535,140.43767731978525,140.95732984551745,17218200
2017-10-19,140.1258544921875,140.144754875292,139.14325082227697,139.82352044635664,27680300
2017-10-20,140.50381469726562,140.8155917809114,140.33374005305174,140.69277531112604,30173300
2017-10-23,139.58729553222656,140.80610335252504,139.3888775808093,140.7966603707494,29297100
2017-10-24,139.82350158691406,140.11639261007153,139.30384924739295,139.8612879312582,20289500
2017-10-25,139.29441833496094,140.003031364475,138.25512787506838,139.5495230622813,36179100
2017-10-26,138.850341796875,139.55895469555574,138.81254103555622,139.20936252880549,28230200
2017-10-27,142.89418029785156,143.1587280008324,140.96674484268425,141.18404879511095,60165100
2017-10-30,143.21539306640625,143.79173213572238,142.65795437780588,142.79022820928336,31733400
2017-10-31,143.7539520263672,143.96181299380316,143.26265739130804,143.67837932617996,26319300
2017-11-01,143.70672607421875,144.39643870961083,143.139829892097,144.33029457443016,29481600
2017-11-02,143.43272399902344,143.60279862396303,142.45012026824378,143.5460974711371,31017400
2017-11-03,144.8121337890625,144.83101975266578,143.4610377195909,143.95234669183205,26199200
2017-11-06,145.30345153808594,145.3601526882448,144.65153968732733,144.69876902064044,28693900
2017-11-07,145.3884735107422,145.57743406499927,144.87826415580528,145.19005555787425,21333100
2017-11-08,145.9742431640625,146.01202950500024,145.14279949578267,145.3128740719149,17373500
2017-11-09,145.20895385742188,145.28454096139473,143.7161409916811,144.77433161376936,40594500
2017-11-10,145.1995391845703,145.3129270822775,144.61375697736895,144.86886172624736,20150800
2017-11-13,145.37905883789062,145.56803386445216,144.6515597693563,144.6515597693563,12522400
2017-11-14,144.84996032714844,145.02947794855626,144.1508046439013,144.86886071276246,25173800
2017-11-15,144.16966247558594,144.55704101283402,143.40436280043605,144.22634920459447,24808000
2017-11-16,146.01206970214844,146.34276154764424,144.8688487602997,144.89719212799716,34790600
2017-11-17,145.45462036132812,146.15379035293043,145.31290353312326,146.04985987332424,28725800
2017-11-20,145.34124755859375,145.690825347598,145.13338659843774,145.55855150175034,21143900
2017-11-21,146.91908264160156,146.98522676926981,145.9648224074061,146.0309521183072,20147800
2017-11-22,147.0985870361328,147.24030384447573,146.76789526097824,147.0513432944299,17299000
2017-11-24,147.63714599609375,147.68438974441153,147.16473734645172,147.24978186013087,8280600
2017-11-27,147.57098388671875,147.92056159734798,147.23084915697297,147.58988426525036,22653400
2017-11-28,147.94891357421875,148.0434010556157,147.1080268901417,147.90166983352026,25227300
2017-11-29,145.36962890625,147.81670290218221,144.67045872879578,147.77891654353925,71986300
2017-11-30,146.5884246826172,146.87187280693036,145.64360721275366,145.98374207857537,56595500
2017-12-01,145.96478271484375,146.6733954609348,143.85783043639682,145.69077771296782,59015800
2017-12-04,144.2830352783203,147.04189966375623,144.14130405383716,146.88128247608793,51319100
2017-12-05,144.37757873535156,146.02156659022285,143.70676629608258,144.25474783093352,40604200
2017-12-06,145.02944946289062,145.25621079540954,143.66891030131168,143.8389849048927,28647800
2017-12-07,145.52076721191406,145.93648913810804,144.86884095645243,145.0200151872081,32666200
2017-12-08,146.16323852539062,146.94743864175874,145.93649159221226,146.58840344186845,28081700
2017-12-11,147.29701232910156,147.34425607778414,146.21992117627119,146.22937857606848,20821500
2017-12-12,147.0985870361328,147.53319485956163,146.78679564101256,147.2308608628415,20310300
2017-12-13,147.38206481933594,147.8544734981913,147.16474644698897,147.69385627739274,24418500
2017-12-14,147.27809143066406,148.0150476016589,147.11747425665388,147.63711211860735,24594700
2017-12-15,148.95040893554688,149.11104052809992,147.60877039358147,147.85443206447573,49816200
2017-12-18,150.19921875,150.32230644482632,149.65955433213173,149.93411790492215,26844500
2017-12-19,149.30923461914062,150.06667181421005,148.89264343950677,149.9151814858136,31415000
2017-12-20,149.14833068847656,149.85842558394518,148.56132353123613,149.83002294387984,38972600
2017-12-21,149.16722106933594,149.8299731956688,148.99679083861443,149.35657675587206,18638700
2017-12-22,148.99681091308594,149.0536161820089,148.5991595837103,148.94000564416297,23330400
2017-12-26,148.19207763671875,148.38143338979822,147.65239857117848,148.16367499610274,21918700
2017-12-27,148.2109832763672,148.60864908564062,148.06897009228095,148.2015205464001,22388200
2017-12-28,148.390869140625,148.71278975393824,148.21097615148634,148.68437267157108,25393800
2017-12-29,147.4724884033203,148.5518319619922,147.41568312869276,148.52342932467843,33186000
2018-01-02,150.05723571777344,150.0951010831363,147.86066890692638,148.22991761860484,32573300
2018-01-03,151.5153350830078,151.64788557101508,150.17089029124267,150.1992929353214,29383600
2018-01-04,151.78042602539062,152.23488274752748,151.56266761954237,152.03606425211956,24776100
2018-01-05,153.30474853515625,153.40889636185685,152.2159421671278,152.49998300784918,26992300
2018-01-08,153.9012451171875,153.97699031054225,153.24795546555637,153.30476074884282,23159100
2018-01-09,153.91065979003906,154.36511636134475,153.4467404901132,154.20416329331803,24782400
2018-01-10,153.55091857910156,153.57933566706862,152.547320070258,153.22901234926837,34004000
2018-01-11,154.60183715820312,154.6113143351201,153.5793133352896,153.81601160755804,20473500
2018-01-12,155.7379913330078,155.8989444151264,154.27045924121256,154.46927768804107,37762700
2018-01-16,155.2930450439453,157.56534324272374,154.82911111430522,156.77004031784324,41231800
2018-01-17,156.96884155273438,157.20553985768248,155.27408804594995,156.03152551116744,33849900
2018-01-18,156.99729919433594,157.3570708868851,156.3534721261733,156.722720999396,26432200
2018-01-19,157.48956298828125,157.74520117399135,156.73212560830981,157.4611603506375,38937600
2018-01-22,159.1748809814453,159.1748809814453,157.2528917863955,157.4327848203915,26081400
2018-01-23,160.4908905029297,160.6329181337102,159.59143996231683,159.66718514268325,37989700
2018-01-24,159.44943237304688,161.18206551156723,158.53104189338993,160.83174223421628,54287400
2018-01-25,159.3926239013672,160.6045179116188,158.8813475379358,160.54771263721892,28925000
2018-01-26,161.83534240722656,161.85428231492003,159.9701732365444,160.28260225544508,32038200
2018-01-29,161.0495147705078,161.81641488277137,160.70866867095552,161.49450869067098,37277800
2018-01-30,159.72401428222656,160.40570656046702,158.89084606753565,159.58200107714234,44987700
2018-01-31,160.38674926757812,160.94536818984005,159.3831508686413,160.6234475483431,42449200
2018-02-01,159.02340698242188,160.69922070011876,158.51213051671303,159.15595746484286,38037900
2018-02-02,155.8516387939453,158.77722649421813,155.71908831568786,158.398514969745,68478100
2018-02-05,149.7069549560547,156.9309926020154,149.59334438080504,154.3935934419763,105372200
2018-02-06,153.67396545410156,153.86332115971052,146.84759619491862,147.51981111686754,118537900
2018-02-07,151.6857147216797,154.8479999126763,151.67623754553964,153.18163496649186,91028300
2018-02-08,145.28541564941406,152.24435154392032,145.28541564941406,152.07392125317836,94184800
2018-02-09,147.79443359375,148.8737773317546,142.14207667851255,147.33996242738695,113836600
2018-02-12,150.4170379638672,151.43957640042325,148.13527722681096,149.30929160266103,63050600
2018-02-13,151.19332885742188,151.49629500959554,149.3281460791789,149.55538152849175,31785600
2018-02-14,154.02427673339844,154.26097498098252,149.5932924731433,150.30338721589555,52107400
2018-02-15,156.88357543945312,156.88357543945312,153.79703588866997,155.40658087592604,51633900
2018-02-16,156.1829833984375,157.8871992819532,155.91786806089047,156.37233911361537,62256300
2018-02-20,156.49542236328125,157.8114641710341,155.5675691868948,155.63385163723748,36785600
2018-02-21,156.05043029785156,158.79612423849875,155.95574521841624,157.26232419066693,41161800
2018-02-22,156.03152465820312,157.5653250428683,155.6338732416943,156.73214239099192,37074400
2018-02-23,159.22219848632812,159.22219848632812,156.6469200242878,157.29074686325617,50096900
2018-02-26,161.3335418701172,161.3335418701172,159.83762145379552,159.9701719127196,39266700
2018-02-27,159.33580017089844,161.64597758447402,159.26006943821488,161.3808766793341,42209900
2018-02-28,158.31329345703125,160.76548431780174,158.2091456297015,160.24474518115306,42936300
2018-03-01,155.72853088378906,159.12752921993194,154.32728108836878,158.39849446045145,76809900
2018-03-02,157.15823364257812,157.4327973579141,153.34265759115058,153.853919644401,57445100
2018-03-05,158.90032958984375,159.3074437956318,155.83271393638665,156.41973563701782,38540200
2018-03-06,159.5724639892578,160.11214285979798,158.5688658583368,159.6766117828579,29480900
2018-03-07,159.9417266845703,160.07429156708474,158.07655785751885,158.3511214573648,34609400
2018-03-08,160.8223114013672,160.93592197497858,159.96072602636266,160.6045529863056,25828400
2018-03-09,163.94668579101562,163.94668579101562,161.7311935511975,161.96789181050067,38310500
2018-03-12,164.8177490234375,165.19646049487721,164.06031163364145,164.429560374716,37635000
2018-03-13,162.57382202148438,165.88759731020926,162.1572308165385,165.19642806249732,55638900
2018-03-14,162.54547119140625,163.549084251874,161.8353761972634,163.42599649654161,40536400
2018-03-15,162.40342712402344,163.35022026971095,161.80694281922692,162.6590653184958,28810400
2018-03-16,161.9205780029297,163.03778705057613,161.84483281288146,162.67801545649425,31176700
2018-03-19,158.46578979492188,160.4762427472598,157.08122301713536,160.36244789195098,71395100
2018-03-20,158.9873504638672,159.35719819366201,158.0010946745317,158.5321565972779,34075700
2018-03-21,158.29510498046875,160.0400271986878,157.60282873080612,158.57012854605242,43863500
2018-03-22,154.38803100585938,157.20457051417605,154.18887546259037,156.10450492452298,66607300
2018-03-23,150.3196258544922,154.8621299063829,150.24375779740703,154.20778057558155,80110400
2018-03-26,155.9053497314453,156.09502719035933,150.93611286764113,153.3638338500124,57481500
2018-03-27,150.86016845703125,157.06223331432022,149.53249926810176,157.06223331432022,78889100
2018-03-28,149.12472534179688,151.52399639475541,147.97724096108354,149.99718622738624,89369700
2018-03-29,151.85595703125,153.35431888005857,148.53680488360385,149.93084994324363,68692600
2018-04-02,147.4746551513672,151.48609771795935,145.92888853703812,150.77485088321868,85549400
2018-04-03,149.1342010498047,149.7601016111477,146.4599210146088,148.7643533490749,64090000
2018-04-04,151.486083984375,151.9507559465857,146.08059695411916,146.25130370356482,65768700
2018-04-05,152.3490447998047,153.23099827550368,151.23950163000418,152.99391603058,43054900
2018-04-06,148.53677368164062,152.16887543382583,147.82552694226538,150.6705138997664,59870900
2018-04-09,149.57997131347656,152.56721718836326,149.32393282990395,149.81705363035536,41810400
2018-04-10,152.88011169433594,153.37323231451606,150.85068838256876,151.93178277350358,48296800
2018-04-11,151.99819946289062,153.62932680636436,151.8275071566539,151.92233139222267,41622100
2018-04-12,153.82846069335938,154.35952264308526,152.8327123024469,152.91805844357725,30467900
2018-04-13,153.03187561035156,154.82421718717495,152.36804807640866,154.59662744431162,44604900
2018-04-16,154.1983184814453,154.75782918130977,153.13618004248727,154.1034797826683,28180800
2018-04-17,157.51744079589844,157.85883978893762,155.44059812743944,155.7535484102546,35536100
2018-04-18,157.8399200439453,158.3709820998015,156.76830337886395,157.5174915772263,29573900
2018-04-19,156.38894653320312,157.4131436398786,155.84839203092181,157.04329589055297,34705700
2018-04-20,153.91378784179688,156.10442534927176,153.37323340730254,155.9906305084734,49197100
2018-04-23,153.52500915527344,155.26993135976628,152.6999674057224,154.6630012681881,33040600
2018-04-24,150.27223205566406,154.49229355837966,149.2575129965099,154.25521128889727,70256800
2018-04-25,150.45242309570312,151.07832384601252,148.38507236755763,150.53778372191283,52089300
2018-04-26,153.619873046875,154.1319645170206,151.9033848081528,152.39652011039618,43005500
2018-04-27,153.71466064453125,155.91479110657227,152.84219960727992,155.87684983910054,51043400
2018-04-30,152.62411499023438,155.0328649684649,152.2447746001171,154.0750576153368,35615300
2018-05-01,154.36900329589844,154.3879739288055,151.86541515523035,152.22578482869912,36513500
2018-05-02,153.45864868164062,155.11822489618623,153.27846380594724,154.63456770977638,38646800
2018-05-03,153.43963623046875,154.00862495247145,150.9929456559059,152.6809701307795,60337100
2018-05-04,156.3509979248047,156.7113675760672,152.66199868594313,152.7758080060194,41543200
2018-05-07,157.65025329589844,158.16234470304425,156.95796255299328,157.08124998097605,32500200
2018-05-08,157.48910522460938,157.8304899925456,156.3416200299428,157.3183983702798,26040200
2018-05-09,159.20545959472656,159.31925443166557,157.2139631261905,157.77347370160805,29122700
2018-05-10,160.8555908203125,160.96940016171084,159.59431127494645,159.71759869881342,27067600
2018-05-11,160.70388793945312,161.0832138675208,160.0021190551357,160.6659466644324,24688800
2018-05-14,160.97886657714844,161.9935856715931,160.71333558372166,161.07370527638108,21821700
2018-05-15,159.1959991455078,159.79345110061075,158.351986837203,159.70810495569702,49361600
2018-05-16,160.2486572265625,160.61850501973626,159.328776784759,159.40464485391703,22941200
2018-05-17,159.63223266601562,160.84609270716274,158.85459588978068,159.68913009445174,27480200
2018-05-18,158.80723571777344,159.56588760428866,158.57015338564813,159.01585485731508,26217900
2018-05-21,159.69862365722656,160.74179151419202,159.01582550909544,160.0400227312921,22954600
2018-05-22,159.489990234375,160.69437231211054,159.20550306435084,160.4288413065183,19477700
2018-05-23,160.8366241455078,160.8555803092064,158.25716778780853,158.27612395150712,26557800
2018-05-24,160.78916931152344,161.07367087811048,159.1675205112229,160.78916931152344,27696500
2018-05-25,160.95042419433594,161.52890555356723,160.46678153806891,160.77023934091653,27460500
2018-05-29,160.23916625976562,161.14007599425048,159.2813590955759,160.22019562641287,41220500
2018-05-30,161.38658142089844,161.67108294295028,160.47619391475078,160.81759284714326,22665800
2018-05-31,161.2823486328125,162.35395075337792,160.8650814834151,161.38665094980712,35670900
2018-06-01,163.8143768310547,163.90920106051405,162.04099154295287,162.0884108928595,45543300
2018-06-04,165.2937469482422,165.33167374113904,164.12730633449826,164.23160863255265,20459600
2018-06-05,165.8058624267578,166.08088597920042,165.07565941174363,165.6825894790961,24779300
2018-06-06,166.77317810058594,166.80162681970975,165.14205067582768,165.97658502440788,25036600
2018-06-07,165.4170684814453,166.83956239385043,164.5825485593433,166.80163558980976,39600300
2018-06-08,165.42652893066406,165.84379604591365,164.23162501511237,164.63941404878028,31780300
2018-06-11,165.87222290039062,166.2799974099636,165.27477102135413,165.30321973270333,22319700
2018-06-12,166.7447509765625,166.9059652292615,165.91970907440952,166.09987949540903,22511800
2018-06-13,166.7352752685547,167.98706250102745,166.3654129260621,167.00080633212036,37858600
2018-06-14,168.42327880859375,168.69828792123138,167.3801108564734,167.50339828818468,35916000
2018-06-15,167.83529663085938,168.16721763675991,167.0102548629448,167.78787727710858,49615700
2018-06-18,167.73834228515625,167.88089031659635,166.2557847528763,166.77848503703288,31633200
2018-06-19,167.26312255859375,167.30113052404803,165.08680762861198,165.61900615290506,38236000
2018-06-20,168.45108032226562,169.1448381159728,167.8808592992069,168.03292017219897,33038000
2018-06-21,166.987548828125,169.04982565555568,166.66441581956997,168.8787535332237,43469400
2018-06-22,166.616943359375,167.61480868746378,166.01821256145996,167.5482910995439,30073200
2018-06-25,162.8629913330078,165.35294137859935,161.38043384859503,165.1058387969804,77799700
2018-06-26,163.52828979492188,164.46913597990505,162.86302685438105,163.46175770033645,39008100
2018-06-27,161.30441284179688,164.963300425591,161.19037441365197,164.2220216399969,52843500
2018-06-28,162.6919708251953,163.24318082362268,160.7722414515453,161.10487292516945,46407700
2018-06-29,163.1291046142578,164.33606451632326,162.8915148816409,163.47123440927925,36408500
2018-07-02,164.2220458984375,164.26956675095957,161.24741744676086,161.59904565303333,31770000
2018-07-03,162.32131958007812,164.83976512147632,162.15976029075517,164.83976512147632,25512700
2018-07-05,164.33607482910156,164.46912450766342,162.5398969178529,163.3762174695716,31626200
2018-07-06,166.8925323486328,167.01608365001005,164.41209496022037,164.71621677858695,37005600
2018-07-09,168.39413452148438,168.43214250563818,167.09214716960918,167.75739565227062,27362100
2018-07-10,168.51760864257812,168.89774631527698,167.93788926585262,168.70767747892754,23902500
2018-07-11,167.66229248046875,168.28003438182662,167.07307468343188,167.19661146264426,30280600
2018-07-12,170.55142211914062,170.55142211914062,168.2895631966601,168.40360162928044,27930100
2018-07-13,170.6940155029297,170.9696132887472,170.06677495424503,170.5419545514915,28049800
2018-07-16,170.28530883789062,171.01708928605575,170.000212755396,170.73197870223444,21405300
2018-07-17,171.3212127685547,171.68233931032128,168.479634274446,168.479634274446,31034100
2018-07-18,170.99803161621094,171.48272382749818,170.4753459393429,171.34016132363374,23220800
2018-07-19,170.1427764892578,170.9505874677031,169.94320921310506,170.38036624746783,31094100
2018-07-20,170.10476684570312,171.22618353285483,169.91468343993083,170.6559768195215,35897300
2018-07-23,170.64646911621094,170.72249958055676,168.91682318166056,169.60108285944463,22184700
2018-07-24,171.34967041015625,173.01279807594833,170.6463997767167,172.4045691096544,36900300
2018-07-25,173.74462890625,173.8491544686982,171.34020743942833,171.42575076529988,35026600
2018-07-26,171.1121368408203,171.93894451102202,170.88404546568697,171.38773456377848,40873500
2018-07-27,168.80271911621094,172.3095452775554,167.83336361733888,172.19550686623492,59456100
2018-07-30,166.41734313964844,168.90727875110102,165.6190451651664,168.81225156442017,60193000
2018-07-31,167.69082641601562,168.33707801414397,166.14175125688033,167.07309892634723,47285100
2018-08-01,168.32754516601562,168.8312341673675,167.35818963586163,168.0804570997395,37101900
2018-08-02,170.61798095703125,170.81756276369907,167.06363243393952,167.13966290784487,47178200
2018-08-03,171.14060974121094,171.15010810847312,170.19025096732682,170.9410280181127,28934400
2018-08-06,172.1480255126953,172.1955463620865,170.81752873770537,171.02660887396482,24808800
2018-08-07,172.77528381347656,173.09840242067412,172.26208178902985,172.6327212505397,29895700
2018-08-08,172.9843292236328,173.2979493975018,172.07197830862066,172.53765938521263,22680700
2018-08-09,172.87979125976562,173.56405082898172,172.62319029597808,172.87979125976562,18852900
2018-08-10,171.55877685546875,172.2240251238088,170.91252532242083,171.71082324442887,33818500
2018-08-13,171.36874389648438,172.974838444637,171.29271343541296,171.87243301242074,26089200
2018-08-14,172.44259643554688,172.64217815843048,171.10258708549367,172.02443625527576,20913000
2018-08-15,170.3328094482422,171.61579967234317,169.27791056436416,171.07408817731056,58528000
2018-08-16,170.89356994628906,172.0054882856159,170.56093848095423,171.64434720911845,27711800
2018-08-17,170.93157958984375,171.35923826277062,169.42051217821566,170.4469016940371,36092600
2018-08-20,170.77952575683594,171.37825662460662,170.11427729338456,171.31172452759702,24939000
2018-08-21,171.40675354003906,172.43314302247376,171.18817502566702,171.29271509798892,26258700
2018-08-22,172.07199096679688,172.27157272896844,170.8270230494858,171.04560154990082,18042400
2018-08-23,171.8248748779297,173.01282338441243,171.5397643361089,171.76785566983042,25776200
2018-08-24,173.42149353027344,173.5640560706057,172.35709616882636,172.3951041454524,23136100
2018-08-27,175.18914794921875,175.18914794921875,174.02021061728036,174.2958083048027,29343600
2018-08-28,175.44577026367188,175.83542092220546,175.07513084493502,175.65485039745442,20277000
2018-08-29,177.4700469970703,177.56507419740714,175.68336741533673,175.74988500543972,29175600
2018-08-30,177.15640258789062,178.21130152645128,176.56717022043534,177.12789298155053,29315500
2018-08-31,177.3844451904297,177.88813414029013,176.7477066028952,176.93777544224054,28653200
2018-09-04,176.6241912841797,177.1468770305292,175.67383247070833,176.8427697509072,29063500
2018-09-05,174.34332275390625,176.33908207786902,173.74460655777725,176.31057247335454,42623300
2018-09-06,172.7847900390625,174.6284890601002,171.61585237674672,174.4194088926838,46091400
2018-09-07,172.11947631835938,173.6020336699037,171.48273768667426,171.5397568922992,46629500
2018-09-10,172.69921875,173.20290780188296,171.75835822788284,173.10786611229807,26132000
2018-09-11,174.02969360351562,174.31480413524167,171.55876949831267,172.0054392810412,30116500
2018-09-12,173.51651000976562,173.8966477260934,172.02443974546424,173.77311094401526,36204000
2018-09-13,175.36978149414062,175.7024130136832,174.5239623887103,174.59999286464375,31133200
2018-09-14,174.8565673828125,175.76890395295317,174.16279483316268,175.49330620816625,31224100
2018-09-17,172.33804321289062,174.685430362476,172.17648397401638,174.56187909102744,33071200
2018-09-18,173.7636260986328,174.60944497999554,172.39510689702868,172.48065022312394,31877300
2018-09-19,173.63055419921875,174.20077529399987,172.49962487874194,173.7921134590976,31843400
2018-09-20,175.55030822753906,175.7878979675069,174.40988037595886,174.82804063851455,33295800
2018-09-21,174.5904083251953,176.27253283303114,174.37181537677276,176.02544478419395,38605400
2018-09-24,175.07595825195312,175.14261005146878,172.61010316342035,173.32415487436052,34945600
2018-09-25,175.31396484375,175.44725390726867,174.39997231718039,174.9997803667235,25277500
2018-09-26,175.4377899169922,177.0753500505911,175.0950444349035,175.46635082988104,36210600
2018-09-27,176.92298889160156,177.55135793550843,176.05660259113182,176.15181530472515,33113300
2018-09-28,176.88490295410156,177.35142201991485,176.10421388494765,176.42791387636706,28076800
2018-10-01,177.24668884277344,178.54150329934453,176.7992152383203,177.91313425554816,27371300
2018-10-02,176.84683227539062,178.2082840917509,176.4374495426125,177.0943650072503,25618600
2018-10-03,177.03724670410156,178.00836125632804,176.76115305644254,177.58944852684127,29128700
2018-10-04,173.6383819580078,176.43746767580012,172.38164366535705,176.323209495381,80557300
2018-10-05,171.51524353027344,174.20008538071755,169.87768350675893,173.61932264531507,83325600
2018-10-08,170.46798706054688,171.9817735477524,168.44959055018361,170.91546073071544,66864500
2018-10-09,171.0201416015625,172.34351679491533,170.18231631860465,170.5916989735109,49097900
2018-10-10,163.49880981445312,170.05856482438804,163.2798380060877,169.95383665040103,114471100
2018-10-11,161.47091674804688,165.0887675173891,159.7667050125888,162.8228530562343,143084500
2018-10-12,165.96470642089844,166.47881738600185,162.7371779545644,165.82188732745325,102078400
2018-10-15,163.95579528808594,165.69806862950014,163.33694177294458,165.3838986696784,64885300
2018-10-16,168.7257080078125,169.1350907984661,165.37442029214515,165.67908941512553,71979700
2018-10-17,168.7923126220703,169.71582074711415,167.05955453469255,169.5444552941801,66987600
2018-10-18,164.87928771972656,168.2115289220889,164.17476602020366,168.15440711157825,82486200
2018-10-19,164.72705078125,167.63086534132077,164.12724241365763,166.2122767129777,82923700
2018-10-22,165.5743408203125,166.85010992890815,164.3176026339909,165.71714537447562,52909300
2018-10-23,164.96502685546875,165.7838069113593,160.72832201347433,162.4610803244757,77567000
2018-10-24,157.41513061523438,165.05073027682008,157.12950692693505,164.77463657883274,102997400
2018-10-25,162.8609619140625,163.8320766068038,159.14789768802768,159.86194961822082,83481100
2018-10-26,158.67184448242188,161.81367551274892,156.35830894532376,157.2818171623955,130970900
2018-10-29,155.4062957763672,161.71852102163984,152.41679821674072,161.09968167609154,111871900
2018-10-30,157.96728515625,158.08152878633257,154.24469191691367,154.949228199736,92584000
2018-10-31,161.68038940429688,163.04184131039764,160.46172753175563,160.53789480675334,73828600
2018-11-01,163.81301879882812,163.9843988034086,160.6902330885115,161.91841045116647,52706800
2018-11-02,161.261474609375,164.27953202168183,160.15707092705455,163.30841743706063,75966800
2018-11-05,160.86158752441406,161.52803293091299,159.0716931234567,161.47091111427312,39573500
2018-11-06,162.0802459716797,162.98470869533497,160.63309689737844,160.87111416820463,34410400
2018-11-07,167.164306640625,167.164306640625,163.6321236272519,164.02247547360042,51169600
2018-11-08,166.09800720214844,166.89774188294302,165.30778798395005,166.38361635427236,40296500
2018-11-09,163.29891967773438,164.9459953908708,162.00410493368454,164.5461280544262,50602700
2018-11-12,158.35769653320312,162.46111310224694,158.2148774144243,162.15645846488442,62578400
2018-11-13,158.49095153808594,161.35667443118766,158.04347787828496,159.1002752090499,64128100
2018-11-14,157.28179931640625,160.61404088890393,156.37733665221236,160.06183911359958,75270700
2018-11-15,160.0332794189453,160.46170757603178,155.62520969825405,156.99617689544667,73254300
2018-11-16,159.47164916992188,160.24282317883265,157.83408838640065,158.47197323978892,65390700
2018-11-19,154.29237365722656,158.9003863359595,153.7972934726123,158.70997535031617,67280500
2018-11-20,151.5313262939453,153.644920925807,149.59862712126255,150.77918354550894,102652800
2018-11-21,152.68336486816406,154.20668171752763,151.598006334406,153.61640333892666,42965800
2018-11-23,151.5789337158203,153.13079653070835,151.46467554071668,151.46467554071668,23503700
2018-11-26,155.08253479003906,155.1587020611686,153.05462296255143,153.70203750344191,42012600
2018-11-27,155.6061553955078,155.9965071613296,153.4544702172646,154.23517374890815,36608100
2018-11-28,160.6140899658203,160.6140899658203,155.6347715336953,156.7296454310953,70141000
2018-11-29,160.0904083251953,161.14720557409555,158.824169246102,159.93808831482045,44885700
2018-11-30,161.25198364257812,161.34719639001372,159.50969496197126,160.30944426912362,36722800
2018-12-03,164.07008361816406,165.00310734737175,161.38524155600243,164.8126964167571,50771700
2018-12-04,157.77687072753906,163.6701799708828,157.58645983919564,163.21317640595507,70594700
2018-12-06,158.89083862304688,158.90988407597388,154.01624864826684,154.59701147943588,71715500
2018-12-07,153.6448516845703,159.1097167331979,153.14977189215352,158.19573891518357,80432200
2018-12-10,155.25389099121094,155.9298518118432,151.76931513996445,153.35926854667193,73960800
2018-12-11,155.7680206298828,157.82449330114315,154.4541606686741,157.7864024031081,59058300
2018-12-12,157.1390380859375,159.56681766340148,157.05335533703771,158.04350099942525,53780000
2018-12-13,157.18663024902344,158.8241904301964,156.16790923498382,158.1672603598229,46378500
2018-12-14,153.35928344726562,155.95842787134256,152.99749256154345,155.38719516103572,56547400
2018-12-17,149.88421630859375,153.92099411494115,148.68461459356877,152.70234695216084,74834100
2018-12-18,150.8267822265625,152.28344675982314,149.5129222446328,151.04575404774369,63642100
2018-12-19,147.12326049804688,153.0165714982704,145.9902957626341,150.59830746038915,81856500
2018-12-20,144.99057006835938,148.39897856014474,143.18164492342171,146.76141884839492,99002100
2018-12-21,140.49688720703125,146.70436918561757,139.6876224125358,145.71422340960737,141129400
2018-12-24,137.0128173828125,141.29028662666678,136.97463206706718,139.47618546452412,56163300
2018-12-26,145.56773376464844,145.64410437689799,137.57610718480598,138.5213574124602,98982100
2018-12-27,146.1310577392578,146.25517091060647,140.43094290299098,143.57220516546255,85824300
2018-12-28,146.05470275878906,148.55625603731846,144.86121137491256,147.18135163205488,77856600
2018-12-31,147.286376953125,147.97382914407197,145.80645931746204,147.4868899125622,53015300
2019-01-02,147.87835693359375,148.70902225134913,144.05918461253182,144.16421243412046,58576700
2019-01-03,143.04708862304688,146.33156417582867,142.73200519716977,145.7014118930589,74820200
2019-01-04,149.1672821044922,149.90247667450393,144.88027155431928,145.45313851996602,74709300
2019-01-07,150.94325256347656,151.6784474022734,149.05276611841552,149.5397054025862,52059300
2019-01-08,152.3085479736328,152.871872215904,150.09342173632143,152.3276333395195,49388700
2019-01-09,153.5498504638672,154.21820279462577,152.26087380748498,152.90058350756735,46491700
2019-01-10,153.9889678955078,154.07489574329455,151.52560094275688,152.38492312756617,38943400
2019-01-11,153.42567443847656,153.5879874842633,152.5663520814495,153.08194840946246,30176600
2019-01-14,152.0699005126953,152.7287100801181,151.4206336313995,152.1271857674301,30710200
2019-01-15,155.03927612304688,155.2493317270519,152.6809364890678,152.7668643537107,40874200
2019-01-16,155.01065063476562,156.3759976427261,154.95335081635352,155.2970768819006,33812200
2019-01-17,156.2327880859375,156.92978291818682,154.26591677611984,154.51415771896586,39329000
2019-01-18,157.77955627441406,158.51475102441884,156.41420916481994,157.33080236185145,57183200
2019-01-22,154.61915588378906,156.71969723216404,153.49249274911702,156.6433120561708,56711700
2019-01-23,154.81967163085938,156.1181906307849,153.072413346114,155.41165316912387,38106100
2019-01-24,155.82220458984375,156.05136013983042,154.73374122312916,155.32570818269798,32417800
2019-01-25,157.6840362548828,158.1614326886778,156.5382877275715,157.0729694023846,36515900
2019-01-28,155.73631286621094,155.74585555297276,154.43779358621956,155.65038497839228,33491200
2019-01-29,154.26593017578125,155.86043292533694,153.71214842226706,155.82223304220537,30784200
2019-01-30,158.19009399414062,158.76297560995488,155.52622798926913,156.01316716442196,41346500
2019-01-31,160.55799865722656,161.35047861663324,158.94439611316838,159.16399442970734,37258400
2019-02-01,159.88009643554688,160.97811720591278,159.44089978258933,159.7655259293816,32143700
2019-02-04,161.86610412597656,161.86610412597656,159.7655618168564,159.90877498173236,26718800
2019-02-05,163.29823303222656,163.48918870370457,162.01881400744153,162.0856419364161,28156400
2019-02-06,162.811279296875,163.62284447018712,162.07608473012428,163.33641827312553,27970000
2019-02-07,160.6248321533203,161.78968085021774,159.4026982039502,161.3886695139231,42036200
2019-02-08,160.9398956298828,160.96853825256312,159.0398670034973,159.22126542414452,29020700
2019-02-11,160.78713989257812,161.91380324012394,160.38612856958278,161.5223346025623,21434100
2019-02-12,163.16458129882812,163.40327955776894,161.6751064940751,161.9615473186012,29722100
2019-02-13,163.27915954589844,164.37718033050018,163.09776109844697,163.8902265350124,26094100
2019-02-14,163.4796600341797,164.06208435195768,162.15249833550328,162.69672277432053,30326800
2019-02-15,164.16708374023438,164.75905064076144,163.40324655211333,164.72086533739756,32521700
2019-02-19,164.4917449951172,164.98824145894403,163.63243708028884,163.66107970618407,19487700
2019-02-20,164.46307373046875,165.25555356987178,163.57512334436828,164.60628683500653,32593000
2019-02-21,163.86160278320312,164.47266984270547,162.99275205179285,164.02391587740038,25207400
2019-02-22,165.07411193847656,165.18868240222002,164.12886190565104,164.21480432243928,27735400
2019-02-25,165.6756591796875,166.76412244440644,165.56107413093946,166.33446857630366,32608800
2019-02-26,165.8474884033203,166.3726272999858,164.99772348652724,165.27462152703282,21939700
2019-02-27,165.7425079345703,165.94302086834384,163.99523505362922,165.08369845515168,25162000
2019-02-28,165.360595703125,165.9525626785042,164.89274190610905,165.22692527097536,25085500
2019-03-01,166.50636291503906,166.75460386843463,165.35105688984297,166.55410548234215,31431200
2019-03-04,166.53501892089844,167.84308086997248,164.67317519838758,167.60438258326627,38063500
2019-03-05,166.65914916992188,167.17473106651846,165.83802646868477,166.65914916992188,22319900
2019-03-06,165.71385192871094,166.85005780070875,165.44651108459183,166.8214151794805,27194600
2019-03-07,163.68014526367188,165.3510328938963,163.06907837023488,165.2937476490403,39407400
2019-03-08,163.4319305419922,163.51785842304912,161.68465744890344,161.84697052500638,39303200
2019-03-11,166.83096313476562,166.94554819228236,164.08116942708895,164.10981204922217,30518400
2019-03-12,167.74761962890625,168.17727365508267,166.86921163323785,167.27022302893508,33953500
2019-03-13,169.0078887939453,169.88629652827095,168.37773654189635,168.61643477086477,42426100
2019-03-14,168.72145080566406,169.3229603937988,168.6737082494038,169.12246205408147,23751500
2019-03-15,170.28733825683594,170.79337738392996,169.26570274844815,169.38027324696452,38192000
2019-03-18,170.69288635253906,171.20942106121984,169.87026943487987,170.2146210421674,32935100
2019-03-19,171.266845703125,172.17554706017555,170.539872941083,171.3911847843938,36893300
2019-03-20,171.94593811035156,172.99812762512659,170.4920220842065,171.27636959890333,50105000
2019-03-21,174.63380432128906,174.88249703098901,171.41028616962532,171.42942086898657,42428500
2019-03-22,170.7981414794922,174.3468772560875,170.61639828777814,173.8781718982724,70794500
2019-03-25,170.472900390625,171.06594474665152,169.2389676295698,170.17637821261172,46336500
2019-03-26,171.266845703125,172.83555565918653,170.39639915673365,171.79294057157594,33248100
2019-03-27,170.16676330566406,171.90765575187245,168.923285381797,171.52504940537435,37096700
2019-03-28,170.5590057373047,171.1998796260701,169.53552536421725,170.6068351967204,30368200
2019-03-29,171.85028076171875,172.01288920247762,170.82678607544503,171.8789755103528,35205500
2019-04-01,174.12681579589844,174.33725368562102,172.91203249990662,173.61985576942988,30969500
2019-04-02,174.7868194580078,174.9590025428674,173.8781183746583,174.31812883996832,22645200
2019-04-03,175.79119873046875,176.88164306929457,175.24598385880543,175.772064031051,31633500
2019-04-04,175.72425842285156,176.47991124137732,174.7103236373424,175.83903743439978,28530800
2019-04-05,176.6329345703125,176.73815351445634,176.02075560315694,176.2311934914446,25674700
2019-04-08,177.08253479003906,177.22600855815838,175.64773872684444,176.34600205752574,22697500
2019-04-09,176.4607696533203,177.06338863142693,176.0877232848494,176.47990435299815,25631900
2019-04-10,177.40773010253906,177.46511960279116,176.499028959051,176.69033215839082,24563000
2019-04-11,176.9868927001953,177.70429079996765,176.66167573121893,177.70429079996765,20654100
2019-04-12,177.7520751953125,177.86685419161674,177.01554257953163,177.77120989319587,24989100
2019-04-15,177.78082275390625,177.98170065260715,176.59471925627292,177.76168805033893,21073000
2019-04-16,178.39295959472656,178.78514064957034,177.8477301386512,178.431214397285,27195700
2019-04-17,179.01470947265625,179.76080222936824,178.48862927932072,179.5886337142038,29651600
2019-04-18,179.2442626953125,179.62686908461552,178.19207323148194,179.31122684096454,28580900
2019-04-22,179.7511749267578,179.81813905460166,178.32593950395423,178.45986775964192,17936000
2019-04-23,182.03738403320312,182.25738204233102,179.95215378255074,180.21040660372165,33665600
2019-04-24,181.4634552001953,182.41998595122675,181.4060510949126,182.19041331659886,24977100
2019-04-25,182.19998168945312,182.90781973191847,181.21475613854287,182.82173546331504,29517500
2019-04-26,182.362548828125,182.4008182247179,180.39209817304214,181.91297828889756,26359500
2019-04-29,182.71649169921875,183.00345381779383,182.06604325741526,182.36256542825964,21716200
2019-04-30,181.30081176757812,181.59734852731626,180.02863885561794,181.2434222642415,31495300
2019-05-01,180.71731567382812,183.00343777423998,180.59297662322922,182.4869030869885,34797100
2019-05-02,179.93299865722656,181.59736740449787,178.74689528147567,180.65995676755728,44110100
2019-05-03,182.8025665283203,182.9364802306823,181.09994320021843,181.4251601065977,30386200
2019-05-06,181.68345642089844,181.932149166214,178.64168098880194,178.91908308502047,38371800
2019-05-07,178.14425659179688,180.46861884470957,176.4894482156965,179.7033914782843,58818100
2019-05-08,177.6947021484375,179.03383921429318,176.91991466065676,177.5607884418519,37165300
2019-05-09,176.7382049560547,177.3503841013917,174.17469475054813,175.7147099655291,55351700
2019-05-10,176.95822143554688,177.8095333764707,173.1607924889924,176.10690949462304,58526400
2019-05-13,170.8172607421875,173.380756111166,170.31986067227348,172.45292012875942,67185800
2019-05-14,172.6920166015625,173.73464597870762,171.0850523064176,171.71636596329495,43360600
2019-05-15,175.1311798095703,175.57119029693308,171.51549539677862,171.55376479333103,40944500
2019-05-16,176.8912353515625,177.98169448457364,174.99730843809937,175.20774638353993,39281200
2019-05-17,175.08340454101562,177.51300113148864,174.93037069394475,175.14080865360788,44702300
2019-05-20,172.12765502929688,173.3041834197822,171.54417085921125,172.64418965619058,38608300
2019-05-21,173.92599487304688,174.40426026688064,173.05554835334905,173.6103379616564,31613800
2019-05-22,173.15115356445312,174.15551349908452,172.8928862451486,172.95985038535596,24332600
2019-05-23,170.50157165527344,171.2381042703414,169.4398221539929,171.16158007437997,45351300
2019-05-24,170.41549682617188,172.03203589088756,170.20505892452258,171.41985688486199,25903300
2019-05-28,169.774658203125,171.85032830302978,169.75552350024287,170.89379749594914,24763800
2019-05-29,168.3781280517578,169.30596416425297,167.47898669775194,168.72247974913233,42178800
2019-05-30,169.08599853515625,169.56426406224912,168.1294674809705,168.8277310637845,30354800
2019-05-31,166.38848876953125,167.67023622299436,166.3119645729143,167.09632664161444,45446200
2019-06-03,162.72500610351562,166.3885206181118,161.91196372539434,165.93894999912084,75842300
2019-06-04,167.30679321289062,167.36418272131644,163.92066626076243,164.55198004444745,47797800
2019-06-05,168.5502471923828,168.93285355728332,166.79979461174338,168.90415880969064,34412700
2019-06-06,169.88941955566406,170.30072075407983,168.0911371548688,168.83722993913486,29913200
2019-06-07,173.17030334472656,173.86858123157793,170.57811344337264,170.79811140726443,45888300
2019-06-10,175.1885986328125,176.8147125620153,174.2894720003072,174.32772680776458,41385300
2019-06-11,175.4276885986328,177.34074960666806,174.83464435670098,177.0155327382214,41260300
2019-06-12,174.41380310058594,175.3129442875019,174.08858616780785,174.94945795351458,27758100
2019-06-13,175.4468231201172,175.8772589273955,174.79638938387387,175.14074094879598,23715800
2019-06-14,174.70077514648438,175.15034576546722,174.0312065423081,174.5477267239581,22844100
2019-06-17,175.75291442871094,176.24073971574342,174.892028245393,175.08333142096475,20379500
2019-06-18,178.306884765625,179.55993760149545,177.36947420516495,177.82861943312486,48177300
2019-06-19,178.97647094726562,179.3782121146909,177.50342000003965,178.54603502470292,31672900
2019-06-20,180.64080810546875,181.511239851456,179.02426906999472,181.4729850498021,40922000
2019-06-21,180.3730010986328,181.5208350194933,179.99038006134586,180.43039060535082,39980400
2019-06-24,180.37876892089844,180.9156081441759,180.28289850483958,180.7334631303271,19375200
2019-06-25,177.2823028564453,180.35956130535862,177.01388329035703,180.25410971669757,33921100
2019-06-26,178.1067352294922,179.58305744313873,177.81915329103936,178.46144399986568,22595700
2019-06-27,178.78736877441406,179.2091750948073,178.29846488183173,178.7490293942729,19709200
2019-06-28,179.01748657226562,179.41052015546782,178.37519576855777,179.21879395892046,21179200
2019-07-01,181.4332275390625,182.68906533085067,180.58962951348138,182.44940397503714,31025600
2019-07-02,182.15225219726562,182.17142920577922,180.85808936414273,181.37575157183758,18035800
2019-07-03,183.52308654785156,183.52308654785156,182.42063550813918,182.6123762995804,15792100
2019-07-05,183.1492462158203,183.48476340174122,181.55789099690168,182.2672940123617,21415600
2019-07-08,181.86463928222656,182.0180114409397,181.1168823550681,181.96049505295113,17598800
2019-07-09,182.77532958984375,183.00539511666486,180.8484430361123,181.00182980583799,19193500
2019-07-10,184.59678649902344,185.1048674750675,183.55186635038723,183.88739814714253,28374500
2019-07-11,184.4625701904297,185.34452231821808,183.8777958349888,184.87479537267646,23736100
2019-07-12,185.5266571044922,185.53623829321938,184.49131823896153,184.66388203043448,20211900
2019-07-15,186.12103271484375,186.15938672943233,185.44040254748813,185.9580647222689,15606100
2019-07-16,185.16236877441406,186.06349786685294,184.59677145137917,185.89094870162975,20190900
2019-07-17,184.2516632080078,185.48832410149578,184.2324862021248,185.16237351256254,16765100
2019-07-18,184.4625701904297,184.81726435384192,182.80411752772812,183.37929606614497,28877000
2019-07-19,183.11090087890625,185.8142886411855,182.91917467389686,185.72801404309706,29387900
2019-07-22,184.56805419921875,184.96110244421888,183.52313390396978,183.52313390396978,18954900
2019-07-23,185.77590942382812,185.7950864300593,184.33794113965416,185.57460205559488,23786700
2019-07-24,187.07968139648438,187.08927721417612,185.04735742267007,185.06653443028273,20422900
2019-07-25,185.3061981201172,186.47574692684879,184.9514892998651,186.44698872895958,23434700
2019-07-26,187.21385192871094,187.46310909208447,186.38941630753163,186.4852866977165,20431200
2019-07-29,186.5716094970703,187.1084487142245,185.39247945740863,187.04135112596603,20451700
2019-07-30,185.7663116455078,186.49487691176398,185.0089881863579,185.1431979624516,18705000
2019-07-31,183.1971435546875,186.38941989498272,181.49075589648209,186.26480593866532,41627500
2019-08-01,182.28643798828125,186.9166975597811,181.40448587386743,183.5135030716196,63251600
2019-08-02,179.60220336914062,181.17438108095857,178.5093483088253,180.91554275337256,55214000
2019-08-05,173.25601196289062,175.92104551099516,171.78928539245075,175.84435210909214,75040000
2019-08-06,175.68136596679688,176.1990427192213,173.58194464613536,174.85693026622062,41897200
2019-08-07,176.63043212890625,176.87967469115088,172.4507371932824,173.7736726548356,49990600
2019-08-08,180.47459411621094,180.532125132757,176.93720455651518,177.42610848888714,38418100
2019-08-09,178.77786254882812,180.22541245735388,177.37823322863014,179.6118797234611,33608900
2019-08-12,176.72633361816406,178.2122226918561,175.9114789544597,177.6753834616484,24642900
2019-08-13,180.59922790527344,181.8358741828538,176.40995168747628,176.57291966962129,40241900
2019-08-14,175.2020263671875,178.26010750446693,174.87609044496008,177.69451023452507,51000500
2019-08-15,175.00071716308594,175.99770192274346,173.6682006690941,175.43210465882458,36685000
2019-08-16,177.80953979492188,178.26010429072355,176.48661912627026,176.59207070247422,32781400
2019-08-19,180.63758850097656,181.02105552849608,179.7460550890651,180.37876471364373,22494100
2019-08-20,179.23794555664062,180.8388817438944,179.1900103573567,180.18700984249392,19902900
2019-08-21,180.8292999267578,181.40447843285907,180.18700921633845,180.81012292155705,20418500
2019-08-22,180.24453735351562,181.62498926257464,178.82573143155497,181.164828874375,24243700
2019-08-23,174.54061889648438,180.65676813982037,174.05170025774933,179.01749228509075,55372400
2019-08-26,177.1768798828125,177.22480045872123,175.50883133806298,176.52499329387103,27598900
2019-08-27,176.802978515625,178.71068828315927,176.11276722889778,178.41351052537289,28012800
2019-08-28,177.43572998046875,177.7329078084959,175.34588936545688,176.22784165848898,21792400
2019-08-29,180.14866638183594,180.66634315998814,178.9599406577178,179.6405854207639,25358900
2019-08-30,179.71726989746094,181.15523812219482,178.70110802575874,181.11688411131783,26319800
2019-09-03,177.9725341796875,179.43926064882555,177.37817864070257,178.51896914509211,27964200
2019-09-04,180.54176330566406,180.6951501426615,179.1708922201319,179.68856913805482,21592100
2019-09-05,183.84906005859375,184.37631808726545,182.4686079936248,182.53572020989742,33932600
2019-09-06,183.6669158935547,184.2229321238309,183.2642864773764,184.15583453502038,19487800
2019-09-09,183.28347778320312,184.31881691746875,182.35359026338415,184.24212350443727,24407600
2019-09-10,182.75621032714844,182.8520807454584,181.09775741034485,182.29606450035914,23744700
2019-09-11,184.47216796875,184.56803838099242,182.6795053564317,183.10131176586452,25063600
2019-09-12,185.23907470703125,186.65788064671688,184.98983213113684,185.60336469529784,28689900
2019-09-13,184.5775909423828,185.40202662537243,184.33792957672034,184.9706390927338,27669800
2019-09-16,183.75314331054688,184.13661024733258,183.20672303880815,183.38886800531037,20319000
2019-09-17,184.63511657714844,184.63511657714844,183.37927877034673,183.77232690924416,20953400
2019-09-18,184.5584716796875,184.63516508994803,182.24813206432015,184.25169803864532,29781300
2019-09-19,184.865234375,186.01560629627602,184.51054014478117,184.88441138489017,26039400
2019-09-20,182.90957641601562,185.31577151406995,182.29604384057143,185.12404532695058,29086100
2019-09-23,182.99029541015625,183.5378324634095,182.24104497948383,182.85581493945278,22485900
2019-09-24,180.5599822998047,184.22938537072093,179.77230071771646,183.82594406913967,40820700
2019-09-25,182.58682250976562,183.06711191620212,178.8693871942735,180.3774883087039,34704900
2019-09-26,181.9143524169922,182.50990636850176,180.5695337862343,182.34660979009638,26826000
2019-09-27,179.6570281982422,182.3466514164855,178.4274886682911,182.25058768619323,40773500
2019-09-30,181.36683654785156,181.6550130488609,180.0124172531937,180.3870423073261,26307700
2019-10-01,179.88760375976562,183.07671789190752,179.58982666405052,182.0296904723706,32367600
2019-10-02,176.79457092285156,178.69651327153443,175.80517570841278,178.6676970736205,48544300
2019-10-03,178.7349090576172,178.86938950686732,174.65244905012514,176.77532004595,39392500
2019-10-04,181.36683654785156,181.62619686448653,179.5129269525276,179.70503973411192,31887600
2019-10-07,180.81935119628906,182.26021933738292,180.50235844637618,180.84816738652944,21216000
2019-10-08,178.11048889160156,180.454303108122,177.9664079591379,179.68583726802677,32379300
2019-10-09,179.84913635253906,180.6656340671154,179.08067050186727,179.61860685742442,20147400
2019-10-10,181.2420196533203,181.96245382767165,179.7435189158329,179.8972150574395,25177700
2019-10-11,183.576171875,185.03625541160645,183.201546817407,183.30721104684432,40976700
2019-10-14,183.55699157714844,184.14294520654917,183.13433457793892,183.31684688734927,14975000
2019-10-15,185.89120483398438,186.32346234242564,184.0084640243547,184.1237287846674,23234200
2019-10-16,185.43011474609375,185.90080360842163,184.84416112452988,185.25721760723974,20457100
2019-10-17,185.92002868652344,186.83257561023527,185.2091951016722,186.54439904030806,19045200
2019-10-18,184.13333129882812,186.03527299962525,183.1919682873401,185.58379984306856,27700800
2019-10-21,185.76632690429688,185.8912068341584,184.56560344722445,185.11314037913849,15801200
2019-10-22,184.2870330810547,186.75571276681055,184.2293860458164,186.49635240867647,22392300
2019-10-23,184.6424102783203,184.68082697117026,183.61458419308187,183.9123758560473,14828400
2019-10-24,186.43873596191406,186.5540153849732,185.14196337497037,185.95844656143063,18998500
2019-10-25,187.92764282226562,188.02370656873958,185.43974715565054,185.4781638598782,21507100
2019-10-28,189.781494140625,190.03123926461393,188.8017000034522,188.8017000034522,18818700
2019-10-29,188.31187438964844,189.75274268825214,188.28305819625797,189.46458075434762,18569700
2019-10-30,189.2244110107422,189.5414037533814,187.5914154291581,188.67687409420128,21764300
2019-10-31,189.3108673095703,189.85838959119974,188.21580808904255,189.7719410189323,26801800
2019-11-01,191.0303497314453,191.0399649025371,189.83924109790485,190.12740308519818,22131900
2019-11-04,192.2118377685547,192.62487964720498,191.0303152051054,192.29828634911817,19015900
2019-11-05,192.3174285888672,192.6440217622354,191.6834432589655,192.45190899303438,15048900
2019-11-06,191.88522338867188,192.1157675863927,190.9534607432963,192.09655190559852,19725500
2019-11-07,192.52877807617188,193.76793278323902,191.97165533935913,192.84577079990376,17832400
2019-11-08,193.29725646972656,193.31647214863364,191.6738760478869,192.18299626667957,15258800
2019-11-11,193.0379180908203,193.1147514948287,192.05812363111994,192.31748400577246,10147600
2019-11-12,193.5950469970703,194.23864769842962,192.90344373827645,193.20122082433465,14778300
2019-11-13,193.64306640625,193.82557871364105,192.797767074452,192.92263234482337,15774600
2019-11-14,193.48931884765625,193.61419874209554,192.32702707896524,192.91298054610138,16945400
2019-11-15,194.91102600097656,194.91102600097656,194.0368958731109,194.66126616029058,18427900
2019-11-18,195.06475830078125,195.37213591761244,193.81600283746684,194.60366988962895,18365900
2019-11-19,195.35287475585938,195.80434789254411,194.6036245837585,195.80434789254411,16923300
2019-11-20,194.18101501464844,195.42977049193894,192.71133049866881,194.8438167879864,36629000
2019-11-21,193.74871826171875,194.10414234289703,193.14356365577174,193.96964725572263,17883600
2019-11-22,193.8736114501953,194.34430031571728,192.8265841273138,194.2290208984305,17189600
2019-11-25,196.1693572998047,196.20777399351775,194.68045758058736,194.7092737651886,17752800
2019-11-26,196.54400634765625,196.7937515304405,196.0060846264178,196.29426116487198,14780600
2019-11-27,197.91757202148438,197.92718718637255,196.81291269684718,197.0530573028347,16963100
2019-11-29,197.0147247314453,197.71594317628364,196.91866098513,197.41816608288394,9854600
2019-12-02,194.99749755859375,197.0915523195465,193.82559024304922,197.02431942492706,28007000
2019-12-03,193.47015380859375,193.54700186121127,191.37608468225164,192.3174623338657,31104100
2019-12-04,194.44992065429688,194.9110089395402,194.17135930707045,194.45953582103093,15300100
2019-12-05,194.8341522216797,195.14152974089694,193.8831741651095,195.14152974089694,14962300
2019-12-06,196.91864013671875,197.06272108366758,196.10214235129337,196.25583846621763,16555300
2019-12-09,196.02529907226562,197.48536811866012,195.93883585118544,196.56322079012332,13984100
2019-12-10,195.86199951171875,196.80337723153923,195.4201414987379,196.1213598759361,21799800
2019-12-11,196.89939880371094,197.10112676042414,195.9964525677625,196.30384475756043,18780800
2019-12-12,198.3690948486328,199.14717587945043,196.42873649840774,196.69769735204818,32612000
2019-12-13,199.0222930908203,199.71391089227794,197.84078545385813,198.26342774828933,32519400
2019-12-16,201.02032470703125,201.27006991236013,200.26145926535636,200.32870681521547,21296600
2019-12-17,201.13558959960938,201.44298184384525,200.799381164635,201.27967055330186,15996100
2019-12-18,201.28929138183594,201.84642884722805,201.07796287229863,201.30850706195827,15443300
2019-12-19,202.54763793945312,202.6148708308799,201.35651500032137,201.37573067955844,17865900
2019-12-20,203.36415100097656,204.14221750984458,202.94149396967302,203.50823196288925,27672600
2019-12-23,203.90126037597656,204.2285616489013,203.72798841585538,204.08416834880032,23774700
2019-12-24,204.00717163085938,204.17082228171165,203.5450983408621,204.0841862940331,7089000
2019-12-26,205.80734252929688,205.82659986726267,204.30559332695384,204.33447198938006,17067500
2019-12-27,205.63412475585938,206.54865024817872,205.08540064703845,206.52939290513706,18134100
2019-12-30,204.28639221191406,205.6533697045094,203.2755947543544,205.52821901585452,21815500
2019-12-31,204.67140197753906,204.81579528450203,203.3140461359092,203.6317261002722,18170900
2020-01-02,208.08888244628906,208.08888244628906,205.99027304980757,206.39458905704603,30969400
2020-01-03,206.1828155517578,207.42465700741818,205.31642615077655,205.33568349207874,27518900
2020-01-06,207.51119995117188,207.54007860565076,204.3151731135003,204.56545968199765,21655300
2020-01-07,207.4823760986328,208.06960004320752,206.82777350549108,207.58826942270514,22139300
2020-01-08,209.04188537597656,209.99492530524427,207.12619888200487,207.45350018290873,26397300
2020-01-09,210.81321716308594,211.21753317284433,209.58101179361842,210.7650811571285,23547000
2020-01-10,210.2740936279297,211.66032820349986,209.8986563211332,211.64108555426068,21898500
2020-01-13,212.7000274658203,212.7289061318919,210.80358338553634,211.1405207417673,22756900
2020-01-14,211.8624725341797,212.95028435922745,211.5351712610119,212.59408973697424,24418100
2020-01-15,211.9490966796875,212.9406364565359,211.25597949930219,211.97797533811664,25742100
2020-01-16,213.98040771484375,214.01892240263155,212.5556727367341,213.00812483941917,18805000
2020-01-17,215.039306640625,215.21257864059965,213.82634388461395,214.94303462571878,24325200
2020-01-21,214.94302368164062,215.48211168395406,214.34617834894308,214.44243566990113,21146300
2020-01-22,215.51101684570312,216.7432223422152,215.24147281140662,216.0308622611665,20736400
2020-01-23,216.20407104492188,216.30034303860805,214.3846420009869,215.38581785476504,26496100
2020-01-24,214.38465881347656,217.44592924643237,213.39311889473478,217.21488525689296,37436500
2020-01-27,209.95645141601562,211.0923847858952,209.07079002611857,209.54249938714563,42264400
2020-01-28,213.18133544921875,213.67230209824288,210.88057559990997,211.43892089957654,26731900
2020-01-29,213.52792358398438,214.6060996555299,212.58451952138205,214.36543430462797,28924500
2020-01-30,214.28839111328125,214.384648420806,211.4870434682269,212.15128205303816,39568100
2020-01-31,210.89024353027344,215.21258388868912,210.13935411159767,215.18370522132247,52015800
2020-02-03,214.07662963867188,214.56758162518346,211.7758696650221,211.92026298780607,25408600
2020-02-04,218.9765625,219.3519998115752,216.26185064011347,217.00310393852186,30691200
2020-02-05,219.69857788085938,221.6527792765561,218.37973651139174,221.6142792851392,38534800
2020-02-06,221.5950164794922,221.65277380971636,219.467528452275,220.24728178839402,22467100
2020-02-07,220.6419219970703,221.8356270535343,220.00656214335356,220.6034220161069,25884900
2020-02-10,223.30856323242188,223.3181845582399,219.85261237668485,219.91036970968705,21478900
2020-02-11,223.3470458984375,225.2820045381875,222.75982191005775,224.54075121438615,30198000
2020-02-12,225.52267456054688,225.62856789472264,224.10756122612838,224.665906561869,24471300
2020-02-13,225.23387145996094,226.15801810640116,223.68398613863585,223.9535301346014,22773200
2020-02-14,225.87881469726562,226.09060132824771,224.82951755497305,225.5900134105588,23438500
2020-02-18,225.9654541015625,226.38902736994686,224.54071967166917,224.7813849660654,24394500
2020-02-19,228.13150024414062,228.60320963015948,227.04370282310782,227.31324684681928,22230500
2020-02-20,226.0136260986328,228.10259942404699,223.22191411457885,227.630904772885,42604000
2020-02-21,221.67201232910156,225.2723560384982,220.7574870704223,224.8872974103317,66017200
2020-02-24,213.12359619140625,215.87680824645918,212.0357841628467,213.40276152038396,84522600
2020-02-25,207.328369140625,215.6265199218146,206.7219024819188,214.91414523856622,97743000
2020-02-26,208.39691162109375,212.0550274551949,206.8759050225816,208.61833429356105,79537700
2020-02-27,197.96165466308594,208.33914154282516,197.82688267850665,203.02524744261598,121822600
2020-02-28,198.11569213867188,199.4345333769781,190.77058195419983,191.22303392584632,148173700
2020-03-02,208.3391876220703,208.4835956518733,198.2504998176567,201.0807268088395,112933900
2020-03-03,201.6583251953125,211.41009080803136,199.86777423294944,209.00343707845994,131953500
2020-03-04,210.07196044921875,210.17785378501702,203.47772434251434,205.35492572157884,73086200
2020-03-05,203.68951416015625,208.2814129720825,202.2551581310623,204.74844753449452,78705500
2020-03-06,200.25277709960938,201.3405742136218,195.33357802170093,197.02785636241438,89828400
2020-03-09,186.34237670898438,193.6489733060806,184.93688458324715,186.25572601816444,116424000
2020-03-10,196.4888153076172,196.67172332048196,186.44824945300695,193.60083116102874,100599200
2020-03-11,187.9307098388672,193.2542247938047,185.53367830056715,191.90650506687496,89168800
2020-03-12,170.69911193847656,183.65652505137072,170.33329593718474,175.29099584868476,137820700
2020-03-13,185.15829467773438,187.21838953654162,171.47888407514031,180.08507955180866,134882000
2020-03-16,162.9785614013672,177.78428224075182,162.8437894066201,167.6474599036412,92054400
2020-03-17,175.33914184570312,177.5051299343978,163.44064669091188,168.918192252125,121257100
2020-03-18,170.0059814453125,172.5281492023074,160.5718983230018,165.202296553107,114156300
2020-03-19,171.02639770507812,176.63871444056375,165.22155166133624,169.12995390621245,120896500
2020-03-20,164.3262939453125,176.04188112854132,163.7487059331409,174.9540837622137,118983900
2020-03-23,164.44497680664062,168.0626503883391,159.1101006221059,164.8887365225988,124639800
2020-03-24,177.17916870117188,177.34316812213382,171.67065175317936,173.56149544961423,94881800
2020-03-25,175.8671417236328,182.82271258391634,173.6290010211754,177.91232809492413,88754900
2020-03-26,185.12838745117188,185.91945904293365,177.13092451289438,177.38174455107878,79887600
2020-03-27,178.7612762451172,183.78742144963604,178.14386067142345,180.33374802416697,58845000
2020-03-30,185.263427734375,185.69756024276714,179.76456807167224,180.45916242068188,49356900
2020-03-31,183.6813201904297,188.36018338676848,182.52366771803807,184.95474821430534,62659300
2020-04-01,175.87684631347656,181.0380673866202,174.47801523544402,178.25004706241458,53715400
2020-04-02,179.4462127685547,183.39189909121444,174.584067000671,174.84454356405624,56465300
2020-04-03,176.8993682861328,180.46881715728819,174.8927640447332,179.00244968850615,47487600
2020-04-06,189.5467529296875,190.67546505651794,182.5140036100985,183.75847655393267,64763500
2020-04-07,189.4695587158203,195.50866933043082,189.08367954366585,195.22889441832402,69904500
2020-04-08,193.49246215820312,194.07128103230755,189.24771681302164,191.15784412216092,45940400
2020-04-09,193.77220153808594,196.04892419321612,192.0067754575091,195.20962881995843,68252600
2020-04-13,195.86561584472656,196.24185320418985,191.73664671818415,192.94253757804694,42853900
2020-04-14,204.38404846191406,205.0014640471716,199.13600862705067,199.9174236171041,63959600
2020-04-15,202.0397491455078,204.35506817638338,199.8112654345451,201.12327513593752,47036000
2020-04-16,205.72499084472656,206.80546439797175,202.29061586161308,204.220041332607,64657400
2020-04-17,207.6930389404297,208.8699898853912,204.59631869764576,208.54199102410055,62863200
2020-04-20,205.2329864501953,208.2621837593495,205.06898705655595,205.8311036176268,38249100
2020-04-21,197.66001892089844,203.70877272450335,196.44448600663557,203.16853587371983,72932800
2020-04-22,203.52548217773438,204.85679069343286,200.97864070445294,201.72147376092897,40089100
2020-04-23,203.09136962890625,206.8730425384486,202.68619196577862,204.31654444823826,43278500
2020-04-24,206.29415893554688,206.73793325170422,202.10730937680577,203.52543821449993,34231900
2020-04-27,207.95343017578125,208.9856796464838,206.93083725137927,208.56120377891807,36451700
2020-04-28,204.03675842285156,209.6513940182693,203.7569981861285,209.6513940182693,46862800
2020-04-29,211.27207946777344,212.2078519562859,207.54828788925357,208.56123915953842,48716400
2020-04-30,211.18528747558594,212.27540295501447,209.68033782796115,212.188582333886,43359500
2020-05-01,205.2329864501953,209.02430032042034,204.21037861636245,206.93087551406245,48795000
2020-05-04,207.62550354003906,207.84738337681773,203.67017491383618,203.99818847470257,32841000
2020-05-05,209.97935485839844,212.37183806228848,209.19793998231296,209.767116901888,37783100
2020-05-06,211.27207946777344,213.24008688175323,210.41348576103337,211.65795865628792,36455200
2020-05-07,213.9926300048828,214.8705075870246,212.64202306558187,213.9926300048828,38624800
2020-05-08,216.92532348632812,217.0603826911887,214.62930228334957,215.66155205791532,31852300
2020-05-11,218.8644256591797,219.8870190468241,215.37216943638995,215.6037058473167,35714100
2020-05-12,214.281982421875,220.0509750259804,214.25304221820454,219.4624996841017,41054100
2020-05-13,211.60008239746094,216.68412250371614,209.06289797857121,214.80293566222824,65521200
2020-05-14,214.00222778320312,214.04080981565204,208.36830894337834,210.2784360370854,51549300
2020-05-15,215.3914337158203,215.44931412930026,210.6257500679816,211.05986788943042,55747200
2020-05-18,219.40460205078125,220.6104929244377,217.5137734042826,218.29518833515635,42398100
2020-05-19,218.85476684570312,221.73926368654432,218.7100658003225,219.6651221405356,36237300
2020-05-20,223.2249298095703,223.5818688919936,221.3823245347744,221.40162291555043,37417000
2020-05-21,220.7938232421875,223.94843835442734,220.282526614009,223.27314230969628,43642900
2020-05-22,221.55592346191406,221.75850488665964,219.47214048530205,220.3886146113909,28762400
2020-05-26,220.95782470703125,225.32798746064842,220.71664649450943,225.12539128517614,33055300
2020-05-27,222.16368103027344,222.2794565640182,216.03776422232875,220.6201495437032,55665600
2020-05-28,221.87429809570312,225.2314944563368,220.96746572510492,221.02534613678586,42784300
2020-05-29,225.12539672851562,225.35693311746087,220.68771162267484,222.2505564874424,50691800
2020-06-01,225.80064392089844,226.17688127127835,223.81333818707904,224.2571124897475,25776000
2020-06-02,227.31527709960938,227.37315751116316,223.823006825593,226.22514694751698,33383400
2020-06-03,228.337890625,229.09036548290538,227.04517891735227,227.9230564380085,37228700
2020-06-04,226.73643493652344,229.39903680936783,225.43406684460547,227.9905644471948,38716100
2020-06-05,231.23199462890625,231.82046997798105,227.31526333390107,227.88444030684366,47365600
2020-06-08,233.02635192871094,233.15175456788324,229.5147983452868,231.08727001148026,32937300
2020-06-09,234.71461486816406,235.56355207778137,231.98447602097755,232.16777379861546,35046300
2020-06-10,237.53160095214844,239.0751474122941,235.88193548886338,236.4028886753113,58084400
2020-06-11,225.76210021972656,234.9943943327635,225.70421980527954,233.6148620539446,72919400
2020-06-12,227.55645751953125,231.91694872983695,223.56254715943328,230.65317733072695,72034800
2020-06-15,230.32522583007812,231.0005219774467,223.30211645674098,224.23788923250598,45307400
2020-06-16,234.28048706054688,235.76613815413336,230.66281440501248,235.1776628133525,48890100
2020-06-17,235.02333068847656,236.83699548662523,234.16473687410073,235.7758055046554,34749300
2020-06-18,235.66006469726562,235.9012429208972,233.93323509301771,234.70499363235834,30578600
2020-06-19,235.6214141845703,238.28401570035896,233.8945703618094,238.0235391728357,49422100
2020-06-22,238.4471893310547,238.57281006462253,235.20011676944222,235.49002211302061,24068700
2020-06-23,240.47659301757812,242.70895256967864,239.49088538804534,240.04172026973157,32767400
2020-06-24,235.51905822753906,240.9501686488579,234.02114985716833,239.72284846521796,46032400
2020-06-25,237.76107788085938,238.06065660718292,233.03542844181464,235.6060309740591,36940800
2020-06-26,232.1462860107422,237.69337180771143,231.62442697535528,237.51941388060038,52824600
2020-06-29,234.67825317382812,234.68792651572807,229.37277904446836,231.90471730298324,34377800
2020-06-30,239.2782745361328,239.8194508134417,234.42699048577506,234.6106070254222,38909200
2020-07-01,242.0711669921875,243.06654804946376,238.775771775483,239.31694810806633,34689200
2020-07-02,243.71401977539062,245.72411376198428,243.25015646954552,244.51612565075843,31956500
2020-07-06,249.70562744140625,250.22745701870588,246.84509064810896,246.86442258480614,34589000
2020-07-07,247.9854278564453,252.11193376369474,247.6858491900228,249.45436014795675,36578200
2020-07-08,251.25184631347656,251.2808368476071,247.87915304473862,249.30942154293714,30426300
2020-07-09,253.3682098388672,254.0350215264384,248.97114563069627,253.16527612713887,40312900
2020-07-10,255.09815979003906,255.34943081489664,250.54646775207652,253.22335943203498,32885300
2020-07-13,249.85060119628906,260.72249401967724,249.02916339569816,257.93928473818636,64108100
2020-07-14,251.61904907226562,252.02494599305538,244.26481796681819,247.32827358685552,72230500
2020-07-15,252.13124084472656,253.8610878593374,248.83584615432338,253.02997680795647,54523900
2020-07-16,250.41110229492188,251.04892356561442,247.02873553609317,249.3480668437676,47594100
2020-07-17,250.70103454589844,251.56110674845436,248.5266559377291,250.86530441416426,35137900
2020-07-20,257.8135986328125,258.44174641866147,250.09214970564088,251.3387719370994,40610100
2020-07-21,255.12709045410156,259.3888760723057,254.28633544289957,259.3792027299571,43243800
2020-07-22,256.0257568359375,256.9535126919128,253.72574336731898,255.6198894543515,29865500
2020-07-23,249.33839416503906,256.3253778156358,247.92744296032234,255.61993170517167,51363500
2020-07-24,246.9707489013672,248.2946991412925,242.8732627003901,245.50183124176013,54054500
2020-07-27,251.3774871826172,251.76403747661257,247.83085063304088,248.61362456324807,36445700
2020-07-28,248.1787109375,251.11654594816994,247.88880562048064,250.59468688564115,31302400
2020-07-29,251.03921508789062,251.89931667086722,249.24174316088272,249.71526500343768,27556900
2020-07-30,252.353515625,252.91400904892578,247.9274313273976,249.0774381978297,41774500
2020-07-31,256.8569030761719,257.01152907342157,252.0829323192016,256.9728652011358,53686300
2020-08-03,260.3263244628906,261.0704346647343,258.8670651078422,258.992700614158,32081600
2020-08-04,261.2926940917969,261.3893390497868,259.07965136899935,259.8237615109109,24911300
2020-08-05,261.9400329589844,262.3942374997932,260.8866712562334,261.77576315232864,21612100
2020-08-06,265.4095153808594,265.73808462954054,261.10906562731947,261.74688693072375,28048200
2020-08-07,262.3460998535156,265.6414958722945,260.2007111943539,264.86836557193124,44969400
2020-08-10,261.2250061035156,262.8388911680453,257.70736012153776,262.6359279347779,35088400
2020-08-11,256.27703857421875,261.3505875018859,255.7358623812855,260.06527192475147,43104300
2020-08-12,262.7229309082031,263.6700043008446,258.38384660861874,258.43218383312404,38773400
2020-08-13,263.3220520019531,265.59304572073495,262.38465218698923,263.4959951861173,31895700
2020-08-14,263.012939453125,264.211254679638,261.621334258248,263.9406664190735,30799500
2020-08-17,266.0665283203125,266.5690405531756,263.0513959393634,264.72323193070935,24803000
2020-08-18,268.6275634765625,269.1010853753625,265.67041096082534,267.1296700261357,23529500
2020-08-19,266.8203125,269.6421550764556,266.3081269266915,268.5887934065149,31999400
2020-08-20,270.5216369628906,271.00483212604024,265.62203093049936,266.02792784397764,27723400
2020-08-21,272.3964538574219,272.8506585193085,270.06744948407925,270.7149440202601,34748900
2020-08-24,274.0973205566406,276.38766114180476,271.8166238212234,275.6628683241252,36418500
2020-08-25,276.2523498535156,276.445639733258,272.87965674284396,273.32418807597753,34866600
2020-08-26,282.1473083496094,282.39857926912845,276.2233309949189,277.49897328985776,42216700
2020-08-27,281.2679443359375,283.97385544173255,279.00659409605953,283.12342707967974,49482700
2020-08-28,282.6981506347656,283.3262984255112,281.15192027085186,282.5048607798172,28021000
2020-08-31,284.96917724609375,286.77632239386634,282.7851257240713,283.2200131571455,36321000
2020-09-01,289.8398132324219,289.9557753583132,285.8486162789322,287.61709768256185,36216200
2020-09-02,292.5843505859375,293.29947000455604,286.911643973745,293.08686294876503,50836800
2020-09-03,277.750244140625,288.58347132057634,274.8510731938772,288.08095897355446,110083300
2020-09-04,274.0489807128906,279.2191753278148,262.6649028120239,275.9624443503017,123959000
2020-09-08,260.8771057128906,268.86914387034597,260.5968442333201,263.0708013495206,99568600
2020-09-09,268.5406494140625,270.63770069400806,263.8246581324051,266.3759437078211,64837900
2020-09-10,263.1867370605469,272.71536098233287,261.46656346506194,271.4976997377912,69667500
2020-09-11,261.36029052734375,265.9699620309678,257.9295869771747,264.93591724449493,71809000
2020-09-14,265.91204833984375,267.90281067117957,263.7859771646786,265.1389181434649,38525200
2020-09-15,269.68096923828125,271.0242663819979,265.88306110678167,269.6519786988004,41849900
2020-09-16,265.3804626464844,270.93720763616034,265.03257624671886,270.47335910313967,42321000
2020-09-17,261.23468017578125,265.1775403357728,257.71700469207485,258.5577596862858,81570800
2020-09-18,257.900634765625,262.94519448731836,253.8031483757999,262.6552891264905,86251100
2020-09-21,258.51904296875,258.65432225632617,251.3677321406247,253.64842827014834,57168600
2020-09-22,263.3220520019531,263.9018626158336,257.5816909893936,260.91571998677773,41128900
2020-09-23,255.28176879882812,263.1868375832227,254.40234972986931,263.0032209923465,48837300
2020-09-24,256.47039794921875,259.6691482570932,252.4405364463986,252.60483581359787,70631700
2020-09-25,262.4329528808594,263.24471721044983,255.41694972183095,256.9728534724651,55242400
2020-09-28,267.8834228515625,267.8834228515625,262.53928527534697,267.28423604787406,58438300
2020-09-29,266.67547607421875,268.3763033367359,266.11495305655995,267.322941207844,27050000
2020-09-30,268.5019226074219,271.64269161107853,266.5981322162988,266.8687203661687,49380800
2020-10-01,272.7637634277344,273.37259426144135,270.4347584011566,272.3192319824493,50020200
2020-10-02,265.090576171875,272.7540457725868,264.24982115406823,266.74309567211236,75497400
2020-10-05,270.7440185546875,271.0629145051317,266.9461102307899,267.05239905030356,28184600
2020-10-06,265.91204833984375,271.73938263824925,265.03262933065736,270.05787238546503,49704200
2020-10-07,270.51202392578125,271.3044416697659,267.96073901764834,268.5502525196212,27539700
2020-10-08,271.95196533203125,272.9763369448217,270.88892983991883,272.90868252898304,25443300
2020-10-09,276.107421875,276.18474963056843,273.2082503710338,273.59480067318304,30201100
2020-10-12,284.6309509277344,287.46246759827847,279.7410180761956,280.7847066862767,79370700
2020-10-13,284.6212463378906,287.06621249522465,283.2586325438505,286.42842088191145,64240000
2020-10-14,282.2439270019531,286.389749328572,280.50443639218156,285.42335910272357,36949100
2020-10-15,280.3498229980469,280.9393069061614,276.90947599898783,277.5472971156975,42514200
2020-10-16,278.8133544921875,283.41335357901045,278.4654385490732,281.9927582527519,40570700
2020-10-19,274.2614440917969,281.68334099901523,273.2854103392015,280.7265949356236,36756800
2020-10-20,274.8510437011719,277.9531480235931,273.440122249549,274.99599633457683,32195400
2020-10-21,274.6383972167969,277.6632028641159,274.1552021802765,275.10227506893483,29306100
2020-10-22,274.6289367675781,276.36845794263724,271.38187776118633,275.46969206416503,32196200
2020-10-23,275.16998291015625,275.33428224853037,272.309475689384,275.1989734414113,24658500
2020-10-26,271.04351806640625,275.71117074606025,267.4582179216346,272.88932727895894,38421100
2020-10-27,273.159912109375,273.9813498420594,270.78259999958595,272.03889571411895,30559100
2020-10-28,262.5102844238281,269.2750167602809,262.25901349964,268.66618613129737,53413500
2020-10-29,267.10064697265625,270.09643350878184,263.3606914892373,263.82456948123104,43246300
2020-10-30,260.3263244628906,265.9893596560271,258.09396436545666,265.1196139478676,65838300
2020-11-02,260.9061279296875,264.3271291982488,257.9972829744233,262.71327351609733,39987400
2020-11-03,265.4190979003906,267.5161778902707,261.73715310709935,262.81950555662746,43604100
2020-11-04,277.26702880859375,279.06450050868335,272.39641371471873,274.0586061162536,75728200
2020-11-05,284.4957275390625,285.4621180869172,282.1860399735782,283.6646163321199,52054200
2020-11-06,284.7082214355469,285.4330141333295,280.08887715468785,283.8384760965858,40959800
2020-11-09,278.8906555175781,289.0860938892739,278.43645076273805,287.64615186245305,86537100
2020-11-10,273.8943786621094,277.0254741037576,271.18846786161714,275.58556185295663,69024900
2020-11-11,280.0212707519531,280.4947925750533,273.85569574340076,276.41662421306324,36102900
2020-11-12,278.70703125,282.2536975771103,277.5956880057979,280.9877283044776,34414600
2020-11-13,281.1519470214844,281.77045102265487,278.1947948091362,280.41751038496193,24806900
2020-11-16,283.345703125,283.64528181718896,280.2435684216537,280.8523991483272,30168400
2020-11-17,282.44696044921875,283.86755576263226,281.80913913585965,283.538986508823,21843500
2020-11-18,280.3595275878906,283.5099699855039,280.2725559838451,281.89611440171944,28069600
2020-11-19,282.55322265625,282.8624746544085,279.1418658110282,279.808677529354,22718400
2020-11-20,280.620361328125,283.21995305065286,280.53338975834606,282.4758138005131,25907300
2020-11-23,280.6302185058594,282.91088647469917,278.38818493208476,281.6159264343047,26875600
2020-11-24,284.572998046875,285.06586661561016,279.89567179055075,281.69314387810886,24516800
2020-11-25,286.3221130371094,286.9599341655216,284.6889110928169,285.6359841911062,23326800
2020-11-27,288.9604797363281,290.0814964372799,287.8877707714569,288.28399447978575,17163100
2020-11-30,289.5498046875,289.8880471298068,284.87248001904345,289.2792166320318,27836200
2020-12-01,293.2608642578125,294.8844227746876,290.7192524254335,291.82095179431667,27521300
2020-12-02,293.6378479003906,293.9760905758024,290.2554801300861,292.0916167355844,23620000
2020-12-03,294.0532531738281,295.59948362513694,293.3284604146421,293.94696439192273,22828700
2020-12-04,295.2515869140625,295.3965690688171,293.42512437823916,294.10157996888324,19332100
2020-12-07,296.923583984375,297.29081722029446,295.2517172231288,295.43533384108855,20851000
2020-12-08,297.928466796875,298.22804542343675,294.700726810258,296.44989085252814,18341500
2020-12-09,291.18310546875,297.9961463758119,290.1200700704839,297.7159143781888,48839300
2020-12-10,292.3524169921875,293.4734334097907,288.0713145425778,289.1536670859478,27519500
2020-12-11,291.7049865722656,291.83062205952194,288.438581871194,290.6999321661132,26760400
2020-12-14,293.82135009765625,295.7637747777363,292.8259691496675,292.8935940648919,28804800
2020-12-15,296.9621887207031,296.9621887207031,293.8890440644409,296.07309635337845,25709000
2020-12-16,298.5953369140625,299.37811083246515,296.3146400776585,297.35835829679314,25461900
2020-12-17,300.54742431640625,300.77934858265223,298.9915498771804,300.18986457531184,23730500
2020-12-18,299.6390380859375,301.49452083485187,297.2713695482542,301.18526879471654,41173400
2020-12-21,299.0784606933594,299.6109270127023,293.92793779990836,296.6968099330535,37095500
2020-12-22,299.8916931152344,300.81141034243274,297.07439618312935,299.97882235494683,26176300
2020-12-23,298.3813781738281,300.2982804373687,298.2264719073709,299.9400726222767,21201300
2020-12-24,299.69805908203125,300.14339616488587,298.56534939699964,298.6427877632281,16785000
2020-12-28,302.7186279296875,303.19303759184373,300.4725314399049,302.30233396818903,22497700
2020-12-29,302.9897155761719,304.66461189200476,302.08935059656926,304.04498682302057,25871900
2020-12-30,302.99945068359375,304.4710161192308,302.37982552415474,304.1515422088258,18138100
2020-12-31,303.74493408203125,304.22900519750357,301.828031373789,302.90265506836647,21611400
2021-01-04,299.4560241699219,305.2455244401776,295.4575926553533,305.071236411445,45305900
2021-01-05,301.9247741699219,302.19588231521544,298.4685294069981,298.4685294069981,29323400
2021-01-06,297.7424621582031,301.9441957847156,296.2321626812209,297.21965709452303,52809600
2021-01-07,304.9454345703125,305.7780226635541,300.36611142141976,300.39515450501295,30394800
2021-01-08,308.8663635253906,309.21491003430316,305.042190529325,307.2302010628528,33955800
2021-01-11,304.4032897949219,307.08503310784016,303.75462150760245,305.9135892944069,32746400
2021-01-12,303.91912841796875,305.52621802584207,301.2857811800355,304.44190378881314,29266800
2021-01-13,305.9716491699219,306.76550326758513,303.58033691034495,304.180580307871,22898400
2021-01-14,304.33544921875,307.4141337446142,303.861039539168,306.41694864804754,23500100
2021-01-15,301.9247741699219,305.08092679773813,300.68555349227927,304.12247559532705,35118700
2021-01-19,306.329833984375,306.83325722127717,303.14463832144224,304.23864358090657,24537000
2021-01-20,313.4552917480469,314.39439057112713,306.4266016578569,309.94096147562493,30728100
2021-01-21,315.962890625,316.70837906675666,313.4167013248198,314.7914467748411,25130600
2021-01-22,315.052734375,316.0595806281034,314.36533238765617,314.9268712070259,21609400
2021-01-25,317.65704345703125,319.7966584555106,311.1705100697358,318.4315747501509,39080600
2021-01-26,318.1217956542969,319.25453486339853,316.7954457605857,318.3735220441752,25498100
2021-01-27,309.253662109375,315.87575134585563,307.24960062396013,315.8660900145018,55264000
2021-01-28,311.0834655761719,316.0209968128758,309.8345538382475,310.45417904152515,42836300
2021-01-29,304.5387268066406,310.5024847127412,302.79608312978183,309.3987887174759,55259000
2021-02-01,312.1484375,313.2327520936289,305.952303458652,307.97571721736244,35646000
2021-02-02,317.2408142089844,318.3929057368792,314.94632202925646,315.1109191955359,33930800
2021-02-03,315.9822082519531,319.68051798841714,315.92412209235215,319.31261928071063,24824500
2021-02-04,319.7192077636719,319.8063369990852,316.0596321495655,317.3763206460709,22350900
2021-02-05,320.8035583496094,321.81043442600395,319.03187127190756,320.6680338165414,22732000
2021-02-08,322.9528503417969,323.1077566336111,320.85199838952866,322.48816101170837,20462800
2021-02-09,322.88507080078125,324.14364367200585,322.0137193026321,322.0234101778319,17597500
2021-02-10,322.1492614746094,324.7729181112913,319.00279986741936,324.31789017397597,28068700
2021-02-11,323.92095947265625,324.32759214036884,321.5393382627716,323.6789239561336,22046100
2021-02-12,325.7314147949219,325.89598240320623,322.033104956612,323.07868540357345,20346800
2021-02-16,324.8504638671875,327.4160349603375,323.6886813310575,326.52533107659025,27080800
2021-02-17,323.29168701171875,324.9665834947725,319.6514927767243,321.8782078068329,31360300
2021-02-18,321.87823486328125,323.2336280192509,317.8991551016132,319.7096058137298,32236200
2021-02-19,320.47442626953125,323.34980983793963,319.45788875907965,323.2239466223806,39157700
2021-02-22,312.16766357421875,317.3568897599286,311.96436205639856,316.09831716058187,47256900
2021-02-23,311.23834228515625,312.9035479289462,301.09220213632534,306.9010549106596,97241900
2021-02-24,313.8039245605469,314.1137371441251,305.8941900752673,308.5856241112255,58206300
2021-02-25,302.8638610839844,313.70706373976833,301.3245187872966,311.1511841201916,110182600
2021-02-26,304.1321716308594,308.9438094751332,300.97601894949236,305.7876863391182,104739800
2021-03-01,313.2811279296875,313.6199836054889,307.81113046153894,309.0987465751583,49164500
2021-03-02,308.2564697265625,313.99754586595145,308.0047728460935,313.9201074901199,48370000
2021-03-03,299.3108825683594,308.10160181554886,299.25279639291,307.16250258530573,86301100
2021-03-04,294.4120788574219,302.09913107047475,290.54917099589784,298.9429777231235,139131600
2021-03-05,298.8461608886719,299.7465261452686,287.97394166626935,297.0260486202665,121523700
2021-03-08,290.3845520019531,300.18214560216165,289.9682579781333,298.30394751172685,88409800
2021-03-09,301.8375549316406,303.73513411079927,297.1420908910869,297.67455705692,80391100
2021-03-10,300.97601318359375,306.38792384064425,300.2886405826303,306.08780216084256,76798100
2021-03-11,307.9079284667969,309.6699246727276,304.8195527368651,305.71022694287797,53484800
2021-03-12,305.4100646972656,308.09183692565364,301.46974924205045,303.8610316001151,69315600
2021-03-15,308.6726989746094,308.8372961135576,304.0934062516041,305.729568585238,42955700
2021-03-16,310.3669738769531,313.8716730118941,308.9341425127925,310.8607357904687,54925900
2021-03-17,311.6449890136719,313.53287824746974,305.62314294705027,307.33677366413497,78258700
2021-03-18,302.09906005859375,307.75300620687557,301.6440321034834,306.7751732608116,82718100
2021-03-19,303.1640625,304.7034050515938,299.7949170097811,301.9345029977423,78446200
2021-03-22,308.849365234375,310.914117396103,305.5535301852278,305.5535301852278,56194800
2021-03-23,307.5019226074219,311.25335988892084,306.68765967352556,309.9350378767081,53455400
2021-03-24,302.3157958984375,308.9074942979724,302.17039709475154,308.8687114227675,64803700
2021-03-25,301.79241943359375,303.3046561849449,297.9731482079596,300.4740971153322,78729000
2021-03-26,306.3193054199219,306.6391828174355,300.183238678992,301.5790969053566,63519600
2021-03-29,306.2320556640625,307.2789566937248,302.8974381878525,305.78615611278667,54608000
2021-03-30,304.6907653808594,305.2626870898659,301.9959322932917,304.2739455970751,44635700
2021-03-31,309.3534851074219,310.91414869861455,306.13518591707657,306.4744696142369,55032500
2021-04-01,314.6268005371094,314.76249625213046,312.92070869566726,313.17275305842713,55685600
2021-04-05,320.9081726074219,321.6739790047738,316.8659383683459,317.10827954372763,42172500
2021-04-06,320.6852722167969,322.6336753606198,319.90976262240673,320.5980329341779,33537200
2021-04-07,321.460693359375,322.2943623228412,319.2796229453217,320.2102047055061,32046400
2021-04-08,324.8147888183594,324.99897052229124,323.51584335771946,324.31072970282855,29940800
2021-04-09,326.7825927734375,326.98618070540704,322.72098098970895,323.4576782099701,36664900
2021-04-12,326.3560485839844,326.7728683332673,324.47547857249293,325.74534404855524,25833000
2021-04-13,330.165771484375,330.6310478170892,327.66479286533104,327.87805437871714,30374000
2021-04-14,326.2010192871094,330.53408193634095,325.38675625282934,330.4080597555586,42564300
2021-04-15,331.1446838378906,331.53245341080236,325.91982312701936,329.0702586196048,36342800
2021-04-16,331.53253173828125,331.7457932207016,329.66163481322775,331.6682274547277,40860100
2021-04-19,328.4982604980469,331.1155270100343,326.5789080564629,329.9620104219009,34533100
2021-04-20,326.1040344238281,329.11874492322863,324.13622495146456,327.8392057974429,38081800
2021-04-21,328.8958435058594,329.08002521372185,323.7388148510512,324.824498866238,36598100
2021-04-22,324.9311218261719,329.4871190436578,323.7775752444874,328.50808062439205,45936100
2021-04-23,329.0218200683594,330.33043890861984,325.5611805627224,325.5611805627224,36381900
2021-04-26,331.16412353515625,331.4452476291295,328.5177468041697,329.264176683064,30812000
2021-04-27,329.7294616699219,331.6681914514092,328.77950300990113,331.45492999213883,33187200
2021-04-28,328.6146545410156,330.40798526846567,327.9651671336623,329.3998376321553,33615700
2021-04-29,329.7972717285156,332.29821973150337,326.57897370453867,331.8813999947828,37708900
2021-04-30,327.63568115234375,329.83615873108647,326.72447564604624,327.35458658962574,38263400
2021-05-03,325.8907470703125,329.5840245077419,325.4448475555954,328.8376242784692,29729700
2021-05-04,320.0261535644531,323.66127206756664,316.21652689036085,323.34136507299735,65147000
2021-05-05,318.9501037597656,322.93420853069864,318.17462374116377,322.0714596460376,46219300
2021-05-06,321.3541259765625,321.50922789045813,316.449142582441,318.6883728457284,46814300
2021-05-07,323.96173095703125,326.33665698916013,321.52861582031727,324.12650640824586,53324500
2021-05-10,315.7802429199219,322.75965076237094,315.57665504063726,322.5851722224087,60700500
2021-05-11,315.3440246582031,316.1389108031387,309.2467124803538,309.905902951794,71963600
2021-05-12,307.1820373535156,312.7364789358394,306.31928844902643,310.4197123587213,91164900
2021-05-13,309.5569763183594,312.52323047581723,307.19172365150604,310.1192245133992,69877800
2021-05-14,316.3909912109375,317.30216690670983,312.2130017076869,312.7170903364963,44370000
2021-05-17,314.47174072265625,316.3716880662096,311.6024282634384,314.6850022314095,39395000
2021-05-18,312.3487854003906,316.64306516691926,312.07736438898337,315.4216854069224,36528500
2021-05-19,312.7074890136719,313.0079898328191,306.6101741549159,306.9591609794364,66319100
2021-05-20,318.7562561035156,319.6093019729697,313.9676205775707,314.190555577994,46466100
2021-05-21,316.991943359375,320.7239735921718,316.6332831724443,320.3071538929097,50330400
2021-05-24,322.323486328125,323.4479530014382,316.88533463286603,319.2796667771913,32475800
2021-05-25,322.7694091796875,324.5530369200139,321.59648601653095,323.8357164110421,31280300
2021-05-26,323.8938293457031,324.359105465066,322.74998610871904,323.4382267570518,25444900
2021-05-27,322.6822204589844,324.2913698816061,322.4786620955859,323.4480270791408,27931700
2021-05-28,323.70001220703125,325.2897848341171,323.3801348081351,323.88419390364896,29927400
2021-06-01,322.6239318847656,325.50294591769415,321.27650089688194,325.02793714952765,31145400
2021-06-02,323.25408935546875,324.09743201993837,321.5383242650881,323.04082791067566,22047900
2021-06-03,319.8904113769531,321.6934158595787,318.22310259495436,320.4235502295139,37057800
2021-06-04,325.31884765625,325.76474720147104,321.61586685126764,321.68372949020727,38736500
2021-06-07,326.2882385253906,326.3463980540727,324.09746433613174,324.7857051473166,32611900
2021-06-08,326.4433288574219,328.8958208385621,324.76631695292076,328.0330718893326,27282800
2021-06-09,326.5208740234375,328.5856260231153,326.33669232319687,327.8101459251218,21485300
2021-06-10,329.9233703613281,330.0299863073459,326.41427393607114,326.8601735349406,33702100
2021-06-11,330.78607177734375,330.795774892879,329.28356800283944,329.93302592497895,21222800
2021-06-14,333.95587158203125,333.9655451136697,330.02992645276777,331.21255267389915,27827700
2021-06-15,331.7748107910156,333.9170987473574,331.05746071225883,333.606894906958,35963800
2021-06-16,330.5630798339844,333.3063690349668,327.11214372222906,332.24006190320773,55399500
2021-06-17,334.7604064941406,335.76855407897693,329.5064663150832,329.554922717676,59722700
2021-06-18,332.1335144042969,334.24672287543035,331.3870844669612,333.1028793451108,55414900
2021-06-21,334.19775390625,334.5180320305038,330.11200135629787,332.32471625745603,32992600
2021-06-22,337.3129577636719,337.75937452860774,333.69302217724,333.9938714771948,28941600
2021-06-23,337.4779357910156,338.62313566064245,336.64332921884596,337.254742209473,27188500
2021-06-24,339.5645446777344,341.0881905012289,338.86579113679346,339.4092628223047,32581600
2021-06-25,339.147216796875,340.3700429160233,338.5455181087182,340.1274205664771,28682800
2021-06-28,343.2718200683594,343.4077028094933,340.37006604801564,340.428293046505,39130300
2021-06-29,344.5140380859375,344.5431515845643,342.2625250858279,343.09713179112106,29426000
2021-06-30,343.9705810546875,344.74699041286766,343.3882814402995,344.35877092528324,32724000
2021-07-01,344.1063232421875,344.6109669061321,342.27208464864225,343.6210786979027,29290000
2021-07-02,348.0563659667969,348.3766144679944,345.7659953626069,345.9989033634778,32727200
2021-07-06,349.5605163574219,349.8419665254549,345.9696943777668,348.65796848615605,38842400
2021-07-07,350.2981262207031,352.05470949206136,348.34743324169887,351.7538601770984,35265200
2021-07-08,348.1824951171875,349.03653058613884,343.9608896329204,345.24191321935933,50890000
2021-07-09,350.3563537597656,350.83188404216685,347.01786817849813,347.60016768536724,35184500
2021-07-12,351.7247619628906,352.1808931403898,350.18165783912826,351.753875458604,25717700
2021-07-13,351.7247619628906,354.68474262269365,350.8707265993189,351.3462569016323,39723000
2021-07-14,352.3555603027344,354.7041278435109,351.5306384672121,354.06360134594,35336400
2021-07-15,349.88079833984375,352.4720178509438,347.88159271368477,352.2682233868746,53391600
2021-07-16,347.046875,351.7149247566445,346.6974835564789,350.73472138165306,47262000
2021-07-19,344.2034606933594,344.6983901077833,341.6510690390563,343.6017324357535,64404600
2021-07-20,348.2019348144531,349.6479546871026,343.35917208635783,345.1351844508363,42183700
2021-07-21,350.8901062011719,350.8901062011719,347.5516206658584,347.7748438652309,30259900
2021-07-22,353.2096252441406,353.21930999848774,351.0939358655894,351.0939358655894,30252200
2021-07-23,357.334228515625,357.61564913282234,353.18053484060164,354.52949977971826,31960800
2021-07-26,357.6155700683594,358.0037894573996,355.78136080816336,356.64508082972117,28438100
2021-07-27,353.6753845214844,357.3535470119616,349.53140615344574,357.3535470119616,57933100
2021-07-28,355.0340270996094,356.6062443760131,352.5204637948886,354.8108335535045,42066200
2021-07-29,355.6649169921875,356.82948634161215,354.47120453246976,354.47120453246976,25672500
2021-07-30,353.811279296875,354.3935787806666,351.7150189254144,351.7441324187549,36484600
2021-08-02,353.8404235839844,356.0531381213734,353.13195569506735,355.47083858690587,27334100
2021-08-03,355.98516845703125,356.1016224312695,351.31711741542796,354.50032105152934,35558500
2021-08-04,356.49951171875,357.45060183033047,354.8399834211076,355.94632574720885,29602200
2021-08-05,358.7607727050781,358.9936806467521,356.6062853936496,357.3147235885684,21443900
2021-08-06,357.1885681152344,358.46962107455283,356.0822257354465,357.4991317933084,33332100
2021-08-09,357.8485107421875,358.37255361139034,356.54805870512257,357.6446866760717,25960200
2021-08-10,356.0142822265625,358.65401424027687,354.8302841259189,358.36287930445565,35130800
2021-08-11,355.40283203125,357.7708279845918,354.0732666019104,357.2758986455181,34249800
2021-08-12,356.6839599609375,357.04303629212944,353.5492686074497,354.89826305920906,25969200
2021-08-13,357.9359130859375,358.2658759329415,356.53840595922236,357.0333650382217,19336200
2021-08-16,358.09112548828125,358.1299237331186,352.96694355657974,356.8197869708104,34856900
2021-08-17,354.93701171875,356.3150897426544,352.5107888148548,355.34460058109624,44793900
2021-08-18,351.5209655761719,355.8008274852032,351.19100272642396,354.40332034686696,38541900
2021-08-19,353.21929931640625,354.8885422009641,349.33734187482844,349.58967858596617,48499400
2021-08-20,356.8780212402344,357.2759253852955,353.9762382539555,354.28680192087853,39486000
2021-08-23,362.21575927734375,362.90479843928557,357.9067840926924,357.9164688468706,34034700
2021-08-24,363.3221130371094,363.9238117282097,362.341909262712,362.80775483823464,21732900
2021-08-25,363.7393798828125,364.31199463604713,362.82711756621313,363.5744132863753,20441900
2021-08-26,361.4296569824219,363.56471578355405,360.9929249278574,362.88539100832384,29133300
2021-08-27,364.9428405761719,365.44748439971636,361.5752411891111,362.0604858868606,27104700
2021-08-30,369.038330078125,369.5235748062067,365.70952873457384,365.7289574785693,27295700
2021-08-31,368.7374267578125,369.3488101474605,367.19432268536974,369.28089840437747,29628200
2021-09-01,369.3487854003906,371.4159322397432,369.14499095082925,369.79523177921465,28138300
2021-09-02,369.1741638183594,371.0278021363482,367.96105206184734,370.69783929261524,25453400
2021-09-03,370.3095703125,370.7074744376355,368.00951565243156,368.02891477427477,24605400
2021-09-07,370.8336486816406,371.4838895379319,369.26146076930337,370.4163453946835,23970200
2021-09-08,369.54290771484375,370.65896446604796,367.28168071864684,370.65896446604796,32949200
2021-09-09,368.2716064453125,370.8725108772747,368.0289841001596,369.76616838421006,29399000
2021-09-10,365.4765930175781,370.69783063437353,365.146630181552,369.9796779687276,40249400
2021-09-13,365.2242736816406,368.232796834094,363.1765552031788,367.80577911609487,48741800
2021-09-14,364.18585205078125,367.4369677608617,363.2347618019217,366.7091007301896,41826600
2021-09-15,366.8934631347656,367.24285467894634,362.3515803792951,364.64195049764095,34097900
2021-09-16,367.1458740234375,367.7184592644922,363.6424212052076,365.5639714270887,35193100
2021-09-17,362.79803466796875,366.718820085904,361.7596335323379,366.6703074633272,60912300
2021-09-20,355.3013916015625,358.7504360667191,350.66700680296344,357.0113261247993,76203200
2021-09-21,355.73858642578125,358.32295337490024,354.6115672536215,357.12791752385976,41927500
2021-09-22,359.0614013671875,360.5187493428805,355.55403515444647,356.6519087067731,46972900
2021-09-23,362.3743896484375,363.4042463619607,359.5762772004437,360.21751377392695,44652000
2021-09-24,362.7144775390625,363.1322731716639,359.7414899525931,360.1106895280067,36056800
2021-09-27,359.8192443847656,360.69364729673265,357.2737478333367,359.6735155077415,43338100
2021-09-28,349.63720703125,359.77062620482974,349.13200373868887,355.2723036782193,97701600
2021-09-29,349.06396484375,353.0376631925343,348.44217849629433,350.9002374139958,58076600
2021-09-30,347.78143310546875,352.36722153987733,346.94590135567637,350.70585352936934,61384600
2021-10-01,349.9383239746094,350.9779057872913,344.3032580391962,348.4032641038666,56375500
2021-10-04,342.5933837890625,348.6559423473053,340.35879524735253,348.32561367199827,76766000
2021-10-05,347.218017578125,349.4623310874055,343.42891877348393,343.6523598204089,47232900
2021-10-06,349.44293212890625,349.7149692484246,343.10830689611487,344.01185558060564,56806500
2021-10-07,352.6490478515625,355.29170657655396,351.94951966995245,352.48386870945467,39411200
2021-10-08,350.8905334472656,353.9606834069778,350.35615473302096,353.7274875690188,41822300
2021-10-11,348.1993103027344,352.8725371338533,348.11184333183206,349.3554457591394,34847200
2021-10-12,346.9848937988281,350.0841602596316,346.3436570535441,349.6469736036361,43905100
2021-10-13,349.7635192871094,350.4339017377287,347.266589269575,349.2874617626891,40120800
2021-10-14,356.20501708984375,356.41876265768235,352.68795518708134,353.34861252410167,43433900
2021-10-15,358.4493103027344,358.56589339676304,356.3895965753738,357.41945343905405,40419900
2021-10-18,362.0538330078125,362.2675785774531,356.5547693978069,357.1571351895697,34513500
2021-10-19,364.7936096191406,364.8421760222479,362.10238452095024,363.1225161847525,29091000
2021-10-20,364.31756591796875,365.8623511829623,362.84076768993475,365.25026030158716,31390300
2021-10-21,366.5424499511719,366.73677488164685,363.2197130487294,363.5208959360905,25469300
2021-10-22,363.46258544921875,366.2509731223025,361.8012170845607,365.28913296115627,36275800
2021-10-25,367.1837158203125,368.09698969643966,362.93797963545757,364.8811104953325,32597800
2021-10-26,368.3397521972656,371.8276673125815,367.1641667402482,369.4182048651285,47191300
2021-10-27,369.1947937011719,372.2552182979416,368.5244113090448,368.78672325168736,45760500
2021-10-28,373.2948303222656,373.54744679468445,370.32184280003185,371.0893877086592,38007000
2021-10-29,375.1310119628906,375.2961910870078,369.87487050736155,370.2246197351638,37310100
2021-11-01,376.41351318359375,376.53982140855203,373.48912197799297,375.5682561701875,30765300
2021-11-02,377.9873962402344,378.4634833085959,375.7528083350133,375.80137473085165,25135300
2021-11-03,382.0000915527344,382.41785757484956,377.43375178694737,378.4733042710766,33748900
2021-11-04,386.896728515625,387.8488731677204,382.719009655053,383.2630838420163,40265300
2021-11-05,387.26593017578125,389.5879557988873,385.8668737874535,388.664986564109,43383800
2021-11-08,386.7413330078125,388.25697270785713,386.100096265513,387.2368408654585,29256300
2021-11-09,384.0792236328125,388.20837639562905,382.71903806443726,387.81003104170816,50490700
2021-11-10,378.434326171875,384.11795820566607,376.5106166274788,381.31015052476135,54937400
2021-11-11,379.483642578125,381.58222693861705,379.1435888329395,381.4073523210302,32243000
2021-11-12,383.4768371582031,384.0111862152096,379.0367766051723,380.63012828503423,34730600
2021-11-15,383.3893127441406,384.97296869555885,380.95070435957723,384.6523652393564,33716900
2021-11-16,386.1194763183594,386.6149544360584,382.4663814751148,382.66067673603766,27872900
2021-11-17,386.323486328125,388.3540540965329,385.3616462404101,386.44006941150644,28703300
2021-11-18,390.32635498046875,390.83155825697514,386.1486360963617,388.36380376999676,45721500
2021-11-19,392.50262451171875,393.7753725804362,391.1327139908467,391.95855035943424,45191700
2021-11-22,387.9459533691406,397.0883850082743,387.83909543432225,394.03768584861945,61715400
2021-11-23,386.1777648925781,388.8495693207287,381.74742974006676,386.78982609208884,70098700
2021-11-24,387.42144775390625,387.7031803861137,381.3783094778985,383.70033548203725,46954400
2021-11-26,380.0763244628906,386.23604437603416,378.6869636697701,384.84668358291367,51533300
2021-11-29,388.3249816894531,389.33541801935075,383.90437092711403,384.6330449857297,54447100
2021-11-30,382.621826171875,389.7822571763225,380.6106790288867,387.44078141295927,81332700
2021-12-01,376.1122741699219,389.092399234161,375.64594190102406,386.95494416900056,77766500
2021-12-02,378.8230285644531,380.6009800122921,373.41140274344633,374.829879775316,84416600
2021-12-03,372.23577880859375,381.1838859743327,368.12604734982597,380.1831750070444,105349100
2021-12-06,375.2185363769531,376.57872188749616,368.5147119860262,372.7216064023511,67588800
2021-12-07,386.5177917480469,387.1298826017134,381.8154194791573,381.8542903912459,56005300
2021-12-08,388.24713134765625,388.45118137491477,384.9535409410944,386.8481048239432,39204000
2021-12-09,382.5343933105469,388.8204216107013,382.3400684022684,387.02301998348895,49973700
2021-12-10,386.6927185058594,386.9550304656138,382.17491609468055,385.3422284930987,52545800
2021-12-13,381.106201171875,387.0035798094843,380.73700162639506,386.6829763172521,50166400
2021-12-14,377.1616516113281,378.99789456315466,372.7215911886639,376.28721914398113,75199200
2021-12-15,385.75994873046875,386.1194527583862,372.9644517190141,376.9090040378662,73858000
2021-12-16,375.8403015136719,387.14933536877277,374.2566453963507,386.72184428250864,82591400
2021-12-17,373.9651794433594,378.1234774774166,370.91445036309227,372.43008976290076,80492500
2021-12-20,370.33758544921875,371.1255560766206,367.20514837555993,369.24804728232675,65336800
2021-12-21,378.6258544921875,378.937159569745,369.86089170437486,373.60617144539583,48899500
2021-12-22,383.23699951171875,383.4412804932483,377.67254707587614,378.3340481411925,37042200
2021-12-23,386.12615966796875,387.59507649882244,383.4217602519212,383.58712064214444,29595500
2021-12-27,392.50787353515625,392.50787353515625,387.3909031979328,387.4200861977094,32820700
2021-12-28,390.688720703125,393.5779565780435,389.8132009778117,393.40285857051924,33113700
2021-12-29,390.6302795410156,392.0894886983413,388.2566302700842,390.8248526370669,32248500
2021-12-30,389.4629821777344,392.59541944240806,388.8792924991095,390.4163132880544,23850100
2021-12-31,387.0309143066406,390.15361358706275,386.5347736936786,388.79169097937756,34752900
2022-01-03,390.75677490234375,391.0097140063851,386.0873171654606,388.19828992742805,40575900
2022-01-04,385.68853759765625,391.3405401575487,382.5950205070389,391.30161959070927,58027200
2022-01-05,373.8397216796875,385.12428010378204,373.5867825549278,384.00552916746227,75739800
2022-01-06,373.5769958496094,376.81645685721696,369.7927954770154,372.020529806364,70814300
2022-01-07,369.5301513671875,375.26973173594047,367.7596666339239,373.58676631105357,72652300
2022-01-10,369.7732849121094,370.28890060692953,359.2669916887858,364.6271624010825,91770500
2022-01-11,375.3280334472656,375.4933938489489,366.96189556641036,369.0436850542449,68295700
2022-01-12,376.81646728515625,379.5889707439038,374.54010446184316,377.89626785911645,54576400
2022-01-13,367.3899841308594,378.8788226987878,366.4560985140958,378.19784650025264,77994000
2022-01-14,369.67608642578125,370.0068369648737,364.66611084234313,364.8704215155353,80121200
2022-01-18,360.4732666015625,365.9890899163701,359.71447907712337,363.868379872128,75450900
2022-01-19,356.5140380859375,364.5007689267913,356.25136140354783,362.029832788458,81791500
2022-01-20,351.8834228515625,363.70301100121503,351.34839137289583,359.73397518513565,88610700
2022-01-21,342.126220703125,352.3309484155579,341.84409858774796,349.6946518810321,143388900
2022-01-24,343.6923828125,344.35391352228993,325.0631519590181,336.503361180351,198685800
2022-01-25,335.72509765625,341.48412280913794,332.38837987086396,337.2427024792045,124398400
2022-01-26,335.1997985839844,347.17503907067993,331.51285522302607,343.3129977401189,146559500
2022-01-27,331.82421875,341.71764171534386,330.80275437199975,339.89849877273497,95255700
2022-01-28,342.233154296875,342.4471728139953,328.7598143418449,333.70165598123504,108167900
2022-01-31,353.1772155761719,353.76090512883263,341.9607632930475,343.5950999780343,94326400
2022-02-01,355.5801086425781,356.2319018538568,349.3736300747479,354.51975345573044,74433000
2022-02-02,358.4693298339844,360.0355631779779,354.3835618038252,359.70481264846654,78777100
2022-02-03,343.9356689453125,352.0877908082691,342.8753135993525,348.78025519641074,95384800
2022-02-04,348.27435302734375,351.5721505685939,342.3985953365478,344.4512021440884,86318300
2022-02-07,345.4726867675781,351.23168311671714,344.21775839813677,348.8677710648343,58198100
2022-02-08,349.3541564941406,350.44369468405654,343.2060142079704,344.33447295829444,64720900
2022-02-09,356.7572326660156,356.8350441003599,352.27258059296145,353.86799703006915,55766400
2022-02-10,348.68292236328125,356.52373803272644,346.84433406588846,349.74327756855774,112468500
2022-02-11,337.6220703125,350.27828670953545,336.39632517138085,348.68287051394003,101569100
2022-02-14,338.0403747558594,341.4354881578317,334.53829662301456,337.06756867725016,80254400
2022-02-15,346.4455261230469,346.678990144254,342.25273317860683,343.31308852518026,55128800
2022-02-16,346.35791015625,347.379344739258,341.1728367486853,344.1982793145098,58947100
2022-02-17,336.055908203125,343.84806555084964,335.63757898128034,343.14764391072606,61801400
2022-02-18,332.2230224609375,337.37888294301985,329.9174767418236,336.98976643850756,80001500
2022-02-22,328.8863220214844,334.6842686128457,325.2577737302446,329.2851761441837,85967100
2022-02-23,320.4618225097656,332.8748090871975,320.1505174094211,332.038210028671,86215400
2022-02-24,331.2308654785156,331.7659268496475,309.60539665000147,310.1696113400287,130614100
2022-02-25,336.3671875,336.5714981761726,328.21509652010724,332.02848018101594,78842100
2022-02-28,337.36920166015625,339.0619047530669,332.0382423149123,333.1958841481367,77515500
2022-03-01,332.2036437988281,338.6144343305379,329.6840788174875,336.34780851003364,67407000
2022-03-02,337.7777404785156,339.1104801061964,330.9875431074301,333.75030891184065,70609000
2022-03-03,332.9526062011719,340.521036037841,331.09454309415395,340.4140119353788,71089400
2022-03-04,328.1274719238281,332.0284337216448,325.81221844037054,330.5984076269794,76936300
2022-03-07,316.0257873535156,329.2754318745046,315.82150637733827,328.1177901966875,89933800
2022-03-08,314.5568542480469,324.14870801818853,311.2395819280208,315.23780069650655,116153900
2022-03-09,325.8804016113281,327.23261673740257,320.1408498738404,322.7285184220538,64723400
2022-03-10,322.26153564453125,323.46783565663105,317.82554124569333,321.8237906176218,69362700
2022-03-11,315.5783386230469,325.5398947178909,315.0919355025774,325.2285895957447,66228400
2022-03-14,309.51776123046875,317.70877279649835,308.81733958006123,314.3428716623377,79802600
2022-03-15,319.2263488769531,320.00461165026024,310.54893419032584,312.15405848421847,76471000
2022-03-16,331.0653991699219,331.18213115897674,319.4695366915689,323.13703491127427,105243000
2022-03-17,335.0733337402344,335.1316997309201,327.8745745746981,329.16839361847946,67810000
2022-03-18,341.9316101074219,342.2234697530368,332.26191499890564,333.4195566448327,85446300
2022-03-21,340.9809875488281,343.3186324478158,336.5979479498107,341.09789357328924,73799100
2022-03-22,347.68218994140625,348.5490720835401,341.0979103437439,341.4777583376518,63345900
2022-03-23,342.6855163574219,348.3640045280012,342.6270782050995,344.80887821456724,70615500
2022-03-24,350.3023986816406,350.3511169757041,342.451887000675,344.60443898432004,53555300
2022-03-25,350.01007080078125,351.29576956009686,345.71468839424256,350.2438234026969,57584200
2022-03-28,355.42559814453125,355.5230049812949,348.7633807065235,350.00036133268156,56833900
2022-03-29,361.5423278808594,362.1656780545059,356.54565799435034,359.31183941200896,68073000
2022-03-30,357.54888916015625,361.3377976846079,356.06840647526775,359.68197082403816,68757700
2022-03-31,353.1172180175781,358.04570099587806,352.2795548521229,357.69504231226585,67011400
2022-04-01,352.445068359375,354.1593035284398,349.26979035656285,353.3801084265365,54527800
2022-04-04,359.7014465332031,359.7111961332405,353.01976027347615,353.28273195497076,45950200
2022-04-05,351.714599609375,358.96122778866624,350.57499618285163,358.25019063157123,62738700
2022-04-06,344.0783996582031,347.5069003465268,341.4485636915753,346.4062655140077,90077100
2022-04-07,344.8965759277344,347.0880960702405,339.6271839292701,343.0849038199109,63777400
2022-04-08,340.0752258300781,343.91282354869514,339.44212594464426,343.162847342799,61956100
2022-04-11,332.0298767089844,336.7635452464772,331.6889676814274,335.84797458933093,66107400
2022-04-12,330.62725830078125,338.6530803118143,329.25390249511713,336.77325069335205,72790200
2022-04-13,337.3479919433594,338.39990848748874,330.2474586662088,330.9682157478457,61367800
2022-04-14,329.6337890625,337.95183248717245,329.4195059388165,337.43560901526075,73519400
2022-04-18,329.88714599609375,332.17607333665285,327.0625255377948,328.58197736293215,58560600
2022-04-19,337.2602844238281,337.8349460281546,328.221484275128,329.2441815884501,56515700
2022-04-20,332.3415222167969,338.5264838163348,331.1240112611551,338.068698508038,65500000
2022-04-21,325.4650573730469,338.8284602340918,324.53976678286665,336.21812360109845,75801000
2022-04-22,316.94244384765625,326.83837639396864,316.5138776162672,325.6208654467017,82562100
2022-04-25,321.0137939453125,321.3254838822718,314.04963725828924,315.31586648054065,101755900
2022-04-26,308.897216796875,319.1437803869639,308.6244657518132,318.95871630604034,105819600
2022-04-27,308.52703857421875,314.48796770473507,306.8127735656662,308.99454377699504,111204200
2022-04-28,319.4846496582031,321.3157910363892,309.26727669681173,313.48475162677266,99450000
2022-04-29,305.10833740234375,318.7249947332458,304.47523745955675,315.28674394766375,91977900
2022-05-02,310.202392578125,310.4361452229706,301.60187658563825,304.69921802742374,115511800
2022-05-03,310.53350830078125,312.8224350402843,307.7673267371829,310.22181833531886,78185500
2022-05-04,321.0332946777344,321.7053631030934,305.7316253124771,311.0107361696474,116083400
2022-05-05,304.8647766113281,316.79638528062134,301.57262187157147,316.71847764967674,154607400
2022-05-06,301.2122497558594,306.9004581164156,297.1798386765447,302.86807676149334,139572800
2022-05-09,289.4267578125,301.30967906735975,288.0339321273305,295.59225120251307,113387300
2022-05-10,292.94287109375,297.8129146763731,288.86177219356085,296.59540378071733,124124600
2022-05-11,284.2546691894531,296.1862746625399,283.3878169831901,290.68313196064605,140326100
2022-05-12,283.5826416015625,288.0630877961864,277.53405558723375,279.9788270613995,120910900
2022-05-13,294.0921936035156,295.12464046282736,286.43646965166005,288.03385821097976,83684900
2022-05-16,290.6832580566406,294.403979694894,289.40730860193224,292.3488051794956,59190400
2022-05-17,298.2123107910156,298.5921587961595,292.7383559367014,296.5370143344921,62715300
2022-05-18,283.572998046875,294.3942239034574,282.3165180984512,293.70268582770615,79477100
2022-05-19,282.0534973144531,286.73850768800816,280.1054794237619,281.77105612186665,79920700
2022-05-20,281.1768798828125,286.1638006552641,272.9270233764225,285.51123134311183,91764200
2022-05-23,285.8520812988281,286.23192923158854,279.8229651243598,282.2190181810846,63648400
2022-05-24,279.77423095703125,281.35212019068376,274.91393737755357,280.64111291035505,73491100
2022-05-25,283.6898193359375,285.76446288510164,278.07951900291783,278.28405253294534,67144500
2022-05-26,291.550048828125,293.0987490190363,282.60865493867686,282.8911258210658,59462200
2022-05-27,301.0661315917969,301.21222696962036,294.5597598213431,294.6766361236019,66985600
2022-05-31,300.2674255371094,303.23814042662764,296.42007896599904,301.03690079620924,60968300
2022-06-01,298.0466613769531,304.52381326918936,295.8356723348379,302.4004814429057,65341700
2022-06-02,306.2088928222656,306.3842072732837,295.5142654443154,296.92659010109287,59291300
2022-06-03,298.2416076660156,302.40061595270595,296.9948771678799,300.99804042675333,60914700
2022-06-06,299.2349548339844,304.23162423476253,297.67653496477914,302.6732043655573,51785000
2022-06-07,301.816162109375,302.59538713893994,294.8227846687545,295.9136699857499,44900300
2022-06-08,299.6441650390625,303.61810897224757,298.79675217832056,301.01749167247647,38342100
2022-06-09,291.6181640625,301.0173409518625,291.4525992488985,297.95896945522446,55900500
2022-06-10,281.3327331542969,287.20600575852495,280.88469737349953,286.01771368601544,85963500
2022-06-13,268.2518005371094,275.00167522673036,267.3946679306064,272.4789956879142,94442000
2022-06-14,268.7388000488281,271.417324532628,266.23559003375,270.44331562942807,64697500
2022-06-15,275.44970703125,279.37496173778936,269.4205895185,272.1575818938242,86051400
2022-06-16,264.3363037109375,268.8849088704275,262.28112936584387,268.4271234740811,81910300
2022-06-17,267.55047607421875,269.9854980416754,263.47912647848466,265.1057045070877,82703400
2022-06-21,274.3006896972656,276.6135532851158,271.9195668371507,272.0268994799265,51633700
2022-06-22,273.9005432128906,278.3017464295533,271.2071020260493,271.8023751623008,67472900
2022-06-23,277.97979736328125,278.82880933870996,273.5492878730118,276.3793377182855,57457800
2022-06-24,287.5043029785156,287.92395446562955,280.5658029808013,280.800004903636,58422300
2022-06-27,285.3964538574219,289.42681798517424,284.26442815111665,288.8608200227862,54151500
2022-06-28,276.70135498046875,288.5192616412146,276.5159351758475,285.9331824998259,61609800
2022-06-29,276.9550476074219,278.45791285837396,274.06644785541357,276.5647011190199,57302700
2022-06-30,273.5199279785156,277.09165604481103,269.12846343854136,273.9785932439517,79313600
2022-07-01,275.3253173828125,275.71566383513857,270.34831821646026,272.2220228817609,56675100
2022-07-05,280.038818359375,280.1559193205776,270.075081156703,271.5974532153894,61829300
2022-07-06,281.8344421386719,283.93261027210065,278.70187223129227,280.4194324508901,63194700
2022-07-07,287.86541748046875,288.56805306343966,282.64444764131935,282.64444764131935,56620100
2022-07-08,288.2265319824219,289.5927597706103,284.09854359020363,285.0353812475997,59895500
2022-07-11,282.0687561035156,286.0405705972896,281.1904688374721,285.8161369450939,55273900
2022-07-12,279.3362121582031,285.2305426707223,277.74552111118555,283.3178239465647,55797100
2022-07-13,278.7604675292969,281.10257652613404,273.2662514366693,273.8322792280034,73939400
2022-07-14,279.755859375,280.62437810279306,273.0515309298952,276.16459414754115,63741800
2022-07-15,284.8304138183594,284.9377762264799,281.13181608551673,282.74204373662945,63818100
2022-07-18,282.41998291015625,289.0169486418252,281.24894346518283,287.611677482635,59519600
2022-07-19,291.1053466796875,291.39812890521887,284.44009126466915,286.0405209277583,55172600
2022-07-20,295.72119140625,296.9019989702816,290.7441928015369,291.5249153996122,67769400
2022-07-21,299.9663391113281,300.0248895951628,293.525517855766,296.1799156552056,55049400
2022-07-22,294.70635986328125,301.10813827886636,292.88146674837793,299.0392748591571,57127700
2022-07-25,293.0278015136719,295.2040270459721,291.0272572099381,294.7355934056734,40582400
2022-07-26,287.2701110839844,291.58351859643307,286.4601428848884,291.32977998348684,50074100
2022-07-27,299.41009521484375,301.09838033677926,291.26148160253575,291.82750935090854,69304400
2022-07-28,302.3377990722656,302.91356549576466,295.4480791144159,299.1954599297295,55139900
2022-07-29,307.8514099121094,308.7590018701451,302.45478920858915,303.8795969019885,57501000
2022-08-01,307.666015625,311.120642967431,304.9921110110565,306.0850930494122,46358800
2022-08-02,306.74871826171875,310.86693803333435,304.3187836531633,305.3727520054132,48676500
2022-08-03,315.102294921875,315.922031555984,308.3686908175321,308.42724130700196,53735700
2022-08-04,316.5758361816406,316.88812529432516,313.0333828747934,315.1803332975884,38973700
2022-08-05,313.98974609375,316.0195656918979,310.7107998702354,311.4914928430166,53894000
2022-08-08,312.974853515625,318.59593879727134,311.5110317053239,314.90710902657366,43878500
2022-08-09,309.43231201171875,311.3352917367896,307.8123758765423,311.0815531650408,39764200
2022-08-10,318.06890869140625,318.36169088012,314.29225373105913,316.76123163675936,51459600
2022-08-11,316.2635498046875,322.39208223187165,315.56091418583384,320.3915377881437,45897700
2022-08-12,322.4214172363281,322.6165756154438,317.25899713697703,318.31293577249124,40928400
2022-08-15,325.0270080566406,325.5247170262433,321.45527909341536,321.474815778675,38266600
2022-08-16,324.2657470703125,326.35414676715345,321.22100302538877,324.0510520527076,41186900
2022-08-17,320.56719970703125,323.43629276250306,318.48856802587005,321.13322746982783,47842200
2022-08-18,321.3381652832031,322.5189732145217,318.90823058794865,320.51842863638876,41937200
2022-08-19,315.0729675292969,318.9569851504218,314.31178143869266,318.3031614705781,51770600
2022-08-22,306.7779541015625,311.0523178867668,305.9679859299243,310.8181159636958,51098900
2022-08-23,306.5243225097656,309.354372325522,305.77287484803617,306.5438294144277,39497100
2022-08-24,307.4123229980469,309.2274475970766,305.4410240635622,306.0460655965721,38057100
2022-08-25,312.84796142578125,312.8674981086766,308.1442369849633,309.1884071663571,38098300
2022-08-26,300.0249328613281,313.75558914966086,299.93710712291096,312.55524449489485,69047700
2022-08-29,297.0679626464844,299.81018609423813,295.9652122628593,297.2728893341187,48321900
2022-08-30,293.75970458984375,299.3320068591553,291.2419445706575,298.71719702917835,51184500
2022-08-31,292.0519714355469,297.5559559895286,291.94463879300986,296.65813213421137,50044000
2022-09-01,292.17877197265625,292.5496115259869,285.88435725091745,289.56341798178005,57990700
2022-09-02,288.0508117675781,296.42385775688933,286.44058427059224,295.04786195450646,64666800
2022-09-06,285.98187255859375,289.44626746170746,283.85445944290245,288.52893707576345,57005400
2022-09-07,291.7591552734375,292.7545432113645,286.19662144134224,286.46012838191547,49260400
2022-09-08,293.27178955078125,294.58923504644343,288.32409480360485,289.69032244366866,55649800
2022-09-09,299.6833801269531,300.1810891122113,293.27183293928664,295.5261163242872,56125200
2022-09-12,303.24530029296875,303.57709631157707,300.74704692101136,301.0593360378884,45905700
2022-09-13,286.61639404296875,295.71158653142004,285.72833834886194,294.52100997005624,79562200
2022-09-14,288.89013671875,289.76842392232237,285.9917680998876,287.75811085001067,54907200
2022-09-15,284.07904052734375,289.37806861756616,282.4785809670192,286.97740905861184,65299400
2022-09-16,282.3419494628906,282.73229597764134,278.731177193004,280.7805336223577,79920400
2022-09-19,284.5406799316406,284.69710512565416,279.6427484371487,279.7014041555219,52613800
2022-09-20,282.2725524902344,284.5602147143925,279.97510436926854,282.0378998122083,51271100
2022-09-21,277.2181091308594,287.3757485704161,277.0812557791903,283.1132455183981,82931000
2022-09-22,273.80621337890625,276.70000432671964,272.58416975490826,275.6930415739473,62757100
2022-09-23,269.3482666015625,271.63592924583816,265.9362996797736,271.3426208032038,74815200
2022-09-26,268.2337341308594,273.23922100426324,267.44185209694496,268.8789768686887,71176700
2022-09-27,268.34124755859375,273.94307663877163,266.0242277024173,271.59675876301304,69780100
2022-09-28,273.6791076660156,274.9598069578421,266.8454494776389,268.32165784227294,79652100
2022-09-29,265.7896423339844,270.0716887242896,262.82740925830205,269.6903967252643,81216000
2022-09-30,261.2826843261719,269.0353210743035,261.12625917908525,264.9683567551903,78482400
2022-10-03,267.4125061035156,269.00605596137075,261.5466959774545,263.05226226362504,61267400
2022-10-04,275.8200988769531,276.52399709567806,272.7503114179168,272.7503114179168,66696900
2022-10-05,275.6734924316406,277.4625511231233,269.2602100468539,272.05623146486425,55766300
2022-10-06,273.50311279296875,277.82424176859405,273.18047661125445,274.67625661590097,53489400
2022-10-07,263.08154296875,268.9962218517526,261.75194406425254,268.86912454819236,71354700
2022-10-10,260.4517517089844,263.6681793088625,257.7437134187237,263.2771014291403,60393000
2022-10-11,256.8735656738281,261.6444286795512,255.19203248058224,258.77996563092654,66522500
2022-10-12,256.7855224609375,259.425118132508,256.0914102086223,257.5089625595466,50580200
2022-10-13,262.8078308105469,264.12764394193346,248.5734536032913,249.45333399672413,112894100
2022-10-14,254.9084930419922,265.73091764377233,254.32193601889864,265.13457472527824,77244300
2022-10-17,263.3259582519531,264.1960377721946,260.7743157265391,260.8720851805675,64576500
2022-10-18,265.4082946777344,271.01012274316884,262.7295551546462,270.34533826855227,69781000
2022-10-19,264.4404602050781,267.55911798953014,262.0746004041456,263.89298703618215,53115400
2022-10-20,263.0913391113281,268.6931983717576,261.9279809158459,263.55082875225395,60605500
2022-10-21,269.26019287109375,269.7978800833209,260.85252752642265,261.9865874878013,77897700
2022-10-24,272.22247314453125,273.1512084780125,265.8873877095541,269.52419104231006,63963600
2022-10-25,277.8536071777344,278.23489911038496,271.68473333216065,273.16097158157777,59014500
2022-10-26,271.7140197753906,277.62872793281883,271.2252023988285,272.2321650011446,63492400
2022-10-27,266.7672119140625,272.05621993697093,266.2490666463493,270.5995535840702,57760300
2022-10-28,274.9305419921875,275.3998175773541,265.97540096188175,266.14161205508304,62651300
2022-10-31,271.733642578125,273.503159426672,269.81745662103884,272.68194966008537,47742000
2022-11-01,268.95709228515625,275.7614518928756,268.595372187097,275.2041929031402,45895900
2022-11-02,259.7380676269531,271.98783336025116,259.66962601443583,268.9278309425427,79803100
2022-11-03,254.66415405273438,258.584480295548,254.28289188335145,257.1278135643522,70038900
2022-11-04,258.76043701171875,260.64726549152124,253.28567478294306,259.59143276846174,78313200
2022-11-07,261.6052551269531,262.142972091056,257.67517453380106,259.8064109324985,47333800
2022-11-08,263.51177978515625,266.7477496601227,259.58166749062383,263.12073170240666,63213800
2022-11-09,257.43084716796875,262.55364485772475,257.1473246731768,261.77154881663506,64862100
2022-11-10,276.42626953125,276.71954806888135,267.7253248392745,269.83701981536905,99256700
2022-11-11,281.519775390625,282.18458988685967,274.9011969662566,276.24055218615365,66961800
2022-11-14,279.05615234375,282.74182575860164,278.07851728924834,279.46674235901037,55290700
2022-11-15,282.9178466796875,286.7012898871033,279.57432138298475,285.6747550919928,73985400
2022-11-16,279.05615234375,283.00580631775176,278.2349424781751,280.9625526340498,48859800
2022-11-17,278.4402160644531,279.9164544303959,274.44169257936795,274.5981177562604,55462100
2022-11-18,278.4499816894531,281.5490676405468,276.00589441916804,281.45132801777515,53588600
2022-11-21,275.58544921875,278.21525901154644,274.7544537889609,277.0616572706846,40083500
2022-11-22,279.5547790527344,279.7111744196331,274.18754186864925,276.31880913961606,41873400
2022-11-23,282.3604736328125,282.9861443541074,279.3982415549333,279.5742086482621,46390000
2022-11-25,280.5029296875,281.47077838437787,280.0141123925047,280.76688028618304,15498800
2022-11-28,276.3871154785156,280.5420632210341,275.4583803547445,278.52813799616996,38714200
2022-11-29,274.2950744628906,277.012898721607,272.926391353295,276.6120647689657,35618900
2022-11-30,286.7989501953125,286.9065055448826,273.70843484346506,274.5589724039487,74718100
2022-12-01,287.15093994140625,289.13553770503285,284.3744602516807,287.12161208618227,51547300
2022-12-02,286.0070495605469,286.8869447509054,281.910757350936,282.08675429003557,53583200
2022-12-05,281.20697021484375,285.15659447763073,279.75027365012517,283.88568080095115,41482100
2022-12-06,275.3802185058594,281.1873727687558,273.991993519204,281.0505193835465,53937600
2022-12-07,274.2558898925781,276.25027324305955,272.54502898857334,274.19723419124455,45614300
2022-12-08,277.5016784667969,278.4695274919775,273.532483071853,275.60506433206405,42594900
2022-12-09,275.73211669921875,279.2516078103331,275.2921691221875,276.4848847255361,47860500
2022-12-12,279.1929931640625,279.25167871293957,274.871863125392,275.9081538496914,35732500
2022-12-13,282.1943054199219,290.2402513163145,279.5155953648504,290.0153845506873,80667700
2022-12-14,280.1021728515625,284.8925776911261,276.856417960983,281.6077090523937,64984400
2022-12-15,270.6973571777344,276.68047833241644,269.5046413384967,276.01566388796755,60554100
2022-12-16,268.11639404296875,271.5576584419353,266.5130583502916,270.0227941935211,68300400
2022-12-19,264.3483581542969,268.47404612090867,263.11357960823074,268.3858519256861,44167900
2022-12-20,264.14263916015625,265.8869945818374,261.6045058722679,263.1822522783271,51064200
2022-12-21,267.9743347167969,269.27768908130616,264.3386037768599,265.18139832829826,46394700
2022-12-22,261.418212890625,265.093120157277,257.2043012809809,264.9657185869975,60278400
2022-12-23,262.0062255859375,262.6726316300907,258.2529327193007,260.1540875111518,39373600
2022-12-27,258.3018798828125,261.5064182969755,257.76290542316593,261.3986054611623,38009000
2022-12-28,254.89166259765625,260.1541268477204,254.52907640634567,257.90019490328666,47139000
2022-12-29,261.10467529296875,262.04544340160635,256.99857554474977,257.69434977774887,45893600
2022-12-30,260.94781494140625,261.07521651214813,257.0377231655659,258.341077122022,37858300
2023-01-03,259.183837890625,264.740280231761,256.8808903116979,263.2703175098673,42335300
2023-01-04,260.418701171875,262.0944809470671,257.2729879325278,261.30070311944195,47754900
2023-01-05,256.34197998046875,258.919320349099,256.02841054713053,258.7527412605254,45396700
2023-01-06,263.4173278808594,264.5345139897655,255.12674587120546,258.0764808613979,54659700
2023-01-09,265.1224670410156,269.7773486802158,264.51488727524935,265.4066382821217,45568700
2023-01-10,267.3666687011719,267.4744815439094,263.5839781045529,264.0935545337913,35247800
2023-01-11,271.9921569824219,272.09996982647135,267.6508731910464,268.4348714453479,44077000
2023-01-12,273.462158203125,274.4911504479409,268.25849055952096,272.55078814271513,60600000
2023-01-13,275.3436584472656,275.58865226978315,270.6299796945461,270.9631677043932,44802900
2023-01-17,275.90234375,277.18610941652383,273.98157000685694,275.1477433843072,36269700
2023-01-18,272.3155822753906,278.9892126837552,272.1097958051242,277.4408347282873,47754500
2023-01-19,269.64019775390625,271.8255534387518,268.4054492125816,270.6887785022272,44150400
2023-01-20,277.01947021484375,277.3526582997376,270.189039708322,271.2474300076123,60613600
2023-01-23,283.1737365722656,284.3987060531024,277.0685078199232,277.8622856509869,52799900
2023-01-24,282.59552001953125,283.7518838905232,281.03736261916526,281.55674841928726,44875100
2023-01-25,281.96832275390625,282.58568211289065,275.54946616435143,278.08759877286985,50872000
2023-01-26,287.4659729003906,287.64236129032844,282.7424844155557,285.388429890523,51596300
2023-01-27,290.3274841308594,292.2874346780867,286.03518764739596,286.15277989519404,56441900
2023-01-30,284.45745849609375,288.48517308170074,284.0850929525682,287.0641967396339,49405800
2023-01-31,288.7203674316406,288.81837095968,284.3888926131909,284.4966755594997,46705100
2023-02-01,294.8942565917969,297.35397489362185,286.44684220280044,288.5146061711699,67562200
2023-02-02,305.4779052734375,307.39864851001664,300.5878380395017,301.41101371232133,83070600
2023-02-03,300.04888916015625,306.13455850213956,298.44174490358915,298.83372911935095,76170800
2023-02-06,297.5107116699219,299.7842616499401,296.16815023108865,297.4323268010993,40802300
2023-02-07,303.67474365234375,304.8017092397127,296.26613294999623,297.38328921452313,67584000
2023-02-08,298.275146484375,303.30242572488396,297.58918155909504,302.36165759241106,56720900
2023-02-09,295.6390380859375,302.8026574809956,294.1886933073978,302.65566711918177,49137800
2023-02-10,293.69866943359375,295.53121883431214,291.297717495013,293.48307362724574,50050100
2023-02-13,298.4025573730469,298.9905486890682,293.92406189600115,295.10004452804384,39636700
2023-02-14,300.6074523925781,301.5580297219123,294.88439967500585,296.8247617232843,64079100
2023-02-15,302.9103698730469,303.07694892568617,298.10849690555597,298.7944616686417,43100600
2023-02-16,297.2265319824219,302.25381065614226,297.0795416511825,298.28492218029794,59498600
2023-02-17,295.12939453125,295.8839648215853,292.1306722050672,295.041200334183,58230700
2023-02-21,288.14208984375,292.74798497434057,288.00490887521534,291.30742031915315,46526700
2023-02-22,288.35772705078125,290.42546054300556,286.7015664298325,288.7203131204909,51389200
2023-02-23,290.87628173828125,292.1600470153091,286.6917679806115,292.00324737529,69294400
2023-02-24,286.005859375,287.1034271642342,284.2418855081771,285.91766516763073,74332000
2023-02-27,288.053955078125,290.55288024334476,287.4659638902868,289.1613320021509,48995000
2023-02-28,287.681640625,290.1903758197714,287.0936492716824,287.4268373937165,48243100
2023-03-01,285.3688049316406,288.0441182255839,284.3888296810601,287.38755155531885,58287000
2023-03-02,287.73046875,288.53405549277846,282.5954089032552,282.87961005013364,53565900
2023-03-03,293.6790466308594,293.914261084036,288.96536693308644,289.4749733262371,60511500
2023-03-06,294.01220703125,297.9125198668912,293.8162298962756,294.91379755285436,56736300
2023-03-07,290.4059143066406,294.9824127073463,289.7983343272335,294.06123341389787,65955800
2023-03-08,291.8562316894531,292.45400222774674,288.97510210579657,290.82723974873534,50876300
2023-03-09,286.7995910644531,294.9529931979204,285.98619477194666,292.356034581254,71456700
2023-03-10,282.7718505859375,288.4557250634592,281.6252962741897,286.96614352139824,98593600
2023-03-13,284.8690490722656,288.573354857497,279.47918441665786,280.9883548940412,97123600
2023-03-14,291.4153137207031,291.9640976158507,287.5738264546701,288.4165910413327,73602500
2023-03-15,292.9440612792969,293.2772493516955,287.3679984394516,288.80856358255966,83631500
2023-03-16,300.6662292480469,301.0288153358868,291.2388713383132,292.0326489647935,98198100
2023-03-17,299.2452697753906,302.95938486538984,297.29512832561835,300.5780518528827,89923700
2023-03-20,300.3073425292969,300.63122196254875,296.4206395663635,298.628998287791,56359500
2023-03-21,304.5964050292969,305.04788323131515,300.72932185078076,302.24082881743965,49757000
2023-03-22,300.4544982910156,309.4155301746397,300.2876613290279,304.52768643281496,75791900
2023-03-23,304.0173034667969,308.33586449885354,301.32802358760387,304.1841703718912,74576000
2023-03-24,305.1362609863281,305.23438628802813,301.26917759155515,303.5953103540764,57195200
2023-03-27,303.04559326171875,306.91267558955946,302.1916996936268,305.8330279937311,50287400
2023-03-28,301.43597412109375,302.49600280278304,299.1294607378363,302.466559225668,48585900
2023-03-29,306.932373046875,307.5507181893601,304.31177457462326,305.1264302220419,53274300
2023-03-30,309.8375244140625,310.4656939492293,307.0206459205841,309.40566534682836,58354800
2023-03-31,314.9904479980469,315.22602661616287,309.75910503684963,310.0633653805016,62138100
2023-04-03,314.224853515625,314.48987569045227,311.54539785656647,312.8703889195931,47126800
2023-04-04,313.164794921875,315.6774131311537,311.947723948201,314.66647713252024,45875400
2023-04-05,310.0731506347656,313.15502177624506,308.25738336194655,312.2127972814154,62795700
2023-04-06,312.16363525390625,312.6543814372658,307.0304493457381,308.424151732928,46916500
2023-04-10,311.9870300292969,312.03612262814016,307.452539270489,309.2388628884362,45134700
2023-04-11,309.98480224609375,312.0067046080071,309.4744368646345,311.94778749401394,40113600
2023-04-12,307.2464294433594,312.5268640380153,306.78512675695106,311.937962530485,62813300
2023-04-13,313.2629699707031,313.73406719426043,307.8254932108814,309.0032662225483,54613800
2023-04-14,312.6740417480469,314.43089158193646,309.7688026716277,311.71216841092246,56278300
2023-04-17,312.93902587890625,313.29237871005614,310.1908592044973,312.2617937425751,43007000
2023-04-18,312.9586486816406,315.4712967532463,311.7612567220938,315.0492322620022,46746900
2023-04-19,312.8115234375,313.87155230471603,310.4265034154332,310.5541022561888,38960100
2023-04-20,310.4263916015625,313.3610440707774,309.14063905100403,309.8473147236809,62462100
2023-04-21,310.7503356933594,311.52572317920414,308.2868098097779,310.0633088936985,59002300
2023-04-24,310.10260009765625,311.85945029215236,307.93347987763684,310.52463472855015,44043100
2023-04-25,304.2529296875,309.1407743928103,304.1548043741771,308.473366507749,57121600
2023-04-26,306.09808349609375,309.11127287941105,305.5778936312846,307.63903402208973,55400500
2023-04-27,314.4211730957031,314.92171397402467,309.21924413400245,309.85723831198396,65430400
2023-04-28,316.59027099609375,316.6786017414344,313.0568914185701,314.1856019905179,59712600
2023-05-01,316.2270202636719,317.6403716332605,315.14737269624044,316.1288650388564,41013400
2023-05-02,313.4690856933594,316.48227491711145,311.7318247639411,316.15836561209886,56519400
2023-05-03,311.4177551269531,316.5018789481338,311.3097753794873,313.83221822361713,59882100
2023-05-04,310.3184814453125,312.3403534983685,309.28789639998797,311.1919941513549,50224500
2023-05-05,316.9141540527344,317.7680478062891,310.3577608434829,312.5759436628054,51806100
2023-05-08,317.6992492675781,318.0427775677644,315.3731172776518,316.452764812765,36465800
2023-05-09,315.687255859375,316.90429695051574,315.37317107689563,316.0405787750842,31768800
2023-05-10,319.12249755859375,319.9763912725399,315.6480055940912,318.1213560020154,60446600
2023-05-11,320.1628723144531,320.7026812198648,318.1213510973268,319.67212605397896,44278500
2023-05-12,319.0145263671875,321.1149348281114,316.9632105060504,320.6928702621586,48432800
2023-05-15,320.741943359375,320.9774919751465,317.9643028030483,319.4856341539702,33375600
2023-05-16,321.1051025390625,322.8128899714254,319.9861866676694,320.0254547559925,40019200
2023-05-17,324.9918212890625,325.5708983222604,320.9873447050186,322.16511784019536,47486100
2023-05-18,331.02801513671875,331.2439447177348,325.36481333171304,325.3844324017041,64213500
2023-05-19,330.2820129394531,331.9505320267274,329.22198438728304,331.24385630953753,61554900
2023-05-22,331.39111328125,332.40204927029424,330.01699993843374,330.02682444746773,43015900
2023-05-23,327.1903076171875,330.82184165067144,326.83698471374663,329.6735122617162,48216700
2023-05-24,325.51202392578125,326.7487142213428,323.460707928602,325.2372071881873,62891200
2023-05-25,333.43267822265625,334.6988121050236,330.43913767543575,332.8634256751795,66862800
2023-05-26,341.95196533203125,342.7862399093372,334.3552233152055,334.4533785512602,63007000
2023-05-30,343.5028076171875,347.37968560384667,342.07963129694366,346.18226337556894,72652200
2023-05-31,341.5495910644531,344.11130225670985,340.0970012254624,341.9225630348241,65105400
2023-06-01,345.49517822265625,346.8201691113252,340.2441874526576,341.29439159721204,50488600
2023-06-02,348.0862731933594,349.24442703511033,345.49514883634424,347.25199866394627,53372100
2023-06-05,348.3316955566406,350.883582144611,347.30114037340985,347.8703928659199,47266200
2023-06-06,348.2728271484375,349.23470066993315,346.3981727066274,347.7231936940905,41390400
2023-06-07,342.3642272949219,350.5106032126766,341.73605770611135,348.55744268687283,69225900
2023-06-08,346.6141357421875,347.07543850228194,342.43299727167624,342.6587214194635,47153900
2023-06-09,347.9391784667969,351.040699138578,346.496382932025,348.0667773162255,53196900
2023-06-12,353.8182373046875,353.9163925495602,348.62616331728384,349.59783135014015,44606500
2023-06-13,356.5370178222656,357.3712625849286,353.3667858847022,356.56646140267986,57097800
2023-06-14,359.1281433105469,359.41278455684176,353.7495829280698,356.54681293006774,69525600
2023-06-15,363.407470703125,364.88950420626855,357.2436981859481,357.86201338240306,71138800
2023-06-16,361.1205139160156,365.94947000240563,360.67886028031626,365.8218711900571,80932000
2023-06-20,360.60357666015625,361.9992210577164,357.645252046979,359.6698977267216,49204700
2023-06-21,355.6893615722656,359.89591050570834,354.7654906855593,359.4634590270858,53378300
2023-06-22,359.8861389160156,360.043366747909,354.03823537075647,354.4412029254088,47603000
2023-06-23,356.3183898925781,358.61822910430584,354.6279059428646,355.9940362893382,48922900
2023-06-26,351.5417785644531,358.57890804736354,351.4533266707655,355.78764942462146,52685500
2023-06-27,357.58624267578125,358.31356381466287,352.35756283184793,353.08485397686843,49428100
2023-06-28,358.2840576171875,360.23005920746044,355.68934883834453,355.76799273738425,46498000
2023-06-29,357.5666198730469,358.62810268773603,355.9252956971378,357.98923340395874,46151000
2023-06-30,363.080322265625,364.1319369850528,360.9279028966516,361.24238851694764,58712500
2023-07-03,363.93536376953125,364.56436496345026,362.63800944013485,363.7191380479652,19432900
2023-07-05,363.92559814453125,365.62592029282894,362.33340387544496,362.372725830964,34460900
2023-07-06,361.1539611816406,361.59625066873787,358.2644125170553,360.22028225556915,49374700
2023-07-07,359.9549255371094,364.1221830587918,359.7288917758838,360.9279564882664,47133700
2023-07-10,360.0728454589844,360.7510067003448,357.1734886966623,359.67971589726346,48498800
2023-07-11,361.8517761230469,362.30387357517714,358.3626803681237,360.49545377279605,38214100
2023-07-12,366.4219055175781,367.7683896426993,363.94513297200194,365.9501321770268,61975400
2023-07-13,372.64337158203125,373.46895267792223,369.01669355737863,369.59656492256886,46960000
2023-07-14,372.5647277832031,376.289665406279,371.6899868150142,373.07579318427884,55148500
2023-07-17,376.0439453125,376.9186862565369,372.80058921448597,373.2821706367002,40868900
2023-07-18,379.1202392578125,380.4863996234186,373.4787539929025,375.40510969416385,55262000
2023-07-19,379.03179931640625,381.32183065046223,377.70496086028794,380.1817339767386,54093000
2023-07-20,370.2944030761719,377.50843718826167,369.2722421956274,376.04398679380813,71941700
2023-07-21,369.18377685546875,373.4001640896318,368.7513253445873,372.6728429155879,60499600
2023-07-24,369.77349853515625,371.10030708517195,367.9159185749525,370.1567901180446,40380100
2023-07-25,372.2796630859375,373.94066298437116,370.4614053871591,370.4810813583638,38894400
2023-07-26,371.0412902832031,372.7317742066789,368.74145110717086,371.2378700393192,47075700
2023-07-27,370.15679931640625,378.10796279614465,368.86928269570615,376.49612252032574,63940200
2023-07-28,376.8990783691406,377.92120924637163,373.6950139044031,374.2060793430186,56902900
2023-07-31,377.0956115722656,378.27503021734213,375.77861108178536,377.20373944509765,44019900
2023-08-01,376.2209167480469,376.97769191496076,374.1569490273522,375.7491432709596,41060600
2023-08-02,367.9650573730469,372.75147785059374,366.72667080407234,372.75147785059374,72687100
2023-08-03,367.3753356933594,369.49827117137113,365.3899820551256,365.5570778539925,47666400
2023-08-04,365.6553955078125,371.6113968871545,365.1541380670017,369.30171945598914,61702800
2023-08-07,368.75128173828125,368.8495716143789,365.13444225121697,367.46376534482164,37230400
2023-08-08,365.61602783203125,366.26470502906085,362.4906076958643,366.24505905116035,44726500
2023-08-09,361.59625244140625,366.05834931171427,360.83947730891896,365.9010914931724,51150900
2023-08-10,362.2645568847656,367.93552607556165,360.74116871206576,364.6037180742225,72035300
2023-08-11,359.9549255371094,361.68473167795355,358.4315371702507,359.7092158009151,48707200
2023-08-14,363.9943542480469,364.1122901045981,358.44132104712014,359.1587741724269,42130800
2023-08-15,360.1318664550781,363.8175125707832,359.46351316409294,363.02138541543525,45539900
2023-08-16,356.3183898925781,361.12445606745706,356.2201000129945,359.59122992630523,53190500
2023-08-17,352.4263610839844,358.0580388030528,352.0135855407682,357.71403918779725,62604300
2023-08-18,351.98406982421875,353.2421023084122,348.6227478776219,349.1633272225095,61191400
2023-08-21,357.6550598144531,358.33322103619656,352.9865751686361,353.44851063860824,50696500
2023-08-22,357.1440734863281,360.26949459542703,356.45607412546644,360.25965660648455,44530200
2023-08-23,362.7756652832031,363.8666320990124,358.107180337032,358.3234061027145,51770600
2023-08-24,355.02105712890625,366.3433500914388,354.81466936489005,366.24509019972004,66842500
2023-08-25,357.77301025390625,359.4634943837441,352.42636416855237,355.85649237018794,69960500
2023-08-28,360.46600341796875,361.39968237368765,357.9990681887623,360.69203716817907,40910000
2023-08-29,368.3385314941406,368.6923691023836,359.945108707373,360.26943235388745,58492400
2023-08-30,370.39263916015625,370.97254048337203,367.44412257396607,368.44663740934226,41731500
2023-08-31,371.5032653808594,373.2035874718416,370.402490614343,370.471296535716,35730700
2023-09-01,371.110107421875,374.2944956090259,369.6260112017312,373.87188211383943,39801200
2023-09-05,371.5819091796875,372.80061981456237,369.38032965344104,370.30420061660834,32344200
2023-09-06,368.30902099609375,371.149439669224,366.3040513379726,370.805440073003,42998700
2023-09-07,365.6750183105469,366.45146939646156,362.8149536720257,363.85676044832894,52060700
2023-09-08,366.18609619140625,368.41715964189956,365.2229332864503,365.62590082593965,35800100
2023-09-11,370.50079345703125,371.0118589039647,367.24759899108267,369.21327685540757,39936600
2023-09-12,366.39251708984375,370.4811304591035,366.10748541432696,368.8299383335772,41391000
2023-09-13,367.7881164550781,369.39014857434654,365.49811513938084,366.62837381440505,46300700
2023-09-14,370.79559326171875,371.77843208818126,367.47362322311847,369.53756076360116,48039400
2023-09-15,364.4465026855469,369.8619548094555,363.5127937007819,369.45898724728664,69811200
2023-09-18,364.826416015625,365.93863645323245,363.22206476755633,363.5075090480625,36903500
2023-09-19,364.048828125,364.84607760693416,361.0271378460605,363.5074962674378,37621700
2023-09-20,358.8027648925781,365.4662057206334,358.72400713649756,365.11188593011985,45514200
2023-09-21,352.2278747558594,355.9090339100719,352.0605670890625,355.1216065339352,69734800
2023-09-22,352.27703857421875,356.1058002061891,351.9620676839268,353.9699695629412,51589700
2023-09-25,353.9502868652344,354.0388968388634,350.32821151607146,351.31247308077525,39168000
2023-09-26,348.6352844238281,351.91289229277817,347.6510228478301,351.37153040361153,53657700
2023-09-27,349.4522399902344,351.36170985960024,345.8301345452568,349.78688532316824,56066000
2023-09-28,352.37548828125,354.50149684068487,347.68054144851845,348.5368441938577,56453300
2023-09-29,352.63140869140625,357.23777601769604,351.40108163532835,355.84996349396636,64829600
2023-10-02,355.5743713378906,356.9720060523361,352.2869410494211,352.8971784631042,51625100
2023-10-03,349.33416748046875,355.32831748657793,347.7199639129251,353.1334031343056,60478500
2023-10-04,354.0881042480469,354.9345547909679,349.70812819170675,350.17073233689933,54786700
2023-10-05,353.04473876953125,354.4817520633378,349.5506226679585,354.078201267947,45897400
2023-10-06,358.9601745605469,360.15112254352925,349.26519295376465,350.0525901245861,75049100
2023-10-09,360.79095458984375,361.3322864922869,355.10192335075635,356.5979902725734,45304800
2023-10-10,362.7889709472656,365.436636991541,360.62361350091794,361.12556647967915,46968800
2023-10-11,365.3775939941406,365.5646061019628,362.39528253424044,364.11774034197475,38215100
2023-10-12,364.10784912109375,367.85788302935276,361.7161008874376,365.8795378416843,49587900
2023-10-13,359.5310363769531,365.31849875234707,358.13337184276384,364.73778807689456,52469900
2023-10-16,363.5960998535156,364.6492670283182,360.70236819855785,360.85000143865125,44201100
2023-10-17,362.4051208496094,364.0980519457113,357.93656492665207,360.0527212874597,50999100
2023-10-18,357.651123046875,362.1196789996307,356.32236391560224,359.9149426875973,54280500
2023-10-19,354.3046875,360.2594588062133,353.5074379211459,359.0685105524273,72274200
2023-10-20,349.0191650390625,354.373550479642,348.79277406044923,353.802661937845,72559700
2023-10-23,350.0723571777344,353.6058529260909,345.59394861069154,347.70028297707074,60665200
2023-10-24,353.47784423828125,354.2455670218574,350.1904143682358,351.88334538295214,47082100
2023-10-25,344.826171875,351.2632505247359,344.24546119183015,351.08609066287613,71190500
2023-10-26,338.2513427734375,344.56046319125295,336.9619624891379,343.62540266266313,78621400
2023-10-27,339.8753356933594,343.3497775820773,338.66468323660894,340.97770376587494,63476700
2023-10-30,343.7041320800781,345.0230389019717,340.99741292148934,342.3556685770316,55298500
2023-10-31,345.3478698730469,345.72189409468723,341.1647579872037,343.7336964353076,47671900
2023-11-01,351.342041015625,351.9030773823857,346.0860872469054,346.1845194223992,58992700
2023-11-02,357.72003173828125,357.95624490601404,354.62943595313834,355.8499407400772,58162400
2023-11-03,361.9228210449219,363.21220132553935,358.7830241681351,359.0094151473788,53280500
2023-11-06,363.3992004394531,363.96023673494824,361.1354108770652,362.6905309181117,38848700
2023-11-07,366.8343200683594,367.7004450680254,363.241741103211,364.4425414885638,50777400
2023-11-08,367.07049560546875,367.9071239093316,364.7870016580929,367.2082765996101,35663400
2023-11-09,364.24566650390625,368.90120425160836,363.7535357458132,367.759487325637,53859400
2023-11-10,372.4347839355469,372.5824171770866,365.43666791374335,365.96817762056844,58309800
2023-11-13,371.2733459472656,372.32651317096065,369.33434920460445,370.85997285581357,40733500
2023-11-14,379.2655029296875,380.1808890311,377.14934653163624,377.6710039696422,67792600
2023-11-15,379.5509338378906,381.6474157438796,378.19264809388204,381.155284969226,54141400
2023-11-16,379.8758239746094,380.1120371761785,377.52342403894215,378.7832778427842,45343500
2023-11-17,379.9643859863281,380.978174311578,378.2419280525446,379.14743197399827,46571900
2023-11-20,384.5903625488281,385.2498310279321,379.9741733069402,379.9741733069402,44429600
2023-11-21,382.3561706542969,383.1042192107648,380.6140381363647,382.88768042006546,43337000
2023-11-22,383.92108154296875,386.8837186036944,382.9171455132762,384.4230645764553,44121000
2023-11-24,383.37969970703125,384.10804359224113,382.3855859976571,383.5174806952141,15718800
2023-11-27,383.04510498046875,384.9939237494987,382.16909772738626,382.8876195179838,34139700
2023-11-28,384.04901123046875,384.62972193238,381.9426771250106,382.2970268974436,35491100
2023-11-29,383.675048828125,387.9369187872778,383.3305512275053,386.5097273149748,38811700
2023-11-30,382.71044921875,384.4033804806494,379.74784203838783,383.94077629753497,52834400
2023-12-01,383.80291748046875,384.39348036602445,379.993830422685,381.64738247242,40490100
2023-12-04,380.2399597167969,380.51555177142023,376.6375585502535,380.0135687287101,51186900
2023-12-05,381.1946716308594,382.38561971941857,378.1631291761713,378.3403190869991,42933000
2023-12-06,378.9899597167969,384.2262392270375,378.64549214785455,384.1278070485038,41994100
2023-12-07,384.2851867675781,385.11196277261325,380.8697983696664,381.9623441873283,49593500
2023-12-08,385.9978942871094,386.44079399552544,382.36596649169275,382.5529786032287,46687500
2023-12-11,389.295166015625,389.56093589114397,385.36797155305123,385.5746580939018,41198000
2023-12-12,392.39556884765625,392.51367542874294,388.20260499540507,389.3344997805244,39221200
2023-12-13,397.3857727050781,397.9960100971529,392.56289682480116,393.33061967890825,55408100
2023-12-14,397.0412902832031,399.9054650273427,394.03927446369323,398.60626257953487,55447800
2023-12-15,398.9605407714844,400.1416665507684,397.21840878245297,397.81879386145016,62896600
2023-12-18,401.4734802246094,402.3709508674687,399.0276552700058,399.35309710444824,46610000
2023-12-19,403.5248718261719,403.6432143177387,401.739802351394,401.92718799546697,35711900
2023-12-20,397.528564453125,404.8168000697406,397.35105072781244,402.7260026011045,54042400
2023-12-21,402.1540222167969,402.5189517146843,398.89948313848276,401.45380904002565,45568900
2023-12-22,402.7555847167969,404.3236828046268,400.8817585167201,403.36704094129067,34314000
2023-12-26,405.22119140625,405.8918189348546,403.5150068640605,403.61363564115584,22722500
2023-12-27,406.04608154296875,406.3322463869044,404.644888619348,405.5033831511548,31980500
2023-12-28,405.8487243652344,407.4472786001535,405.493510166212,407.20059203535254,27029200
2023-12-29,404.0923767089844,406.18430438142775,402.17808627530565,405.8290600170089,42662100
2024-01-02,397.2541809082031,400.7077928852175,394.93532112958644,400.46110631543075,58026900
2024-01-03,393.0506591796875,395.68528517613936,392.61651849103555,394.62945935762554,47002800
2024-01-04,391.0278015136719,394.2939291818346,390.8107161348315,391.1856845267472,39432800
2024-01-05,391.49163818359375,394.26439318675887,390.10032213186327,391.19562630582584,44922800
2024-01-08,399.5829162597656,399.86905099818864,392.5671345830091,392.7151405016946,42473800
2024-01-09,400.3722839355469,401.2998278033739,396.385820723595,396.5831820153857,39132900
2024-01-10,403.0858459472656,404.0923162885945,399.7999941615258,400.68805977012255,33962800
2024-01-11,403.92462158203125,405.75010833943963,398.88233210983117,404.3587923820562,54536200
2024-01-12,404.1318054199219,405.79940904791505,402.7404895467562,404.96066868440437,39595000
2024-01-16,404.0923767089844,405.67117697872385,401.43802647196935,402.89842199127276,43903000
2024-01-17,401.81292724609375,402.1878956347256,397.57980756543736,400.7867328397497,54386000
2024-01-18,407.5163879394531,408.09856470450796,403.73716246016113,405.07912311592617,59562500
2024-01-19,415.5978088378906,415.7556918630463,409.13463247146666,409.71680918810495,70325100
2024-01-22,416.1405334472656,419.10077238644385,415.53860253748337,417.79826002605955,44880600
2024-01-23,417.86737060546875,418.0844560150282,414.9959350071137,416.8312688317537,33003800
2024-01-24,420.18621826171875,424.15295817538976,419.69284504762925,421.7748956699049,46948000
2024-01-25,420.69927978515625,423.3536296702719,418.36069593474804,422.68261931824196,44367200
2024-01-26,418.1930236816406,420.5612092132939,417.5417673906412,418.8146787827361,37137000
2024-01-29,422.4754333496094,422.6727946600037,417.995596599009,418.6468527875806,38694700
2024-01-30,419.6632080078125,422.0116691243493,418.7554182347818,421.43936949466547,36739000
2024-01-31,411.4436340332031,417.2654315784379,411.26602691421135,415.272214756942,64010600
2024-02-01,416.28851318359375,416.7818863090862,412.2724487149399,413.2394708816232,51008600
2024-02-02,423.32403564453125,424.5377143092311,417.18647251424335,418.1830657905494,59602400
2024-02-05,422.77142333984375,423.9160224374684,419.36713688926557,423.38320116850315,39889200
2024-02-06,421.9228210449219,424.5179684735846,419.5842372747902,423.9160376085168,35846100
2024-02-07,426.2645568847656,427.0934202261627,423.4029984199902,424.70551086208974,37712700
2024-02-08,427.05389404296875,427.81367777218287,425.702056574304,426.3828837446025,29889900
2024-02-09,431.25738525390625,432.04680022793235,427.3992343745558,428.18861923547973,36943900
2024-02-12,429.5700988769531,433.3197526076636,428.8892415712298,431.1488988628783,33203300
2024-02-13,422.8701477050781,425.5540990543251,419.692823167463,421.61699064734256,64491700
2024-02-14,427.4782409667969,427.90253465627023,423.1957655614689,425.5442266157376,45092700
2024-02-15,428.7511291503906,429.2149010993665,425.6132531423956,428.1689524677369,38796100
2024-02-16,424.8633728027344,429.2247747002088,424.15291424350715,429.12612415809764,53716500
2024-02-20,421.65643310546875,424.37983239693597,417.8870550394781,422.87011177333653,53999500
2024-02-21,419.9691162109375,420.0579498854934,416.0418848547064,418.92316744753936,49779000
2024-02-22,432.2639465332031,433.3000180733952,427.96171712915435,428.73137801666724,53887800
2024-02-23,430.99102783203125,434.7505286525933,430.0141586762791,433.82298476432334,39853900
2024-02-26,430.76409912109375,432.7869471692382,430.5766149089948,431.8002008373945,33043200
2024-02-27,431.8002014160156,432.185016827134,429.2642561126333,431.86928088648324,33713200
2024-02-28,429.5010070800781,430.8824758487822,428.5438620627868,429.65889008544724,32938800
2024-02-29,433.181640625,434.25719051548447,429.25437937497003,432.4218567885407,42495200
2024-03-01,439.7039794921875,440.6611245537349,434.01046450298435,434.06966686859715,43853000
2024-03-04,438.1351318359375,440.12837886430077,437.8884452324756,439.70405502038204,34325700
2024-03-05,430.270751953125,435.1058333617922,427.9025666362307,435.0959562616823,57917100
2024-03-06,432.9744567871094,436.1320271664218,431.09964466921923,434.48417755889216,46234500
2024-03-07,439.546142578125,440.7992995133113,435.0169506522898,436.55630255352224,44526700
2024-03-08,433.2013244628906,442.69384860902386,432.5303442452579,439.9013398799173,72096000
2024-03-11,431.5929870605469,432.8461440453612,429.6688196926347,431.71139180076773,45860000
2024-03-12,437.77984619140625,438.1350603881726,430.67526112502065,433.901940644511,55300900
2024-03-13,434.4150390625,436.8029782510088,433.30001097548626,436.78322405350747,37928700
2024-03-14,433.3197937011719,436.17147490901215,430.60624131940546,435.64850056359603,52195200
2024-03-15,428.1689453125,433.0533211737261,427.0045618535446,430.29044372372584,73069800
2024-03-18,432.2525634765625,435.77002263361766,432.0154107319482,433.4876272298241,47323800
2024-03-19,433.32958984375,433.73469442402046,428.15218143620706,430.2468751531262,43004100
2024-03-20,438.46746826171875,438.80340204990597,432.8257043770794,434.52515363980433,43653500
2024-03-21,440.5423278808594,443.97086631640985,440.34473575766197,443.51637126483735,39345700
2024-03-22,441.0462341308594,442.1429563269523,439.17880316614946,440.0285427517674,28253900
2024-03-25,439.445556640625,440.9276330874447,437.2520822932149,438.2499932634195,27789200
2024-03-26,438.0228271484375,441.88611062299844,437.79556453713616,440.9672001706422,34142000
2024-03-27,439.5147705078125,441.2043596487488,436.64942826389364,441.1055485052493,41359200
2024-03-28,438.7045593261719,440.3150873730311,438.3488452662453,439.46534778476365,36839600
2024-04-01,439.6332702636719,442.1824283778057,437.7263090660025,439.65302042708083,38729000
2024-04-02,435.8392028808594,436.15538646711934,432.79601878365486,434.8215114618378,44259700
2024-04-03,436.8173522949219,438.6946431607458,433.7049976814608,433.71485768745384,39949800
2024-04-04,430.1381530761719,441.60944178188765,429.9108904729682,440.996824784503,57267700
2024-04-05,435.2068786621094,437.87462875113954,430.7507584555262,431.56096761180083,54744600
2024-04-08,435.3353271484375,437.2126182357003,433.9520616185032,436.1356461390755,28144900
2024-04-09,436.94586181640625,437.94377295312506,432.213088463687,437.6671198430058,39443600
2024-04-10,433.1319580078125,433.9915576445621,431.0669348170311,431.77833281863883,61502200
2024-04-11,440.04827880859375,440.9967993468194,432.7268171178065,434.99935255997985,45474600
2024-04-12,433.0331115722656,436.9556753449203,431.65973632798597,435.82931285671975,53665000
2024-04-15,425.9092712402344,436.86675345867155,425.06942184073426,436.77783248501964,63453600
2024-04-16,425.94879150390625,428.57701077839033,424.5655261365261,425.75116924302756,47619000
2024-04-17,420.7516174316406,427.9446272184881,419.8228471164691,427.9248770543287,56880500
2024-04-18,418.3506774902344,423.1229505525132,417.7775910246494,421.39386130267076,46549400
2024-04-19,409.6953430175781,417.6985621852426,408.1342356976317,417.1748963589334,75231000
2024-04-22,413.8155517578125,416.1473377835961,408.9938577655325,412.3235850098198,47807700
2024-04-23,419.99090576171875,421.1864391995663,413.86497662605376,415.7422677634582,44384700
2024-04-24,421.4136962890625,424.5952221276178,419.13130059541714,423.0835051077627,48440300
2024-04-25,419.37835693359375,420.2379566798375,413.1437560800843,414.2305883115145,57392200
2024-04-26,425.8500061035156,427.381473182625,421.81877105316397,422.5103887021801,41874900
2024-04-29,427.5790710449219,428.5770122057127,424.84218062488617,427.9545352500877,30022200
2024-04-30,419.5166015625,427.39136982222493,419.4375707439293,425.9982141906258,43665900
2024-05-01,416.4833068847656,425.0003330647084,415.63359737530845,418.09383507210157,52251700
2024-05-02,421.7989807128906,422.6981107728826,415.6039115799332,420.2180930266731,36559000
2024-05-03,430.2764892578125,431.26454032422834,427.45064752834196,429.2489077059209,48515300
2024-05-06,434.9894714355469,435.0783924110158,431.3040301921814,432.07470879916997,30227200
2024-05-07,435.05865478515625,436.6889330215927,434.32747648868434,435.4341190165748,30996100
2024-05-08,434.8017272949219,436.20477300365775,432.32170959807235,432.44030104834115,24896700
2024-05-09,435.7502746582031,436.3233611678897,433.22086631601803,435.068517003567,24580100
2024-05-10,436.77783203125,439.0009468290101,435.23647485037026,437.25210737649155,27116600
2024-05-13,437.78564453125,438.78358573741383,436.3727387710848,438.6847746021528,22994200
2024-05-14,440.6016540527344,441.1352101310495,437.1731152629732,437.36084739880766,34478300
2024-05-15,447.4883117675781,447.7353245285619,441.5600055039681,443.0717223950717,41464700
2024-05-16,446.5793151855469,449.2569250327754,446.41133324323863,447.30057313923777,34780400
2024-05-17,446.36187744140625,447.31039784815647,444.1684032706638,446.7076711288085,35803700
2024-05-20,449.4743347167969,450.13631207581267,446.3916200736185,446.57935219702347,24474200
2024-05-21,450.3536682128906,450.5414003294952,447.4290454718327,447.6266677481299,23167700
2024-05-22,450.2647399902344,451.3614923460644,447.6661608786562,450.6105638917276,25120000
2024-05-23,448.2392578125,455.0765544193966,446.4508877649814,455.04691409303155,40899200
2024-05-24,452.4779968261719,453.7427009819922,448.1503283413245,449.8497773775448,29669500
2024-05-28,454.18731689453125,454.24659754757704,451.23305379035156,453.6932913505319,26216800
2024-05-29,450.98602294921875,452.7645027751896,449.899160765381,450.0375023855627,29739200
2024-05-30,446.1544189453125,450.19557408760653,444.8304342178574,450.05723247359657,30536800
2024-05-31,445.3244934082031,447.07336311604297,437.76590868384545,446.3817152995183,55941300
2024-06-03,447.715576171875,450.13628314754243,442.5480583361609,449.13837209312464,32997500
2024-06-04,448.9407958984375,450.1363293463118,445.73951982353225,447.45871917443645,23767400
2024-06-05,457.99127197265625,458.0703027841876,448.9802518119225,452.5076010658575,33817400
2024-06-06,457.83319091796875,458.98922386503307,456.6672979648091,458.6730403056571,21966800
2024-06-07,457.4281311035156,460.17491196915165,456.3215186904431,457.467661590533,25829700
2024-06-10,459.2757568359375,459.6314708938704,456.01520042833266,456.3017436759834,20660800
2024-06-11,462.4276428222656,462.5462342770449,456.5092266656226,458.001193404112,22053300
2024-06-12,468.484375,470.80630087751473,465.6585636171395,466.35018122447093,34532600
2024-06-13,471.0237121582031,472.6737707294216,468.7512067349177,472.01176323840133,25859000
2024-06-14,473.46417236328125,473.5333431716281,470.361677676087,470.8260628632491,23372600
2024-06-17,479.2640380859375,481.0425179080329,472.42674173146634,473.7309461963046,37054500
2024-06-18,479.4122619628906,480.0940196286849,477.6535322250408,479.2146698362232,24438600
2024-06-20,475.7169189453125,481.0227480217305,473.8890185540874,480.6077834849521,33918700
2024-06-21,474.4423828125,476.77419915118367,472.9504461150781,475.4403240994677,37456800
2024-06-24,469.0409851074219,474.9490265120443,468.90245380557906,473.2171889334799,37751000
2024-06-25,474.40478515625,474.70165954196335,470.1889876740023,471.129140230183,29014700
2024-06-26,475.38446044921875,475.92877037792846,473.16771802191516,473.58334212660935,22737100
2024-06-27,476.6116027832031,478.0861593754013,474.32557950230506,475.1370763918568,26222100
2024-06-28,474.1375732421875,482.14363827525386,473.4943252654725,477.40334252534984,34881600
2024-07-01,476.91839599609375,477.48245728594264,471.3171348061598,475.0579027852008,24898300
2024-07-02,481.9259033203125,481.98527819601577,475.2954269921551,475.4240826231297,26723600
2024-07-03,485.94378662109375,486.0724422579742,481.17380338161604,481.17380338161604,18064900
2024-07-05,491.0105895996094,491.44602546018973,486.4880122572662,486.7849168172166,28495900
2024-07-08,492.1783447265625,492.73253034096933,490.35744482196145,491.376753741408,22109400
2024-07-09,492.6038818359375,494.8107486472105,491.08976215311105,493.69247152313164,25614500
2024-07-10,497.739990234375,498.29417582384775,493.2174432132333,494.5237205593621,28046900
2024-07-11,486.8244934082031,498.05670338480786,485.6369657380776,497.84889132768484,49966600
2024-07-12,489.68450927734375,494.43468031357077,486.9333627636992,487.3984860685638,37109400
2024-07-15,491.000732421875,495.8103089222989,488.962114418248,491.45594988459715,31151400
2024-07-16,491.18878173828125,493.2669931402223,488.03188641552396,492.4554961793261,25950600
2024-07-17,476.7699279785156,483.72696575198995,476.70067742779014,483.21237345638946,56268800
2024-07-18,474.5136413574219,480.6690887882238,471.32705866428927,480.4909641521686,49347400
2024-07-19,470.3077087402344,476.690779451391,469.0212128794801,474.1771324025522,42042900
2024-07-22,477.31427001953125,478.3335790011108,472.75209900040915,476.1663054051844,40300000
2024-07-23,475.6319274902344,479.40238336168676,475.1569284518494,476.41373700871543,23282500
2024-07-24,458.5708312988281,469.2686376662744,457.7098653963061,468.90248253079744,58818600
2024-07-25,453.5138244628906,463.08347745644176,450.9012394618867,458.90727360561084,59256800
2024-07-26,458.1650695800781,461.0943407799324,454.9982686823399,457.848383450134,39992100
2024-07-29,459.0854187011719,463.05381067459047,456.8290828356766,460.8766312425985,28218500
2024-07-30,452.78155517578125,461.7178367342233,449.43662944102124,461.0152138765976,41317200
2024-07-31,466.1810302734375,467.88318054552457,461.56939023161044,463.01422923671885,44552100
2024-08-01,454.8894348144531,470.61450517713496,451.2476348425809,466.86386133368035,56653900
2024-08-02,444.09259033203125,448.8625725894834,439.8570120712716,446.2103945628348,66323200
2024-08-05,430.8514709472656,437.6996644326979,419.0552005838826,420.3021030311629,87483500
2024-08-06,434.9683532714844,442.4301081222253,430.04993302092026,432.6922358150409,63164400
2024-08-07,430.2577209472656,444.3400455113918,429.8618783945526,441.85608592677744,54929200
2024-08-08,443.4197082519531,444.33014311023425,432.61302829327946,436.48245194310226,47890100
2024-08-09,445.7354431152344,447.36831262214395,440.985241585035,442.10351876153544,33574000
2024-08-12,446.69537353515625,449.65433226208825,443.8947276771572,446.7052794147843,27795000
2024-08-13,457.779052734375,458.0462698402238,450.95067113228396,451.0892326243312,40084500
2024-08-14,457.9276123046875,460.2828863360715,453.6425338785786,458.6995159420648,34733700
2024-08-15,469.4962463378906,469.8920888985799,463.5189240086724,463.89498501162524,38280600
2024-08-16,470.0998840332031,471.46556648913753,466.75495864422777,467.71489267478665,38383600
2024-08-19,476.2751159667969,476.314709281999,468.4571123615935,470.23844913548015,23737700
2024-08-20,475.275634765625,477.92781315701507,473.5833602435094,475.36469707718084,29209300
2024-08-21,477.4923400878906,479.34292733029224,474.3453511879504,476.0573769337116,25658800
2024-08-22,469.92181396484375,480.50087108600786,468.89259906395546,479.8081238986909,37739600
2024-08-23,475.0182800292969,477.72983304685914,470.34726573430817,474.2661580883122,36061500
2024-08-26,470.40667724609375,475.3943780311616,468.32846606891127,474.47403729011756,27452600
2024-08-27,471.8119812011719,472.8807591898748,466.81437423876616,468.7738357857168,27510000
2024-08-28,466.4580993652344,472.06923634933787,463.0340174366107,471.3468319839668,37372400
2024-08-29,465.7752685546875,472.9698061378377,464.4986483367516,468.36807210677364,41081500
2024-08-30,471.3269958496094,471.95046219356595,465.6267968495416,470.10978079793205,33466500
2024-09-03,457.01708984375,468.41751833575614,454.64200434968836,468.2888929130331,44985200
2024-09-04,455.8295593261719,459.6297325855357,452.9794746829276,453.9097213390106,32505100
2024-09-05,456.255126953125,460.53026908790207,453.18729411410754,454.20660310052904,34452400
2024-09-06,444.0333251953125,456.43328283285973,443.53851438742817,455.5525050984152,50624400
2024-09-09,449.7433776855469,450.73299918390046,445.15154963762876,448.35791362802206,32981200
2024-09-10,453.8998107910156,454.404527431382,447.5365516543528,451.50491342000015,29680300
2024-09-11,463.75640869140625,464.49862479430976,446.5963760163785,455.1368141392579,57843000
2024-09-12,468.30865478515625,469.1201516067789,462.0047711018316,463.7860775972892,40067800
2024-09-13,470.40667724609375,471.5843292398022,467.34875045430647,467.57637427019046,29111800
2024-09-16,468.3284606933594,468.94202118034616,465.0132528878114,468.2789916995769,22585600
2024-09-17,468.5758972167969,472.64325748454945,466.082061787513,471.3468556724097,30084400
2024-09-18,466.5472106933594,473.86049863130677,465.94352581139685,469.7733867817461,39909200
2024-09-19,478.3434143066406,481.1836532649459,475.50320554918557,477.6011982117997,52782500
2024-09-20,477.4330139160156,478.6700408299841,473.335966280543,477.4824829122334,34577700
2024-09-23,478.6985168457031,479.78863625808964,477.2714569319046,478.60932938150205,24843000
2024-09-24,481.00762939453125,481.9589927229023,475.8543836428343,480.1058045832429,25952600
2024-09-25,481.45355224609375,483.40584748164935,480.20486720146965,480.3832421383325,26549900
2024-09-26,485.0707092285156,489.26270143246154,481.4336813987619,488.935650492815,32020200
2024-09-27,482.3751525878906,486.23020427686686,481.1958457378582,486.0914480623736,22851100
2024-09-30,483.6833190917969,484.0202596018101,478.5796124436247,481.41389274489046,30281100
2024-10-01,476.94439697265625,483.6139194959118,473.1091848680393,483.31662795419345,42735400
2024-10-02,477.61834716796875,479.53099347672526,473.42635462803594,476.0426111384499,23744000
2024-10-03,477.2615661621094,480.1949538329901,474.6849283697324,475.4281875265743,25337200
2024-10-04,482.9400634765625,483.4950278786583,478.0543806808698,483.0688998990654,30686600
2024-10-07,477.7669982910156,482.19682413323716,476.548042370329,481.0274369696279,24975100
2024-10-08,484.9022521972656,485.5860530274448,479.50125391077506,480.30397136476074,28272000
2024-10-09,488.7176513671875,489.29245536882917,483.5644061682119,484.6049568617026,24995000
2024-10-10,488.1626892089844,490.0257969581118,485.13019433844016,486.4383376827158,25750400
2024-10-11,488.9257507324219,489.9465223032904,485.7644497271091,486.32930368033,20644500
2024-10-14,493.02850341796875,494.3465361602604,490.80864606535613,491.3140416541778,26060100
2024-10-15,486.4383239746094,494.0195609373264,484.2878142839425,493.35556948418406,34784500
2024-10-16,486.497802734375,487.27079104064836,483.18782561554843,486.7653651407915,22996800
2024-10-17,486.834716796875,492.02761076485535,486.7752584875692,491.97807225486406,27210700
2024-10-18,490.0257873535156,491.1159067857121,488.8662898112495,489.61946873591097,25335000
2024-10-21,490.9672546386719,491.7699720639436,486.894178959246,488.81674495745733,30336500
2024-10-22,491.5024108886719,492.9790396580823,487.5482818189782,488.301460782079,26685800
2024-10-23,483.9707336425781,489.807810381201,480.6904854755737,489.15373865923567,39346600
2024-10-24,487.8951110839844,488.56899209054706,485.0409912405532,487.68697675640317,22024900
2024-10-25,490.8681335449219,495.7835452221233,489.9861182359376,490.6897586206183,38762100
2024-10-28,490.9474182128906,494.0393713144082,490.65012666208736,493.9799130042475,20477800
2024-10-29,495.6646728515625,496.8439798063239,489.41138819730327,491.2645761995589,28014100
2024-10-30,491.9186096191406,495.85292901449105,491.43302334965017,494.9015658306743,29756000
2024-10-31,479.5012512207031,488.00412245137545,479.40214395365643,487.954583939498,41245200
2024-11-01,483.0490417480469,486.33920932217706,480.83910402420423,481.13639556987664,33655800
2024-11-04,481.6418151855469,484.98152122615164,479.89762415814664,482.4445325917277,23291600
2024-11-05,487.7861022949219,488.45009377025474,483.1382526974681,483.2274401655053,24353600
2024-11-06,501.03594970703125,501.85850679379894,495.10971593005127,496.06107920229374,43082200
2024-11-07,508.9243469238281,509.70728521710686,503.7711019992823,503.83056030755586,32853100
2024-11-08,509.5190124511719,510.2919704920393,507.80452026333353,508.4288627704024,22924500
2024-11-11,509.22174072265625,510.94609229061626,506.3279717617133,510.7379579512957,24167500
2024-11-12,508.29998779296875,510.0342589618139,505.2476838428485,509.1523041657435,25835300
2024-11-13,507.6459655761719,510.35140934593795,505.36664976558126,507.7946415908849,24567400
2024-11-14,504.1180114746094,508.18113740505333,503.2062669199819,507.30907205086606,28679500
2024-11-15,492.1069030761719,498.80612454252906,490.04558089937717,498.41964553643646,51461100
2024-11-18,495.5258483886719,497.62681939854133,492.26544042699135,493.65285128763077,27080800
2024-11-19,498.9349670410156,499.4205835584643,492.612304704476,492.94927544853863,24523000
2024-11-20,498.6475830078125,498.95479434633813,492.096977151282,498.6376632087343,29565500
2024-11-21,500.4413146972656,502.4034993526954,493.08799140909434,501.68996941164187,34526700
2024-11-22,501.24407958984375,501.97741895532835,498.2611231276005,499.88639768637404,23826600
2024-11-25,502.036865234375,506.8532002381663,499.727820122481,505.3171131868859,26375200
2024-11-26,504.7323913574219,505.55494837109245,502.6710994101925,503.5134355358176,26557100
2024-11-27,500.7583923339844,503.67197027101724,497.41868646059413,503.60262241026015,24957400
2024-11-29,505.15850830078125,505.7531216213566,500.7683318681806,501.38275454356886,15334000
2024-12-02,510.65863037109375,511.6199436122003,506.03062055439545,506.417129810714,25147200
2024-12-03,512.2244873046875,512.5019997630951,508.755944494111,509.33074852467934,18597900
2024-12-04,518.5570068359375,518.8146796626284,514.9298686374995,515.6434288103802,26086200
2024-12-05,517.1200561523438,519.3299939278061,516.733546890651,518.6065744020088,18169600
2024-12-06,521.748046875,521.9858801083601,517.6551619389516,517.7839983547849,23762600
2024-12-09,517.6849365234375,521.6192257616104,516.5353285463648,520.8264281316256,20674400
2024-12-10,515.9209594726562,520.6580271192222,514.4938993957188,518.9138358600111,24350000
2024-12-11,525.1571044921875,525.8409052468438,519.875053656175,520.2813419948772,32168600
2024-12-12,521.7678833007812,524.2057949010591,521.2922168369533,522.9372703487448,23577500
2024-12-13,525.7617797851562,528.3780062636245,522.5607689543002,525.6924016663945,28780400
2024-12-16,533.3329467773438,534.3041797331767,528.2094313308821,528.2887292324265,31979900
2024-12-17,530.9843139648438,532.6492071689107,529.3293405604305,531.5392783661994,28579100
2024-12-18,511.8279724121094,532.0545625405334,510.3811335079535,530.3401310230003,54703200
2024-12-19,509.5487060546875,517.0705149732767,509.21179579232137,516.5056307829288,46441800
2024-12-20,513.9984130859375,520.1030827285903,504.7126629138714,505.852321010616,60530000
2024-12-23,519.006103515625,519.3833002478667,512.3159202923702,515.7106302984251,29672800
2024-12-24,526.0436401367188,526.1329411134772,520.3162608023672,520.9515457699987,17558200
2024-12-26,525.6863403320312,527.3142356084127,522.4206745678785,524.4158307733787,19090500
2024-12-27,518.6984252929688,522.5596938208661,514.0331448619471,522.1229428744699,33839600
2024-12-30,511.7997131347656,515.522001257147,508.0476479190875,511.70047635181544,34584000
2024-12-31,507.4521484375,513.8345947756108,506.4893152844088,513.0802618771279,29117000
2025-01-02,506.45953369140625,512.8221689652438,501.9729160194123,510.49943434648804,36389800
2025-01-03,514.747802734375,515.8099028942349,508.74252327822325,509.5564103096281,29059500
2025-01-06,520.6636962890625,524.0187233784725,518.1722957509822,520.1475802181556,36109700
2025-01-07,511.3728942871094,522.1030076792526,509.4869713360559,521.7059999662438,36690300
2025-01-08,511.4623107910156,513.1000813782965,506.7970304272541,511.2737124172426,30777800
2025-01-10,503.44195556640625,507.7994984696709,500.19613120906627,507.7002616861164,40532500
2025-01-13,501.82403564453125,502.2806278778251,496.00735411881755,497.4962694940487,31694200
2025-01-14,501.3475646972656,506.39004165996994,497.8833646668992,504.98052179626774,33737200
2025-01-15,512.8817138671875,514.0231792721111,507.680415704871,509.2388513156959,34957600
2025-01-16,509.28851318359375,515.2243034314204,509.1594689969779,515.1448776433202,28229000
2025-01-17,517.8843994140625,520.1971979799845,509.3181691473964,518.9861821179226,51837900
2025-01-21,520.921875,522.0832120911833,516.2169118563148,520.6042324328826,23628000
2025-01-22,527.5822143554688,529.8751413083515,525.3488415863966,525.6565483001042,33593000
2025-01-23,528.703857421875,528.8229657869698,524.5448186856646,525.1304247166951,23096600
2025-01-24,525.7161254882812,529.8453571094432,524.2470818339253,529.0810884811151,19878300
2025-01-27,510.4100646972656,514.1620993962705,506.3800397959972,507.2237644449725,60771700
2025-01-28,517.9539184570312,519.135127001106,507.9980395084438,511.4125906777684,33194200
2025-01-29,516.981201171875,518.7282048637726,513.0802502522747,518.5991606876129,26649000
2025-01-30,519.1846923828125,522.2121410225601,514.380493502768,519.8398489654351,27431300
2025-01-31,518.430419921875,527.5922543320232,517.3385728083707,523.0262105298103,38755200
2025-02-03,514.2811889648438,517.0009308639123,507.2733642921369,509.6754636986273,40580800
2025-02-04,520.5942993164062,521.2295844539116,514.4004206860424,514.7974890430145,26046800
2025-02-05,522.9566650390625,523.11551659981,516.7727228160936,517.9638671852232,21134100
2025-02-06,525.6863403320312,525.8948102853632,521.8548794809367,523.4629031663001,19434500
2025-02-07,519.0556640625,528.1678176426686,518.3310780658987,526.2223405922623,29605500
2025-02-10,525.3389282226562,526.4407109622551,522.8574028177311,523.3239005134812,20852800
2025-02-11,524.0882568359375,526.0039872775455,521.9442454321847,522.0732896066455,19325500
2025-02-12,524.3959350585938,525.2793726405877,518.0928847804781,518.4402741025981,25009400
2025-02-13,531.9398803710938,532.2574623508953,525.2794434932922,526.0635838146525,28714800
2025-02-14,534.1731567382812,534.8580601398642,531.7114424599516,532.0489565555039,17862600
2025-02-18,535.3840942382812,536.0094434356852,532.0786857068766,535.7414193270516,20565000
2025-02-19,535.532958984375,536.8134040559192,532.4955748508586,534.5899673809406,19666900
2025-02-20,533.2598876953125,535.1160636766159,528.5251788659228,534.7488027980122,26550800
2025-02-21,522.1923828125,534.421347555334,521.8251218909734,534.4014759647268,47093800
2025-02-24,516.0283203125,525.160347339716,515.6908667320525,523.9791386398983,39268400
2025-02-25,509.5267028808594,515.4823644051806,505.67537024840186,515.4029386213022,48940000
2025-02-26,510.75750732421875,515.8197951624629,507.59107833039616,511.7203707318304,34457600
2025-02-27,496.57305908203125,515.2341477107384,496.35468364163813,514.3010917647001,52448000
2025-02-28,504.4147644042969,505.02024211700774,493.2578045883236,496.4341695072467,47654000
2025-03-03,493.3768615722656,509.2486881332856,489.93250314963643,507.73993161461107,44587200
2025-03-04,491.8879699707031,500.0174498903787,484.1356867718227,490.5280988504062,67875400
2025-03-05,498.3002624511719,499.90828614862966,487.62970266721254,492.5331995401363,46323700
2025-03-06,484.59228515625,494.8955530213461,482.60706486522406,490.04170516165766,57574300
2025-03-07,488.15576171875,489.6347411717219,476.9789615630039,483.5599718062666,54714700
2025-03-10,469.2366638183594,480.39359355913183,465.19673274957023,479.87744712390025,76668000
2025-03-11,468.1149597167969,475.27167052229146,463.5588826960084,468.8594173402994,68760800
2025-03-12,473.39569091796875,477.50508157643935,468.3035955192933,475.61912817116786,46971100
2025-03-13,464.87908935546875,472.7604173080319,462.9832001082339,472.73064021166954,46563300
2025-03-14,476.1154479980469,477.00879118686527,469.6237683197262,470.2292763391657,43563000
2025-03-17,479.2024230957031,482.2497437290607,474.26914911026887,476.06577117794853,41744400
2025-03-18,471.03326416015625,476.0657749736721,468.91899953639006,475.86727110411596,39072300
2025-03-19,477.33636474609375,481.7435264527976,471.36083156550126,473.2864979024419,40430300
2025-03-20,475.7183532714844,480.9692391887988,472.66109702608003,473.355936252415,36780500
2025-03-21,477.28668212890625,478.0509810732746,469.4152905592447,470.57662752286865,42234900
2025-03-24,487.76043701171875,488.60541998448804,481.53742091872255,484.8576794709337,34567200
2025-03-25,490.5438537597656,490.70291186860106,487.5218407035887,488.4861096315565,26035200
2025-03-26,481.51751708984375,490.24562966600536,479.96673847902554,489.390696139039,34627100
2025-03-27,478.77386474609375,483.70454516246133,477.41196560654595,479.55920474042404,33469800
2025-03-28,466.1687927246094,477.68034714960163,465.28403763438615,476.974551402309,46363800
2025-03-31,466.1488952636719,467.08331235256605,454.6273605455005,459.19026229129486,53000300
2025-04-01,469.9065856933594,470.8310825660288,461.6755176682955,464.538472789733,41156200
2025-04-02,473.3361511230469,476.7260031222664,463.1069521266998,463.3654253458386,49894500
2025-04-03,447.9967956542969,457.3511902166352,447.4798795534505,453.742637111202,70456300
2025-04-04,420.1722106933594,437.7675929050692,420.1722106933594,435.55079068681124,117088400
2025-04-07,421.1861572265625,440.5212273303754,400.01204418212296,406.24497996843866,161557000
2025-04-08,413.60125732421875,440.52124286102435,407.3683213181599,435.5706616527368,101248100
2025-04-09,463.2461242675781,465.06529634282225,412.97496569005153,413.11415290728195,142876900
2025-04-10,443.5432434082031,452.89763762867176,430.07333074405074,450.8796353482819,108384100
2025-04-11,451.7146911621094,453.09649143953806,438.7219217931667,442.0223093443537,52483800
2025-04-14,454.7765197753906,462.30176158755654,449.955174921676,461.7152518499013,43941200
2025-04-15,455.2834777832031,459.64754944257936,453.4543549864483,455.83024573579985,35404200
2025-04-16,441.5550842285156,449.94520996662885,435.17304059444126,446.37642892854547,48980600
2025-04-17,441.4755859375,445.10401010316673,438.7517574071589,444.5274509761507,44837000
2025-04-21,430.55047607421875,436.4851969411389,425.40109511314887,435.6402443758458,44149300
2025-04-22,441.8533020019531,444.93495790304166,435.0338262355641,436.2267468236976,52304400
2025-04-23,451.8737487792969,460.641633756553,450.20368411807647,455.46243104941027,55801100
2025-04-24,464.5882263183594,464.8963919630137,453.13628372441656,453.7824668540816,45956100
2025-04-25,469.76739501953125,470.2942617606861,462.639783263479,464.210432874224,38697100
2025-04-28,469.6182556152344,472.0040665388327,463.27595392675005,470.23458681729716,33550800
2025-04-29,472.7198486328125,473.60460372916896,466.81494870601875,467.3915381780168,30613100
2025-04-30,472.66015625,474.37994353629085,459.6972091439361,464.36944608517086,46810600
2025-05-01,478.83343505859375,484.300932012728,477.898987697636,480.5532222946606,43316500
2025-05-02,485.94122314453125,488.00894827712347,481.9648613296433,483.66477784831574,39218100
2025-05-05,483.058349609375,486.14003597307794,481.2391774925475,481.73622270162116,28309500
2025-05-06,478.5650939941406,482.1835675083398,475.36412148604,476.7260205679887,32786300
2025-05-07,480.4438781738281,482.9291041737698,473.9624196873836,479.2310866723673,38006300
2025-05-08,485.4044189453125,489.78836133137906,481.30877127503675,485.642990937839,39577600
2025-05-09,485.0863037109375,488.63521379310254,483.326774588034,487.31305654497106,27767400
2025-05-12,504.8488464355469,504.88861854839246,498.51649505607935,503.99391286415016,45090600
2025-05-13,512.5431518554688,514.3325026354601,505.4155095627927,506.15112683099704,53269600
2025-05-14,515.6148071289062,516.1615447200978,512.7021295054291,513.7161211405411,47014500
2025-05-15,516.181396484375,518.845551249811,512.1254910070218,513.46754933804,50153300
2025-05-16,518.4281616210938,518.6170412486316,514.0441884093638,517.5831482665423,48394600
2025-05-19,518.9251708984375,519.442117353632,511.2010686059385,511.2010686059385,52536200
2025-05-20,517.1954345703125,517.8515075410328,513.6067220946634,516.4001137065187,42517600
2025-05-21,510.0081481933594,519.909311026266,508.2187974987168,513.2191016405527,71292800
2025-05-22,510.9625244140625,514.6506220653856,509.2725584046473,510.6245069423915,55607200
2025-05-23,506.2306213378906,508.8152626278632,502.59224657648224,503.1887069260503,58368100
2025-05-27,518.1397705078125,518.6269257716245,511.5490069592283,513.099785560271,47226300
2025-05-28,515.8434448242188,520.5852756508032,515.326559052752,519.0941399870436,46637200
2025-05-29,516.857421875,523.3687019543887,514.2628604553026,523.2196247969079,58513300
2025-05-30,516.0422973632812,517.6030267064441,508.9047349583655,516.3703642123456,67662800
2025-06-02,520.1181030273438,520.3566750351536,512.9208369697641,514.18335129797,44762800
2025-06-03,524.1838989257812,525.6153916465726,519.6011563664897,520.4660102317107,44070300
2025-06-04,525.645263671875,526.7089478092026,522.8617616763219,524.889745168766,41359300
2025-06-05,521.688720703125,529.8999177687056,519.5713031286073,527.0468829475419,61031200
2025-06-06,526.7883911132812,528.6572860020211,525.0885352856423,526.8679353376542,42467000
2025-06-09,527.5637817382812,529.2039944759547,525.8837665533798,527.0070935472497,33688700
2025-06-10,531.0531005859375,531.7390254485366,525.7645319173196,528.0310266756026,40664800
2025-06-11,529.263671875,533.607902979141,526.9772759658763,532.4547240748923,53701000
2025-06-12,530.5062255859375,531.4804753804111,527.7029442130614,527.9514667987352,34104900
2025-06-13,523.8458862304688,528.7268432784747,522.6231138097035,524.5616021772432,55814400
2025-06-16,531.132568359375,532.2062030416474,527.3152949826874,527.3649873706377,37622100
2025-06-17,525.9534301757812,530.1783148927323,524.790300579849,528.5678931016404,42180900
2025-06-18,525.8638916015625,529.4028511373086,524.2833217813045,526.9673174269449,43983500
2025-06-20,523.7166748046875,530.4068839390565,521.7781863439574,529.1145785233912,61643500
2025-06-23,529.1017456054688,529.6192118620138,521.1400908129034,524.2849177292203,50666100
2025-06-24,537.1927490234375,538.1083222601969,533.6995634797794,534.3165868287479,45442000
2025-06-25,538.5661010742188,540.7058200544818,536.7946645040316,539.4618115177252,44804200
2025-06-26,543.6018676757812,544.0497229160504,538.9244439782782,540.7456288167091,43811400
2025-06-27,545.4629516601562,547.3538082383178,541.9299187322695,544.6369129629151,57577100
2025-06-30,548.9959716796875,550.1503850048523,546.3785725646466,548.6177881825827,45548700
2025-07-01,544.3682250976562,548.0704264374054,542.0493759591154,547.0950823478822,56166700
2025-07-02,548.1599731445312,548.3590266820488,543.5024119311546,543.5421983416136,36538300
2025-07-03,553.553955078125,554.5292991491806,550.528547956803,550.528547956803,26443500
2025-07-07,549.3840942382812,551.6830197478901,546.9458251844275,550.8669428006658,45349300
2025-07-08,549.6925659179688,551.3545443122363,548.4584584278795,550.7275591514004,36153300
2025-07-09,553.5838012695312,554.957191559505,550.448875446199,551.8222657361728,43045500
2025-07-10,552.7876586914062,554.6287670725607,550.1005880395711,554.2207589895446,34710900
2025-07-11,551.5436401367188,553.1259849885996,549.4039211443059,550.6479296881262,39618600
2025-07-14,553.5440673828125,554.280510790838,548.9860026438791,551.3346764161255,36453300
2025-07-15,554.0514526367188,558.1119130375835,553.9917426635853,557.5645614934275,43277700
2025-07-16,554.6188354492188,557.5248833529374,548.9163193085661,554.6089344039383,52314700
2025-07-17,559.107177734375,559.6147429299454,554.5392124594489,555.3453275516479,40423800
2025-07-18,558.56982421875,562.0231629422733,557.2959302535468,560.4208944407413,50484700
2025-07-21,561.4658813476562,563.3468370391857,559.3660092861638,559.3958946507648,39595200
2025-07-22,558.5598754882812,561.6449925970527,555.9325146805868,561.5952444003194,43270600
2025-07-23,561.1075439453125,561.1473303500087,556.8978386154415,559.6446191045442,40215300
2025-07-24,562.3018188476562,563.5259038068097,560.590031519654,562.4212388074466,42275500
2025-07-25,563.6553344726562,564.9789766749151,561.5654242523398,562.2222340881906,30630800
2025-07-28,565.4168701171875,566.3125198933016,564.1529379000713,565.0187630549528,31498700
2025-07-29,564.5410766601562,569.3678058353573,563.8145950597007,568.0243008153843,45463300
2025-07-30,565.2974243164062,567.88493787487,562.3416283337683,565.4566306884598,43433800
2025-07-31,562.3018188476562,571.8757036606775,561.1672684870435,571.7861083195327,64613600
2025-08-01,551.2251586914062,556.3405363278684,549.0356915374143,556.1514446022372,69400800
2025-08-04,561.3961791992188,561.6151562999452,556.2709001900665,556.3703965814645,47669800
2025-08-05,557.5845947265625,563.8444243211386,557.047144120063,562.6800492447384,48666600
2025-08-06,564.600830078125,565.0387235781728,557.9428929652461,558.4205728770752,41823700
2025-08-07,566.5115356445312,570.5719965866228,562.4013265086303,568.9298809926769,44463000
2025-08-08,571.7960815429688,572.0150586353669,567.4172078636645,567.7157577691117,35255500
2025-08-11,570.104248046875,574.0353274481827,568.8304148017489,571.9354554685915,33112900
2025-08-12,577.2697143554688,577.568264258411,569.7459530883017,572.4031383383943,42143300
2025-08-13,577.5584106445312,580.5241078283162,576.1650966595718,579.9667943828545,41209300
2025-08-14,577.1105346679688,579.0909866487473,575.139983732242,575.508266162602,45425000
2025-08-15,574.57275390625,577.060771050305,572.811218330625,577.0209239007323,49480200
2025-08-18,574.3438720703125,575.0007426774456,572.4828399211221,573.6771004174088,29831000
2025-08-19,566.5513916015625,573.7964659713523,565.5262993771687,573.6272978127284,53752600
2025-08-20,563.1876220703125,565.7253875756548,556.1614636230435,565.6059676042936,76781100
2025-08-21,560.5802001953125,563.774775630925,558.2911756152315,561.6450181787756,46436900
2025-08-22,569.2284545898438,571.238791941298,560.5702032580724,561.9634564557491,51502100
2025-08-25,567.58642578125,570.542161218221,566.4319517221652,567.6660593438861,34044700
2025-08-26,569.8653564453125,570.1738681264644,566.0736209319145,567.0987131018536,34103000
2025-08-27,570.7411499023438,571.6567231694875,567.6361094810705,568.8502933885167,36927100
2025-08-28,574.3140258789062,575.2295992365423,569.7161747720991,571.3582297430389,46787900
2025-08-29,567.666015625,572.273828233091,565.8148847062891,571.9055458127416,56030400
2025-09-02,562.908935546875,563.257233673264,556.8580604404501,558.6195961337324,65876800
2025-09-03,567.3375854492188,568.9597775003773,564.0135677896833,566.5015849549442,54230200
2025-09-04,572.4728393554688,572.8410610450118,566.3026052373926,568.0043701424134,47526300
2025-09-05,573.298828125,578.3345721151251,568.7905728965633,577.707586970244,68342500
2025-09-08,576.0953979492188,578.0559870759845,575.0006946855148,575.5977945125156,46371400
2025-09-09,577.7276000976562,578.155531799883,574.2742003720782,576.8915995273586,44007600
2025-09-10,577.9166870117188,580.9719796320359,575.7769677758832,580.942094267134,49308000
2025-09-11,581.2804565429688,582.0766099053841,578.8322257294989,580.4444560297375,44745800
2025-09-12,583.8480224609375,585.0422828265267,581.3002953608963,582.2357922273038,50745900
2025-09-15,588.843994140625,588.9534523182087,585.4702282697297,585.6195335974215,44360300
2025-09-16,588.3463134765625,590.0182535112544,587.6596183960106,589.7694518261646,36942100
2025-09-17,587.1720581054688,588.9136701422223,581.5690385221046,588.2667613743852,69384800
2025-09-18,592.4666137695312,595.2731046813599,590.1179399259114,592.0585449007204,61069300
2025-09-19,596.477294921875,597.1739519747998,592.9940703998658,594.4670180741508,58196100
2025-09-22,600.0083618164062,600.6759063866804,595.5446250028239,595.56457167487,57154800
2025-09-23,596.0228881835938,600.376978885606,594.8072966999976,600.1776946146698,64635500
2025-09-24,593.9305419921875,597.7167610032964,591.2005236200914,597.3979183069385,49850300
2025-09-25,591.3699951171875,592.9541745739684,586.3582716088486,590.0448183593098,70920200
2025-09-26,593.8009643554688,594.1297803627111,588.9088608410209,592.1868651388552,54337400
2025-09-29,596.5509643554688,599.858888854889,595.2357610619866,596.929586249639,48332900
2025-09-30,598.18505859375,598.5238479838199,593.9305790157047,596.2521164355429,46533800
2025-10-01,601.0545043945312,601.592517201177,594.1696797218984,594.9966151966095,46899600
2025-10-02,603.5254516601562,604.9502399376884,600.7356543050928,604.8506282086944,43765400
2025-10-03,600.9848022460938,605.1197232184186,599.2013385970163,604.3027001978111,46482100
2025-10-06,605.498291015625,607.1422494333636,603.7645725777412,606.2355880916678,41962100
2025-10-07,602.3099365234375,607.4910236381941,600.835342343377,606.8035324139453,58209500
2025-10-08,609.2147216796875,609.523591030116,603.0572205300643,603.2066381307736,50629800
2025-10-09,608.4774780273438,609.3841394863078,605.2691650224094,609.2546077331658,45551000
2025-10-10,587.3545532226562,610.9483641105261,586.9061788056832,609.1748739271294,97614800
2025-10-13,599.8190307617188,600.7556121211176,595.056398092238,597.497493628088,65872600
2025-10-14,595.8236694335938,600.4966033203683,587.9823159734815,593.1434568492728,69203200
2025-10-15,600.0283203125,604.4920576664449,593.7612333108135,601.8118449118447,62805500
2025-10-16,597.8064575195312,606.0961859916426,593.3328076253713,602.9078195311333,70982000
2025-10-17,601.7320556640625,603.306322454893,594.1995718879336,595.7738386787643,72024900
2025-10-20,609.3143310546875,610.5697551235123,604.8606284241672,604.9303809627713,45761700
2025-10-21,609.1549682617188,610.4900574537519,607.1024677916307,609.41403175621,44538200
2025-10-22,603.286376953125,609.1848147458128,597.5573034367524,608.5969960402966,61478800
2025-10-23,608.3578491210938,609.1449520725764,602.3199065464308,602.7084409478078,42844300
2025-10-24,614.8540649414062,616.1692681518385,612.8912638677524,613.7481193370727,47632500
2025-10-27,625.80419921875,626.2624862060553,621.7589773359792,622.2471843336021,54098600
2025-10-28,630.6165161132812,632.3701204498367,626.9598898422056,628.0658354818435,61195700
2025-10-29,633.4561767578125,634.69165413006,627.9562469711387,633.276839153424,67422800
2025-10-30,623.7715454101562,631.1944440896802,623.6619603385896,629.869267455657,61628600
2025-10-31,626.7805786132812,631.8919134270566,624.4092354874234,631.8619934183905,66305100
2025-11-03,629.7796020507812,633.5059808284601,627.5576766411583,632.7985429356352,37154300
2025-11-04,616.996337890625,624.6683271251044,616.2092348629542,621.0117005353788,63830800
2025-11-05,621.0116577148438,624.3195213581258,614.9637416360841,616.2390515684897,48688500
2025-11-06,609.4439086914062,619.7761638844125,608.078899450419,619.5270737190788,72115100
2025-11-07,607.5208740234375,607.730131632313,596.4911554011275,606.0960857298178,81835400
2025-11-10,620.9617919921875,622.0378784586748,614.644899897251,616.6674802752618,55919900
2025-11-11,619.307861328125,620.4536395227035,615.2726130875191,618.3115007347396,44868800
2025-11-12,618.8196411132812,622.5858524528388,615.5615225825271,622.5659665942537,47444400
2025-11-13,606.185791015625,615.8703865003098,603.8742272112875,615.2924803459697,71333600
2025-11-14,606.6441040039062,611.1177533949825,594.9966460866717,597.3679891941105,80087300
2025-11-17,601.4630737304688,610.2509824067986,597.686888568112,604.0934805750228,63850400
2025-11-18,594.1397705078125,600.1179339423381,589.1878876531316,597.4377215700049,83327300
2025-11-19,597.6868286132812,603.9539148983285,592.4260762649179,594.897031094223,73111500
2025-11-20,583.5385131835938,611.7953468701894,582.6218784315797,609.3940836964333,117743200
2025-11-21,587.9224853515625,594.807310091711,578.6264242609341,585.3319113971087,103344200
2025-11-24,602.9575805664062,604.4720682054578,592.9939741263881,593.1135933516537,60168100
2025-11-25,606.674072265625,608.0390815394395,595.1461718391749,601.3136469136847,57560900
2025-11-26,612.034423828125,613.9474190856081,608.1685399702174,610.2808195033393,42393600
2025-11-28,616.996337890625,617.0660904342964,613.1802595402138,613.8677508272276,23034400
2025-12-01,614.923828125,617.1855860502521,610.2907880213397,611.3967336448243,40957600
2025-12-02,619.7362670898438,621.4798980663827,615.3423437866954,617.2055331651553,54541800
2025-12-03,621.2507934570312,621.9481972408511,615.7807833814271,617.3649627124794,47841600
2025-12-04,620.6728515625,622.6655726885474,617.2852013230104,622.6555993528335,47067800
2025-12-05,623.2036743164062,626.6311575742,621.4401572213803,622.1077018660956,53614200
2025-12-08,622.0079956054688,626.5513972974647,619.4273950138578,624.9273247300189,43462400
2025-12-09,622.775146484375,623.5921694288306,618.7398984397635,620.7425928652799,37156000
2025-12-10,625.3258666992188,626.920080160108,618.7299643381673,621.5795410824109,55031400
2025-12-11,623.3033447265625,623.5026290294861,615.4719033941835,621.5497401616841,58272800
2025-12-12,611.3867797851562,621.2706598008424,609.1349951238292,619.8160122611713,75158700
2025-12-15,608.3179931640625,616.1693197420918,607.102462393675,616.1195138735233,49538200
2025-12-16,609.5235595703125,611.2771638485672,604.7011478051123,606.0462710202155,55152800
2025-12-17,598.224853515625,611.4167192166101,598.0953825829183,610.8288396926666,70654300
2025-12-18,606.8931884765625,610.6992932536183,604.7111563372118,607.5806797208244,78875800
2025-12-19,614.8043212890625,615.3722541519244,609.6431804668954,609.722906345813,60369800
2025-12-22,617.7513427734375,620.1855972768566,616.3147325600856,619.8862552767364,43703100
2025-12-23,620.6444702148438,620.9437513214359,616.3247143117193,616.7437078609482,41120400
2025-12-24,622.4602661132812,622.8094781897531,620.2554500580117,620.524833532521,18468700
2025-12-26,622.4202880859375,624.0464530908596,621.672054895625,623.1884327551913,28959800
2025-12-29,619.4074096679688,621.312944373981,617.2724362589381,618.6392040742111,32458300
2025-12-30,617.9707641601562,620.7142858196408,617.7612369489017,618.3798323976478,31226800
2025-12-31,612.8628540039062,618.4995685313527,612.6034567489972,618.1903012408169,40746500
2026-01-02,611.6757202148438,621.3827805917631,608.7127456204436,618.5993746796253,61859200
2026-01-05,616.5341796875,619.3475438678657,615.2671519649484,617.8610636312775,46828400
2026-01-06,621.951416015625,622.550039153126,617.0829067758982,617.7712838046286,43137500
2026-01-07,622.550048828125,626.4607976434537,621.0934661514185,621.5723159557587,44880300
2026-01-08,619.0083618164062,621.9514248328863,616.3446684463296,621.5623898130801,50435900
2026-01-09,625.173828125,626.4108973206594,617.6016810573577,619.946120817708,49688700
2026-01-12,625.6925659179688,627.368601054656,620.7941591397378,620.8440291770474,37388700
2026-01-13,624.7647705078125,627.9871421828441,622.2307758506613,625.7923733874012,44481400
2026-01-14,618.0905151367188,621.9813522711377,613.1122798122711,620.7741807448011,72598700
2026-01-15,620.3153076171875,628.5159146085045,619.2877047511574,625.1238996016858,53934900
2026-01-16,619.7965087890625,624.6051616315584,617.4221104790464,624.0265108868263,61058100
2026-01-20,606.6276245117188,613.611135001854,605.6199939698072,609.0918377338978,81988900
2026-01-21,614.8282470703125,618.958448118544,606.4280383777512,608.0342310571399,79837900
2026-01-22,619.2976684570312,620.9936758988773,616.3247080096578,620.8838887514372,42254800
2026-01-23,621.2530517578125,623.9267921630139,617.1926928942361,618.2701049354484,43645800
2026-01-26,623.9866333007812,626.1315320367429,620.654474506515,621.7419335987944,35983000
2026-01-27,629.6432495117188,630.5510790290263,625.8621995501378,627.428447510711,38997200
2026-01-28,631.7283325195312,635.1003753282191,630.3216807638972,633.9631070350727,50691700
2026-01-29,627.947265625,632.1772678570734,616.8135816536253,631.159712042883,79944000
2026-01-30,620.4050903320312,626.780052376051,617.8411370320566,624.2360714484229,65650700
2026-02-02,624.6650390625,627.0094788951942,617.2026180242116,617.2425627681274,49020300
2026-02-03,615.0676879882812,628.4959413976924,609.5207880738473,626.8199062679399,81234000
2026-02-04,604.3230590820312,613.6510093064408,599.0554677378625,613.5712416010163,81850700
2026-02-05,595.6236572265625,603.3852988890579,593.3589849842447,598.7961590682759,89354500
2026-02-06,608.2138671875,609.9696699932801,597.3594924154261,598.7761302609774,78019300
2026-02-09,612.8728637695312,615.0078372205985,603.6446538426547,606.1088060763491,56797600
2026-02-10,610.029541015625,615.566515685603,609.5706636004911,613.8605219833995,53938900
2026-02-11,611.6657104492188,616.0653561148772,606.2584951427149,614.9280269463444,58575100
2026-02-12,599.22509765625,614.3593449076634,598.1576109292407,613.2619605146361,81378900
2026-02-13,600.5020751953125,605.0513310342399,595.0150312237765,599.0155948438262,69237500
2026-02-17,599.8834838867188,602.527265543405,591.9422745141455,596.9703796848319,69013800
2026-02-18,604.3629150390625,608.3335807359596,599.3048511606997,600.691591343514,64250700
2026-02-19,602.0484008789062,604.3929016136949,599.3348375008546,601.3899824064425,60960800
2026-02-20,607.3758544921875,608.912204870808,597.818404566386,598.7063226521155,74127300
2026-02-23,599.9932250976562,606.5777139403463,597.6387991893799,605.1809875790976,63859100
2026-02-24,606.4380493164062,607.5554060860559,598.3172099190714,600.9809641013653,55023700
2026-02-25,615.227294921875,615.3769659271486,609.5606824638733,609.6305248735758,55710700
2026-02-26,607.8048095703125,614.1398874724765,602.5571907580546,614.1398874724765,96178900
2026-02-27,605.859375,606.8869778398549,600.7714135107487,601.5595305738112,68125200
2026-03-02,606.6575317382812,608.4831769130049,596.5812880631398,597.449233707877,75264600
2026-03-03,600.1629028320312,602.5373012472795,590.4757543096065,594.925270014521,97015500
2026-03-04,609.311279296875,611.4362666076488,602.0085154373871,602.7367763187228,70943900
2026-03-05,607.4755249023438,611.316491745462,600.8412272682934,605.9691332548557,89602400
2026-03-06,598.337158203125,604.5724349663923,596.9205203720956,598.8958365654587,86302300
2026-03-09,606.3283081054688,607.8347607375977,589.9370196014203,592.83015152989,93068200
2026-03-10,606.3383178710938,611.8452732023572,603.9938171455258,606.3483040570791,64078900
2026-03-11,606.2584838867188,610.9873082570145,603.6047767674571,607.5155254821397,60114800
2026-03-12,595.8530883789062,602.7168865412752,595.6435611395323,601.3401324342583,71836600
2026-03-13,592.3213500976562,602.1780807449821,591.1740956767717,598.3172021392496,63145500
2026-03-16,598.9656982421875,602.4374809704295,597.6986704778886,598.6264723831473,49077200
2026-03-17,601.8887939453125,604.4727195335382,600.4521836848432,601.7192114600242,47106600
2026-03-18,593.4986572265625,601.7391485345295,593.1594313501803,600.0730994941966,56128000
2026-03-19,591.623046875,594.3964663870662,585.6970372512312,588.1213056121308,75597600
2026-03-20,580.6888427734375,589.777367794347,577.177115328303,589.6676415345306,91964700
2026-03-23,587.3545532226562,594.426798587646,585.316814476339,589.8718065319924,89936100
2026-03-24,583.3389282226562,587.2846043834495,581.291190762444,584.168034177979,57750900
2026-03-25,587.1747436523438,590.7208345412774,585.0470769253521,588.4933019738706,60475500
2026-03-26,573.1600952148438,583.9882223389391,572.8005050402526,581.9604215239336,81492100
2026-03-27,561.9624633789062,570.3932010852176,560.953562318283,570.1834096572744,82702200
2026-03-30,557.6671752929688,567.4264087803426,554.990063621082,566.7571613464482,70602600
2026-03-31,576.54638671875,578.0048059355398,563.5906539497258,563.6705222317372,95878000
2026-04-01,583.6685791015625,587.0948065489223,579.7828346644924,580.8416686249938,79435100
2026-04-02,584.3378295898438,585.4066623334502,571.2921684003409,573.3399058573888,50941700
2026-04-06,587.85400390625,589.9616731281693,584.04818857967,585.5864761740653,35108500
2026-04-07,587.9439086914062,588.33343423744,577.7650922119919,584.9971348275072,49948200
2026-04-08,605.4246826171875,609.2304976949432,601.4590090396181,608.0418015962135,63086000
2026-04-09,609.5202026367188,609.8298599139192,602.3680889271087,605.2648690435934,37837500
2026-04-10,610.3992309570312,612.9963525292593,608.9108762966896,611.1684052317679,34038500
2026-04-13,616.7122802734375,626.0519920071752,607.4424380458482,608.8109292631304,32972100
2026-04-14,627.909912109375,627.909912109375,619.4192432257902,619.5391066149297,49921100
2026-04-15,636.7003173828125,637.1298380333551,627.5104045058445,628.389443361703,50102400
2026-04-16,639.7669067382812,641.4750515662109,634.5626649382287,638.508341093032,42320600
2026-04-17,648.1376953125,649.2864572780229,643.3629742993419,644.8813252169399,53488900
2026-04-20,646.0799560546875,648.0478251654257,641.8146849601577,647.3285838511964,37138500
2026-04-21,643.6226806640625,649.4862317832127,641.5050128476822,647.6981578004061,39580500
2026-04-22,654.390869140625,654.6106593494021,647.8081371457112,649.4363527672372,37368400
2026-04-23,650.7048950195312,656.1988574654163,644.8114082493845,652.8325617169355,40099800
2026-04-24,663.1512451171875,663.7805584259092,655.8093378063087,657.7871447947734,45563100
2026-04-27,663.5008544921875,663.7006471456002,659.9647623025988,662.6718094811696,32717000
2026-04-28,656.8281860351562,658.9159186391063,653.0923012400261,656.6883250827437,34147900
2026-04-29,660.84375,660.9935487523345,655.8692364466933,657.906975030037,31724900
2026-04-30,667.0069580078125,668.165718724101,656.8381407338443,664.6195670718752,40622200
2026-05-01,673.4099731445312,675.2279215792395,668.0658095505829,668.425399726581,39172600
2026-05-04,672.141357421875,675.9871067346722,668.165745937857,673.9193717407993,34542000
2026-05-05,680.8617553710938,682.0205161358222,676.7662804889583,677.2157986999623,37101100
2026-05-06,695.0062255859375,695.1660231170968,685.7263848294704,687.0250065058129,38778500
2026-05-07,694.1771240234375,700.4701959320079,691.0106209986512,695.8153383268437,43779100
2026-05-08,710.44921875,710.44921875,698.7321150158692,699.1516368844667,44320400
2026-05-11,712.5069580078125,713.805579696499,708.1317613118729,709.5801817559162,36019100
2026-05-12,706.463623046875,709.4003981235137,695.8752835015275,707.4425277497028,45873000
2026-05-13,713.9254760742188,715.8633489513101,704.0563165931343,709.1806902070881,40012500
2026-05-14,718.9998168945312,721.2374091114184,713.4359241362712,713.8355094170396,33327500
2026-05-15,708.1517944335938,714.3450008365951,704.7754998097428,709.3604881552494,51792700
2026-05-18,705.1051025390625,711.2883097073819,698.0827906816122,710.7588622671137,49834500
2026-05-19,700.7599487304688,705.714465040699,694.4868131207006,699.0418050981273,46827500
2026-05-20,712.3671875,712.3671875,703.0174157954351,704.5157692199168,36779200
2026-05-21,713.7256469726562,716.3327671783537,705.9941534147096,708.2116871156971,36415400
2026-05-22,716.7523193359375,721.3273088449104,715.1640988544713,717.2817668085307,33118600
2026-05-26,729.4783935546875,730.3673702569255,723.3650554496121,725.1631283460116,34254700
2026-05-27,728.6492919921875,732.515039000156,724.6436840304248,732.155448805963,35148700
2026-05-28,734.79248046875,735.7913827320126,725.6125662306399,728.9289290608506,32840000
2026-05-29,737.49951171875,740.815874477768,734.4428732975097,737.0300569298091,37541700
2026-06-01,741.9246826171875,744.8315224447946,735.1820921097265,736.2309273283665,33890600
2026-06-02,745.3408813476562,745.6206032443648,738.4184960219842,741.5850600741305,30085200
2026-06-03,743.39306640625,747.828194840854,740.1965670083828,746.4896389980919,40270200
2026-06-04,739.7969970703125,742.6838392688934,731.815777671541,734.6726235372454,40782600
2026-06-05,704.2860107421875,730.8867822650427,703.5468328396532,729.2585667367451,99606600
2026-06-08,715.283935546875,722.2363170978037,712.2872288217055,717.0220156925686,47401500
2026-06-09,707.052978515625,724.863361278284,685.6165148330579,722.1863106332692,91932200
2026-06-10,692.9285278320312,710.4992458337158,692.1693523412803,700.8897497708573,65334300
2026-06-11,716.332763671875,717.5813914617661,694.2370511794155,698.5223198057862,71798900
2026-06-12,720.5481567382812,723.2152086039907,710.4992028084189,716.8222099862159,51168400
2026-06-15,743.1832885742188,743.9424640540115,736.5705604269921,737.2897407963812,46710200
2026-06-16,729.0587768554688,743.4029984406948,728.8390476265988,741.4351902855873,45348700
2026-06-17,721.7168579101562,734.8723831709506,720.058646070882,734.38293083454,51669300
2026-06-18,739.8070068359375,741.005701773832,731.7059239216511,736.390778085872,50154600
2026-06-22,737.9500122070312,745.4500122070312,734.3900146484375,742.02001953125,43518600
2026-06-23,713.6500244140625,723.6099853515625,712.1099853515625,715.739990234375,53354200
2026-06-24,710.6199951171875,719.9299926757812,704.4500122070312,715.3699951171875,52480400
2026-06-25,716.3800048828125,726.8300170898438,705.2999877929688,725.9000244140625,49668000
2026-06-26,706.52001953125,715.5599975585938,702.8099975585938,707.1300048828125,47081800
2026-06-29,724.0800170898438,724.5800170898438,705.1699829101562,713.989990234375,44939100
2026-06-30,736.4000244140625,737.6199951171875,723.9099731445312,724.1799926757812,42121800
2026-07-01,725.1699829101562,731.9199829101562,724.5999755859375,729.1900024414062,40803800
2026-07-02,712.5999755859375,730.8300170898438,707.5599975585938,725.5800170898438,50959800
2026-07-06,722.8200073242188,726.0800170898438,718.4500122070312,719.9299926757812,30220400
2026-07-07,709.4299926757812,716.3499755859375,704.9000244140625,714.1699829101562,42483100
2026-07-08,711.4400024414062,712.260009765625,700.9099731445312,704.9500122070312,35603200
2026-07-09,723.280029296875,724.22998046875,715.1300048828125,718.3300170898438,33654700
2026-07-10,725.510009765625,726.3900146484375,717.0,720.7000122070312,26415900
2026-07-13,711.739990234375,718.739990234375,710.0800170898438,717.719970703125,36552400
2026-07-14,719.6900024414062,722.2899780273438,714.3400268554688,720.219970703125,29448100
2026-07-15,717.739990234375,724.3599853515625,710.22998046875,723.8499755859375,32627600
2026-07-16,705.9400024414062,713.5999755859375,702.6099853515625,712.010009765625,39402000
2026-07-17,695.3300170898438,702.2999877929688,686.760009765625,691.6500244140625,54109300
2026-07-20,696.0599975585938,705.7999877929688,695.510009765625,702.1599731445312,29687600
2026-07-21,708.969970703125,710.0499877929688,702.7999877929688,706.5700073242188,33728300
2026-07-22,705.3499755859375,709.6500244140625,703.6199951171875,703.6199951171875,23692200
2026-07-23,691.9600219726562,698.6599731445312,687.7899780273438,694.6699829101562,44028600
2026-07-24,684.22998046875,692.6300048828125,682.47998046875,690.4099731445312,42783600
