Date,Close,High,Low,Open,Volume
2015-01-02,169.68780517578125,170.88553383109766,168.6552891653052,170.47252742690722,121465900
2015-01-05,166.6233673095703,168.8122970325031,166.31774648892383,168.647096929558,169632600
2015-01-06,165.05389404296875,167.4493262708284,164.2609161597577,166.92893414109756,209151400
2015-01-07,167.11070251464844,167.44937089898684,165.92950987204858,166.37555138501293,125346700
2015-01-08,170.0761260986328,170.2908976139129,168.49845034263765,168.51496153307292,147217800
2015-01-09,168.71315002441406,170.5055966664213,168.10189588592164,170.4890728778248,158567300
2015-01-12,167.39151000976562,169.0022452562674,166.78852411875266,168.84530078782205,144396100
2015-01-13,166.9207000732422,169.72913908899594,165.62385367921945,168.60576096190292,214553300
2015-01-14,165.91299438476562,166.11124206931527,164.0214299016989,164.91351297227266,192991100
2015-01-15,164.39312744140625,166.86289849504993,164.2774861138506,166.54902209394717,176613900
2015-01-16,166.54893493652344,166.70587935692328,164.00481445771456,164.1865382493404,211879600
2015-01-20,166.90415954589844,167.4493310684787,165.34299571593226,167.1850008985163,130991100
2015-01-21,167.7467498779297,168.22583901130292,165.9790822636024,166.44164760507718,122942700
2015-01-22,170.24122619628906,170.37337865214468,167.127154720781,168.49833885740782,174356000
2015-01-23,169.30787658691406,170.24127526039032,169.17571148901422,169.98520065672528,117516800
2015-01-26,169.7043914794922,169.7952534260455,168.3827780615787,169.09314984264265,92009700
2015-01-27,167.4658660888672,168.60575536241527,166.63985315825929,167.655845533799,134044600
2015-01-28,165.31825256347656,168.74620170511815,165.12827308965936,168.64708417164115,168514300
2015-01-29,166.8463897705078,167.1024518135914,164.1122758358799,165.51650818201227,173585400
2015-01-30,164.748291015625,166.99504739330268,164.48397340858196,165.67343415017112,197729700
2015-02-02,166.78851318359375,166.8793751012651,163.43490302874275,165.24387318713673,163107000
2015-02-03,169.20050048828125,169.20876868484345,167.30893625739085,167.68063958790245,124212900
2015-02-04,168.55616760253906,169.6465105332436,168.10185804807884,168.44052631630873,134306700
2015-02-05,170.25778198242188,170.40647086465165,169.14267208350574,169.21701022264207,97953200
2015-02-06,169.78695678710938,171.18292062670562,169.26656461865574,170.62122529181084,125672000
2015-02-09,169.0270538330078,169.8613224730138,168.62230290257145,169.14269515542406,87219000
2015-02-10,170.8277130126953,171.0837749758462,169.06830163446324,170.05952712324256,96164200
2015-02-11,170.92684936523438,171.35637961746548,170.01824270561735,170.6625317819855,91087800
2015-02-12,172.5706024169922,172.62842936615894,170.95987988674725,171.7198101932229,97545900
2015-02-13,173.28102111816406,173.33057988581692,172.43848425618765,172.6945588956595,93670400
2015-02-17,173.55357360839844,173.72704186582325,172.7193051039149,172.96709889458353,76968200
2015-02-18,173.57012939453125,173.64446754543653,172.91757201491595,173.18190224563585,80652900
2015-02-19,173.44618225097656,173.80962993740306,172.83494078194687,172.97536146007414,91462500
2015-02-20,174.48696899414062,174.56130712996128,172.41366855501633,173.0331782281016,140896400
2015-02-23,174.4622039794922,174.4622039794922,173.85920543986055,174.2391769497112,74411100
2015-02-24,174.95777893066406,175.15602655116896,174.09046292139425,174.38782805017374,72472300
2015-02-25,174.8091278076172,175.3129962204007,174.47045946703403,174.83390718824936,73061700
2015-02-26,174.60256958007812,174.87515528514623,173.99957123070615,174.7182108545961,72697900
2015-02-27,174.00791931152344,174.7678498363769,173.95836054311377,174.5035195995795,108076000
2015-03-02,175.1065216064453,175.1643359693863,174.0574814403365,174.10704020970294,87491400
2015-03-03,174.38787841796875,175.15607714083993,173.52883035557673,174.67698803921306,110325800
2015-03-04,173.65269470214844,173.86746613042823,172.6862610867606,173.7931153877391,114497200
2015-03-05,173.84266662597656,174.12350796464634,173.33879829297229,173.97481910043814,76873000
2015-03-06,171.3976593017578,173.41313258921616,171.06725921697512,172.9836023958344,188128000
2015-03-09,172.1080780029297,172.46325756122909,171.4390094552801,171.5959539499552,89818900
2015-03-10,169.3161163330078,170.8277214133803,169.27481316828494,170.74512768789077,157121300
2015-03-11,168.9196319580078,169.7456448282181,168.8370256294043,169.57217657973325,110145700
2015-03-12,171.0673065185547,171.13337647061587,169.497874171987,169.5474329380123,93993500
2015-03-13,170.0182647705078,171.75288458432593,168.98574847515465,170.7947190412468,162410900
2015-03-16,172.28976440429688,172.38062632334677,170.04300840956867,170.74512438440473,136099200
2015-03-17,171.77764892578125,172.15760780310515,170.96814720565243,171.5546219127697,94510400
2015-03-18,173.84266662597656,174.51173500502452,170.6707677637426,171.30680117516405,228808500
2015-03-19,173.0497283935547,173.85096203452886,172.6615012642596,173.4296999300412,117917300
2015-03-20,174.57716369628906,175.08328115532012,173.81384128696973,173.9963762827,177715100
2015-03-23,174.2369842529297,175.1579516761038,174.2369842529297,174.5854567022096,71784500
2015-03-24,173.25799560546875,174.56891073329592,173.1916180726312,174.112585767895,77805300
2015-03-25,170.71905517578125,173.69768758352507,170.67758030693514,173.46537261303482,159521700
2015-03-26,170.3125762939453,171.2252389858429,169.3584133966899,170.05537123840853,153067200
2015-03-27,170.70252990722656,170.87675986583287,170.00557209213895,170.19641226043072,118939000
2015-03-30,172.7850341796875,173.08372670196508,171.71472669332005,171.73131157884472,96180400
2015-03-31,171.2749786376953,172.66058888963727,171.21690621635824,171.96363121206426,126768700
2015-04-01,170.66934204101562,171.2667272448523,169.68199669966828,171.24183724971087,137303600
2015-04-02,171.2832794189453,171.73131187302016,170.4203842819018,170.6029193047295,86900900
2015-04-06,172.43658447265625,172.9509945167097,170.262774121107,170.39551652393973,114368200
2015-04-07,171.980224609375,173.20817713321736,171.94704217801407,172.46145215552548,81236300
2015-04-08,172.56103515625,173.0007752267654,171.81431007882907,172.2042701655457,89351900
2015-04-09,173.32440185546875,173.55671694575037,171.90562131555046,172.39514149434225,85548900
2015-04-10,174.27023315429688,174.3117206984161,173.37416803447064,173.57328798988937,72722900
2015-04-13,173.48196411132812,174.75970915796123,173.4321841386416,174.1291290766868,74436600
2015-04-14,173.81382751464844,173.99636249591538,172.66054522039738,173.28282011283966,75099900
2015-04-15,174.59378051757812,175.09989806919253,174.19552802686758,174.27850309836572,99529300
2015-04-16,174.54400634765625,175.05012391611444,174.06277876943213,174.26191135152382,68934900
2015-04-17,172.5360870361328,173.5981018667744,171.75616712545826,173.35749447273557,191113200
2015-04-20,174.11257934570312,174.44445433742973,173.3741467279249,173.45710914574687,92189500
2015-04-21,173.9051055908203,174.95052291608002,173.60641311785812,174.79287790809778,72559800
2015-04-22,174.75973510742188,174.94227014118775,173.3243448273341,174.24531243943684,78264600
2015-04-23,175.19944763183594,175.84661259165944,174.2452850760431,174.36144256472383,102585900
2015-04-24,175.60606384277344,175.87157401630265,175.15803125022026,175.6143689483349,61327400
2015-04-27,174.87591552734375,176.2946957863419,174.685075365081,176.17024581984043,79358100
2015-04-28,175.43182373046875,175.4816037200731,173.68115568812917,174.85103608471604,86863500
2015-04-29,174.70993041992188,175.30730275659872,173.90512042855713,174.54398029617153,125684900
2015-04-30,172.95932006835938,174.52745303792176,172.26236223504856,174.13749290674085,161304900
2015-05-01,174.83441162109375,174.87589915945125,173.63964141362536,173.73920137750798,103399700
2015-05-04,175.3322296142578,175.9130171469318,175.14969458110048,175.25754698417074,70927200
2015-05-05,173.32440185546875,175.44844543267956,173.1833543120994,175.09166769103237,113326200
2015-05-06,172.61085510253906,174.17898825634953,171.54883966822416,173.87200317837147,135060200
2015-05-07,173.29942321777344,173.72257829166836,172.17933588972457,172.51121080317245,88244900
2015-05-08,175.58116149902344,175.7802941151666,174.8842163328538,174.96719142130206,155877300
2015-05-11,174.7430877685547,175.80510257500316,174.6684178197142,175.5396052034986,75708100
2015-05-12,174.22036743164062,174.75967991935306,173.09197515207248,173.9133825446233,119727600
2015-05-13,174.25363159179688,175.24926925428832,174.02131655922287,174.62699413270371,94667900
2015-05-14,176.07066345214844,176.1619309693813,174.99205079218353,175.26585334388207,95934000
2015-05-15,176.26156616210938,176.4026137198134,175.78033838041236,176.26156616210938,76510100
2015-05-18,176.80908203125,177.05798191288406,176.02916197488247,176.09553949672417,74549700
2015-05-19,176.75099182128906,177.19903691566,176.46889685681396,176.92523439359275,72114600
2015-05-20,176.62657165527344,177.37329672479893,176.31128154758866,176.85058157999936,76857500
2015-05-21,177.14097595214844,177.34840098253736,176.31956827412938,176.48551842661584,64764600
2015-05-22,176.71786499023438,177.17419001036424,176.65148744943588,176.75933987553972,57433500
2015-05-26,174.8177947998047,176.65143744720314,174.40294478240588,176.228282326917,124308600
2015-05-27,176.47720336914062,176.7095183772556,174.8675831984737,175.27414079278412,93214000
2015-05-28,176.27806091308594,176.38591330006497,175.58940841986788,176.1701958658901,74974600
2015-05-29,175.18287658691406,176.25318413307215,174.91737914129027,176.21170925672558,124919600
2015-06-01,175.53968811035156,176.17854818800532,174.7514627440418,175.8466731518273,93338800
2015-06-02,175.36546325683594,176.05411605389597,174.46109293042386,175.08336818147808,91531000
2015-06-03,175.83004760742188,176.45232269634687,175.34052757592013,175.8964251361335,87820900
2015-06-04,174.34486389160156,175.78024133719322,174.02957384242922,175.12478391204863,151882800
2015-06-05,174.04617309570312,174.71822807219536,173.39070300390694,174.1955130192715,121704700
2015-06-08,172.97589111328125,174.08769898352278,172.90122113504552,173.93834636683118,89063300
2015-06-09,172.95098876953125,173.49030144767775,172.32042123131572,172.95098876953125,105034700
2015-06-10,175.02523803710938,175.40690566336218,173.65623790120128,173.71431032637201,134551300
2015-06-11,175.58946228027344,175.97111729320704,175.23268460099652,175.46499965066585,73876400
2015-06-12,174.2453155517578,175.46497572633368,173.97151299621842,174.7680306723529,135382400
2015-06-15,173.49859619140625,173.78069119959363,172.40338593342784,173.1086361141157,124384200
2015-06-16,174.4444580078125,174.5274330875997,173.17501778043052,173.3492477236761,85308200
2015-06-17,174.7266082763672,175.33229869786726,173.70608030540652,174.7266082763672,126708600
2015-06-18,176.5436553955078,177.00828560781102,174.75980454608148,175.3239947581,165867900
2015-06-19,175.7599334716797,176.3769028647515,175.3847547107031,176.30186965691723,130478700
2015-06-22,176.66030883789062,177.24392145490066,176.45187485168697,176.67698711889116,70696000
2015-06-23,176.78536987304688,177.11887189486686,176.39352567033555,176.8687485589522,68476800
2015-06-24,175.50143432617188,176.89377196974425,175.47642326301445,176.51859330058082,92307300
2015-06-25,174.9677734375,176.1266655445187,174.89274027819164,176.00161027900472,97107400
2015-06-26,174.93441772460938,175.56805222983465,174.3841491501316,175.32626177053552,104174800
2015-06-29,171.26608276367188,174.94286233194813,171.1910495614959,173.45881296493582,202621300
2015-06-30,171.6245880126953,172.85018114556345,171.1493523105692,172.80014629128402,182925100
2015-07-01,173.00022888183594,173.44210796677788,172.21651496611176,173.19198460957617,135979900
2015-07-02,172.841796875,173.6421889804988,172.4249289021321,173.4754443357118,104373700
2015-07-06,172.34988403320312,173.12525230369525,171.35773628956693,171.55783748282298,117975400
2015-07-07,173.4337615966797,173.55881690458054,170.17385087151584,172.55000349604325,173820200
2015-07-08,170.52403259277344,172.38326041458043,170.29058751747044,172.09979321197,164020100
2015-07-09,170.83248901367188,172.87515224406943,170.72411199229873,172.61668341636218,144113100
2015-07-10,172.9835205078125,173.40038845669895,170.87416970419113,172.82510865174763,129456900
2015-07-13,174.89280700683594,175.0011840376992,174.20080458943872,174.24249393444856,106069400
2015-07-14,175.65147399902344,175.95996493406554,174.79272703637704,174.85109465607158,81709600
2015-07-15,175.5930938720703,176.15169532040034,175.11785836901134,175.69313809511496,97914100
2015-07-16,177.00222778320312,177.00222778320312,176.40193659978752,176.6437145411433,106683300
2015-07-17,177.1522216796875,177.21058930613975,176.5852873062746,176.99380980423336,89030000
2015-07-20,177.24392700195312,177.7358281715561,176.92711598383323,177.3773278105306,70446800
2015-07-21,176.54360961914062,177.36901289331283,176.2434641305146,177.11054402998832,77965000
2015-07-22,176.2267303466797,176.56023229667733,175.8265407284811,175.85988456258156,88667900
2015-07-23,175.23460388183594,176.4601966622729,174.876103554315,176.3601524260903,90509100
2015-07-24,173.41705322265625,175.39300307541941,173.08356397825546,175.33464818245892,117755000
2015-07-27,172.4082489013672,173.04189635575844,171.96636987227896,172.53331692506057,132361100
2015-07-28,174.5260009765625,174.6677346045176,172.41664939979887,173.24204009917298,123544800
2015-07-29,175.7265167236328,175.95161625375798,174.5092567292299,174.65099030361242,105791300
2015-07-30,175.76821899414062,175.9349636396938,174.6009810316665,175.21795021419427,91304400
2015-07-31,175.50143432617188,176.29348101036186,175.21796712918638,176.26846994720444,103266900
2015-08-03,174.90948486328125,175.52645413611395,173.95902625052986,175.46809922643948,113965700
2015-08-04,174.56759643554688,175.2929424713495,174.08402817107913,174.83438526178543,81820800
2015-08-05,175.14291381835938,176.1767382349005,174.85943393213935,175.4597248225571,85786800
2015-08-06,173.7089080810547,175.43473505916185,173.12528267877659,175.32634530357268,116030800
2015-08-07,173.3753662109375,173.70052268121708,172.47492997282495,173.55045633576466,117858000
2015-08-10,175.55978393554688,175.64314989691428,174.4842574429596,174.4842574429596,80270700
2015-08-11,173.9756622314453,174.64265347090495,173.2169595375375,174.22578553646764,126081400
2015-08-12,174.18408203125,174.36750492522754,171.2159846149572,172.67502226681563,172123700
2015-08-13,173.96731567382812,174.70934002948377,173.42537976890287,174.02567056469158,89383300
2015-08-14,174.60098266601562,174.67601584894675,173.63384590223302,173.77557948836994,72786500
2015-08-17,175.57650756835938,175.57650756835938,173.5505346596282,174.0090921251245,79072600
2015-08-18,175.06781005859375,175.65142247534735,174.83436509189232,175.3012550252952,71692700
2015-08-19,173.68385314941406,175.09285600718206,172.87512838151815,174.3258205748909,172946000
2015-08-20,170.05711364746094,173.65884614356457,169.998746027617,172.17479724965054,194327900
2015-08-21,164.93800354003906,170.03213129099785,164.67954740121536,168.18956903137342,346588500
2015-08-24,157.9929656982422,164.64617515076566,152.07343524562975,156.31716098493249,507244300
2015-08-25,156.13377380371094,162.953729466756,155.8419610598146,162.937051181498,369833100
2015-08-26,162.1282958984375,162.4034175624489,157.0508343737949,160.1440002975013,339257000
2015-08-27,166.1385955810547,166.26365090686062,162.75362906333933,164.26268936314614,274143900
2015-08-28,166.14688110351562,166.61377114946035,165.01299982544998,165.49656815069264,160414400
2015-08-31,164.8046112060547,166.02187149373609,164.254342334015,165.1714571207478,163298800
2015-09-01,159.8855438232422,162.386751628339,159.0184513266002,161.0110797024553,256000400
2015-09-02,162.9203643798828,162.96205372669115,160.42748901365306,162.26170577699753,160269300
2015-09-03,163.0370635986328,165.1214034229012,162.54516245333764,163.62900898451664,152087800
2015-09-04,160.56919860839844,161.62804679436817,159.75214096468508,160.78597809066974,207081000
2015-09-08,164.60447692871094,164.75455600996594,162.7202383253575,163.36221854722507,116025700
2015-09-09,162.40342712402344,166.3053181540487,162.03659397647715,166.18026284486263,149347700
2015-09-10,163.28717041015625,164.42938444737737,161.95318796879775,162.2116440453836,158611100
2015-09-11,164.0292205810547,164.0959209857846,162.1866584755701,162.8953391442491,119691200
2015-09-14,163.42063903808594,164.2543752944909,162.9370704827544,164.2043531545955,79452000
2015-09-15,165.46324157714844,165.90512061114862,163.37890171043026,163.92082498705662,113806200
2015-09-16,166.89724731445312,167.0890157322511,165.42154392267057,165.76337869686665,99581600
2015-09-17,166.52210998535156,169.1567191508858,166.14693127954274,166.76390058189295,276046600
2015-09-18,163.80088806152344,166.50785238419843,163.3902416722408,164.0187945909634,223657500
2015-09-21,164.64735412597656,165.66978848327827,163.5997658860086,164.6305891335132,105726200
2015-09-22,162.51026916503906,162.97121054142366,161.37886876736252,162.48512807068556,153890900
2015-09-23,162.2504425048828,163.1471712270909,161.67217185447925,162.67785382616628,92790600
2015-09-24,161.66375732421875,162.12469855128106,159.70267587228614,161.0352045931169,159378800
2015-09-25,161.62191772460938,163.42376437043987,160.75031715338602,163.12205844777677,155054800
2015-09-28,157.5655975341797,160.83407948138324,157.2555156054115,160.72512624676162,178515900
2015-09-29,157.65786743164062,159.01555075995716,156.6605611802042,157.78358571852925,159045600
2015-09-30,160.59945678710938,160.76706833242253,158.76408031426854,159.54347975454826,163452000
2015-10-01,161.01844787597656,161.3201536899569,159.08250756457684,160.97654180415807,131079000
2015-10-02,163.42373657226562,163.44887766254922,158.495878269638,159.04063173097632,211003300
2015-10-05,166.33184814453125,166.5581307533342,164.5383778401069,164.647331093964,126320800
2015-10-06,165.76194763183594,166.7592535071073,165.09987760721134,166.19774784370665,110274500
2015-10-07,167.11962890625,167.4716169552266,165.50214631315984,166.69220479911124,124307300
2015-10-08,168.6281280517578,168.91306888019523,166.4323752043093,166.73408101910707,153055200
2015-10-09,168.72869873046875,169.2063921622075,168.1001459916969,168.77060480397452,107069200
2015-10-12,168.88790893554688,169.08903759766096,168.37668560611306,168.8040968010418,56395600
2015-10-13,167.82354736328125,169.4242644172241,167.6559358910424,168.158770307759,88038700
2015-10-14,167.01904296875,168.34319572404036,166.72572600400844,167.76492510688843,99106200
2015-10-15,169.5835723876953,169.59194848911545,167.31239568460623,167.68114875415054,134142200
2015-10-16,170.3545684814453,170.37132068160702,169.22316836151685,169.98581547086303,114580100
2015-10-19,170.4383544921875,170.4383544921875,169.39915549426513,169.70923741616932,76523900
2015-10-20,170.220458984375,170.83224672217682,169.7511416628866,170.00256531023766,78448500
2015-10-21,169.16455078125,170.79039695586204,168.9969264357949,170.639550390483,102038000
2015-10-22,172.02230834960938,172.23182592847675,169.16449829269143,170.111509053374,174911700
2015-10-23,173.90802001953125,174.2767731177643,172.89396178733242,173.6901262741854,144442300
2015-10-26,173.4805908203125,173.79067280838166,173.1118377599379,173.73201452401705,69033000
2015-10-27,173.14535522460938,173.48057828002285,172.46650743729634,172.81011938125604,77905800
2015-10-28,175.11483764648438,175.1399787397741,172.8185325397445,173.48060264294352,135906700
2015-10-29,175.0142364501953,175.38298945811434,174.49463691427613,174.6119662542559,90525500
2015-10-30,174.260009765625,175.52550452719265,174.10078709710965,175.20703361427752,131076900
2015-11-02,176.3216094970703,176.51436208500124,174.46109241234478,174.58681062981634,86270800
2015-11-03,176.8328857421875,177.3860153733307,175.74339147149564,175.96967410022543,95246100
2015-11-04,176.29649353027344,177.25189329467037,175.76012897461092,177.12618784722594,96224500
2015-11-05,176.1204833984375,176.81608334110962,175.23213085100582,176.35514207934628,78408700
2015-11-06,176.02835083007812,176.26302237316085,174.70421047805144,175.7769398695307,110471500
2015-11-09,174.3857421875,175.56742487175757,173.43871826193913,175.41656550519926,131008700
2015-11-10,174.7880096435547,174.82153963021315,173.63985696539157,173.9080329189441,75874600
2015-11-11,174.1007537841797,175.10643573134107,174.03370661597697,175.05615355217398,67846000
2015-11-12,171.67031860351562,173.53083570794695,171.6535664046923,173.0615183821333,121315200
2015-11-13,169.74270629882812,171.52779963951733,169.65890696461457,171.2596238669258,153577100
2015-11-16,172.3240509033203,172.3827219761185,169.44108635756888,169.5584285031652,117645200
2015-11-17,172.19833374023438,173.51409767680042,171.703875251433,172.63413394816544,121123700
2015-11-18,174.93038940429688,175.07285980385765,172.6340852387526,172.67597851843675,121342500
2015-11-19,174.7795867919922,175.19862199754098,174.48625703293217,174.81310398174264,88220500
2015-11-20,175.41648864746094,176.0953235296875,175.03935957821705,175.53381797540212,94011500
2015-11-23,175.21534729003906,175.97798147252328,174.75440611077713,175.4751470125494,64931200
2015-11-24,175.45004272460938,175.85231293454058,173.82418410838238,174.2096893297508,98874400
2015-11-25,175.42489624023438,175.77688426159057,175.16508368329,175.57574276884174,51980100
2015-11-27,175.62603759765625,175.82717910489592,175.03939085313215,175.51708434940895,37317800
2015-11-30,174.89691162109375,175.9025935308499,174.78795837832422,175.78526418784404,112822700
2015-12-01,176.56468200683594,176.68202415007264,175.24891800729733,175.5254827993396,97858400
2015-12-02,174.76283264160156,176.8328677084274,174.51140894509155,176.51439684031868,108441300
2015-12-03,172.3156280517578,175.28239116925315,171.59488711086138,175.0142153336303,166224200
2015-12-04,175.67633056640625,175.96966035065273,172.3156725330037,172.3156725330037,192913900
2015-12-07,174.61195373535156,175.76848206425177,173.64816520867367,175.34944691037563,102027100
2015-12-08,173.43873596191406,174.56174767713273,172.45819473701914,173.05323058526028,103372400
2015-12-09,172.08937072753906,174.88852275963552,171.1172060065192,172.80173567385899,162401500
2015-12-10,172.53359985351562,173.84098801561115,171.92181186236954,172.15647062028702,116128900
2015-12-11,169.1896514892578,171.08368593413098,168.8795567545404,170.42161596421371,211173300
2015-12-14,170.04452514648438,170.17024341333217,167.57221935379252,169.34893777928676,182385200
2015-12-15,171.8295440673828,172.73466148106345,170.0193092400215,171.55297934754117,154069600
2015-12-16,174.3438262939453,174.64553222215346,171.63686183037441,172.9526260256554,197017000
2015-12-17,171.68711853027344,174.72092956664895,171.67035354010022,174.65388239389682,173092500
2015-12-18,168.62844848632812,171.08173725286912,168.46826542354154,170.94685776256094,251393500
2015-12-21,170.01956176757812,170.19660966654243,168.6875281416203,169.80037124585664,99094300
2015-12-22,171.56231689453125,171.85739236404658,169.9183562341986,170.9047326303982,111026200
2015-12-23,173.68685913085938,173.7290146149224,172.47285322851093,172.56559014783053,110987200
2015-12-24,173.40020751953125,173.94820307781427,173.18101701464653,173.43393705200427,48539600
2015-12-28,173.0039825439453,173.0461251635995,171.93329500535015,172.7089070220809,65899900
2015-12-29,174.8502655029297,175.17905768630865,174.0662275518134,174.09994421962654,92640700
2015-12-30,173.61097717285156,174.6901035548786,173.46765881575018,174.60579258526704,63317700
2015-12-31,171.87429809570312,173.57727952894433,171.87429809570312,172.93655982743095,114877900
2016-01-04,169.47157287597656,169.4799988274123,167.42293464087555,169.02475303297206,222353500
2016-01-05,169.75814819335938,170.21339382314133,168.65374434447867,169.7918648509552,110845800
2016-01-06,167.61680603027344,168.66218976902232,166.58827419024678,167.21212890813374,152112600
2016-01-07,163.5954132080078,166.45337941363837,163.20760085423277,164.67452645671497,213436100
2016-01-08,161.79974365234375,165.1129693840645,161.513106924341,164.5565478315544,209817200
2016-01-11,161.95993041992188,163.05590878200323,160.02933257438642,162.71867774379808,187941300
2016-01-12,163.26663208007812,164.0169532623226,161.14212210067134,163.4015244612569,172330500
2016-01-13,159.19468688964844,164.27832698024162,158.81531325949402,163.93267001905855,221168900
2016-01-14,161.80819702148438,162.9294662682444,158.2083468158371,159.8017267214328,240795600
2016-01-15,158.33474731445312,159.13564997514615,156.40414983282272,157.45797250848364,324846400
2016-01-19,158.5454864501953,160.27375793421498,156.97739804546177,160.14730437901238,195244400
2016-01-20,156.5137176513672,158.07338014777642,152.61036773180177,155.99102579083947,286547800
2016-01-21,157.3905487060547,159.2284095391439,155.66227669927426,156.98588434296087,195772900
2016-01-22,160.6194610595703,160.82178680616093,159.2368460469932,159.99559332480396,168319600
2016-01-25,158.19146728515625,160.30753909929825,157.99756746780884,160.11363928195084,130371700
2016-01-26,160.34962463378906,160.6278353098517,158.5117644188856,158.84898246402852,141036800
2016-01-27,158.6045684814453,161.49625239213077,157.7024898893812,159.82700049285475,185681700
2016-01-28,159.43077087402344,160.34970142152963,157.78680960462017,160.1473756431723,143798800
2016-01-29,163.31724548339844,163.45213789098824,160.07990488553142,160.19793252616049,210529300
2016-02-01,163.25823974609375,164.04229067887618,161.73230623370387,162.314018537112,136061600
2016-02-02,160.3159637451172,161.84189715589827,159.7932588700517,161.83347120425384,182564900
2016-02-03,161.27700805664062,161.68167232000985,157.73616680805867,161.36974495700076,205054900
2016-02-04,161.52996826171875,162.4994801181011,160.14735322560009,160.77964692255767,139531800
2016-02-05,158.45278930664062,161.5889669028916,157.82049564391338,161.01569349009503,180788300
2016-02-08,156.31983947753906,156.90997760538158,154.11103125730858,156.61491497348354,191526700
2016-02-09,156.32823181152344,157.60125756788545,154.448216157082,154.58310851845235,184513100
2016-02-10,156.193359375,158.7815407475706,156.06689295648195,157.15444498113396,148214100
2016-02-11,154.16165161132812,155.20704860463027,152.66943471812618,153.72325766393695,219058900
2016-02-12,157.3399200439453,157.3567719419821,155.08895670778122,155.93201471521544,127632400
2016-02-16,159.99557495117188,160.02086566659136,158.18300507119434,159.14409084927416,120250700
2016-02-17,162.60911560058594,162.98006337146887,161.03258757433346,161.15905405843492,136009500
2016-02-18,161.9430389404297,162.93785425898483,161.63111153758322,162.8788340130157,102343000
2016-02-19,161.86715698242188,162.01890126735088,160.56041434022336,161.1674172080311,114793000
2016-02-22,164.2108612060547,164.35417954418443,163.37622902795616,163.4436752219077,103640300
2016-02-23,162.1369171142578,163.8230330766072,162.01887664741122,163.55324834789022,111455300
2016-02-24,162.8788604736328,163.15707125544148,159.60780302749964,160.71220733876964,150812200
2016-02-25,164.85159301757812,164.86003183247877,162.5669125237012,163.32565975002663,110728300
2016-02-26,164.47219848632812,165.81265775224122,164.31201539215382,165.71993371250397,129833700
2016-02-29,163.18235778808594,165.43332184054452,162.9884579866063,164.48910068824537,125918100
2016-03-01,167.0182647705078,167.1025757382741,163.93266859254652,164.4047791383236,141799700
2016-03-02,167.7685546875,167.81913611307817,166.29320307592653,166.70630615822336,102415000
2016-03-03,168.42616271972656,168.44302748531464,167.0182570982276,167.59153048775184,95172200
2016-03-04,168.97412109375,169.7497458306991,167.79384495325377,168.62003825160113,129293600
2016-03-07,169.10903930664062,169.5137165001027,167.97934441899835,168.05521656875482,100219000
2016-03-08,167.26271057128906,168.54416239847214,167.10254034893043,168.03833529114226,123974900
2016-03-09,168.08889770507812,168.43454168691312,167.28798236364202,168.07203294419438,94801200
2016-03-10,168.2238311767578,169.51372208535355,166.40283520236756,168.57792694871588,156838700
2016-03-11,170.93849182128906,170.980647308,168.2069912334791,169.67390440425157,137964500
2016-03-14,170.7192840576172,171.17452982159008,170.10385517875008,170.43264735941028,73612000
2016-03-15,170.44107055664062,170.74457201573492,169.49684951236813,169.75819548969022,93169100
2016-03-16,171.4274444580078,171.8321216399689,169.91837600042388,169.96053148155067,129303200
2016-03-17,172.51502990722656,173.02085718598437,170.94694090138395,171.34317934497128,134278500
2016-03-18,173.1929168701172,173.53187424367286,172.701419627185,173.01495584424373,138372400
2016-03-21,173.4386749267578,173.66747828660118,172.70143545996896,172.9302388198123,72926700
2016-03-22,173.34544372558594,173.91320443773537,172.5065197008016,172.66751604840624,97471900
2016-03-23,172.20143127441406,173.15052214507975,172.0319396786009,172.96409173399994,81052500
2016-03-24,172.12522888183594,172.15913238773123,170.95581653642625,171.1761376031501,84360900
2016-03-28,172.2268829345703,172.7522707695527,171.77775857297658,172.5404191676539,62408200
2016-03-29,173.82003784179688,173.9302048376433,171.51509085287833,171.82015774642338,92922900
2016-03-30,174.58267211914062,175.3029598090337,174.21828063922183,174.81994487938724,86365300
2016-03-31,174.15902709960938,174.9132185388764,173.99801775913662,174.48951519253762,94584100
2016-04-01,175.34530639648438,175.5317368130374,172.85392985745173,173.16747897459658,114423500
2016-04-04,174.77752685546875,175.47240613852486,174.47246010955988,175.26902399778817,63497000
2016-04-05,173.0319061279297,174.78603056334993,172.7776816347166,173.43865755883377,99662200
2016-04-06,174.92161560058594,174.98094025112778,172.85394205681024,173.03190307804113,91839800
2016-04-07,172.82855224609375,174.1928772216563,172.09978214243185,173.83696804503958,113859000
2016-04-08,173.2946014404297,174.4386052040037,172.7607312933758,174.00641968290486,95040600
2016-04-11,172.8878631591797,174.62504892364467,172.79464793483095,173.9301694457003,83757500
2016-04-12,174.49794006347656,174.7775857523279,172.6166966514925,173.05735163971852,115350600
2016-04-13,176.2605438232422,176.3452896414696,175.27754922554817,175.41313736255353,96336400
2016-04-14,176.26898193359375,176.76896148372217,175.92155517350372,176.31983717373794,65212900
2016-04-15,176.0740966796875,176.40458465081758,175.7520781174189,176.26899652666287,75761600
2016-04-18,177.31129455566406,177.34518511746666,175.41309983487633,176.07407569837335,82531000
2016-04-19,177.87060546875,178.12482998523546,177.05710253247176,177.73503026630098,88316100
2016-04-20,178.04006958007812,178.7349360253094,177.4384054150759,177.91295087628632,81100300
2016-04-21,177.08248901367188,178.16716800323152,176.8113128010852,178.057001050569,85695000
2016-04-22,177.08248901367188,177.35365229586503,176.18424043766717,176.72657993244698,99251700
2016-04-25,176.77745056152344,176.81982346782792,175.87071950211055,176.4808531477876,66166500
2016-04-26,177.04014587402344,177.5485948928953,176.56560035262072,177.14183050563952,75864200
2016-04-27,177.40452575683594,177.79432543947834,176.30289490822972,176.65880402601422,77329400
2016-04-28,175.79444885253906,177.75195549817673,175.37922800673414,176.65033756160483,97216200
2016-04-29,174.8453826904297,175.5233104687304,173.74375166699065,175.1758707044217,142424100
2016-05-02,176.23513793945312,176.4130860705998,174.91318581505888,175.34535849252697,62188000
2016-05-03,174.7012939453125,175.24363348503738,173.95557222929278,175.0063607445574,106422100
2016-05-04,173.726806640625,174.43863794710984,173.22683989530623,173.70986782004962,92243800
2016-05-05,173.69288635253906,174.54876213947264,173.26918316349162,174.1928530123202,67619200
2016-05-06,174.32843017578125,174.37080307810095,172.76920564141264,172.9217325732904,89315000
2016-05-09,174.4724884033203,174.90466097577874,174.0233640837867,174.20132510208984,74374900
2016-05-10,176.64186096191406,176.65881271037375,175.1080574513968,175.1758515148401,77472200
2016-05-11,174.98936462402344,176.71806742778932,174.98936462402344,176.18421036228042,81727000
2016-05-12,175.040283203125,175.82837796577218,174.03186740714267,175.65888632277918,89586300
2016-05-13,173.514892578125,175.29445080844502,173.19288700788638,174.74364193878978,96474600
2016-05-16,175.2266845703125,175.70123005894357,173.62508708098525,173.68441173226154,77486800
2016-05-17,173.59121704101562,175.24365703801797,173.06581624757146,174.9555419473399,114924900
2016-05-18,173.6420440673828,174.81993841591333,172.5573649376739,173.24376203518085,120062100
2016-05-19,173.0403289794922,173.32844396009784,171.83701382779387,172.92169263863155,115430500
2016-05-20,174.13356018066406,174.650478644596,173.59968996682053,173.65053228615866,104990400
2016-05-23,173.8962860107422,174.43014328991345,173.7098555543978,174.15049760539685,58682600
2016-05-24,176.1503448486328,176.4638939748023,174.68433555844706,174.70975671321835,93537800
2016-05-25,177.34523010253906,177.76046393971208,176.15038384221432,176.82831162377144,76621400
2016-05-26,177.39605712890625,177.7096062974516,177.08252089075677,177.48080294319328,55280700
2016-05-27,178.15867614746094,178.16714555413955,177.5061697822345,177.55701208308997,64211200
2016-05-31,177.81976318359375,178.54006382536642,177.2604718333041,178.42989685111044,109879400
2016-06-01,178.18417358398438,178.36212171316362,177.01474844207405,177.20964832225997,69936200
2016-06-02,178.72645568847656,178.74339450363115,177.31128879947488,177.78583423166788,63044700
2016-06-03,178.19259643554688,178.54003612321796,176.98928103642675,178.16717528087767,101757100
2016-06-06,179.0993194580078,179.45522853801452,178.38748836760095,178.548497626974,64887000
2016-06-07,179.3789825439453,179.93827387747152,179.2264555968358,179.25187675468737,60974800
2016-06-08,179.96371459960938,180.09083333308234,179.38748438513582,179.51459018821174,66170900
2016-06-09,179.71788024902344,179.8365165811931,178.9636893665754,179.23485258422448,73786900
2016-06-10,178.01466369628906,178.68410904426875,177.4723112022157,178.34515166586806,113829200
2016-06-13,176.64186096191406,178.26887969336636,176.55712808040656,177.41300388688646,117751200
2016-06-14,176.29444885253906,176.88764376799406,175.34535767644707,176.26055828070614,125059300
2016-06-15,176.04869079589844,177.41301570387913,175.86226034161066,176.29443297815249,109124500
2016-06-16,176.57406616210938,176.74355778520848,174.2182774214604,176.0486783356093,149533100
2016-06-17,175.91647338867188,176.49570015111058,175.2605735566787,176.47014679380524,117055700
2016-06-20,177.04937744140625,178.5485639825912,176.96419092301392,177.87563727878802,82789600
2016-06-21,177.5519561767578,177.96082289803414,176.98975631147866,177.43270284148394,72461700
2016-06-22,177.26234436035156,178.4548777236498,177.1175246684293,177.73083125459377,95560500
2016-06-23,179.57073974609375,179.62184645879435,178.2589531287725,178.71892654071584,102731400
2016-06-24,173.12255859375,179.60485903143808,172.67961199025197,173.45476529696333,333444400
2016-06-27,170.02191162109375,171.72553793794785,169.2126787224782,171.71701148787568,230775800
2016-06-28,173.08847045898438,173.11402381972314,171.31669712780246,171.6233504543078,159382400
2016-06-29,176.0357208251953,176.26570103323945,174.38320112073447,174.48541454653184,137328600
2016-06-30,178.43783569335938,178.48894240865778,175.9505425669414,176.5042289771642,165021900
2016-07-01,178.81263732910156,179.29817712440217,178.27599081800903,178.43783741644256,106055300
2016-07-05,177.52638244628906,178.09709569943664,176.9301158383466,177.986355830234,109803700
2016-07-06,178.5911407470703,178.71039406322262,176.37642144980018,177.0323211874561,96021500
2016-07-07,178.4804229736328,179.43444962093204,177.71379627457281,178.77003634904318,85593800
2016-07-08,181.1380615234375,181.38509461612574,179.5451750888838,179.77516827919834,133971000
2016-07-11,181.7769012451172,182.347627431479,181.39358796882487,181.59802778174412,73633900
2016-07-12,183.09722900390625,183.39536879733734,181.80246941184768,182.739469050371,101275600
2016-07-13,183.07167053222656,183.52313043699377,182.5861438223003,183.51461698511312,87324100
2016-07-14,184.09388732910156,184.56238724640937,183.70206048745473,184.33239401470564,91230900
2016-07-15,183.84683227539062,184.85196554560372,183.4038858015429,184.65605216198605,107155400
2016-07-18,184.3409423828125,184.50278900963733,183.7105957829792,183.96614240440573,58725900
2016-07-19,184.153564453125,184.18763127449685,183.67655096806322,183.92357116652641,54345700
2016-07-20,184.92010498046875,185.1586116115223,184.15347838031607,184.15347838031607,58159500
2016-07-21,184.2216796875,185.03089978296316,183.77873309932338,184.80943298769506,67777300
2016-07-22,185.0478973388672,185.0990040493372,184.07683084702495,184.34089084954488,62787500
2016-07-25,184.5453338623047,184.89458041130248,183.96610709603976,184.84347369635424,55873100
2016-07-26,184.6304931640625,184.98825311359136,183.78719349883522,184.44309323845644,70080500
2016-07-27,184.43466186523438,185.0735219874837,183.66802191994972,185.00537534806,84083900
2016-07-28,184.64756774902344,184.93718114385538,183.77871456688854,184.23868801764283,65035700
2016-07-29,184.94570922851562,185.30346927354668,184.10242233581388,184.3835222992612,79519400
2016-08-01,184.79238891601562,185.39716911154125,184.34092888353362,185.00534225200298,73311400
2016-08-02,183.60833740234375,184.69865725581784,182.77356410776096,184.5453241214279,92295500
2016-08-03,184.1449737548828,184.204606918532,183.25058028125014,183.54870710658165,53993600
2016-08-04,184.3409423828125,184.6561091839086,182.5010223057108,184.2557558431233,46585500
2016-08-05,185.8486328125,185.89122608006628,184.3409325222498,184.3409325222498,71892200
2016-08-08,185.7378692626953,186.1382225030644,185.47380925258756,186.03599608154948,39906500
2016-08-09,185.8486328125,186.34268612145965,185.52495257380536,185.80605254257415,51251700
2016-08-10,185.3886260986328,186.03599945766584,185.03937956386426,185.9593393883668,57941100
2016-08-11,186.24893188476562,186.49596496611446,185.65266530542866,185.91672529073242,72504300
2016-08-12,186.08706665039062,186.30001989232443,185.68671351574434,185.94224700795738,61313500
2016-08-15,186.62379455566406,186.97304116885294,186.44492102046848,186.45343447531178,49813500
2016-08-16,185.6612091064453,186.27450264705396,185.6612091064453,186.20636902959353,53213600
2016-08-17,186.0104522705078,186.14674550776292,184.86051219996892,185.69528553228906,75134300
2016-08-18,186.4278564453125,186.4619232578189,185.8741830080184,185.98490989689367,52989300
2016-08-19,186.1552734375,186.3341599500134,185.47383319350868,185.95936001723447,75443000
2016-08-22,186.14671325683594,186.37670643015156,185.5504466941994,185.91672008352035,61368800
2016-08-23,186.5215301513672,187.05817660563002,186.46189699083246,186.76003679823123,53399200
2016-08-24,185.56753540039062,186.47045543237448,185.15014219795066,186.37675544805694,71728900
2016-08-25,185.43975830078125,185.85715150928922,185.03089154401502,185.1842117036874,69224800
2016-08-26,185.09046936035156,186.64928894848688,184.20458942381688,185.627115791674,122506300
2016-08-29,186.001953125,186.26601316896983,185.18420663620492,185.21828644695944,70502200
2016-08-30,185.69528198242188,186.1978486628494,185.14160858841032,185.91674874049886,58114500
2016-08-31,185.1671905517578,185.48235733264187,184.39203728227727,185.3631039833095,85269500
2016-09-01,185.17568969726562,185.46530309503095,184.01722310856502,185.15864979220905,97844200
2016-09-02,186.0104522705078,186.43635888870114,185.43973896184536,186.02749217457432,79293900
2016-09-06,186.57269287109375,186.6493529596769,185.57607272658865,186.29159288198082,56702100
2016-09-07,186.5556182861328,186.7345047905499,185.95083814731663,186.41081159095657,76554900
2016-09-08,186.12969970703125,186.49598614584542,185.8230464317414,186.22339967997087,74102900
2016-09-09,181.67474365234375,184.86904359887217,181.64919029258272,184.81793687935007,221589100
2016-09-12,184.28131103515625,184.6816643799165,180.84850401338392,180.91665064628367,168110900
2016-09-13,181.63214111328125,183.26762104268442,181.01032106144442,183.00356100687588,182828800
2016-09-14,181.56394958496094,182.88426243508735,181.01027629182852,181.68320289414189,134185500
2016-09-15,183.37838745117188,183.76170088109808,181.22330059205066,181.40218712475806,134427900
2016-09-16,182.66941833496094,182.94338165274544,181.9845361670797,182.76359159253812,155236400
2016-09-19,182.70370483398438,183.96219630356973,182.3783765984122,183.32010935228303,80250500
2016-09-20,182.7122802734375,183.7139344539165,182.67804138032696,183.55983983997842,69665300
2016-09-21,184.76693725585938,184.9467142769323,182.72937726175448,183.41427258495116,110284400
2016-09-22,185.9312744140625,186.23092025195749,185.52891189540338,185.77717979797526,76678700
2016-09-23,184.9125518798828,185.67449481300912,184.81837857069652,185.53751307904778,73630900
2016-09-26,183.4142608642578,184.26180717888167,183.2173448169915,184.082030169297,89827300
2016-09-27,184.5529327392578,184.6470929586741,182.88349608546716,183.25163275907568,78494800
2016-09-28,185.4689483642578,185.62305601942785,183.8166509448692,184.7754965742225,87411000
2016-09-29,183.79100036621094,185.6658967386846,183.24308657792002,185.26352112161058,128070600
2016-09-30,185.1779022216797,185.87991058216204,184.37315105327025,184.62141895723138,117202900
2016-10-03,184.73272705078125,184.95531252922103,184.09919644758304,184.7669790094918,83512100
2016-10-04,183.79100036621094,185.0666180738813,183.20029122302313,184.84403258789584,119948100
2016-10-05,184.6042938232422,185.0323518152725,184.34745641536537,184.4159472616854,72816000
2016-10-06,184.73272705078125,184.95531252922103,183.8423720737274,184.38171632211893,62927400
2016-10-07,184.0992431640625,185.17795806116646,183.37155214799031,185.00673741404938,89788300
2016-10-10,185.05796813964844,185.52026485804134,184.91243004194533,185.05796813964844,51855000
2016-10-11,182.72084045410156,184.6984794829944,181.99314965685426,184.62998863208392,130367400
2016-10-12,182.9605255126953,183.48275670789812,182.3612339622757,182.8577827268367,73866100
2016-10-13,182.3612518310547,182.8578006442703,180.82025358838365,181.63356111941394,101357000
2016-10-14,182.45545959472656,183.79956814610816,182.37841228068805,183.33725813528716,93346200
2016-10-17,181.8219451904297,182.686617766202,181.642155057929,182.42978031832754,58275700
2016-10-18,182.9605255126953,183.47418718882332,182.58383244555998,183.41426587175613,76869700
2016-10-19,183.44857788085938,183.7567802347023,182.86642513654303,183.22599237214368,66519200
2016-10-20,183.10609436035156,183.6625645353384,182.44688138226903,183.09752483983908,73639800
2016-10-21,183.1917266845703,183.27734352328338,182.14726395608955,183.10612290915276,89089100
2016-10-24,183.97079467773438,184.33893140659717,183.6197839291966,184.06496797457876,60146600
2016-10-25,183.35435485839844,184.04780670068533,183.19169073474242,183.79096929824388,66542300
2016-10-26,182.98623657226562,183.56838917561575,182.29277164656682,182.53249614221528,75705500
2016-10-27,182.49827575683594,183.73964154554864,182.42122843952794,183.70540264784358,77220200
2016-10-28,181.95889282226562,183.1488935654366,181.24832802261642,182.4725676586778,140623200
2016-10-31,181.96749877929688,182.51541261831122,181.8048346130854,182.2928140484234,61272500
2016-11-01,180.6490478515625,182.34416708158656,179.44193411679908,182.2927891440418,122781800
2016-11-02,179.5618133544922,180.72613188868763,179.12518573960872,180.34086915477957,103330800
2016-11-03,178.73992919921875,179.98986452919675,178.465978823447,179.77583549116116,88939300
2016-11-04,178.54298400878906,179.69017624675064,178.39744586486492,178.85118627336155,109122100
2016-11-07,182.48114013671875,182.51539209591,178.54301394389404,178.54301394389404,109794900
2016-11-08,183.3030242919922,183.8680640704405,181.82194705147958,182.08734096045808,106772100
2016-11-09,185.24636840820312,185.86277292051915,181.78765274873078,181.8133351814696,258429000
2016-11-10,185.70872497558594,186.8987259738683,184.25333004480336,186.03405331261018,172113300
2016-11-11,185.28065490722656,185.52036638324668,184.33893498380345,184.98957855253008,100552700
2016-11-14,185.4261932373047,186.00835901047284,184.68137636929268,185.80288643230247,94580000
2016-11-15,186.8730010986328,186.8730010986328,185.6059530650747,185.81141254639604,91652600
2016-11-16,186.5220489501953,186.75320400253574,186.13679923849307,186.25665499465148,65617700
2016-11-17,187.48085021972656,187.54077154766955,186.5647998162659,186.676099078109,69797200
2016-11-18,187.06138610839844,187.72059922746448,186.88159596199995,187.54937860341124,86265800
2016-11-21,188.47396850585938,188.49965094574657,187.48944014139417,187.63497832185362,72402600
2016-11-22,188.8420867919922,189.02186385363086,188.11438289752599,188.78215239591617,67429000
2016-11-23,188.94480895996094,188.9961738326538,188.13150132797097,188.32840436105832,56620200
2016-11-25,189.64682006835938,189.68105896052663,189.2101925476429,189.28725291578274,37872300
2016-11-28,188.75650024414062,189.61261646285374,188.65377047815005,189.33866606577988,76572500
2016-11-29,189.12461853027344,189.57835903678915,188.4910878875461,188.79073376013366,69886700
2016-11-30,188.67086791992188,189.90367717850862,188.61093352329578,189.74101303143192,113291800
2016-12-01,187.97735595703125,188.97044037531882,187.6177758186776,188.97044037531882,79040500
2016-12-02,188.071533203125,188.55952553277262,187.71196609547022,188.06297674697552,74840300
2016-12-05,189.20162963867188,189.54407080184095,188.7050808077716,188.90198382342916,67837800
2016-12-06,189.8009033203125,189.83515527372356,188.91054848101518,189.38997132242855,59877400
2016-12-07,192.28367614746094,192.34359747994642,189.52698133405676,189.6468370623224,110738100
2016-12-08,192.75453186035156,193.22539832109896,191.99258906506745,192.2579960253395,99714400
2016-12-09,193.9188690185547,193.9359949996824,192.9428971070115,192.97714906926694,88005800
2016-12-12,193.6962890625,194.30413730862392,193.27678742428512,193.82470126639413,102016100
2016-12-13,194.98895263671875,195.48550142620047,194.33830925565232,194.35543523137014,110477500
2016-12-14,193.37945556640625,195.39132000910016,192.94282811520142,194.6893117934379,142501800
2016-12-15,194.17568969726562,195.0318057935021,193.38806445632346,193.61921946002988,124972600
2016-12-16,193.79592895507812,194.6915449704416,193.47730315707153,194.6312573112015,156420200
2016-12-19,194.21788024902344,194.63985439307436,193.83035994627357,193.97675592107728,90341100
2016-12-20,194.9670867919922,195.11349590689724,194.51929197797907,194.75179627515462,89838800
2016-12-21,194.4246063232422,195.01019035030322,194.4246063232422,194.83796052706722,67909000
2016-12-22,194.08871459960938,194.39873347530573,193.6925742594399,194.27817130921775,56219100
2016-12-23,194.37289428710938,194.38150117720235,193.94231325723612,194.13175682131336,36697800
2016-12-27,194.8551483154297,195.25127551528226,194.6226308736002,194.6398577945518,42672500
2016-12-28,193.2447509765625,195.13069789250957,193.13280884997076,195.11348411321208,64095000
2016-12-29,193.2017059326172,193.66672764527488,192.76250488924578,193.31364806068328,48696100
2016-12-30,192.4955596923828,193.61507303026372,191.80662739674145,193.52895156569957,108998300
2017-01-03,193.9682159423828,194.4762985843745,192.79703459965083,193.795972957041,91366500
2017-01-04,195.1221466064453,195.26854261392927,194.28681816234197,194.2954250544434,78744400
2017-01-05,194.9670867919922,195.12210279706622,194.17481926686474,194.85514465863406,78379000
2017-01-06,195.66464233398438,196.12966407630134,194.5365089692909,195.07904528556946,71559900
2017-01-09,195.01878356933594,195.54409299917106,194.98432972524992,195.4063039034097,46939700
2017-01-10,195.01878356933594,195.87132567623993,194.63125009497077,195.03599735108756,63771900
2017-01-11,195.56991577148438,195.56991577148438,194.26955260662038,194.93265109478259,74650000
2017-01-12,195.07904052734375,195.26849723189008,193.7270229252161,195.05320671675017,72113200
2017-01-13,195.52687072753906,195.82826959885762,195.21685182484828,195.25129252946203,62717900
2017-01-17,194.83790588378906,195.29432070049256,194.4503856051168,194.8895735022401,61240800
2017-01-18,195.2685089111328,195.31156964479436,194.53651585975967,195.08765908587074,54793300
2017-01-19,194.54513549804688,195.48379904463542,194.11455444288248,195.34600995331297,66608800
2017-01-20,195.25990295410156,195.75075852737518,194.59680444535826,195.2254491108912,129168600
2017-01-23,194.7517852783203,195.32015536434764,193.9939716372401,195.25988085598757,75061600
2017-01-24,196.00047302246094,196.41382709593856,194.8551260056911,194.9670681283333,95555300
2017-01-25,197.69700622558594,197.69700622558594,196.78416328499497,196.94778620019798,84437700
2017-01-26,197.4903106689453,197.8175564796249,197.21473248304858,197.55058518442826,59970700
2017-01-27,197.18028259277344,197.7141988777078,196.9994327741686,197.5678029008803,59711100
2017-01-30,195.9574737548828,196.51722396452,194.97574930978664,196.49139014809327,79737300
2017-01-31,195.940185546875,196.00047319321024,194.8981869027836,195.46654382670206,75880800
2017-02-01,196.01768493652344,196.8530131051667,195.43210109969132,195.94018351228783,79117700
2017-02-02,196.1469268798828,196.4311119956221,195.3288253807931,196.0177446598415,69657600
2017-02-03,197.49891662597656,197.67976645215273,196.74110289892536,197.05112178644802,80563200
2017-02-06,197.1458282470703,197.4903009625108,196.80997556219742,197.09416062482688,57790100
2017-02-07,197.15440368652344,197.77444129378966,196.9649470209539,197.5333170176625,57931200
2017-02-08,197.41281127929688,197.54198034259372,196.61192366598257,197.1544600124119,51566200
2017-02-09,198.583984375,198.8853832240936,197.4128034001183,197.4128034001183,65955200
2017-02-10,199.36764526367188,199.5915558331859,198.60121147329366,198.9284572962501,66015900
2017-02-13,200.4526824951172,200.7110337232728,199.8326448036595,199.8584786124461,55182100
2017-02-14,201.2535400390625,201.26216006813095,199.92735645105307,200.27181596629785,71109000
2017-02-15,202.30422973632812,202.49368647837778,200.98665257407828,201.03832020549314,86785800
2017-02-16,202.13197326660156,202.51088670074023,201.38276642928537,202.33003687434092,84722400
2017-02-17,202.45057678222656,202.45057678222656,201.45162568212956,201.4688526018663,77204100
2017-02-21,203.65623474121094,203.82846453736573,202.81228640155743,202.8209064325544,88946100
2017-02-22,203.47537231445312,203.69926972156108,203.08785201202807,203.25147490734517,62115200
2017-02-23,203.6131591796875,204.00928636796786,202.85533236344304,203.99207258780973,74615900
2017-02-24,203.8715362548828,203.91458385102231,202.72618899532657,202.76924973175792,82381600
2017-02-27,204.1901397705078,204.36236955714747,203.535661325161,203.78539254474492,56515400
2017-02-28,203.6389617919922,204.05231583739356,203.2514415531604,203.81119154921876,96961900
2017-03-01,206.48944091796875,206.95447579618843,205.27519924075014,205.29242616150023,149158200
2017-03-02,205.1890869140625,206.308600215748,205.13741929311072,206.29998018539592,70246000
2017-03-03,205.31825256347656,205.48187545397204,204.72404865179934,205.1029620528857,81974300
2017-03-06,204.70681762695312,205.05988404795863,204.10399373585008,204.52596783156446,55391500
2017-03-07,204.0954132080078,204.75851168969493,203.88872957805205,204.40543208279615,65103700
2017-03-08,203.7165069580078,204.64656361509844,203.5787178665223,204.38821235363588,78168800
2017-03-09,203.97488403320312,204.30212988182257,203.01038655132612,203.83709492427994,90683900
2017-03-10,204.68960571289062,204.9737907605969,203.74232222053638,204.93073003089174,81991700
2017-03-13,204.79295349121094,204.83601422355267,204.30209793532902,204.62933059248675,57256800
2017-03-14,204.00933837890625,204.30214354001606,203.39792052016008,204.25046276549537,59880800
2017-03-15,205.774658203125,206.1966323155387,204.34512612298658,204.5776435433198,96081800
2017-03-16,205.36990356445312,205.98994123600284,205.04267095023275,205.91243981213134,78344000
2017-03-17,205.00921630859375,205.82223223414456,205.00921630859375,205.63195134954955,89002100
2017-03-20,204.7843475341797,205.29464027786463,204.39514142793618,205.0092189472984,52537000
2017-03-21,202.1551055908203,205.5109555506697,202.02537456555163,205.38986886126582,131809300
2017-03-22,202.63072204589844,202.91614337785805,201.56688849765175,202.1896235496629,97569200
2017-03-23,202.4145050048828,203.54753285927518,202.04260074013908,202.63073209762806,100410300
2017-03-24,202.26747131347656,203.28805685215687,201.48905906185442,202.71722735977934,112504900
2017-03-27,202.0599365234375,202.3194117347293,200.32147504346014,200.5982389240359,87454500
2017-03-28,203.5302734375,203.9540701538015,201.6447660551732,201.75720838274196,93483900
2017-03-29,203.72052001953125,203.95404898429783,203.01994632268642,203.24483095448198,61950400
2017-03-30,204.36923217773438,204.56817064319617,203.48703497312647,203.66001404084622,56737900
2017-03-31,203.89358520507812,204.5595554133915,203.84167959631716,204.03196056939515,73733100
2017-04-03,203.53895568847656,204.14438910844746,202.3107869801188,203.94546381276962,85546500
2017-04-04,203.66864013671875,203.75513626156143,202.872925938498,203.25348777187656,56466200
2017-04-05,203.063232421875,205.32064431094852,202.8556496145903,204.34329340648705,108800600
2017-04-06,203.63409423828125,204.15303150871202,202.76052805724942,203.20163991419298,69135800
2017-04-07,203.4264373779297,204.1183666841464,202.94209082281415,203.38318932176855,74412300
2017-04-10,203.54759216308594,204.34330651252617,203.01999737517406,203.56489403083373,67615300
2017-04-11,203.30538940429688,203.4091742008586,201.8177457321159,203.16700087724368,88045300
2017-04-12,202.4145050048828,203.2188766525714,202.18963357951134,203.02859575515922,81864400
2017-04-13,201.09986877441406,202.81239709117327,201.09986877441406,202.07721959380586,92880400
2017-04-17,202.88156127929688,202.88156127929688,201.4198640325367,201.61878926097052,68405400
2017-04-18,202.2761688232422,202.81242112623795,201.59289684029733,202.1464378130178,83225800
2017-04-19,201.90420532226562,203.21021216665906,201.67932070713752,202.83830791464553,68699900
2017-04-20,203.54759216308594,203.98870400717547,202.19833682284133,202.5183487901547,92572200
2017-04-21,202.8988494873047,203.52158456378126,202.50099903133335,203.4696921736506,110389800
2017-04-24,205.13034057617188,205.3379233603899,202.87292893794245,205.13898490980165,119209900
2017-04-25,206.3239288330078,206.669886959925,205.68389178100873,205.77038791146632,76698300
2017-04-26,206.19418334960938,207.17153418835883,206.15094848210717,206.28932381353593,84702500
2017-04-27,206.36720275878906,206.66991285841107,205.83095043817428,206.5142356410269,57410300
2017-04-28,205.9174346923828,206.65259906113272,205.78769048792753,206.62665285973316,63532800
2017-05-01,206.43643188476562,206.86024195983182,206.02127934431914,206.43643188476562,66882500
2017-05-02,206.51422119140625,206.69584459897976,206.10771311117955,206.57475792811164,57375700
2017-05-03,206.26333618164062,206.60930743435804,205.588708735659,206.51416698954247,73137700
2017-05-04,206.5055694580078,206.64395799930222,205.6579627381305,206.56611939387074,61462700
2017-05-05,207.3185577392578,207.33585960395547,206.4363474040606,206.87745917038717,62001300
2017-05-08,207.2839813232422,207.50885278980158,206.86017139275205,207.3618199234985,48385700
2017-05-09,207.09365844726562,207.7423397129345,206.74768718710308,207.54341448674987,51363200
2017-05-10,207.46560668945312,207.46560668945312,206.842871486589,207.05045428669604,54293800
2017-05-11,207.04180908203125,207.20614381507636,205.96067341458388,207.01586288180906,62358300
2017-05-12,206.69586181640625,207.0850680625128,206.42774225125416,206.79100229411748,53912700
2017-05-15,207.83753967285156,207.95862634921738,207.10236208226476,207.11966394959072,61918900
2017-05-16,207.64724731445312,208.15754019413583,207.25804110448254,208.1315939933016,51241800
2017-05-17,203.96273803710938,207.64724366280345,203.90218810458956,207.64724366280345,172174100
2017-05-18,204.7843475341797,205.63195399626952,203.62536035015066,203.88483548679756,107047700
2017-05-19,206.11639404296875,206.78237744972157,205.21689478501634,205.26878719639404,115011400
2017-05-22,207.1628875732422,207.32722229980186,206.55745426285634,206.6266353290807,61010600
2017-05-23,207.6212921142578,207.78562684405628,207.15423412457204,207.53479598358814,48341700
2017-05-24,208.1056365966797,208.2094213944331,207.51749194867847,207.85481893629006,46927700
2017-05-25,209.10028076171875,209.37705782517145,208.4083644980005,208.61593409813327,64071700
2017-05-26,209.05702209472656,209.22134361030675,208.83213745690742,208.90997604809624,46629900
2017-05-30,208.87542724609375,209.12624493362787,208.5813614889964,208.73703870247456,35201900
2017-05-31,208.82354736328125,209.2041092823247,208.13161780115303,209.169505545616,91796000
2017-06-01,210.484130859375,210.5014327244796,208.9964871993291,209.28190858500193,68962000
2017-06-02,211.1846923828125,211.34038276481593,210.2419453498353,210.5360110522851,88666100
2017-06-05,211.029052734375,211.29717228709103,210.8301142554598,211.0117508671959,44698800
2017-06-06,210.35443115234375,211.02040128717894,210.2765793465217,210.4668602986055,50375400
2017-06-07,210.74365234375,210.9685238496862,210.02577655494787,210.69175993449232,54144300
2017-06-08,210.84744262695312,211.3231450532426,210.3198477900611,210.83879829100587,65950700
2017-06-09,210.52740478515625,211.91125062202613,209.26463242652287,211.11553629639795,132256400
2017-06-12,210.484130859375,210.53602325723256,209.63652423363692,210.28520560176892,86108100
2017-06-13,211.5133514404297,211.56524383273413,210.6743892382955,211.02034731862815,60067000
2017-06-14,211.2452850341797,211.79016848775927,210.42361129135838,211.7815241526878,78602300
2017-06-15,210.83876037597656,210.9598470447608,209.61923615628442,209.89600002888105,66464900
2017-06-16,210.8848114013672,211.04994752534736,210.00699858556482,210.99780206763052,84553100
2017-06-19,212.6404571533203,212.7012891020136,211.61488115848746,211.71048558799038,65123800
2017-06-20,211.20643615722656,212.29284433452113,211.18906317489922,212.28415784335746,56906400
2017-06-21,211.154296875,211.71053734760406,210.68497436385428,211.59755991189098,55977600
2017-06-22,211.05862426757812,211.65832352725792,210.8848016626108,211.1629284400103,44148100
2017-06-23,211.3107147216797,211.64097374946985,210.73708809083058,211.11950584472999,66986800
2017-06-26,211.44972229003906,212.39707999389566,211.2411404748748,211.9798898399386,56700500
2017-06-27,209.74627685546875,211.52798863761825,209.72889061406468,211.23247558101465,82247700
2017-06-28,211.62359619140625,211.82349155414153,210.5284884176897,210.7631562637456,70042600
2017-06-29,209.76361083984375,211.82343566222565,208.5555259686431,211.77129021282053,106949700
2017-06-30,210.15481567382812,210.94572406696065,209.963606759844,210.5719927307846,86820700
2017-07-03,210.5111083984375,211.52798468158704,210.5111083984375,211.09342148732742,39153800
2017-07-05,210.99778747558594,211.2063692920283,210.06781600456577,210.8761103287231,54427600
2017-07-06,209.06837463378906,210.3546780937602,208.88585224021858,210.23300091865235,65400800
2017-07-07,210.4241943359375,210.57194423329292,209.07704575652258,209.6419858765696,57972300
2017-07-10,210.65008544921875,211.0238165627474,210.1199180057095,210.4241174408651,36663300
2017-07-11,210.49374389648438,210.80662995913784,209.32911759842563,210.6501802969023,50354600
2017-07-12,212.07546997070312,212.2406060633384,211.45839782242825,211.45839782242825,59610400
2017-07-13,212.4318389892578,212.54482964689768,211.85821247452137,212.0841937898011,39471600
2017-07-14,213.4226837158203,213.7790287344336,212.33627567991405,212.43188011754648,60262700
2017-07-17,213.39654541015625,213.72681759536513,213.22272283018782,213.34439996234698,33531900
2017-07-18,213.5095672607422,213.56171271617282,212.64912746069257,212.98808618280643,42742500
2017-07-19,214.66549682617188,214.67418331440118,213.81374355439402,213.8224433044374,51034300
2017-07-20,214.7611083984375,215.03922191099483,214.21355460002698,214.91754476266078,47135200
2017-07-21,214.5699005126953,214.59597324018205,213.9615015064993,214.1874828271371,82340800
2017-07-24,214.5177764892578,214.65682662914074,214.04844082397815,214.49169049735036,46622300
2017-07-25,215.0392303466797,215.36950258874876,214.81326227999904,215.26519841336034,54915600
2017-07-26,215.0478973388672,215.36078331303545,214.78717007857182,215.32602409893403,47575400
2017-07-27,214.84803771972656,215.54334147361757,213.52696191351524,215.50858225374023,70766600
2017-07-28,214.59593200683594,214.726295619221,213.91801469880951,214.3699507296191,50088400
2017-07-31,214.47433471679688,215.09140706086657,214.26573959752176,214.99580262225925,65838700
2017-08-01,214.95236206054688,215.10879845738904,214.43088088077172,215.0740392342521,55050400
2017-08-02,215.05662536621094,215.1956887645296,214.1266538094975,215.08269809566875,47211200
2017-08-03,214.6393585205078,214.96961737589947,214.36123184037794,214.94354465736353,40856000
2017-08-04,215.03053283691406,215.3607918002414,214.64811515765828,215.12613725672801,60191800
2017-08-07,215.43035888671875,215.43035888671875,214.99579568195313,215.10009986913212,31995000
2017-08-08,214.90017700195312,216.33424343971365,214.52645903629823,215.11745858993362,61719400
2017-08-09,214.89149475097656,214.94364021122985,213.85723224990033,214.21357724405223,62632600
2017-08-10,211.8582305908203,214.18749606416483,211.8060851326242,214.05711915685916,120479500
2017-08-11,212.17112731933594,212.762140152982,211.84955480300584,212.08422263855766,74869900
2017-08-14,214.2744140625,214.491695659703,213.41398742513857,213.4487466454919,73291900
2017-08-15,214.2483367919922,214.67421348773985,213.94415051944327,214.65682724702344,55242700
2017-08-16,214.62203979492188,215.16959358002424,214.19616315519622,214.76978966703544,56715500
2017-08-17,211.27593994140625,214.32658218751973,211.27593994140625,214.01369614334953,128490400
2017-08-18,210.9456329345703,212.2319360405409,210.50237007009596,211.11075577820276,136748000
2017-08-21,211.11080932617188,211.3715499134438,210.18085092114322,210.8848412235054,65469700
2017-08-22,213.31837463378906,213.47481101197403,211.67572635376834,211.6931125941719,63140100
2017-08-23,212.55349731445312,212.97937391862,212.20585214577906,212.35360200555618,50203800
2017-08-24,212.0581512451172,213.09240050234038,211.8495561386653,212.93596411886358,50741700
2017-08-25,212.55349731445312,213.46608245948897,212.405747454676,212.84899703400743,64445900
2017-08-28,212.56222534179688,213.10976589220928,212.1450351697119,213.08369316418083,40565600
2017-08-29,212.80557250976562,213.06629978130863,211.13683840100393,211.24982905988216,51135700
2017-08-30,213.81378173828125,214.08322206327634,212.60569656795954,212.7882189478831,62030800
2017-08-31,215.1000518798828,215.34340615931342,213.84850800748916,214.4308209805419,103803900
2017-09-01,215.404296875,215.83017361111806,215.25654696944488,215.47382858264075,62007000
2017-09-05,213.85720825195312,215.12613844359225,212.89247756007697,214.90015712543195,91398800
2017-09-06,214.58731079101562,214.9175830790108,214.0049976728988,214.53516532697782,57916900
2017-09-07,214.5612030029297,214.90886147607426,214.15271258561899,214.89147523696337,58034700
2017-09-08,214.30918884277344,214.769824772838,214.06583451224182,214.274416360231,63832800
2017-09-11,216.59498596191406,216.67320415146062,215.56072347185696,215.57809645054567,71364800
2017-09-12,217.32505798339844,217.35981720404104,216.7775041101089,216.96002648847752,56896000
2017-09-13,217.4293670654297,217.4641395507926,216.92527212220693,217.03826280691024,59228000
2017-09-14,217.35975646972656,217.55966503346653,216.93389314222105,217.10771572049754,95446300
2017-09-15,217.6524200439453,217.739756008967,217.11089174686597,217.21570023594433,95432400
2017-09-18,218.11534118652344,218.46471170061017,217.73102562444956,218.01926229600497,46235200
2017-09-19,218.33367919921875,218.42102848279805,218.01051083970842,218.35988131876667,47108100
2017-09-20,218.41229248046875,218.52584388719498,217.41657192320085,218.42103540568147,59574100
2017-09-21,217.8270721435547,218.3423982399205,217.6523869124714,218.25506228819327,48211400
2017-09-22,217.87078857421875,218.03674424025084,217.50394552028905,217.53014764359605,51214000
2017-09-25,217.42535400390625,217.96689572024886,216.68293820126146,217.6175118181515,57064400
2017-09-26,217.5563201904297,218.09784843533004,217.32048778509616,217.85328643262474,54082000
2017-09-27,218.4036102294922,218.7879258485287,217.37294440320042,218.25512707261586,81001400
2017-09-28,218.6656036376953,218.74421000106764,218.03672607545622,218.1240620366598,44778800
2017-09-29,219.43423461914062,219.5128543148782,218.47345902225527,218.65687388117044,85578000
2017-10-02,220.38626098632812,220.38626098632812,219.4866060401173,219.6613046021802,59023000
2017-10-03,220.85794067382812,220.8841427959599,220.30766945379898,220.38628914782512,66810200
2017-10-04,221.1199493408203,221.36451133717839,220.59588030426494,220.70943170529875,55953600
2017-10-05,222.43014526367188,222.44760446083976,221.15491750595024,221.4518837893815,63522800
2017-10-06,222.1768341064453,222.4650707832565,221.7226550953771,221.9846763219045,80646000
2017-10-09,221.8099822998047,222.46506199550856,221.54794775599703,222.4039281542774,35803100
2017-10-10,222.39517211914062,222.77075805290576,221.83617134486326,222.37771292417833,43057400
2017-10-11,222.74461364746094,222.74461364746094,222.13320847461802,222.29915083553502,47674300
2017-10-12,222.4126434326172,222.77948643927715,222.1768110256109,222.43011595511425,47065100
2017-10-13,222.68341064453125,222.96291769784074,222.41264651640637,222.84936629148,54800400
2017-10-16,222.98036193847656,223.17251969283203,222.5698576388578,222.91049850746452,38221700
2017-10-17,223.13758850097656,223.1812631411833,222.70959835115698,222.92795822456165,31561000
2017-10-18,223.35598754882812,223.55687493585796,223.1638297603191,223.51320028799114,40888300
2017-10-19,223.4171142578125,223.45205930604234,222.15937240178653,222.5786196871285,61903800
2017-10-20,224.57005310058594,224.59628187884428,223.3996605089635,224.21196630472966,89176400
2017-10-23,223.69662475585938,224.91946163811397,223.6180183829025,224.89325951379504,63915300
2017-10-24,224.08966064453125,224.32547973958586,223.73154721149646,224.1246056918486,66935900
2017-10-25,222.98036193847656,223.87127395161298,221.85363085850938,223.75772255286773,103715300
2017-10-26,223.2686767578125,223.86260942281032,223.1463957192757,223.5918585456577,69798000
2017-10-27,225.09413146972656,225.25137086942868,223.27738867171036,224.01107480102058,85562500
2017-10-30,224.25563049316406,224.99805952789407,223.9586642103246,224.0110684569867,54285700
2017-10-31,224.60499572753906,224.85830068394264,224.3080294517007,224.6311978502524,60304800
2017-11-01,224.90194702148438,225.72298235215794,224.5351173279343,225.38235477957573,54202700
2017-11-02,224.98928833007812,225.1290418553702,223.7664783028467,224.8320756098468,56449500
2017-11-03,225.74046325683594,225.7841245724056,224.73598644613577,225.14650410247782,59589700
2017-11-06,226.0897979736328,226.22080855487215,225.53952687717194,225.60939030208107,49652600
2017-11-07,225.93260192871094,226.52653437760935,225.4259921035712,226.19462311050214,57502200
2017-11-08,226.31692504882812,226.41301726687485,225.47843048486277,225.75793755793842,50469600
2017-11-09,225.49588012695312,225.68803787692877,223.91493016041056,225.11156462700185,95085500
2017-11-10,225.42604064941406,225.60073924506818,224.79716302242787,225.1116151635526,59984700
2017-11-13,225.6356201171875,225.8627229227184,224.7097763557661,224.7447214001383,50228600
2017-11-14,225.11160278320312,225.2164112727262,224.0547216515681,224.83209570763378,61315200
2017-11-15,223.98487854003906,224.6661604390365,223.27739451628267,224.14209128859287,80811500
2017-11-16,225.888916015625,226.25577232872615,224.88446593594833,224.92812724822468,67777000
2017-11-17,225.22508239746094,225.8627027879323,225.14647604607512,225.53953445826068,75756800
2017-11-20,225.60946655273438,225.80162435524875,225.22515094770566,225.46973965569177,48075500
2017-11-21,227.0855255126953,227.2689669982189,225.57449224745827,226.3780416549843,69176800
2017-11-22,226.8846893310547,227.22531692979058,226.7187336670959,227.09430631489215,45033400
2017-11-24,227.40872192382812,227.5135570664607,227.23404999662972,227.3738035315452,27856500
2017-11-27,227.29519653320312,227.74937552896802,227.09429582945995,227.45240926382237,52274900
2017-11-28,229.60107421875,229.62727634177566,227.6620371490641,227.75812937033317,98971700
2017-11-29,229.46141052246094,230.26498703532314,229.01597425661558,229.73217478483048,77512100
2017-11-30,231.47027587890625,232.3786340239822,230.29986981657459,230.37847619517157,127894400
2017-12-01,230.98983764648438,231.73226666483723,227.75812700080465,231.25188552927713,164390900
2017-12-04,230.7103271484375,233.03365281038865,230.6578962545037,232.6056759761227,94040600
2017-12-05,229.88055419921875,231.59248823067725,229.74954359953608,229.88055419921875,77994500
2017-12-06,229.9242706298828,230.35227423179,229.46134862986273,229.97667488231787,75898600
2017-12-07,230.64926147460938,230.9636870177481,229.6622702054214,230.64926147460938,77218600
2017-12-08,231.90692138671875,231.91563765581287,230.61422137981182,231.60121224225176,76563900
2017-12-11,232.60568237304688,232.66682953826898,231.8807392812659,232.60568237304688,83077500
2017-12-12,233.01617431640625,233.48783908067503,232.64060175192208,233.3917468808904,85195800
2017-12-13,232.98997497558594,233.69745880279135,232.90262569890172,233.26073907462717,102905400
2017-12-14,232.0379180908203,233.40048144523197,231.98551385836262,233.28693005648842,100666700
2017-12-15,233.9701690673828,234.43545704702248,232.98692101920085,233.03959310810347,144610300
2017-12-18,235.4539337158203,235.80509006221476,235.2607937065766,235.36613793134373,83653600
2017-12-19,234.54974365234375,235.7436808441993,234.47949629310656,235.69979633831431,82382900
2017-12-20,234.42674255371094,235.5680072245659,234.1282583596644,235.51533511923463,76751500
2017-12-21,234.90957641601562,235.6207034128294,234.66376433012604,235.05004429245363,67032300
2017-12-22,234.8482208251953,234.9623526868548,234.31268519545074,234.92722900830185,78720900
2017-12-26,234.56719970703125,234.78667573304617,234.30383919241618,234.4442802725395,45244400
2017-12-27,234.6813507080078,235.0412946350718,234.40920255682684,234.7340228152358,57751000
2017-12-28,235.1641845703125,235.20809585350116,234.7954798239778,235.18175980019154,45116100
2017-12-29,234.2775421142578,235.7612026099224,234.08442887700204,235.7436541678577,96007400
2018-01-02,235.95428466796875,235.9894083349834,234.7515602899202,235.13784025255728,86655700
2018-01-03,237.4467315673828,237.59598705803205,236.12108775526218,236.12108775526218,90070400
2018-01-04,238.44752502441406,238.93038836501717,237.50818797814625,238.08760791196542,80636400
2018-01-05,240.03660583496094,240.15949850554858,238.74608544046873,239.23770970584548,83524000
2018-01-08,240.4755096435547,240.63352595605033,239.65027762295614,239.93997419586478,57319200
2018-01-09,241.01980590820312,241.64311033514758,240.6159507209364,240.89688647081562,57254000
2018-01-10,240.65106201171875,240.9144493105008,239.59759319110952,240.2647820733768,69574300
2018-01-11,242.40689086914062,242.40689086914062,241.0373625313552,241.20416646404138,62361500
2018-01-12,243.987060546875,244.1538376375551,242.37169381507297,242.67020471376503,90816100
2018-01-16,243.1531524658203,245.89220956615077,242.45960057454664,245.2425689643196,106555100
2018-01-17,245.4707489013672,245.8570288429602,243.15309604331574,244.0836722321971,113258800
2018-01-18,245.0581817626953,245.77804281728476,244.56653078153596,245.35666596416098,100728000
2018-01-19,246.17312622070312,246.1731262207031,245.05819750318747,245.63759071344802,140920100
2018-01-22,248.17465209960938,248.17465209960938,245.90964506662903,245.96234394805924,91322400
2018-01-23,248.7014617919922,248.99115835882742,247.89377822587898,248.21859845859058,97084700
2018-01-24,248.60484313964844,249.9392743385653,247.42845501900035,249.3422792693904,134816100
2018-01-25,248.7102508544922,249.56181900601126,247.92014242735834,249.46526240327177,84587300
2018-01-26,251.5897674560547,251.63367873984512,249.28966279713086,249.5442625102855,107743100
2018-01-29,249.92181396484375,251.45814663904255,249.76379760546135,251.0191944464143,90118300
2018-01-30,247.35818481445312,249.97432100832137,246.88410925785698,248.09562079610376,131796400
2018-01-31,247.4811248779297,248.71018508305838,246.4100809581383,248.20980017949023,108364800
2018-02-01,247.20022583007812,248.4995335490144,246.41011749473475,246.75251295523756,90102500
2018-02-02,241.8186798095703,246.01506007123515,241.78355614616368,245.88335303133664,173174800
2018-02-05,231.705322265625,242.16995542339043,231.16102577633774,240.06299003615777,294681800
2018-02-06,236.27035522460938,236.7707670349998,227.11382109691172,228.20241370210414,355026800
2018-02-07,234.98855590820312,239.10590067729856,234.90952097825843,235.7172043792899,167376100
2018-02-08,226.17442321777344,235.42753934624014,226.13929955438024,235.28707148417266,246449500
2018-02-09,229.5719757080078,231.42434093123214,222.0395551652409,228.957431978035,283565300
2018-02-12,232.9430694580078,234.409181085586,229.71238881690365,231.61742570067418,143736000
2018-02-13,233.5224609375,234.0667571237213,231.16089706515012,231.74031691253185,81223600
2018-02-14,236.67417907714844,237.0341229974219,232.03005857309503,232.03884618797034,120735700
2018-02-15,239.69415283203125,239.7029404462211,235.9542728320571,238.41242036112484,111200300
2018-02-16,239.76446533203125,241.7046534066777,239.02702882792119,239.07094012420586,160420100
2018-02-20,238.2631378173828,240.25599702366807,237.4730295837229,238.81622161839584,86369700
2018-02-21,237.07798767089844,241.17781154014494,236.98143108137657,238.70211558804763,98883700
2018-02-22,237.38526916503906,239.711709729396,236.7180802507282,237.99981276687265,110511300
2018-02-23,241.1690216064453,241.1690216064453,238.13148100019365,238.60555670362223,92766400
2018-02-26,243.96949768066406,244.0660810448981,241.65184522857155,242.24002586058097,86491400
2018-02-27,240.9232177734375,244.86502543404572,240.8617580559553,244.15389845883672,99099200
2018-02-28,238.482666015625,242.46835850910344,238.1666333695874,242.02061880237406,121907800
2018-03-01,235.01492309570312,239.81705928396283,233.52247550556922,238.27193959455408,176855100
2018-03-02,236.2264862060547,236.78835783926957,232.48663196458529,233.34696106461368,139083200
2018-03-05,238.9567108154297,239.571254380669,234.93589517396205,235.04126616716488,97307400
2018-03-06,239.5625457763672,240.0102855727528,238.0700976494251,239.9312506039078,79213200
2018-03-07,239.4746551513672,239.82581139761658,237.2096745902801,237.4028145444429,87063500
2018-03-08,240.63357543945312,240.75646811060744,239.15870263652198,240.15071199663336,66901200
2018-03-09,244.82110595703125,244.82110595703125,241.72210563320198,242.0381650328805,113625300
2018-03-12,244.51388549804688,245.7341852826055,244.12760547930253,245.11088075797747,71924800
2018-03-13,242.93365478515625,246.17312347300873,242.32789873513437,245.67271164185843,91968900
2018-03-14,241.68698120117188,244.07488135752644,241.13392413862624,243.89052900334457,105895100
2018-03-15,241.42359924316406,242.83701181881128,240.92318753477184,242.1961590473828,83433000
2018-03-16,241.6854248046875,242.73431697378314,241.63254174564145,241.9498400999178,100343700
2018-03-19,238.41534423828125,241.86170049075108,236.7670927477109,240.93622002883185,109208400
2018-03-20,238.8208770751953,239.4555008628929,238.14216612655864,238.8120542632441,59757300
2018-03-21,238.36248779296875,240.8657182435724,238.15095552635282,238.77675641430042,78709600
2018-03-22,232.4040985107422,236.98746785600503,232.1308334753327,236.14131191360167,148785900
2018-03-23,227.45046997070312,233.17090531261704,227.25655645235332,232.84478414512185,183534800
2018-03-26,233.67335510253906,233.95541609321967,228.64927483777169,231.04673946092365,141956100
2018-03-27,229.6981201171875,235.13646793923286,228.14681188586164,234.6076373138364,129941400
2018-03-28,229.0194549560547,231.49627107303166,227.91767943556277,229.83037357461598,146452300
2018-03-29,231.94570922851562,233.80551974952124,229.0282106570557,230.1564273834921,111601600
2018-04-02,226.93931579589844,231.92815858298619,224.47133593890663,231.41691967789046,186286300
2018-04-03,229.847900390625,230.32387475681935,226.3839259950457,228.17320764889604,119956900
2018-04-04,232.30709838867188,233.01222376677336,226.17242152300034,226.30462916904324,123715300
2018-04-05,234.1405029296875,235.0219232354331,232.9770216703882,234.0611514312149,82652600
2018-04-06,228.92242431640625,233.67326456153145,227.40638070243776,232.18368937282415,179521200
2018-04-09,230.05068969726562,233.43534029483922,229.11638636610888,230.37681089226027,105442900
2018-04-10,233.70860290527344,234.49307993653733,231.79593578879246,232.93294868522386,103529000
2018-04-11,232.48338317871094,234.14045733463442,232.15726203290197,232.22776380815478,91140200
2018-04-12,234.3961181640625,235.3392444383138,233.62928672756837,233.80558156532558,68890500
2018-04-13,233.70860290527344,235.81521047558147,232.70379768298352,235.70062152505398,85079200
2018-04-16,235.62997436523438,236.39683228733097,234.5194035619932,235.33911762835723,63405300
2018-04-17,238.1509552001953,238.75031455399508,236.8817078046116,237.39291974783774,64682000
2018-04-18,238.3272705078125,239.12933938618258,237.86891469295483,238.5916858634493,57303900
2018-04-19,237.00511169433594,237.8777091627883,235.9738381325913,237.6749728150779,77655900
2018-04-20,234.99539184570312,237.1548817757553,234.1139717760991,236.9345267583543,99953100
2018-04-23,234.960205078125,236.123686276615,233.88487128536516,235.56838720920786,65558000
2018-04-24,231.7958984375,236.2029995241592,230.2974733085117,235.98264446982625,112885500
2018-04-25,232.36888122558594,232.8095914575811,229.91853341164548,231.73425741556017,103840900
2018-04-26,234.73101806640625,235.559555230159,232.95055889473045,233.3912690074155,67731900
2018-04-27,234.95135498046875,235.6388616272177,234.01705176562555,235.33918200158953,57053600
2018-04-30,233.1444549560547,236.1236593984513,233.07392627997427,235.56836039425437,82182300
2018-05-01,233.5587158203125,233.66448193214373,231.02901745124638,232.58032548825824,74203400
2018-05-02,231.98980712890625,234.17571200711808,231.60198008945386,233.36482048739748,86368900
2018-05-03,231.4785614013672,232.13080372140743,228.3318849297842,231.16126305069108,136311500
2018-05-04,234.47535705566406,235.15406772398305,230.1828456237386,230.5089667454372,91222100
2018-05-07,235.2687225341797,236.23826336253111,234.55474733145712,235.2422810006576,55304900
2018-05-08,235.2687225341797,235.63008119271018,233.70859135993757,234.89851416605737,67499200
2018-05-09,237.542724609375,237.86884575308144,235.41849887202426,235.93853351993553,59666100
2018-05-10,239.763916015625,240.09006408856357,238.1773703959911,238.28313651745867,72063900
2018-05-11,240.49551391601562,240.75992922415082,239.3760930143519,239.88733180849408,59871500
2018-05-14,240.61009216308594,241.57963284906248,240.06358905252702,240.9273905187562,54790600
2018-05-15,238.9530029296875,239.40250890537564,238.00987693366224,239.3848901863238,87036100
2018-05-16,239.9578399658203,240.4161957105122,238.96183078069996,238.98829921102723,53942600
2018-05-17,239.755126953125,240.83046071677833,238.97947284179332,239.69342108090297,56536400
2018-05-18,239.15576171875,239.7727666974474,238.8031989732715,239.4113811412176,64368000
2018-05-21,240.95387268066406,241.49155307240963,240.24874717217347,240.6365742714875,58025900
2018-05-22,240.283935546875,241.72947751252565,239.95781439332927,241.4738581359053,52966400
2018-05-23,240.94497680664062,240.97144523152645,238.85601554990004,239.01469160518607,64694200
2018-05-24,240.45144653320312,240.8216548938382,238.67098721482813,240.5484167533651,76043800
2018-05-25,239.8785400390625,240.50434094850192,239.37612398978206,239.8785400390625,56374800
2018-05-29,237.11964416503906,239.0147190473101,236.00907304336295,238.25668371463993,115908600
2018-05-30,240.283935546875,240.72464562438188,238.35365015429863,238.424151931224,69678400
2018-05-31,238.81201171875,240.1782023869531,238.21265238681653,239.87852272098635,93519900
2018-06-01,241.15664672851562,241.45632646139785,240.03722551285932,240.10775421401874,71258400
2018-06-04,242.30245971679688,242.5580791614445,241.73836465484743,241.9763384764614,45385200
2018-06-05,242.47879028320312,242.85779465085423,241.66787156981934,242.4347031179384,51135000
2018-06-06,244.5060577392578,244.61182390254916,242.46997839943694,243.08698355039755,62732200
2018-06-07,244.4795684814453,245.28166426161448,243.57170655862802,244.99080736933206,72969400
2018-06-08,245.2022705078125,245.2551535642236,243.85369877171357,244.02117074995135,72139700
2018-06-11,245.5283660888672,246.2423141748829,245.30801107716346,245.42259998705822,58892500
2018-06-12,245.84579467773438,246.20715337794084,245.20234808940336,245.9427380122248,72329000
2018-06-13,245.06129455566406,246.3393648003741,244.85855819513074,246.08374537166932,79070600
2018-06-14,245.67828369140625,246.2071143389862,245.08772026985903,245.9250802932143,77097600
2018-06-15,245.3648681640625,245.70131620768888,243.78889602781166,244.8956187925833,120041600
2018-06-18,244.86016845703125,244.98413436209893,243.43472266632747,243.91280739262805,52917600
2018-06-19,243.92166137695312,244.1430058972589,242.1774654761599,242.59359425511855,97531500
2018-06-20,244.33779907226562,245.00183265741478,244.00135106598808,244.603401698487,53785500
2018-06-21,242.80606079101562,244.34663692695875,242.31025125886632,244.32891207392933,71061400
2018-06-22,243.24880981445312,244.17847318128233,243.0274652537223,244.06336968656635,54898500
2018-06-25,239.9374542236328,242.25714041734616,238.2552413138066,242.09777885127292,137854200
2018-06-26,240.46868896484375,241.31864434566987,239.7515348904601,240.50411165309322,68547400
2018-06-27,238.47657775878906,242.47847672690543,238.32605160508425,241.05303106816336,105110700
2018-06-28,239.84007263183594,240.60148478447195,237.71514369883715,238.42346234970134,76650500
2018-06-29,240.1853485107422,242.2925525243365,240.07024504485113,240.92906280620025,97592500
2018-07-02,240.6989288330078,240.8583174600272,238.37924203747139,238.61831146819992,63554800
2018-07-03,239.84893798828125,241.69053969089012,239.4239737642924,241.59313404316126,42187100
2018-07-05,241.80569458007812,241.86767755604518,239.90213632382063,240.97346369831652,56925900
2018-07-06,243.85081481933594,244.22265843947528,241.4514210425873,241.83215410837596,66493700
2018-07-09,246.04656982421875,246.09969034891844,244.8070458819004,244.85130397928495,50550400
2018-07-10,246.93197631835938,247.0293819712378,246.2059597045332,246.4981496435699,51966800
2018-07-11,245.12579345703125,246.17056025929276,244.82476811387056,245.38256069839704,77054700
2018-07-12,247.34811401367188,247.40123454638106,245.78100425955168,246.38305497665553,60124700
2018-07-13,247.5428924560547,247.8439178074918,246.7194971989239,247.171048735879,48216000
2018-07-16,247.32150268554688,247.72876902543337,246.87881365796778,247.58713231385073,48201000
2018-07-17,248.32203674316406,248.71160533141384,246.4981597252672,246.55128025824675,52315500
2018-07-18,248.84439086914062,248.95063192835636,247.95901268287895,248.4017017760098,44593500
2018-07-19,247.90589904785156,248.56107027763503,247.42778724848594,248.18036413165808,61412100
2018-07-20,247.6225128173828,248.3308314298879,247.4631512619163,247.70219359511609,82337700
2018-07-23,248.08297729492188,248.28659698414955,247.07363319847968,247.41894365871448,47047600
2018-07-24,249.33132934570312,250.17244940108057,248.46367604604748,249.49071794855155,68026900
2018-07-25,251.45620727539062,251.7749303769225,249.03911567707434,249.0833737679788,78882900
2018-07-26,250.8629913330078,251.54472264436467,250.64164684001761,250.73905246712084,57919500
2018-07-27,249.16317749023438,251.2880800439711,248.24237647642775,251.19067437905215,76768700
2018-07-30,247.86158752441406,249.40213663305357,247.33919071533526,249.2427750741446,63742500
2018-07-31,249.08340454101562,249.69431758068527,248.24231157277697,248.6230176642827,68570500
2018-08-01,248.6672821044922,249.79172959266052,248.0209733790744,249.28705758708554,53853300
2018-08-02,250.02191162109375,250.19010858658837,247.16213089419983,247.36577756551435,63426400
2018-08-03,251.09336853027344,251.14648908304733,249.96892045080335,250.14600697312284,53935400
2018-08-06,252.0139923095703,252.32385297597003,250.73904590176275,251.1286143607923,39400900
2018-08-07,252.84620666503906,253.22693969372204,252.54518142392368,252.67800972347698,43196600
2018-08-08,252.7400360107422,253.13846698115805,252.27964910548545,252.6780800759013,42114600
2018-08-09,252.39480590820312,253.19164099777953,252.26200456320743,252.80207237272398,35717000
2018-08-10,250.70367431640625,251.50050922879808,249.99535560126085,250.9604415393712,77076000
2018-08-13,249.76516723632812,251.58904395946368,249.4729773325625,250.97813090933042,65732900
2018-08-14,251.35885620117188,251.5979255987983,250.10163433503746,250.49120289007564,43842000
2018-08-15,249.4818115234375,250.15470744907108,248.04750348792777,250.01304372685388,102925400
2018-08-16,251.50039672851562,252.36807663409255,250.88062150744864,250.9160441822598,69967900
2018-08-17,252.3858184814453,252.82850742525193,250.88952768981196,251.29679395262914,65618500
2018-08-20,252.92601013183594,253.1916127922392,252.38591536288368,252.83746690516844,39807500
2018-08-21,253.51919555664062,254.37801350839973,252.9614029564797,253.4395147594175,67272000
2018-08-22,253.36859130859375,253.89096099791945,252.84619459968033,253.11182416652258,44993300
2018-08-23,253.03225708007812,254.05043666143328,252.7135068605827,253.19161868002593,49204900
2018-08-24,254.55508422851562,254.69674797691286,253.55460258143327,253.6077231096326,57487400
2018-08-27,256.56494140625,256.6711824868627,255.59101980129498,255.75038142221396,57072400
2018-08-28,256.6887512207031,257.13144013373443,256.2283374586149,257.02517209815386,46943500
2018-08-29,258.0700378417969,258.3002177918885,256.6622897986318,256.9013321766645,61485500
2018-08-30,257.0251770019531,257.96367535391823,256.4319889781424,257.5918317908462,61229500
2018-08-31,257.03411865234375,257.4768077102713,256.13104270122597,256.617989857108,66140800
2018-09-04,256.5914001464844,256.94554594826343,255.59091866725385,256.617960406128,57594400
2018-09-05,255.9008331298828,256.4409278252253,254.89151613831157,256.23728113360505,72452400
2018-09-06,255.13058471679688,256.308125831231,254.10354276501158,256.00710048633505,65909900
2018-09-07,254.63479614257812,255.6087176445946,253.84679651198275,254.08586593769624,73524800
2018-09-10,255.07748413085938,255.90974186342126,254.88269983133213,255.64411217155657,50210900
2018-09-11,255.91851806640625,256.36120709749815,254.08580601257725,254.43108940663996,50530500
2018-09-12,255.9805145263672,256.58256515572646,255.19254205962258,255.92739400139993,59810800
2018-09-13,257.4945373535156,257.6804862349242,256.75968531520266,257.0430128319784,51034200
2018-09-14,257.5387878417969,257.8840712530081,256.75965078524433,257.69814941620206,55079900
2018-09-17,256.17529296875,257.52105793665976,255.90082792279205,257.48566226721647,68244000
2018-09-18,257.5653991699219,258.1585874876803,256.3612706566257,256.3878309242925,61930400
2018-09-19,257.8397521972656,258.2558808895619,257.4944418480969,257.6184077230567,49080600
2018-09-20,259.9293518066406,260.2481020477535,257.8575698080128,259.09712105504974,100360600
2018-09-21,259.6917419433594,260.785696210054,259.53165901903327,260.6700717174075,105479700
2018-09-24,258.8291015625,259.25601660965026,258.2510060962114,259.1137115939335,53409600
2018-09-25,258.58892822265625,259.3893700355499,258.34880382135856,259.2826480794176,44370000
2018-09-26,257.8152770996094,259.91421551245395,257.3972644981479,258.7313438038446,79739700
2018-09-27,258.53564453125,259.62069664612955,258.0109099954677,258.2866175118633,59249500
2018-09-28,258.5622863769531,259.0603403412746,257.87746896148747,257.913024857578,70091400
2018-10-01,259.46063232421875,260.52787942324136,258.79359270911283,259.7985762633335,62078900
2018-10-02,259.30938720703125,260.0208851700745,258.93586027610115,259.30938720703125,47258200
2018-10-03,259.45172119140625,260.7768978308185,259.0959721701713,260.358885266842,64694600
2018-10-04,257.4239196777344,259.0248038303383,255.84081347636905,258.9714428347122,111545900
2018-10-05,255.98304748535156,258.1620265805854,254.56002466570538,257.64619471868883,105951700
2018-10-08,255.98304748535156,256.3387964047874,253.91966575395975,255.2982029949872,87742200
2018-10-09,255.60948181152344,256.90797752205634,255.0491643965814,255.60060640972696,74339000
2018-10-10,247.5161895751953,255.1738195198183,247.1426625390177,255.10265341831723,214731000
2018-10-11,242.06422424316406,248.04977526262698,240.4544104484742,246.43108606352877,274840500
2018-10-12,245.4260711669922,246.43995706680374,242.24205417042162,246.15534704015607,183186500
2018-10-15,244.04750061035156,246.3954925595385,243.9585565864753,245.07028903016487,102263700
2018-10-16,249.38385009765625,249.75740419174008,245.53282033386319,246.00419386811836,118255800
2018-10-17,249.4283447265625,250.05089871671996,246.85800584754992,249.41944218007552,110626000
2018-10-18,245.82626342773438,249.09032170411564,244.55444807325216,248.4944211939006,134557500
2018-10-19,245.69288635253906,248.405502838311,244.9991663473376,246.47555038751653,139901600
2018-10-22,244.59007263183594,246.68010818995015,244.0564355596308,246.35994223177246,82415800
2018-10-23,243.3448944091797,244.4655294729058,238.89796433649786,240.97915149539128,146352700
2018-10-24,235.97189331054688,243.47831310802016,235.42047834896334,243.09585651106832,177806700
2018-10-25,240.2053680419922,241.74401565139752,236.78125352573443,237.8040420361195,138061500
2018-10-26,235.9807891845703,241.02362004077827,233.27707512923888,236.50555084001812,201574600
2018-10-29,234.67340087890625,240.35659102695715,231.10698111147096,239.06697033859635,160749100
2018-10-30,238.15084838867188,238.4621388764539,234.0152094564338,234.50438797777792,157116000
2018-10-31,240.69454956054688,243.0069587045786,240.2409539924511,240.71232751034958,128296300
2018-11-01,243.25596618652344,243.4516321862805,240.47218374803228,241.55723572088397,99495000
2018-11-02,241.81527709960938,244.78582436668364,239.7696721301947,244.35890913105104,122634100
2018-11-05,243.14932250976562,243.70073764794233,241.33496694067233,242.3043947064854,65622500
2018-11-06,244.68788146972656,244.8479644418792,243.02473392791143,243.0869974643845,60085900
2018-11-07,249.9263153076172,250.00635677353844,246.43100844431723,246.8579234044648,102752100
2018-11-08,249.47280883789062,250.11316793555736,248.3343956800287,249.12593521994543,65584900
2018-11-09,247.03585815429688,248.35213203208713,245.63061310834027,248.16536857627477,98812600
2018-11-12,242.41998291015625,246.76906695308182,241.90412375753766,246.52894247011767,99673600
2018-11-13,241.9663848876953,244.87466772001525,241.2459843040756,242.88245150278644,98176600
2018-11-14,240.31216430664062,244.23433359982502,238.75573844232798,243.8341260912925,125335900
2018-11-15,242.82020568847656,243.28270387403552,237.47501319005792,239.04921696143316,135101400
2018-11-16,243.45156860351562,244.35873228806014,241.21029916585445,241.72615809498868,126668000
2018-11-19,239.33380126953125,243.1403726335023,238.4177346862504,242.84686002553218,103061700
2018-11-20,234.9046173095703,237.4660532377612,234.04191183572692,236.00744722346693,136021300
2018-11-21,235.70510864257812,237.59950549234424,235.6962332375424,236.45218975453028,75563700
2018-11-23,234.13088989257812,235.52723257807557,233.97080690927402,234.06862635176773,42807900
2018-11-26,237.91078186035156,238.13312838545468,235.98970462643132,236.3810366819656,79981400
2018-11-27,238.71121215820312,238.71121215820312,236.27430304857938,236.87907905299704,75502400
2018-11-28,244.20765686035156,244.20765686035156,238.6489929736247,239.77853084623226,127629600
2018-11-29,243.6739044189453,245.07021934332278,242.29534029562808,243.43375290857713,82346400
2018-11-30,245.15928649902344,245.71960411549767,243.20265325672491,243.52281924218946,98204200
2018-12-03,248.4054718017578,249.3838017232441,246.813490577875,249.2770797576099,103176300
2018-12-04,240.3565673828125,248.00529243928708,240.04527685328782,247.57837738663264,177986000
2018-12-06,239.991943359375,240.1075678957514,233.41049160957218,236.50556502661695,204185400
2018-12-07,234.4154815673828,241.2192792431404,233.57945653094646,239.65395115076464,161018900
2018-12-10,234.8601837158203,235.82961126558462,230.01301882509009,234.23760261616204,151445900
2018-12-11,234.9135284423828,238.23982339583532,233.44604697126593,238.05305993563306,121504400
2018-12-12,236.0963897705078,239.24482367435746,236.01634829099115,237.88406423876316,97976700
2018-12-13,236.01638793945312,237.90188215211614,234.90465530067445,237.03917653874748,96662700
2018-12-14,231.6583709716797,234.8245829393611,231.10695599803614,233.87293341160515,116961100
2018-12-17,227.11363220214844,231.8184786411639,225.48605403096258,230.70674603004963,165492300
2018-12-18,226.86459350585938,229.41714067784332,225.26369591406458,228.75010114550832,134515100
2018-12-19,223.46714782714844,230.70675017805107,221.7684306807493,226.9446507542669,214992800
2018-12-20,219.82955932617188,223.78732473209402,217.58830256839778,222.22201009148066,252053400
2018-12-21,215.32537841796875,223.38555202382872,214.6812798002914,220.7286486384612,255345600
2018-12-24,209.63580322265625,215.45057126158082,209.57318974188104,213.84032507460728,147311600
2018-12-26,220.22763061523438,220.22763061523438,209.1169520452067,211.093979247737,218485400
2018-12-27,221.91839599609375,222.1151909748024,213.76877426318353,216.998207573705,186267300
2018-12-28,221.632080078125,224.8972899249476,220.46912395110584,223.2691622672811,153100200
2018-12-31,223.5734100341797,223.81495043254782,221.3816919791821,223.25136071975757,144299400
2019-01-02,223.80593872070312,224.72736835312008,220.02187048062882,220.0487067791242,126925200
2019-01-03,218.46531677246094,222.36568485027112,217.9822360854176,222.06151737501295,144140700
2019-01-04,225.78297424316406,226.42707273146465,221.11326702808634,221.48898887122783,142628800
2019-01-07,227.56321716308594,228.96770037116784,225.15679528246304,226.05137509532184,103139100
2019-01-08,229.7012939453125,230.18437478348426,227.22331720395408,229.7460393250109,102512600
2019-01-09,230.7747802734375,231.61568757213706,229.18242912704284,230.40799923460793,95006600
2019-01-10,231.58880615234375,231.83928738611394,228.56512228014213,229.2450116148356,96823900
2019-01-11,231.67825317382812,231.70508947195933,229.93381189408592,230.51528322053164,73858100
2019-01-14,230.2648162841797,231.0699325784489,229.37919109052422,229.78173558745547,70908200
2019-01-15,232.90383911132812,233.2169474781809,230.6315989437874,230.64055347725395,85208300
2019-01-16,233.4674835205078,234.35310892858368,233.12753877385674,233.33327468863047,77636700
2019-01-17,235.23863220214844,236.09744823146917,232.55489353642443,232.5996388944274,96118400
2019-01-18,238.36965942382812,238.8348582624264,235.2744218226689,237.0456991611133,127900300
2019-01-22,235.149169921875,237.1172558730687,233.53893763482677,236.90256551490268,115531200
2019-01-23,235.64122009277344,236.87574433178852,233.1811261470387,236.1779733228326,86030300
2019-01-24,235.7664031982422,236.34790168123567,234.4513703143308,235.46224946119852,59204100
2019-01-25,237.76144409179688,238.58446960976903,235.8649390769533,237.60935349702385,96883400
2019-01-28,235.954345703125,236.0169455325683,234.19202263725006,235.62335558879,85613700
2019-01-29,235.64122009277344,236.66102665952286,234.80926760140358,236.09746443338423,66136300
2019-01-30,239.37156677246094,240.2124736730545,236.3926290972428,237.15302712017095,92473700
2019-01-31,241.47386169433594,241.95694231608385,239.0942767136401,239.308994379085,104012100
2019-02-01,241.59027099609375,242.61010529345495,240.8030362333058,241.67077991950413,85782500
2019-02-04,243.2899169921875,243.35254413085923,240.96400403080258,241.63493888694768,60744800
2019-02-05,244.30970764160156,244.61386144626238,243.21831937762838,243.71928179711728,79552800
2019-02-06,243.98764038085938,244.52439362076777,243.25410583006848,244.03238574275397,58347800
2019-02-07,241.66180419921875,242.9231377133348,240.00682608227083,242.37745713067275,95482000
2019-02-08,241.9569549560547,242.05534561170498,239.59525161560148,240.4182768919302,75788900
2019-02-11,242.0912322998047,242.869512522312,241.563433382247,242.6101039817527,68021400
2019-02-12,245.2042694091797,245.5799775461956,243.6298006053734,243.70138226031133,72270200
2019-02-13,246.00048828125,246.84139546981498,245.61582552276414,246.03627911704666,65277200
2019-02-14,245.45484924316406,246.58202870800332,244.10402479247026,244.91809581703046,83234400
2019-02-15,248.12960815429688,248.1653989923437,247.02033787853892,247.22607377138476,97088700
2019-02-19,248.55902099609375,249.212046825401,247.3244964141007,247.33345094888386,59120800
2019-02-20,249.0599822998047,249.51622676490462,248.02226638531727,248.52322892328903,76610800
2019-02-21,248.1742401123047,248.78254757905458,247.21703355996718,248.42472126334278,64214700
2019-02-22,249.7130584716797,249.90983985080476,248.15647080608954,248.7916149217034,78114600
2019-02-25,250.05291748046875,251.65422284883292,249.97240858043799,251.13537861516554,69030700
2019-02-26,249.87399291992188,250.75066349950507,249.49825745695466,249.7040206033896,56844100
2019-02-27,249.76670837402344,250.1155803239667,248.2280299194689,249.1583733195915,56921600
2019-02-28,249.30140686035156,249.99025054305505,248.97937134667168,249.55188802668022,69268300
2019-03-01,250.85804748535156,251.26954649667508,249.4267145280981,250.87592925092025,78880500
2019-03-04,249.94554138183594,252.15515414421546,247.65541972937822,251.91362747398094,106494600
2019-03-05,249.6056365966797,250.2676441881034,249.05995604336294,250.070835547476,59114600
2019-03-06,248.09375,249.73084596641513,247.77171444618895,249.72189143423049,75039800
2019-03-07,246.01840209960938,247.78965264981824,245.17749489480767,247.64651660427654,94885100
2019-03-08,245.5263671875,245.69633953555666,243.7014440300641,244.16661570345593,85795800
2019-03-11,249.08688354492188,249.24790140973352,246.21528908744267,246.2421253982446,65098900
2019-03-12,250.0260467529297,250.5449182155576,249.4535299980749,249.64138407228003,79667500
2019-03-13,251.68104553222656,252.6114160495917,250.75067501486143,250.91172010661697,80639200
2019-03-14,251.51995849609375,252.12826596288298,251.0816233068483,251.70781253428498,67518400
2019-03-15,252.76271057128906,253.5713732521297,251.88215092021466,252.07085990158336,81309000
2019-03-18,253.67921447753906,253.97574152070632,252.75373970095887,252.97836976731972,62199800
2019-03-19,253.74205017089844,255.5031417462448,252.8525241186721,254.73942165972792,90268100
2019-03-20,252.9783477783203,254.7304731119043,251.87318549711011,253.5264593513431,84609200
2019-03-21,255.83566284179688,256.23998047374977,252.11577610387022,252.16071856563832,79550400
2019-03-22,250.9117431640625,254.99999873616272,250.8488401747913,254.47886913237073,122659300
2019-03-25,250.72315979003906,251.75645284707895,249.46523661535272,250.57039924494526,85575200
2019-03-26,252.59194946289062,253.54437851241264,251.19026039300329,252.47513747029075,68125900
2019-03-27,251.27113342285156,253.1670250393392,249.72567779743594,252.58296505421913,72224700
2019-03-28,252.2236328125,252.67289297510604,250.75007373789757,251.90017865734248,56238500
2019-03-29,253.81402587890625,254.13748002710767,252.6100119594949,253.7331623418559,82186800
2019-04-01,256.8239440917969,257.1204710295328,255.539067150015,255.80863958619787,77617900
2019-04-02,256.9497375488281,257.1833614980266,256.15903564752676,257.0126405229433,40070400
2019-04-03,257.35418701171875,258.55820087935837,256.7521663675677,258.16284976811403,68243200
2019-04-04,258.0370788574219,258.28866346963747,256.9858253573542,257.6776761857805,48997500
2019-04-05,259.2859802246094,259.33988924285876,258.41441453536396,258.7019475798009,58621700
2019-04-08,259.483642578125,259.59146060914446,258.2077318961907,258.8636614791043,53566300
2019-04-09,258.1537780761719,258.8456286022435,257.6056940400608,258.522174565323,66142300
2019-04-10,259.0343933105469,259.1242508136989,258.1538336527132,258.5671452624204,52601500
2019-04-11,258.9625244140625,259.5285965825624,258.3964522455626,259.5196026050741,55093100
2019-04-12,260.71453857421875,260.9930775507416,259.0073562411478,260.57077209913416,69727800
2019-04-15,260.54388427734375,260.8853263154702,259.74418819639936,260.78647484201645,49596700
2019-04-16,260.71453857421875,261.47828597657065,260.1215121472391,261.4243769759953,52153200
2019-04-17,260.07666015625,261.8557124477344,259.6633211574548,261.8287579409137,58268300
2019-04-18,260.58880615234375,260.858378651933,259.36683190031505,260.66070312049783,68708500
2019-04-22,260.8133239746094,260.96608440071606,259.73511670213725,259.8249741633384,40160100
2019-04-23,263.1585998535156,263.39222387949684,260.9482478452623,261.1818444505832,52246600
2019-04-24,262.5745849609375,263.41020222021825,262.4308184291265,263.07775411194496,50392900
2019-04-25,262.4127197265625,263.0686491097489,261.22669432582836,262.47562269905654,57770900
2019-04-26,263.6347961425781,263.7066656882998,261.68499538422964,262.4577369591944,50916400
2019-04-29,264.04803466796875,264.56919155772204,263.6347231979461,263.7245806707295,57197700
2019-04-30,264.182861328125,264.47039433172,262.29599111609195,263.706646787458,81111700
2019-05-01,262.1971740722656,265.0185406267152,262.18818009576734,264.8118711118755,71671900
2019-05-02,261.6310729980469,262.99684108288136,260.1395263594633,262.0803330426567,65030200
2019-05-03,264.19183349609375,264.47037250137964,261.7388640340087,263.10463197802125,56543700
2019-05-06,263.1047058105469,263.54497195780687,259.5824943704813,259.896981941665,107198100
2019-05-07,258.7109069824219,261.29864946948265,256.806048601852,260.70562286447625,144729900
2019-05-08,258.3515319824219,260.0587150102727,257.7585053140955,258.3515319824219,91568300
2019-05-09,257.5697937011719,258.1717868559465,254.5507516890629,256.2849164466201,103471100
2019-05-10,258.86370849609375,259.6184622709735,253.6522742114518,256.63536824121263,112429300
2019-05-13,252.3583526611328,254.7214650101081,251.52273551419995,253.76006930266527,127290500
2019-05-14,254.6405792236328,256.16807429211826,253.24788410051545,253.37366265002794,77003200
2019-05-15,256.13214111328125,256.77008271546595,252.80760572827901,253.01427522562122,73956400
2019-05-16,258.50421142578125,259.8609579611438,256.7610804560164,256.8329499899436,76749600
2019-05-17,256.8329162597656,259.3128398746993,256.1859808567677,256.20396880337756,100353000
2019-05-20,255.1348114013672,256.9408182840054,254.3890243100717,255.23363545743854,62877600
2019-05-21,257.4349365234375,257.812299512973,256.57233770605575,256.8239221726295,46847100
2019-05-22,256.6442565917969,257.59668554101046,256.16804211719005,256.4825295824555,49482500
2019-05-23,253.50851440429688,254.46991022415784,252.0978310424827,254.4249951802934,98733800
2019-05-24,254.08352661132812,255.35943728786714,253.46354551492902,254.94609827649518,55268100
2019-05-28,251.72042846679688,255.3145092656679,251.70246793424027,254.3620800476199,70029400
2019-05-29,250.03125,251.01063389915566,248.62956043600977,250.6063161906961,104972900
2019-05-30,250.7140655517578,251.6215796387543,249.6178699191781,250.7859350955703,62523800
2019-05-31,247.33567810058594,248.9979461732618,247.30872358786854,248.17132283615277,86862800
2019-06-03,246.7066192626953,248.48567114243932,245.37679991910798,247.37151522416315,96428000
2019-06-04,252.0618133544922,252.19658586974714,248.5485968800239,248.99785687797655,77231900
2019-06-05,254.24522399902344,254.27217850352002,251.8731453413565,253.6791519839394,71169700
2019-06-06,255.8984832763672,256.57237327174454,253.89480123933046,254.54173673171888,69430400
2019-06-07,258.4593200683594,259.53755523499956,256.74314326213107,256.9138642871934,74272200
2019-06-10,259.64532470703125,261.3075921861058,259.5554672231737,260.0047272218072,60799100
2019-06-11,259.5823974609375,261.8286972441243,258.93546202655364,261.4603007892035,58641300
2019-06-12,259.1241455078125,259.9058533683014,258.6119826265788,259.3487754640748,47096300
2019-06-13,260.19342041015625,260.55285036170267,259.33084885188674,260.0316933843536,48945200
2019-06-14,259.9059143066406,260.50790737500523,259.14216679214854,259.9059143066406,52324700
2019-06-17,260.0047302246094,260.7684777152376,259.83400922950466,260.13950274162505,39205700
2019-06-18,262.727294921875,263.778575596661,261.4603781786856,261.81980818690425,85434800
2019-06-19,263.32037353515625,263.85049725511794,261.89172945851396,262.8621193786363,78674400
2019-06-20,265.83612060546875,266.24046558371964,263.3831784940885,265.9978750491621,116570000
2019-06-21,265.44976806640625,266.8221515056671,265.23308319547755,265.5671482228351,83309500
2019-06-24,265.12469482421875,265.97338627298683,264.9711913645555,265.6573967423069,47582700
2019-06-25,262.52435302734375,265.2059379178657,262.4160106162554,265.1788523150936,82028700
2019-06-26,262.2625427246094,263.92385754593755,262.1542002988309,263.41824118962137,51584900
2019-06-27,263.19256591796875,263.6981823651526,262.6418159699409,263.0210145283139,40355200
2019-06-28,264.5468444824219,265.0434231006258,263.6529919480454,264.1676184518848,59350900
2019-07-01,266.9485778808594,268.08622859750477,265.74771822350516,267.8695161656501,78705600
2019-07-02,267.64373779296875,267.69790900113674,266.06367992868246,266.9033612093092,61504500
2019-07-03,269.7835998535156,269.8016752933706,268.1764562858047,268.3209220345233,40898900
2019-07-05,269.4765930175781,269.6391341895929,267.2645286286108,268.5556549615941,51677300
2019-07-08,267.9959411621094,269.2961055716428,267.4542013991323,268.1674925462859,45841800
2019-07-09,268.3299255371094,268.6278671624564,266.7859910977244,266.8401623023329,41101300
2019-07-10,269.61212158203125,270.56017314860304,268.8627345835701,269.3954366772293,58448500
2019-07-11,270.2440490722656,270.48781949375126,269.2418542299152,270.2530867910683,50826100
2019-07-12,271.4539489746094,271.5261956250817,270.42466841458145,270.73164779402924,40326000
2019-07-15,271.5442199707031,271.8873226456437,271.03860367732375,271.8873226456437,33900000
2019-07-16,270.66851806640625,271.6617031458477,270.3615385971301,271.4540284074998,36650100
2019-07-17,268.8265380859375,270.80386996621183,268.8265380859375,270.64135633183906,36036300
2019-07-18,269.8106994628906,270.1899255172124,267.88756624619475,268.32997368121545,51392600
2019-07-19,268.3118896484375,270.93026568631416,268.1403383081677,270.903180082799,58678600
2019-07-22,268.9710388183594,269.51277855742103,268.1945663171256,268.7091928929078,43638100
2019-07-23,270.8941955566406,270.8941955566406,269.25996619761105,270.09063745855633,44564500
2019-07-24,272.1672668457031,272.1672668457031,270.04546903159616,270.1357635765845,47213200
2019-07-25,270.86700439453125,271.7698944091797,270.0634190555662,271.7157232126221,55394100
2019-07-26,272.6819152832031,272.8805522564363,271.42688450822385,271.55330237938404,45084100
2019-07-29,272.1852722167969,272.68187835964795,271.6345224202421,272.56449822490094,38126500
2019-07-30,271.5171203613281,271.92343194048675,270.40655558457587,270.7857815620586,45849000
2019-07-31,268.5466613769531,271.9505755193534,266.5332335970876,271.7609487131754,104245200
2019-08-01,266.2081604003906,271.65258755474997,265.4136125645929,268.70014633011544,142646600
2019-08-02,264.2037658691406,265.5581013739478,262.650793388134,265.314330902532,116749700
2019-08-05,256.25830078125,260.22197439410274,254.36222586817163,260.1136319797592,178745400
2019-08-06,259.8518371582031,260.0685495834864,256.67367297899784,258.1453886890081,120711700
2019-08-07,260.00531005859375,260.7727722927134,254.6511774136103,256.7819852077057,140572300
2019-08-08,265.10662841796875,265.10662841796875,260.94431762874206,261.4950674503696,87713900
2019-08-09,263.30084228515625,264.76352003700896,261.5221474446139,264.1676091836573,93730000
2019-08-12,260.0956115722656,263.2918233491414,259.1475602385619,261.80205988649254,65527600
2019-08-13,264.1405334472656,265.58516336808646,259.4545308129541,259.79763351897674,94299800
2019-08-14,256.33050537109375,260.70049034452813,256.20411507951735,260.09556938065884,135622100
2019-08-15,257.00775146484375,257.9016317136364,254.96723786093705,257.2154261800236,99556600
2019-08-16,260.79986572265625,261.23323542718947,257.06188669690755,258.6600201444486,83018300
2019-08-19,263.94189453125,264.6190622184229,263.13833653723043,263.81550422440336,53571800
2019-08-20,261.9194030761719,263.9689538188934,261.79301278192634,263.4362519312439,51596400
2019-08-21,264.0501708984375,264.4203315219926,263.39105133047104,264.0772564941614,49524700
2019-08-22,263.9689636230469,265.38650783914835,262.1993065597355,264.75450123640525,51666400
2019-08-23,257.1882629394531,264.3301272824833,255.94227013252467,262.6688127245855,149161500
2019-08-26,260.0323181152344,260.0323181152344,257.84731220730464,259.373198500566,72423800
2019-08-27,259.01220703125,261.793125348652,258.2537822776039,261.4229369175807,66668900
2019-08-28,260.83599853515625,260.9985121802663,257.5494645347921,258.35305014787957,59696700
2019-08-29,264.1676330566406,264.6913248632864,262.3889380553566,263.3911606210267,57899400
2019-08-30,264.0501708984375,265.66632403331914,263.12019537323226,265.64827615417454,62901200
2019-09-03,262.5063171386719,263.2647416845759,261.17906729483354,262.3528412178477,69101400
2019-09-04,265.48577880859375,265.50382668884157,263.9237692156625,264.6731833331905,46887300
2019-09-05,268.8988342285156,269.81073482523794,265.4497861761174,267.9688581886312,83258100
2019-09-06,269.1064453125,269.74751727016104,268.5376475637681,269.2148152948554,49584300
2019-09-09,269.2418518066406,270.1808377169626,268.3028383422982,270.09057074583126,51260300
2019-09-10,269.1786804199219,269.24188935174453,267.2284341315708,268.48343727792104,57947100
2019-09-11,271.09271240234375,271.17396919283516,268.83548748642085,269.4855693643672,68821100
2019-09-12,272.0318298339844,273.0881960688336,271.23728195073244,271.99570650637503,72908700
2019-09-13,271.8511657714844,272.82630246980784,271.48097753915954,272.4741621192971,62104800
2019-09-16,271.0114440917969,271.8962861406716,270.37039995804827,270.7225127018769,58191200
2019-09-17,271.69775390625,271.7880208906066,270.64136015983695,270.8129115165538,41475500
2019-09-18,271.8602294921875,271.968571901471,269.27794933684083,271.30945217296875,73375800
2019-09-19,271.8421630859375,273.2416593963996,271.5080981282079,272.2484746882701,76560500
2019-09-20,270.55780029296875,272.7256865360811,269.7686626835575,272.4444725268905,89565000
2019-09-23,270.4942626953125,271.21084760193804,269.6416243712935,269.89559997751627,43476800
2019-09-24,268.37176513671875,271.97279346935863,267.4102840114436,271.5827644184251,94869400
2019-09-25,269.9590759277344,270.40352627736024,266.97484206860895,268.4533536576858,71854000
2019-09-26,269.396728515625,270.17678656371356,267.9907970655747,269.9681805505696,56179700
2019-09-27,267.9454650878906,270.2584842358922,266.394400547626,270.1496138053091,84746600
2019-09-30,269.1881408691406,269.8956464426555,268.41716214409126,268.4625040639401,51662400
2019-10-01,265.9862365722656,270.72109036382295,265.76855105398255,270.06800612770223,88242400
2019-10-02,261.2876281738281,264.4169953695027,259.9996188362365,264.4079159140389,122539500
2019-10-03,263.4282531738281,263.45546385374735,258.34871403256653,261.06081329580894,85278800
2019-10-04,266.99310302734375,267.2470787072425,264.0269992614025,264.08144832542007,65091200
2019-10-07,265.8410339355469,267.818445039267,265.5598476544299,266.19480049123445,59610500
2019-10-08,261.7139587402344,264.7254038708757,261.67766859806807,263.9906876592985,95708100
2019-10-09,264.1993408203125,265.1336114585525,263.10180603510383,263.72767961308983,62359400
2019-10-10,265.9862365722656,266.8660857836884,263.9544312515663,264.1176953902786,55296300
2019-10-11,268.7436828613281,270.9750422719158,268.6167088805522,268.7346034051052,98720400
2019-10-14,268.4443664550781,269.0974506367518,268.0996792923519,268.42620754255415,40394800
2019-10-15,271.1020202636719,271.8458158960156,269.36953283376874,269.4874550292948,46754500
2019-10-16,270.6665954589844,271.35596965464424,270.2312245406846,270.63938477659065,48928200
2019-10-17,271.46484375,272.3356133684746,270.77546947468795,271.8276621175921,45736600
2019-10-18,270.2765808105469,271.57366954233504,269.42394247522446,270.92966490395844,64304000
2019-10-21,272.1088562011719,272.30841046123777,271.15645449887944,271.5918531611871,39048600
2019-10-22,271.21990966796875,272.9342379797446,271.12919816843396,272.6439722537385,48594700
2019-10-23,272.0091247558594,272.0635461348605,270.75737767629226,270.9660114166438,34352200
2019-10-24,272.4534912109375,273.0884440118041,271.62806364231596,272.94331115214135,35453100
2019-10-25,273.5692138671875,274.1134552290327,271.82764704553614,271.8820684135941,45205400
2019-10-28,275.1112365722656,275.61013608971376,274.75749763127527,274.7847083190437,42147000
2019-10-29,275.0296630859375,275.9548820296619,274.7121865401747,274.8391882309899,44284900
2019-10-30,275.8731689453125,276.24503908773704,273.9229683145181,275.22913658461215,49643900
2019-10-31,275.1383361816406,275.8640003646187,273.6870631782008,275.8640003646187,69053800
2019-11-01,277.6872863769531,277.73262829214644,276.41738057633785,276.5806723698209,71141500
2019-11-04,278.8029479980469,279.37440006354313,278.4310501827038,279.2383466387265,60606900
2019-11-05,278.4945983886719,279.30189498204095,278.2043325788355,279.0025497152499,42933200
2019-11-06,278.55804443359375,278.83015127599856,277.61469457781413,278.494543609944,46487100
2019-11-07,279.53759765625,280.8709762647031,279.0659366686972,279.8913641578595,54272300
2019-11-08,280.2271728515625,280.28159424759366,278.49468459449207,279.19311096441146,49032100
2019-11-11,279.6918640136719,279.8642075711623,278.71222403622494,278.8483051362286,35797300
2019-11-12,280.281494140625,281.17947453569053,279.5104877305214,280.05472917772806,46484600
2019-11-13,280.3721923828125,280.77130091310977,279.0660240438884,279.29278899604503,53917700
2019-11-14,280.78033447265625,280.8619942096514,279.45603498872856,280.090987886083,51219900
2019-11-15,282.81219482421875,282.85753674364037,281.4243943784293,282.11374103249324,62023600
2019-11-18,283.020751953125,283.25659632840035,282.1227717261377,282.5763015670428,49228000
2019-11-19,282.93914794921875,283.62852223373176,282.2951432620522,283.619442778009,67804700
2019-11-20,281.8869323730469,282.86657234836355,280.3358680402715,282.3495416770167,79406200
2019-11-21,281.4334716796875,282.1047148443882,280.6352822016,281.9958720828886,54664700
2019-11-22,282.05926513671875,282.3132407351811,281.0524421975064,282.17718732194487,44850200
2019-11-25,284.24542236328125,284.24542236328125,282.9846232041064,282.9846232041064,48647200
2019-11-26,284.88922119140625,285.0706441547468,283.96403051338797,284.28150685860504,37569000
2019-11-27,286.1593322753906,286.1593322753906,285.1524811632226,285.37016673070644,44444600
2019-11-29,285.0979309082031,285.84172650261706,284.87116598414514,285.5968026686247,36592700
2019-12-02,282.6761169433594,285.4154274537873,282.2497977488334,285.351926627072,75767800
2019-12-03,280.78033447265625,280.8619942096514,278.5852653796921,279.9639862341054,73941700
2019-12-04,282.51287841796875,283.1115412943075,281.4788444906727,281.8235316935288,49080000
2019-12-05,283.020751953125,283.2293856451966,281.7145837968173,283.21125441681573,40709000
2019-12-06,285.6059265136719,286.0050350565463,284.9165521793852,284.9256316357635,48927000
2019-12-09,284.70794677734375,285.88711349587976,284.63536648869166,285.21589807283027,34838500
2019-12-10,284.3905029296875,285.31569410664116,283.73741866322825,284.6535580640139,52649800
2019-12-11,285.19781494140625,285.45179063198384,284.3088861837475,284.8440482574191,53429100
2019-12-12,287.6558837890625,288.4359419435748,284.97099448527933,285.2068112141044,96389600
2019-12-13,287.82830810546875,289.0528447364349,286.64911340549975,287.42012000138783,81503900
2019-12-16,289.80560302734375,290.39518635483904,287.7647184989822,289.5516273932872,82749700
2019-12-17,289.8691101074219,290.4859041346796,289.78747804627915,290.1865865771561,61097700
2019-12-18,289.8872985839844,290.4859614985211,289.83287719914233,290.2591965012545,48133000
2019-12-19,291.07550048828125,291.14808077783215,289.823753465592,290.07772911648044,85310500
2019-12-20,292.3516540527344,293.4819293110863,291.1302212825293,292.10552598899403,147142100
2019-12-23,292.7982482910156,293.1901949374519,292.65240185614937,293.13550600154747,52990000
2019-12-24,292.807373046875,293.0716936318886,292.50655608135855,293.02612879098643,20270000
2019-12-26,294.3661193847656,294.37524348162793,293.18115512214473,293.19025140163853,30911200
2019-12-27,294.2931823730469,295.1500129574212,293.7645132848047,295.0953240109606,42528800
2019-12-30,292.670654296875,294.5119413986182,292.1875500985432,294.3752190438764,49729100
2019-12-31,293.3815612792969,293.6276892705335,291.82287121002,292.16925296260575,57077300
2020-01-02,296.1252746582031,296.1435228475682,293.9923228046252,294.91296621198353,59151200
2020-01-03,293.8829040527344,295.0040826655969,292.6888161446402,292.74350507040344,77709700
2020-01-06,295.0041198730469,295.08615327203825,292.0143098616565,292.1328118215423,55653900
2020-01-07,294.1747131347656,294.9130417417363,293.7280496413541,294.43903377463585,40496400
2020-01-08,295.74249267578125,296.95480128822834,294.1199891894408,294.3660894233574,68296000
2020-01-09,297.747802734375,297.8207398631898,296.7177813744384,297.3011671355,48473300
2020-01-10,296.8910217285156,298.4861809242892,296.42616567870095,298.3312381801406,53029300
2020-01-13,298.93280029296875,298.9418965712198,297.0824170116794,297.5108322451486,47086800
2020-01-14,298.4770812988281,299.54354357146394,297.9210399203598,298.4953016751799,62832800
2020-01-15,299.1514892578125,299.9080379561586,298.3037830757557,298.3858164658878,72056600
2020-01-16,301.6400146484375,301.6400146484375,300.30008000636747,300.52795985830204,54050300
2020-01-17,302.578857421875,302.7884890679203,301.5761805798231,302.35097758583424,95846000
2020-01-21,301.98638916015625,302.78853074420584,301.5488776178504,301.62178693577914,77742400
2020-01-22,302.0228271484375,303.49038781097767,301.8678844320141,302.84318902456715,48914900
2020-01-23,302.3692321777344,302.77942705597485,300.2636244798141,301.37567931823935,51963000
2020-01-24,299.68023681640625,303.1075588185603,298.3949910655985,303.02552540689584,87578400
2020-01-27,294.87646484375,296.3531215152195,294.1107920443717,294.4480497017618,84062500
2020-01-28,297.9665832519531,298.84163406721996,294.9676767051918,296.298487210109,63834000
2020-01-29,297.720458984375,299.5526218615138,297.5199236056963,299.32474201380455,53888900
2020-01-30,298.6866149902344,298.89627442765044,294.9129398382602,295.66036446661803,75491800
2020-01-31,293.2630920410156,298.22175888029057,292.3515728105219,298.06678837146853,113845600
2020-02-03,295.441650390625,297.30115767312014,294.6212885304359,294.73979049796515,69083000
2020-02-04,299.94451904296875,300.8104734483571,298.723086598825,299.0421238964606,62573200
2020-02-05,303.4083251953125,303.6179846653886,301.41212336008243,302.870532103236,65951100
2020-02-06,304.42926025390625,304.62067153969036,303.35364621707834,304.3654472195234,50359700
2020-02-07,302.80670166015625,304.4383010658972,302.2597845544811,303.37183913632214,64139400
2020-02-10,305.0672912597656,305.1311042908256,301.886097610239,301.92256617332515,42070000
2020-02-11,305.59600830078125,307.20026355708615,305.0673114617923,306.41637021168424,54864500
2020-02-12,307.5648498535156,307.77448148627434,306.6624268441835,307.02702899526753,43992700
2020-02-13,307.23663330078125,308.20284134554566,305.8693546166026,306.1427992264959,54501900
2020-02-14,307.72894287109375,307.8474448392001,306.4528213248784,307.64690946641167,64582200
2020-02-18,306.93597412109375,307.7928046845001,305.5504466650149,306.73543871652276,57226200
2020-02-19,308.4034423828125,309.07795777585227,307.61954912250815,307.90211788539574,48814700
2020-02-20,307.1364440917969,308.67691395841035,304.15575813081296,307.8565243216202,74163400
2020-02-21,303.9735107421875,306.0973387829116,303.1531209980254,305.7874255135602,113788200
2020-02-24,293.8920593261719,304.0463696689848,292.8164454315438,294.5483543223174,161088400
2020-02-25,284.986572265625,295.8883379321786,284.1115213155918,295.2776354317167,218913200
2020-02-26,283.9383239746094,289.9634545114292,283.2091195022636,286.38118955607183,194773800
2020-02-27,271.18609619140625,283.99293030133657,271.18609619140625,278.43265741082325,284353500
2020-02-28,270.04669189453125,271.5324726677233,260.2752047841163,263.15560884540804,384975800
2020-03-02,281.74151611328125,281.80532914475464,268.40598340350584,271.8241810091955,238703600
2020-03-03,273.674560546875,286.0712292614889,271.2408194618374,282.1152386233994,300139100
2020-03-04,285.1780090332031,285.39679265326794,276.4912283478598,279.03437582366234,176613400
2020-03-05,275.6981506347656,281.17639114422417,273.46494478951723,277.995197331708,186366800
2020-03-06,271.1404724121094,272.34368433894815,264.5502069103932,267.2118271902237,228667200
2020-03-09,249.9659423828125,259.04466663052983,249.2549584564978,250.94124687205388,309417300
2020-03-10,262.90045166015625,262.9915813511426,249.30056924454237,259.4549092564181,276444100
2020-03-11,250.08447265625,256.9938059331485,246.91240265024598,255.863530672836,255316300
2020-03-12,226.1570587158203,243.06574485920348,225.7650981762707,233.34894558391483,392220700
2020-03-13,245.49034118652344,247.45922586480515,226.5307403139834,239.81156693642356,329566100
2020-03-16,218.6279296875,234.16932404862888,216.35824141554718,219.84023822786799,297240000
2020-03-17,230.43209838867188,233.50392810842425,216.09390266325667,223.35869921057358,262070500
2020-03-18,218.7646026611328,226.39401372816258,207.84460680606134,215.3464057445526,327597100
2020-03-19,219.22947692871094,225.491623266157,211.6729889100404,218.08096774832077,289322000
2020-03-20,209.78196716308594,224.1494627814303,209.50690060052804,222.37071486608463,347158800
2020-03-23,204.4182586669922,210.58885308857097,200.1180920586079,209.22271174158334,326025200
2020-03-24,222.939208984375,223.81025556170377,214.3663954320049,214.9348561536564,235494500
2020-03-25,226.27664184570312,235.04201992086357,219.82181757105965,224.5162352253458,299430300
2020-03-26,239.48886108398438,240.95584543670577,228.34877027705872,228.77970462542717,257632800
2020-03-27,232.3555450439453,239.13128235143066,230.18254563117415,232.21801874837786,224341200
2020-03-30,239.90145874023438,240.61662346155654,232.45640344110245,234.44602980585432,171369500
2020-03-31,236.32565307617188,241.4418275508448,234.92282878626662,238.90208181788717,194881100
2020-04-01,225.68983459472656,236.24312431481496,223.62685616519354,227.36772539626958,189554600
2020-04-02,230.8977813720703,231.6771206041194,224.25956831827114,224.80970165069434,177660400
2020-04-03,227.56028747558594,232.26388300481995,224.83715469449982,229.91666012342145,135561200
2020-04-06,242.8446502685547,244.80678550079665,227.5419457283824,236.40816732964865,188061200
2020-04-07,243.09222412109375,252.16932399949252,242.87218203318542,251.41747622455648,201427200
2020-04-08,251.25250244140625,253.0587562775526,243.20230109645226,245.68703684697715,153774500
2020-04-09,255.07591247558594,257.8265512385249,252.57282112817146,254.50742362725188,189999200
2020-04-13,252.74696350097656,254.44319588474661,248.8502262862596,254.10395500418002,114839100
2020-04-14,260.201171875,261.2188944182337,252.60941275513804,257.6247434043118,134143400
2020-04-15,254.67237854003906,260.3386853472331,252.56353956668622,254.49816925151632,121775000
2020-04-16,255.90101623535156,256.75370726229335,252.83864275488824,255.94684900762073,131798300
2020-04-17,262.81427001953125,263.4193856745287,258.9266831445482,261.65899326176117,146684800
2020-04-20,258.18402099609375,262.95180422099605,257.9639789331066,259.1192277447229,100109300
2020-04-21,250.3448028564453,254.92920065570146,249.40956779759313,253.72809067077185,126385700
2020-04-22,255.90101623535156,257.6430812956117,253.89304834549813,255.21335676570135,92951600
2020-04-23,255.88278198242188,260.3388320071785,255.5802239840313,257.17558575562447,104709700
2020-04-24,259.4493713378906,260.11870338954105,255.35091919954365,257.39557038512345,85063200
2020-04-27,263.19012451171875,264.3087180906632,260.96211509838025,261.4205546310472,77896600
2020-04-28,261.97998046875,267.17867138306195,261.67739457497856,266.8302527082662,105270000
2020-04-29,268.838134765625,270.369335297768,266.27088427087654,267.29778446877594,118745600
2020-04-30,266.3351135253906,268.9390474225819,264.60219818898923,267.462857175173,122901700
2020-05-01,259.2843933105469,266.5002313799912,258.11993829550914,261.5949198596324,125180000
2020-05-04,259.99945068359375,260.30200851871746,255.92850465269154,257.40466678621465,80873200
2020-05-05,262.40167236328125,265.2073206037957,260.12780177122573,262.8142792143297,79569900
2020-05-06,260.6230163574219,264.48307149149906,260.1920818426239,264.0979977435184,73632600
2020-05-07,263.767822265625,265.6932743331002,263.2635498583758,263.8320105300923,75250400
2020-05-08,268.1322021484375,268.5998195757135,265.7666377314456,266.8944094168429,76452400
2020-05-11,268.1872863769531,269.56260579427084,265.7850662716561,266.2068230583022,79514200
2020-05-12,262.841796875,269.78255179515514,262.7042425975372,269.36997290557235,95870800
2020-05-13,258.1932373046875,263.31858964743844,255.7726623265701,262.2825114779081,144721100
2020-05-14,261.28314208984375,261.4114906647709,250.29891603317049,255.76353778728304,121977900
2020-05-15,262.48419189453125,262.53002466488874,257.95480613821377,258.89919065123917,111146300
2020-05-18,270.47943115234375,272.0839701507051,268.3706196611589,268.6915050760796,119703800
2020-05-19,267.7013244628906,271.58888481740087,267.68299694495283,269.88350227805404,95189300
2020-05-20,272.2489318847656,273.1108005640989,271.0019896139452,271.2312094120459,85861700
2020-05-21,270.36932373046875,272.92742435106703,269.2782353216481,272.1205662355428,78293900
2020-05-22,270.8828125,271.05702179895974,268.8473394108852,270.08513201578137,63958200
2020-05-26,274.2202453613281,277.07175449936034,270.90114681308035,276.83335693039163,88951400
2020-05-27,278.3004455566406,278.33712857289146,272.1940244647287,277.0076420479935,104817400
2020-05-28,277.7869873046875,281.3353065447308,277.11765518674065,279.3273381718324,90405200
2020-05-29,279.0247802734375,279.61156861200794,274.57790903661964,277.31936982817837,119090800
2020-06-01,280.15234375,280.7574871969335,277.869324185465,278.3827741439072,55758300
2020-06-02,282.47222900390625,282.5180897682759,279.7399459537755,281.06940446353366,74267200
2020-06-03,286.2313537597656,287.1849160018017,284.17755322085765,284.4526057998422,92567600
2020-06-04,285.4794921875,286.98318749531984,283.3890087460685,285.2502723891811,75794400
2020-06-05,292.79620361328125,294.56577377345707,290.7974136505666,290.8616019107014,150524700
2020-06-08,296.33544921875,296.52798606844794,293.062182869184,293.60313838658124,73641200
2020-06-09,294.125732421875,296.40875303318035,292.814573695221,293.67644251654445,77479200
2020-06-10,292.4844055175781,295.5926388064312,291.7692410057691,294.7032650434573,95000800
2020-06-11,275.6231384277344,286.2039358982989,275.0730331017828,285.5712867925123,209243600
2020-06-12,278.9238586425781,283.38905659074294,273.7801789307393,282.6188812960742,194678900
2020-06-15,281.52783203125,282.65560386034076,272.07480686820895,273.24841147874247,135782700
2020-06-16,286.9465026855469,289.40376017355715,282.09623192993956,289.2570561458452,137627500
2020-06-17,285.754638671875,288.25772952024136,285.02111835943526,287.9643213952654,83398900
2020-06-18,285.8646240234375,286.34139118127837,283.78331810749904,284.2417577526698,80828700
2020-06-19,284.2308654785156,289.5169020088502,282.28772263184885,289.32351796858586,135549600
2020-06-22,286.0543212890625,286.45030759053503,282.490388367676,283.6323128106449,74649400
2020-06-23,287.37127685546875,289.627527981212,286.9660723422408,288.6973956071107,68471200
2020-06-24,280.040771484375,285.95305250280444,278.20816137818287,285.3360276763805,132813500
2020-06-25,283.0429382324219,283.3100111754416,277.45298321689944,279.4697872300513,89468000
2020-06-26,276.32025146484375,282.1588713157659,275.7400992165521,281.9470509652658,127961000
2020-06-29,280.3815002441406,280.51963173893165,275.2888463730119,277.5727234684733,79773300
2020-06-30,283.9731750488281,285.667682420551,279.79224355213324,279.94878327516534,113394800
2020-07-01,285.9622497558594,287.22392574002134,284.62694111006857,285.08739818187286,72396500
2020-07-02,287.5370178222656,290.7325908541107,286.8739585501112,289.38803604130976,69344200
2020-07-06,291.9757385253906,292.55591877461336,290.6035858181609,291.34952382314395,61713800
2020-07-07,288.9644470214844,292.408657022588,288.5868688394488,290.43791531370204,82910000
2020-07-08,291.1746826171875,291.28518783880827,287.96991877388723,289.72884039147516,54638600
2020-07-09,289.5169372558594,292.0218243686505,286.10954433852584,291.7823777440841,83354200
2020-07-10,292.47320556640625,292.74027861578753,288.02520130958993,289.45260741061855,57550400
2020-07-13,289.9405822753906,297.18817150586733,289.28674115516975,294.8122255722936,102997500
2020-07-14,293.697998046875,294.4715626788139,287.3252587874631,288.5224361241147,93657000
2020-07-15,296.3962097167969,297.4920997478603,294.02023559241456,296.9119193662305,87196500
2020-07-16,295.4200744628906,295.87131342816184,293.85450907927094,294.4991602617193,54622500
2020-07-17,296.2765197753906,297.0593024720893,294.45309952821765,296.4238694209868,62774900
2020-07-20,298.6709289550781,299.4168672808463,295.26353484413016,296.0094731698983,56308800
2020-07-21,299.3062744140625,301.07441359288947,298.3208896684092,300.6323928502155,57292200
2020-07-22,301.00994873046875,301.323084234717,298.8366050924752,298.94711028029644,57792900
2020-07-23,297.4184265136719,301.3507479273714,296.05549155599056,300.65084417889534,75738000
2020-07-24,295.5029602050781,296.5251615020732,294.0018655257891,295.56743094562876,73766600
2020-07-27,297.6578369140625,297.8328128298591,295.4015862760953,296.19358696402725,48293000
2020-07-28,295.7699890136719,298.0446479275418,295.4752897615271,296.9303216498821,57495000
2020-07-29,299.4075927734375,299.9693649980808,296.60800599281623,296.64485042658015,48454200
2020-07-30,298.33935546875,298.7537780991364,294.36102749576685,296.44227447076116,61861700
2020-07-31,300.6968688964844,300.7981840639859,295.9173223565921,300.12590663768805,84986800
2020-08-03,302.7873229980469,303.5516692549566,301.811156402926,302.3544922923563,53077900
2020-08-04,303.9569396972656,303.9569396972656,301.93091720834786,301.93091720834786,41917900
2020-08-05,305.84478759765625,306.10267054186585,304.98834417548517,305.2554171505095,42697700
2020-08-06,307.88922119140625,308.00894452980793,304.942312718452,305.264638297825,43679400
2020-08-07,308.1101989746094,308.3956800618827,306.0197062402385,306.92221206378724,57308300
2020-08-10,309.03118896484375,309.21535494485994,306.6275882566364,308.5615137232704,44282100
2020-08-11,306.4802551269531,310.8454078392464,305.75275309496504,310.20997475019243,69601100
2020-08-12,310.7532653808594,311.526829875344,308.8838108265044,308.91143712616207,53774400
2020-08-13,310.1915283203125,311.49923889521347,309.2706140885454,309.98892606516085,41816100
2020-08-14,310.20074462890625,310.73489061846544,309.07722814860483,309.80475825655594,47260400
2020-08-17,311.1861572265625,311.58214363407274,310.2099903082899,311.2137835316429,35481000
2020-08-18,311.8583984375,312.2820111007127,309.98891563003593,311.58210731482745,38733900
2020-08-19,310.5598449707031,312.75159673010216,309.9980728045905,312.23588712741235,68054200
2020-08-20,311.5268249511719,312.0056901723592,308.70883001435334,308.83774337602864,42207800
2020-08-21,312.6320495605469,312.8530600366252,310.8546633018206,311.1954252578799,55106600
2020-08-24,315.7999267578125,315.8735875319697,312.60435318835533,315.0631784958775,48588700
2020-08-25,316.9049987792969,316.9878776871024,315.2013018413242,316.3616627587458,38463400
2020-08-26,320.08209228515625,320.34913711570266,316.9509902417963,317.4943261404444,50790200
2020-08-27,320.78204345703125,322.22788555251475,319.1244090738759,320.94782937860447,58034100
2020-08-28,322.85406494140625,322.983006410203,320.61625033931085,321.804237442081,48588900
2020-08-31,321.6845397949219,323.5171500758055,321.4543112428884,322.6422984405211,66099200
2020-09-01,324.71435546875,324.81564254170917,321.620069114732,322.51335702094957,54908700
2020-09-02,329.41107177734375,330.37802059599454,325.4787495455929,326.62070244183883,69540000
2020-09-03,318.0745544433594,328.19539204398836,315.4959779391516,327.72571683022153,148011100
2020-09-04,315.4775390625,320.3215279500711,308.386489496312,318.7559908966991,139156300
2020-09-08,306.8577575683594,315.5419982728342,306.5538683027617,310.0809566891278,114465300
2020-09-09,312.9175720214844,315.3763982040515,309.989042307208,310.8547042580073,91462300
2020-09-10,307.4840087890625,315.4406916483202,306.52625029812896,314.78685053527204,90569500
2020-09-11,307.6405944824219,310.32045816888535,304.8225992871863,309.26141246287096,84680200
2020-09-14,311.6925964355469,313.46076397555305,307.78792941912315,310.79930858274395,65605700
2020-09-15,313.2674560546875,314.97112516922874,311.70189037183303,314.1423078505726,52920900
2020-09-16,312.024169921875,315.92883731092843,311.74787878709503,314.50143147881846,82096000
2020-09-17,309.2797546386719,310.99266929417666,306.65514411572747,307.18007184112935,91523300
2020-09-18,305.7191467285156,310.19420971929947,303.24122418442806,310.08326217502207,105877900
2020-09-21,302.316650390625,302.4645898682485,297.4717524188794,301.142417821237,99450800
2020-09-22,305.39556884765625,305.9503348545205,301.2903399000604,303.7960278580259,63612100
2020-09-23,298.3131408691406,306.22771947563723,297.8138486616711,305.9503223752341,93112200
2020-09-24,299.10821533203125,302.15938522189947,295.68718272630684,297.0001276478436,76681300
2020-09-25,303.9439697265625,304.729857674503,297.3885547651494,298.257653382287,71069400
2020-09-28,308.9921875,309.7041195983492,307.1059949203024,308.0953240484511,64584600
2020-09-29,307.3094482421875,309.5284836874694,306.6159979020015,308.788814611231,51304000
2020-09-30,309.6394958496094,312.78313211808506,307.781039690102,307.97519790754353,104081100
2020-10-01,311.6273498535156,313.1991537202758,309.75041203082435,312.22833451482296,88698700
2020-10-02,308.6686706542969,311.5996670640401,306.2184846303253,306.6900399805022,89431100
2020-10-05,314.142333984375,314.3272371892056,310.6750814573515,310.7213002044158,45713100
2020-10-06,309.67645263671875,316.37057974539914,309.16793362544905,314.28097349200937,90128900
2020-10-07,315.06689453125,315.87129250041943,312.5981986311307,312.62593551915137,56999600
2020-10-08,317.859130859375,317.92385966066934,316.0838856399177,316.9992592418316,45242500
2020-10-09,320.69769287109375,321.15999312657567,318.8854837702439,319.5049503113114,59528600
2020-10-12,325.8570251464844,327.3271369060572,322.74112523312164,323.2311624863126,80388500
2020-10-13,323.7304382324219,325.89400042178966,322.7688456316229,325.7183240365502,73255500
2020-10-14,321.69622802734375,325.39462982999737,320.96581398724754,324.30360807019053,57727900
2020-10-15,321.2986755371094,321.7794576418191,317.2581758442864,317.79443172197927,60357700
2020-10-16,321.1044921875,324.30360178414776,320.9288158479538,322.6485591089017,89501900
2020-10-19,316.2226257324219,322.99067994136914,315.3257621196153,322.36195837394564,68425600
2020-10-20,317.48931884765625,320.72542054305353,316.8051235185024,317.56327447111846,60051900
2020-10-21,316.8883361816406,319.6066638803036,316.5832022185799,317.443073902537,63575000
2020-10-22,318.62652587890625,319.2090286374741,314.9651162463488,317.1009408833877,55399300
2020-10-23,319.7083435058594,319.9025017003484,317.25815794875194,319.8470279304944,49143900
2020-10-26,313.8002014160156,317.1195140807674,310.31443920384794,316.33359795190205,91473000
2020-10-27,312.7184143066406,314.475149793473,312.5057460118679,314.14230712329396,65994100
2020-10-28,302.02996826171875,312.74608344828266,301.5399311812828,307.0597966652632,127094300
2020-10-29,305.0997314453125,308.26184985459844,300.5784207406355,302.2612006889962,90597700
2020-10-30,301.9190673828125,304.8315534323046,298.27613900813606,303.5278632885841,120287300
2020-11-02,305.30303955078125,307.30015142841495,302.56620226434757,305.30303955078125,86068300
2020-11-03,310.6935119628906,312.746126248305,305.38631400131226,308.52995012960014,93294200
2020-11-04,317.63726806640625,321.7055046793928,313.98508475423665,315.1593172475223,126959700
2020-11-05,323.83209228515625,325.63507467035436,322.55613899305547,322.907491721787,82039700
2020-11-06,323.7581481933594,325.0063646417054,321.43739166729375,323.5454798982403,74973000
2020-11-09,327.8262939453125,336.90587604645594,327.36399377580295,336.5267865214705,172304200
2020-11-10,327.34564208984375,328.39967222282814,324.0818027239641,326.8370947712311,85552000
2020-11-11,329.77734375,330.6002236995473,328.28872195189047,329.52768350264563,58649000
2020-11-12,326.5781555175781,329.8235125087104,324.7752013576145,328.76945432758134,67546200
2020-11-13,331.0994873046875,331.8391565132532,327.965077662347,328.48285175165734,62892200
2020-11-16,335.232421875,335.42658008620566,332.4771021299016,333.762310414162,74541100
2020-11-17,333.4295349121094,334.6315328782011,331.32144622353263,332.82855003735204,66111000
2020-11-18,329.4166564941406,334.2430721080145,329.379664574458,333.697561213107,70591300
2020-11-19,330.80352783203125,331.1733623463131,327.4472238872078,328.787905745115,59940900
2020-11-20,328.53826904296875,330.74807768636424,328.46431342145667,330.54466445649757,70417300
2020-11-23,330.5076904296875,331.7651617960009,328.1129784945893,330.34126910985094,63230600
2020-11-24,335.8333740234375,336.37888489880055,332.1997010545498,333.0503176608031,62415900
2020-11-25,335.3156433105469,335.77794359169803,334.2246214190069,335.75020670349176,45330900
2020-11-27,336.2494812011719,336.7210082758483,335.24164181075275,336.40664748720786,28514100
2020-11-30,334.7608337402344,335.7409079513326,332.0887531357319,335.4727659225405,83872700
2020-12-01,338.42230224609375,339.95714263167446,337.41449097572354,338.00624890506265,74231400
2020-12-02,339.1342468261719,339.2914131198718,336.73953476512753,337.3127825968703,45927000
2020-12-03,339.0417785644531,340.4286793920205,337.94150165059074,339.03252352963375,62882000
2020-12-04,341.9634704589844,341.9634704589844,339.53176684344106,339.62423252861316,50749900
2020-12-07,341.2607727050781,341.75080980917244,339.9940746180739,341.19604390236077,48944300
2020-12-08,342.2593994140625,342.8233922079248,339.9478980295718,339.99411677063375,42458900
2020-12-09,339.189697265625,343.0730024150456,338.35756246336115,342.915836132159,74098300
2020-12-10,339.0787658691406,340.1235407764272,336.952167699225,337.82129446332254,57735400
2020-12-11,338.6811828613281,339.08800937588853,335.8704174000004,337.38674768616795,57698600
2020-12-14,337.16485595703125,341.9172883370529,336.98917958686485,340.84477647871296,69216200
2020-12-15,341.7231140136719,341.7231140136719,338.329845795208,339.6982365511047,63865300
2020-12-16,342.2593994140625,343.17474493301853,341.05740176418556,341.93578357691985,58420500
2020-12-17,344.17327880859375,344.3766920459077,343.0730019635639,343.8959099470601,64119500
2020-12-18,342.7991027832031,344.6283315180656,340.79344881476123,344.4612007715748,136542300
2020-12-21,341.5733947753906,351.415944151772,336.1600082036477,338.8899235370573,96386700
2020-12-22,340.9976501464844,342.0097572148125,339.87412260631737,341.8983367429737,47949000
2020-12-23,341.3041076660156,343.20760697353194,340.979112376798,341.9633643931626,46201400
2020-12-24,342.6319580078125,342.6598131310871,341.19272941054123,341.7776869993081,26457900
2020-12-28,345.5754089355469,345.96538061700096,344.5540073036612,345.17611443159626,39000400
2020-12-29,344.91607666015625,347.27458040793783,344.3310908811892,347.09815522580993,53680500
2020-12-30,345.4082946777344,346.4389909289521,345.0183229457008,345.7332900123292,49455300
2020-12-31,347.1631774902344,347.8874388872676,344.70254763729105,345.2132342407314,78520700
2021-01-04,342.4369201660156,348.62101162593734,338.75060828235917,348.49100217915696,110210800
2021-01-05,344.79541015625,345.88181651795514,341.74979422078724,341.7962383123607,66426200
2021-01-06,346.8567199707031,350.0416393473608,342.743287286381,343.2911234562188,107997700
2021-01-07,352.0102233886719,352.75304553896814,349.0481726001441,349.22459781978796,68766800
2021-01-08,354.0158996582031,354.2294461631156,350.15316189053533,353.39376410680273,71677200
2021-01-11,351.62945556640625,353.38438462890787,350.7287689918053,350.84948394564515,51034700
2021-01-12,351.7038269042969,352.71593423715626,349.46603738716954,351.815275742109,52547700
2021-01-13,352.65087890625,353.6443970420134,350.84950564563337,351.6294773146356,45303600
2021-01-14,351.4159240722656,353.89514316325904,351.0816626236897,353.39372265354797,49989100
2021-01-15,348.8531799316406,350.59881478443,346.9960962553196,349.800282405299,107160000
2021-01-19,351.5923767089844,352.1309468672761,349.82815280679114,351.3045309935299,51233300
2021-01-20,356.45782470703125,357.29350642405694,353.4864804500078,353.87645202742823,61836100
2021-01-21,356.78289794921875,357.44218304043847,355.86365062010475,357.0150334029827,47840100
2021-01-22,355.5200500488281,356.6807271719311,354.5543587480902,354.9350642448892,52860500
2021-01-25,356.9222106933594,357.27503278883,351.4159360582794,356.25365943655754,70402000
2021-01-26,356.3651428222656,358.2779370791173,356.1330073218045,357.8693763313574,42665300
2021-01-27,347.6553955078125,353.14308184233016,345.4269004912862,353.05022197979747,123351100
2021-01-28,350.64520263671875,354.6379205656578,349.02954916525357,349.46593655582046,94198100
2021-01-29,343.6254577636719,349.75383907984985,341.9540655846165,348.78814770996314,126765100
2021-02-01,349.34527587890625,350.375943628793,343.9133009262217,347.01462699809997,75817600
2021-02-02,354.2850646972656,355.83574176244537,349.42880987347587,352.52084118245415,64450700
2021-02-03,354.5636901855469,356.2814981741382,353.2915924599428,355.11152644432576,52427100
2021-02-04,358.593505859375,358.63992160762723,354.67505892160796,355.59430609700564,47142600
2021-02-05,360.0048522949219,360.71055297183676,358.54706353312105,360.45985694354147,48669800
2021-02-08,362.60491943359375,362.6513351955174,360.5992654572833,361.45350816726585,38365200
2021-02-09,362.363525390625,362.95780588853523,361.36071247146884,361.7692448927148,35551100
2021-02-10,362.20556640625,364.24836966450124,359.8099410732521,364.09979957873327,59154400
2021-02-11,362.7905578613281,363.7005390243798,360.3670773709089,363.2826838806573,42913300
2021-02-12,364.58270263671875,364.8241042599518,361.9177635996305,361.9920628197405,50593300
2021-02-16,364.2669982910156,366.0033955530589,363.552031185599,365.808381339612,50972400
2021-02-17,364.3504943847656,364.60119044464864,361.5091306885375,362.5212660866274,52290600
2021-02-18,362.7998352050781,363.54265727343494,360.0327705772848,361.7505784893111,59712800
2021-02-19,362.1591796875,364.34125872083973,361.71346939446187,364.05341301185115,83241000
2021-02-22,359.3735046386719,361.77842431901905,359.1042196026477,359.4013597570989,67414200
2021-02-23,359.8099670410156,361.15636405887625,353.0316228676275,357.1729115862207,107284100
2021-02-24,363.77484130859375,364.2019909749651,357.7393191021612,358.7235712258007,72433900
2021-02-25,355.0093994140625,363.8769912428288,353.57017085547034,362.5120335653563,146670500
2021-02-26,353.1801452636719,358.0271345906392,351.20237503364604,356.8850463128118,152701600
2021-03-01,361.74127197265625,362.9855428178806,353.3751303176071,358.03639956573255,105348800
2021-03-02,358.9185791015625,362.19633073939394,358.41715856200267,361.964195274004,79595300
2021-03-03,354.1644592285156,359.18784590388924,354.0623048857202,358.22218274333903,119940200
2021-03-04,349.7817687988281,356.5601137940259,345.3061897362982,353.97876827034526,183433000
2021-03-05,356.2164611816406,357.26571784913307,346.01179684391315,353.27297148908974,152039600
2021-03-08,354.4429931640625,359.977094609663,354.16444194612137,357.17290844727864,123149200
2021-03-09,359.5035400390625,362.04773549523804,357.7764375613555,358.2778580660894,113633600
2021-03-10,361.74127197265625,363.4312247093334,360.4320530796693,361.84342629734385,109899400
2021-03-11,365.4090881347656,367.37759240388004,363.7469902205475,364.2019950148293,86245000
2021-03-12,365.90118408203125,366.0404596864284,363.2455681020347,364.05339494438545,64653600
2021-03-15,368.0832824707031,368.34327305827475,364.01626458616573,366.15189953144346,73427200
2021-03-16,367.6189880371094,369.40177242737843,366.84828247321997,368.6960999272851,73722500
2021-03-17,368.87249755859375,369.67102984650717,365.19545189698175,366.3375684287189,97959300
2021-03-18,363.50555419921875,368.37110416522074,362.8277084837041,366.2911796002453,115349100
2021-03-19,362.83294677734375,364.77995178052817,360.66234252833834,363.205574280837,113624500
2021-03-22,365.7301330566406,367.1088860050199,363.2893903689639,363.34528306947146,73778600
2021-03-23,362.8515625,366.5406230570263,362.0690362260645,365.09668084256,90686600
2021-03-24,361.0071105957031,365.8793009551312,360.9605428076759,364.24903035889577,97588600
2021-03-25,363.0378723144531,363.82969504622673,357.63467436503356,359.5723827433269,116128600
2021-03-26,368.8883056640625,369.2888795951097,363.5875952706098,364.18379370268866,114409100
2021-03-29,368.70196533203125,369.60560209374427,365.9351623341809,367.4163760803508,108107600
2021-03-30,367.7237854003906,368.39452632963565,366.13075792489735,367.43499693096027,76262200
2021-03-31,369.2142639160156,370.77001997622074,368.26405952663214,368.2920058783888,112734200
2021-04-01,373.20135498046875,373.257276101218,370.9376157019824,371.14256504589775,99682900
2021-04-05,378.55804443359375,379.0983784802134,375.7819453604423,375.8564594894642,91684800
2021-04-06,378.3345031738281,379.3778716395841,377.66376224160524,377.9991469225459,62021000
2021-04-07,378.7723083496094,379.1169894924743,377.7103185696919,378.16678511784755,55836300
2021-04-08,380.57025146484375,380.62614416673193,379.08903800549706,380.02062094317336,57863100
2021-04-09,383.3370361328125,383.50474266034735,380.3280415787718,380.4491519037927,61104600
2021-04-12,383.4768371582031,383.7469757570129,382.135355372954,382.74087863290447,56704900
2021-04-13,384.6133728027344,385.2375459689583,382.992427357714,383.3743798281407,56551000
2021-04-14,383.2998352050781,385.63808919365846,382.7595011466084,384.58539585907903,61659900
2021-04-15,387.4173583984375,387.68752538741427,385.38651459221114,385.4330823632249,60229800
2021-04-16,388.7122802734375,389.31780345743056,387.28695960911085,388.70295534718036,82037300
2021-04-19,386.80255126953125,388.2278720552796,385.4797193923822,387.78073043129933,78498500
2021-04-20,383.97052001953125,386.69072605086455,382.498603179726,385.5914650988826,81851800
2021-04-21,387.60369873046875,387.80864810285476,383.21592286206607,383.3556830388797,66793000
2021-04-22,384.0637512207031,388.26520006438915,383.001761278924,387.43610589568067,97582800
2021-04-23,388.2278747558594,389.6345741269456,384.54813911119874,384.6226532391619,73209200
2021-04-26,389.03839111328125,389.60667156779255,388.2931360312582,388.8800379124394,52182400
2021-04-27,388.95452880859375,389.53213415675737,387.8179963971385,389.33648125494796,51303100
2021-04-28,388.84271240234375,390.342575715046,388.3769209336228,389.2246648182536,51238900
2021-04-29,391.32073974609375,391.9355879172904,387.9484139465216,391.56296041556226,78544300
2021-04-30,388.7496032714844,389.9047856090629,387.85529148566474,389.05704160482367,85527000
2021-05-03,389.5880432128906,391.1158246327663,389.0943053331574,390.73387217038277,68128300
2021-05-04,387.1844787597656,388.0974402326931,383.5047433776642,387.6037024349062,101591200
2021-05-05,387.3056335449219,389.0570141395226,386.7466780571217,388.8241183887439,60162200
2021-05-06,390.3984680175781,390.528874845266,385.3772223436678,387.3801199711882,74321400
2021-05-07,393.23980712890625,393.8919265936675,390.4823294392389,391.16239525650957,67733800
2021-05-10,389.3457946777344,393.81738162988034,389.2246843410474,393.59381081117,81852400
2021-05-11,385.8709716796875,386.8584473474661,382.0049080638009,384.8369282355566,116888000
2021-05-12,377.67303466796875,384.36179320441613,376.3594993403955,383.0948540805935,134811000
2021-05-13,382.20989990234375,384.13828367571983,379.17293000396353,379.21952621514686,106394000
2021-05-14,388.078857421875,388.9266014154042,384.9114807136324,384.9394270681594,82201600
2021-05-17,387.0913391113281,387.9018401628468,385.07911651757036,386.97025720812496,65129200
2021-05-18,383.75628662109375,387.59440386559174,383.597905008926,387.3521831986254,59810200
2021-05-19,382.75018310546875,382.9271861523255,377.5985301803542,379.0797721892408,106467100
2021-05-20,386.8678283691406,388.12547123922195,383.5048270266521,383.6259089486558,78022200
2021-05-21,386.5511169433594,389.5880871287696,386.0946502945075,388.3490656109407,76578700
2021-05-24,390.4917297363281,391.56304469550713,388.54469589363157,388.7869166152356,51376700
2021-05-25,389.6252136230469,391.9262244678643,389.0476367876896,391.572218425638,57451400
2021-05-26,390.3984680175781,390.9015023339306,389.1780966451499,390.2121400584183,43088600
2021-05-27,390.60345458984375,391.9356114927395,390.3239626244938,391.4232522007512,56707700
2021-05-28,391.3021240234375,392.42933147222897,391.0692282777566,392.1684893742527,58520200
2021-06-01,390.95745849609375,393.7987753351119,390.5196133395258,393.65904356804924,54216600
2021-06-02,391.57232666015625,392.4107742254593,390.60350066902646,391.60959794586466,49097100
2021-06-03,390.1190185546875,391.2555509981351,387.7993858877597,389.26197808041053,58138800
2021-06-04,393.6869812011719,393.9850945840739,390.18422002621526,391.96354696648706,55938800
2021-06-07,393.3050537109375,393.85468430384935,392.3734706525122,393.67768124837585,51555000
2021-06-08,393.38885498046875,394.25522031845156,391.56296032167944,394.1620563356279,47134300
2021-06-09,392.8019714355469,394.3018348687151,392.57840061009364,394.2272923071258,48436300
2021-06-10,394.6278381347656,395.5780709347275,392.7087795402519,394.0223149057569,51020100
2021-06-11,395.27996826171875,395.3917536695252,393.89191873202867,395.1775077811149,45570800
2021-06-14,396.16497802734375,396.26743850654356,394.1527554254345,395.39174825118516,42358500
2021-06-15,395.4382629394531,396.351195855603,394.5625728646135,396.31395301429274,51508500
2021-06-16,393.23046875,395.8016468115362,391.19032822728997,395.57807599910893,80386100
2021-06-17,393.10009765625,394.07824847919915,390.63140827908353,392.82063411530976,90949700
2021-06-18,387.7969665527344,390.51671667728624,387.5913466663332,389.82509911514796,118676300
2021-06-21,393.3486633300781,393.53560087943845,388.7409408172673,389.5540649639203,72822000
2021-06-22,395.4516296386719,396.28346475320944,392.61969941589416,393.33938339648705,57700300
2021-06-23,394.97491455078125,396.33011186649463,394.89080121581947,395.5263432061953,49445400
2021-06-24,397.31158447265625,397.7321512462469,396.86295139148933,397.115319978314,45110300
2021-06-25,398.7228088378906,399.1714418641056,397.73210252899935,398.05922899461444,58129500
2021-06-28,399.526611328125,399.69483801915226,398.04990728021846,399.2462335097463,53159600
2021-06-29,399.7415771484375,400.5453458904214,399.20883078354126,399.9098038354574,35970500
2021-06-30,400.07806396484375,400.7509992918403,399.2555842848848,399.2836220683984,64827900
2021-07-01,402.2930908203125,402.4519905914438,400.76963819499144,400.83506919032,53441000
2021-07-02,405.3680725097656,405.72323677808726,402.37724253484845,403.45209077508554,57697700
2021-07-06,404.6296691894531,405.63908633581775,401.90056347036705,405.42411100289456,68710400
2021-07-07,406.0596923828125,406.34009873848606,403.3025486160357,405.31199914635374,63549500
2021-07-08,402.7511291503906,403.5081778396305,399.57336151548776,400.7510054866028,97595200
2021-07-09,407.0503845214844,407.349473214676,402.55481277928465,404.25584763381096,76238600
2021-07-12,408.5084533691406,408.760821961799,406.5363958989324,406.96631811831986,52889600
2021-07-13,407.1157531738281,409.21867209378087,406.8540577380294,407.72325737950405,52911300
2021-07-14,407.7232971191406,409.29349840963926,406.4802508086064,408.8074721795963,64130400
2021-07-15,406.3307189941406,407.05972983900836,404.43341971053184,406.38679455738685,55126400
2021-07-16,403.1436462402344,407.55510476141916,402.75111727654803,407.50838463044124,75874700
2021-07-19,397.1900939941406,403.209119261047,394.3862012992217,398.3303448309812,147987000
2021-07-20,402.8819274902344,404.1530401378472,397.0591676686946,397.85360950811923,99608200
2021-07-21,406.1437683105469,406.28398573679834,402.83519609526724,404.07824240394586,64724400
2021-07-22,406.99432373046875,407.23733686784163,405.34003746820474,406.3213884076943,47878500
2021-07-23,411.1815185546875,411.51797198627247,408.2374369376335,408.9196992370157,63766600
2021-07-26,412.19085693359375,412.20021236866125,410.5459261537889,410.5926462837905,43719200
2021-07-27,410.3122253417969,411.18142503169713,407.4896224241449,411.15338725210887,67397100
2021-07-28,410.14404296875,411.51795145786116,408.7234143462509,410.9384848950348,52472400
2021-07-29,411.84503173828125,412.91985138960683,411.05994533585215,411.0693007705477,47435300
2021-07-30,409.8448791503906,411.2935451911804,409.15323310150086,409.2840950781723,68951200
2021-08-02,408.9850769042969,412.10674026622047,408.62991264660883,411.5553115323718,58783300
2021-08-03,412.3123474121094,412.43385397257424,407.5924735593852,409.7795060797524,58053900
2021-08-04,410.28424072265625,412.28433581198715,410.050583021591,411.03193395699765,46732200
2021-08-05,412.8824768066406,412.96659014888616,411.12536648595767,411.4431375086628,38969700
2021-08-06,413.5647277832031,413.9853230057107,412.9198303207797,413.20023664333985,46930000
2021-08-09,413.228271484375,413.85445807390835,412.46186747322616,413.5366870620658,41222600
2021-08-10,413.7423095703125,414.4526380263717,412.9946164227404,413.676878576167,43339300
2021-08-11,414.7703857421875,414.86385451105014,413.6862107732414,414.8077789542653,44034300
2021-08-12,416.0134582519531,416.1536756754447,413.7236301446858,414.6208676326382,38909400
2021-08-13,416.7705993652344,416.7892817139917,415.9761574416634,416.4621552133837,39470300
2021-08-16,417.7519226074219,417.8827560853764,413.91993068902,415.47142121296486,73740000
2021-08-17,415.0133972167969,415.8732414325838,412.0319231944984,415.2003062311289,92673900
2021-08-18,410.47113037109375,415.5648794226537,410.2281457688839,414.004033503329,89351900
2021-08-19,411.106689453125,412.30304425730367,407.6111793930043,407.7513683082851,92812200
2021-08-20,414.37786865234375,414.7049951138694,410.96647217681397,411.4524984131377,72008700
2021-08-23,418.02294921875,418.9295421673049,414.45265298648917,416.0602189821948,54973000
2021-08-24,418.6865539550781,419.2193003480419,418.17251843232447,418.6865539550781,38744700
2021-08-25,419.56512451171875,420.0791600532625,418.49963168684314,418.87350683269574,40529700
2021-08-26,417.0882873535156,419.5183042507706,416.9948185830064,419.2846465858296,57829600
2021-08-27,420.8175354003906,421.19138203158167,417.8360607411706,417.8921363097158,77235100
2021-08-30,422.66815185546875,423.4532384067289,421.2474946004219,421.49050776724243,48357400
2021-08-31,422.04193115234375,422.9111310526147,421.44378220213764,422.5746776161247,59300200
2021-09-01,422.2662353515625,423.49059956655356,422.0325776231646,422.97656397314705,48721400
2021-09-02,423.5653381347656,424.369106938718,422.36901184150173,423.68684470342555,42501000
2021-09-03,423.4624938964844,423.9765579301553,422.0325099688313,422.4344228744772,47170500
2021-09-07,421.9483642578125,423.21012139664674,421.27542901861193,423.1166526229062,51671500
2021-09-08,421.43438720703125,422.14471575872943,419.51837690907405,421.4157048587594,56181900
2021-09-09,419.6304626464844,422.98578312246457,419.387449559995,421.2380284408069,57970400
2021-09-10,416.3219299316406,421.97643464658915,416.2004233686548,421.55586791625456,89948200
2021-09-13,417.38739013671875,419.57445120398825,415.07885103030503,419.31275573342043,83738600
2021-09-14,415.1349792480469,419.032373751366,414.24706856986353,418.8267538323482,78197100
2021-09-15,418.6024475097656,419.0978006931455,414.45268447355176,415.55554197274927,78792200
2021-09-16,417.9388427734375,419.0510271190857,414.99473310868217,418.07903168064803,77786700
2021-09-17,413.86767578125,417.59004823430996,413.51137369740354,417.168134146106,118425000
2021-09-20,406.966796875,409.3296017705494,402.10987722418974,407.7543985068498,166445500
2021-09-21,406.5823669433594,410.59540113058426,406.0572991890718,409.30147394535885,92526100
2021-09-22,410.5484924316406,412.5831513891095,406.6948671942367,408.85139337293356,102350100
2021-09-23,415.5366516113281,417.14001100580157,412.17996661282217,412.4143728690153,76396000
2021-09-24,416.2211608886719,416.9337651199925,413.6895616772255,413.90522575092706,62094800
2021-09-27,415.0303955078125,416.3524217423701,414.3365334637065,415.1897757538297,61371100
2021-09-28,406.6667175292969,412.59251441684535,405.93537117136833,412.26433994291904,130436300
2021-09-29,407.35113525390625,409.7795802277792,406.7885546104285,408.0449684995728,82329200
2021-09-30,402.3724365234375,409.5264917761639,402.0348766187246,408.8232729732289,140506000
2021-10-01,407.15423583984375,408.83259245748525,400.5815046124614,404.0975980601775,129240100
2021-10-04,401.9035949707031,406.89173823936943,399.7657824946463,405.9916262485337,128570000
2021-10-05,406.0853576660156,408.3262663404989,402.6067772325321,403.4037355215152,90682500
2021-10-06,407.7731018066406,407.97938044868795,400.8721956255004,402.49426854273986,113032200
2021-10-07,411.298583984375,414.13020116989895,410.86728449835147,411.0454355366307,72437500
2021-10-08,410.5484924316406,412.45189876084635,409.9202996692927,412.0674690550003,74557400
2021-10-11,407.576171875,412.79874945849707,407.5105312643394,409.8921065328173,65233300
2021-10-12,406.5729064941406,408.89822655825884,405.78530500807835,408.4950547167105,71181200
2021-10-13,408.0356140136719,408.8513431322092,404.6226741156243,407.594929147859,72974000
2021-10-14,414.8990173339844,415.0490407513381,411.2235151439211,411.69232759288604,70236800
2021-10-15,418.0588073730469,418.42449481685196,416.3898362044381,417.00867206884914,66260200
2021-10-18,419.2965087890625,419.6340400404351,415.621006350095,416.27735526871015,62213200
2021-10-19,422.5313720703125,422.59698407803893,420.30917663549167,420.9186558175996,46996800
2021-10-20,424.1909484863281,424.49099536699856,422.8782791509517,422.99078957769177,49571600
2021-10-21,425.29736328125,425.5223841474882,423.1595792098458,423.59087874148474,41305400
2021-10-22,424.856689453125,426.3100255563803,422.91579858892055,424.8660748608127,58845100
2021-10-25,427.1351318359375,427.4633063660101,424.17226149929996,425.9443581792132,45214500
2021-10-26,427.51947021484375,429.8916602272119,427.144425952367,428.68214462677764,56075100
2021-10-27,425.6253967285156,428.64454967748924,425.55037072193625,427.97884409279476,72438000
2021-10-28,429.7322692871094,429.8072666921166,427.04129028806375,427.05064707991323,51437900
2021-10-29,430.6042785644531,430.8949400235168,427.14444004690756,427.43510150597126,70162400
2021-11-01,431.344970703125,431.96380657611127,429.61974430603044,431.5887337216653,48433600
2021-11-02,433.0890197753906,433.3984520764042,431.38253525829714,431.51381650455664,48908400
2021-11-03,435.7330627441406,436.1362346004919,432.0856879971298,432.5263728629684,52509800
2021-11-04,437.7865295410156,437.8709123645309,435.9862767972165,436.3331934985726,52847100
2021-11-05,439.3054504394531,441.2932109079652,437.7958878886841,440.0086692059953,66390600
2021-11-08,439.68048095703125,440.89941061596096,438.9960330253521,440.4024705143944,50405200
2021-11-09,438.2272033691406,440.2806045314554,436.8207657847632,440.0461982673925,51149100
2021-11-10,434.7016906738281,438.2271697715408,433.220255788708,436.53942763125457,69429700
2021-11-11,434.8423156738281,436.2675239203641,434.8235734757579,436.1924978999976,34848500
2021-11-12,438.1239929199219,438.67718819768925,435.161094692695,436.1081050332003,53466700
2021-11-15,438.2740173339844,439.56794432499424,437.1488845782679,439.40856410960447,46980500
2021-11-16,440.00860595703125,441.1431240587056,437.93646296807935,438.0114603688836,48857500
2021-11-17,438.9397888183594,439.9242836397509,438.3209528739824,439.7461325975495,47858300
2021-11-18,440.43060302734375,440.69313688366196,437.25204053194824,439.97114731825366,50625600
2021-11-19,439.64300537109375,441.5651251990252,439.27731788187225,440.31806790988196,57315600
2021-11-22,438.40533447265625,444.0029569483632,438.19905582510415,441.5182563851529,72762000
2021-11-23,438.9866638183594,439.8399060268832,435.4799553727706,438.0771663973215,73206500
2021-11-24,440.15869140625,440.2805872370219,436.17378507370955,436.98951426235885,61858800
2021-11-26,430.341796875,434.9642817891199,429.21663530001194,433.5015889100639,112669600
2021-11-29,435.6205749511719,437.4583119148909,432.92959581507233,435.1236348523177,86268800
2021-11-30,427.14447021484375,435.0861556207731,426.9006785426518,433.18277789277585,148559600
2021-12-01,422.40008544921875,435.68624501124225,422.2031922004538,432.8452422514508,131939200
2021-12-02,428.86968994140625,430.43553635703284,422.22193180478286,422.61574691393747,127637800
2021-12-03,425.1378479003906,431.5886824657506,420.9185363153349,430.5291904812952,137331600
2021-12-06,430.1729431152344,432.04819294676213,425.2691545047344,427.6788574056175,98977500
2021-12-07,439.071044921875,439.63362565886325,430.0417113660508,435.442440658666,95484700
2021-12-08,440.23370361328125,440.68377393878586,437.71148993714627,439.4648728181905,72238800
2021-12-09,437.2613830566406,440.3367916207848,437.0644898372222,438.9490964511675,61272600
2021-12-10,441.37762451171875,441.52764795939703,437.41148870477724,439.9618300872147,77159800
2021-12-13,437.4677429199219,441.2088578538092,437.1864382259011,440.8619411504924,87724700
2021-12-14,434.45794677734375,436.6894990636773,431.54194649017546,434.2047983047942,97264100
2021-12-15,441.2463073730469,441.49007040259744,432.00131048296834,434.51416709666717,116899300
2021-12-16,437.355224609375,443.3747615247552,435.80812035524764,443.0934854498481,116568600
2021-12-17,432.7004699707031,437.2827414785998,430.9974086651927,434.28120719660683,135511600
2021-12-20,428.0993957519531,428.4945657060667,424.4862697414786,427.62893618734074,107134800
2021-12-21,435.7019958496094,435.84312797159805,429.3507919289712,431.5148943716561,69806300
2021-12-22,440.0584411621094,440.17134685592566,435.25032979357655,435.44794347232624,58890200
2021-12-23,442.7964782714844,444.2925360057626,440.95228510851217,441.05577241344565,56439700
2021-12-27,449.0630798339844,449.11011430535285,444.1232543282057,444.17028879957417,56808600
2021-12-28,448.6960754394531,450.52146074512336,447.9339332846144,449.4958623974338,47274600
2021-12-29,449.27001953125,450.28619942831625,447.802188171838,448.7995600259367,54503000
2021-12-30,448.0279846191406,450.7001910745442,447.5669435079559,449.6934008752194,55329000
2021-12-31,446.8988952636719,448.68663568101795,446.6260494189647,447.53874202831184,65237400
2022-01-03,449.48651123046875,449.61825370387953,445.85457683489585,448.15981168840295,72668200
2022-01-04,449.3358459472656,451.6223008842784,447.48223441413006,450.9071932731494,71178700
2022-01-05,440.7076416015625,449.7404696581306,440.61354395954817,448.9689091940095,104538900
2022-01-06,440.29364013671875,443.0034914570786,437.93192425280233,440.2466056724417,86858900
2022-01-07,438.55303955078125,441.47931328156096,437.1981135652395,440.30316424651267,85111600
2022-01-10,438.0072326660156,438.22362566846715,429.62364055153137,435.36325245373706,119362000
2022-01-11,441.99676513671875,442.0908627934465,434.751676287286,437.7438209696161,74303100
2022-01-12,443.1916809082031,445.2429062617321,441.2345819172256,443.7280116585806,67605400
2022-01-13,437.0851135253906,444.9417931268879,436.0595152339108,444.2925567024861,91173100
2022-01-14,437.263916015625,437.6120514809011,432.7286791584299,433.94247281173614,95890900
2022-01-18,429.5201416015625,432.7851319574491,428.4098639787604,432.578128611285,109709100
2022-01-19,425.0601806640625,432.455790611051,424.7873060995941,431.0632487949444,109357600
2022-01-20,420.3556823730469,431.6372951914394,418.23861402309865,426.9421172395524,122379700
2022-01-21,412.103759765625,421.58821170548157,412.0755333410702,419.2359139440063,202271200
2022-01-24,413.8538513183594,414.36195566976323,395.90112761933347,406.5052754832323,251783900
2022-01-25,408.8011474609375,413.7409730372485,401.9136123373261,407.4744480032651,167997300
2022-01-26,407.7755432128906,417.80574473347866,403.5225703047687,414.6818862839636,186391100
2022-01-27,405.7619323730469,415.50045053402,404.0777079047049,412.3672026513168,149878300
2022-01-28,415.83917236328125,415.88620682845203,402.54398201671927,407.1168346707988,164457400
2022-01-31,423.3288879394531,423.67702338927,413.82559991033423,415.1711072435179,152251400
2022-02-01,426.1893005371094,426.8291186076498,420.5343677869096,424.053395889453,123155400
2022-02-02,430.329345703125,431.05384305532795,426.2833764423959,428.5886396673794,117361000
2022-02-03,420.2144775390625,426.20812763649417,419.37704575360794,424.3074813838875,118024400
2022-02-04,422.19036865234375,426.0293055549054,417.6080689818472,419.9792032496543,118454400
2022-02-07,420.83544921875,424.3450587788941,419.5087499574974,422.95251700944823,84472900
2022-02-08,424.2980651855469,425.2201762493433,418.91600673505786,420.33680377789557,81012000
2022-02-09,430.508056640625,430.82796563209376,428.1275328887413,428.32511782459056,92589900
2022-02-10,422.7738037109375,430.66810052892527,420.7790596867854,424.6744500762086,140103700
2022-02-11,414.437255859375,424.92849902096657,413.0070690365457,422.85849404433793,153214600
2022-02-14,413.082275390625,415.5098626456239,409.6197001412661,413.9291255162954,123006300
2022-02-15,419.7439880371094,419.91334657222757,416.99649181538837,417.51401451434305,88482700
2022-02-16,420.2144775390625,421.588211390658,415.82979106919817,417.70221089727113,84863600
2022-02-17,411.23809814453125,420.186247943638,410.63592485416507,417.0341632264874,102259100
2022-02-18,408.5753173828125,412.74358216810356,406.3076988713617,411.49214366579196,132642900
2022-02-22,404.1906433105469,409.7702869392554,400.6998126141375,406.37358261467153,124391800
2022-02-23,397.0208435058594,407.6626367061376,396.45628627766916,407.0980794779474,132578000
2022-02-24,402.9956359863281,403.42847944353576,386.3790300752348,386.7365552102814,213942900
2022-02-25,411.88739013671875,411.97206942109483,402.5816852321868,404.2282938735101,121804500
2022-02-28,410.8335266113281,412.3107765451423,405.25388303089113,406.50529284633944,145615000
2022-03-01,404.5764465332031,411.3416578546236,401.8759843184385,409.3374953713261,137785900
2022-03-02,412.01904296875,413.74091213892484,406.0724278778105,406.825151607102,117726500
2022-03-03,409.96783447265625,415.04879163986294,408.17067562721684,414.4466183746847,105501700
2022-03-04,406.63702392578125,407.7661096277124,402.60047290853925,406.2418252656333,113978200
2022-03-07,394.64971923828125,406.75934432063025,394.58384800510765,406.05365494553234,137896600
2022-03-08,391.6575927734375,401.97005852746355,390.59434954887394,394.82848568696517,164772700
2022-03-09,402.158203125,404.13413881650297,397.8393882545467,400.02232727972273,116990800
2022-03-10,400.34228515625,401.23614110856755,395.60004466085365,397.55714383339716,93972700
2022-03-11,395.2519226074219,403.4379021571393,394.7438182155745,402.8263104395944,95636300
2022-03-14,392.3633117675781,399.46724033893065,391.2248075600843,396.02350128864606,95729200
2022-03-15,400.9914245605469,401.6218241501706,393.6993030071115,394.96952056412135,106219100
2022-03-16,409.8831787109375,409.9396315604553,399.7024270341616,404.4917305799787,144954800
2022-03-17,415.01123046875,415.01123046875,407.5967827207491,407.9731446506093,102676900
2022-03-18,419.5567321777344,419.87763507524926,412.66669551110175,413.4028912886427,106345500
2022-03-21,419.43408203125,421.3878136478484,415.93240645546575,419.38687263527476,88349800
2022-03-22,424.34197998046875,425.27637447242336,420.8214384644653,420.8214384644653,74650400
2022-03-23,418.8771057128906,423.30372739490633,418.79216338171153,421.81246957458256,79426100
2022-03-24,425.1914367675781,425.200884406194,419.7832397355188,420.8969665486931,64736900
2022-03-25,427.2679138183594,427.5416361124458,423.2471369609336,425.8238364518409,77101300
2022-03-28,430.3070068359375,430.3070068359375,424.7855254116311,426.6732093991703,68529800
2022-03-29,435.6302795410156,436.12109583341436,431.5056944584846,434.1862023802521,86581500
2022-03-30,432.9403991699219,435.30000450918726,430.83562083793777,434.4882852945164,79666900
2022-03-31,426.2768249511719,432.996975544084,425.823770410925,432.1758375929519,121699900
2022-04-01,427.4849853515625,427.99463935727147,423.9172632927216,427.8530688001301,89048800
2022-04-04,431.1470642089844,431.25090181901925,426.86204176947047,427.68317979634264,59601000
2022-04-05,425.70111083984375,432.119225743506,424.5590699380688,429.6558116325977,74214500
2022-04-06,421.4443664550781,423.71902938512,418.5656595556562,421.793612229182,106898000
2022-04-07,423.5680236816406,425.3802132507673,418.62230012164184,420.5666126114327,78097200
2022-04-08,422.43536376953125,425.32351793680107,420.89689672672466,422.81289480244646,79272700
2022-04-11,415.2151184082031,420.0098246314558,414.7148831400068,419.16979115637787,89770500
2022-04-12,413.676513671875,420.7175668489802,412.1285989831766,418.1974960631798,84363600
2022-04-13,418.4146728515625,419.16973507105604,413.25185499529334,413.4311873130841,74070400
2022-04-14,413.2046203613281,419.7548865120772,413.1007827575576,418.64113099890267,97869500
2022-04-18,413.3746032714844,415.0546413726437,411.1471205194664,412.27974277354747,66002500
2022-04-19,420.0474853515625,420.7647857423862,413.10079269782085,413.27067735850744,77821000
2022-04-20,419.73602294921875,422.4354264021452,418.57511557097627,421.82193478222695,65224400
2022-04-21,413.4595031738281,424.73842874926703,412.55342274585064,423.3509795921558,85417300
2022-04-22,402.1145324707031,413.4783716367902,401.5482213990768,412.37409241070765,132471800
2022-04-25,404.4458312988281,404.61571598232445,395.31886452951045,399.87763849644267,119647700
2022-04-26,392.73272705078125,402.1145203899857,392.70441293823944,401.9162927984164,103996300
2022-04-27,393.83697509765625,399.169705902769,391.7039115793856,393.8086609873536,122030000
2022-04-28,403.7850646972656,405.5123117771295,394.1484454415817,398.5750669559005,105449100
2022-04-29,388.86297607421875,401.9540624319965,388.11733269096055,399.8021034252902,145491100
2022-05-02,391.2037353515625,392.56287045835074,382.2749671742883,388.929072135393,158312500
2022-05-03,392.9969787597656,395.40376459664327,390.1465571793375,391.7039196895496,100028200
2022-05-04,404.9648742675781,405.53118526756083,390.47689280324255,393.65763595496884,144247900
2022-05-05,390.57135009765625,401.1329469341785,386.44676416954945,400.7082064100307,172929100
2022-05-06,388.239990234375,391.50567570306237,382.9450500936246,388.0134773567565,151770800
2022-05-09,375.80963134765625,383.5868812355381,374.23340232623997,382.35045035687074,155586100
2022-05-10,376.677978515625,383.2754262479383,372.6477827083813,381.7747206128694,132497200
2022-05-11,370.694091796875,381.3500802473875,369.9484482575457,375.7153401314492,142361000
2022-05-12,370.3069763183594,373.57266165703663,363.5207498600562,367.5037643543331,125090800
2022-05-13,379.1602478027344,380.5382491972758,373.39335762056186,374.4315896864937,104174400
2022-05-16,377.621826171875,381.2839385536254,375.27166828724563,377.5180173546355,78622400
2022-05-17,385.3896484375,385.62560898408395,379.9719747013643,383.70016285890136,83029700
2022-05-18,369.85400390625,381.12348248197793,368.6175728842904,380.84034133335325,117674500
2022-05-19,367.5887451171875,372.0059481432004,365.3707103676318,366.7959211904098,98510700
2022-05-20,367.7492370605469,374.7336635050742,359.1697150107811,371.1659411793916,131432200
2022-05-23,374.6298828125,375.39439273940906,368.45714636210454,370.7695426186861,76414900
2022-05-24,371.76995849609375,372.9591798912348,365.2291112058376,370.5146324408455,91448800
2022-05-25,375.0546569824219,377.0178653417215,369.88241896688857,370.27881665227665,91472900
2022-05-26,382.5486755371094,384.18153289436907,376.073931942696,376.2815783765453,82168300
2022-05-27,391.93988037109375,392.0531368146943,384.80443638650837,385.0026351628093,84768700
2022-05-31,389.74078369140625,393.07254576990726,387.0036468547426,390.3259612932842,95937000
2022-06-01,386.58831787109375,392.8648626531449,384.07769419751776,391.8549734040455,86585800
2022-06-02,393.9502868652344,393.9974674509903,384.1815149003103,386.4278638148007,79609600
2022-06-03,387.4850158691406,390.7884638335638,386.5128594774759,389.2405486758481,71874300
2022-06-06,388.664794921875,393.21409252066996,387.49441098526677,391.48687393580764,57508900
2022-06-07,392.3929138183594,392.8459684053957,384.7194727728496,385.1819749982957,59272400
2022-06-08,388.1268005371094,392.4684805286195,387.33397652533813,390.6846048993001,64350000
2022-06-09,378.8959655761719,388.6175274447086,378.8959655761719,386.352312221375,86289800
2022-06-10,367.90960693359375,373.5537925681174,367.86242635422343,372.70434051304426,132893900
2022-06-13,353.9408264160156,360.3683895194282,352.3362831480851,358.5184668650851,170004900
2022-06-14,352.8742980957031,356.7157429736958,349.77849666174114,355.68695837561785,104011800
2022-06-15,357.90496826171875,362.34100925128496,351.2225494582893,356.1682732930812,125666800
2022-06-16,346.0597229003906,350.10881384000515,343.63404163139757,349.702968623294,134473300
2022-06-17,346.8057556152344,350.14245020385545,343.30795986691686,346.474006989018,111113900
2022-06-21,355.53607177734375,356.9200257502837,352.44584583713896,352.52169557516805,76811900
2022-06-22,354.8914794921875,358.99595685720385,350.90071887328156,351.3178056312109,90059400
2022-06-23,358.370361328125,359.1002487608876,353.46963484148904,357.0243321478926,79292100
2022-06-24,369.7643127441406,369.77380119326506,361.507944524138,361.5363809433128,98050300
2022-06-27,368.3519592285156,370.9776852889989,367.2618578134948,370.683832618729,66009600
2022-06-28,360.82550048828125,372.68398100101825,360.71175479299797,369.90658420443964,86548900
2022-06-29,360.5316467285156,362.3611241546952,358.71165775298255,361.3753088463661,65676000
2022-06-30,357.60260009765625,360.83500878132185,353.1568557172421,356.64519222936855,112508300
2022-07-01,361.3847961425781,361.8208599109863,354.3322732319177,356.94854012954494,74839700
2022-07-05,362.0672912597656,362.0862681620961,353.47914368346136,356.30395395124316,81438000
2022-07-06,363.2901306152344,365.7736749553109,359.8302303950162,362.209488552523,70426200
2022-07-07,368.73114013671875,369.52738892243804,363.3090402764563,365.0626968664323,64525900
2022-07-08,368.4278259277344,370.2952282014979,365.5745794315864,367.10071569720793,72397800
2022-07-11,364.218994140625,366.72148571389,363.527002730403,365.7546185718872,58366900
2022-07-12,360.99609375,366.0485198112267,359.251925711996,363.6692331147653,62219200
2022-07-13,359.10028076171875,362.02937706003513,355.14747320454023,355.5645600399159,84224600
2022-07-14,358.2281799316406,359.3087928722651,351.715979081912,354.1521096552973,89704800
2022-07-15,365.0721435546875,365.1858892356065,360.7211976903377,362.62649570213034,79060400
2022-07-18,362.05780029296875,368.82592927824663,360.83497625525047,368.1529146526756,63203600
2022-07-19,371.8402404785156,372.4089977632134,365.3185809223327,365.9726185323084,78506000
2022-07-20,374.2101135253906,375.62253303614597,370.6649043931411,372.02991057920354,71843800
2022-07-21,378.0207214355469,378.068105826219,371.2336162126565,373.6318507302927,64903900
2022-07-22,374.5133972167969,379.3383025244326,372.29526973672574,378.143943990978,72197300
2022-07-25,374.9684753417969,375.8215969964553,372.73137056679104,375.1390938870878,53631500
2022-07-26,370.53216552734375,373.53705331768873,369.6411191276845,373.3285099278068,52946400
2022-07-27,380.1535949707031,381.89776315262577,373.52761885571124,373.82147154826214,82342100
2022-07-28,384.92156982421875,385.61353235014826,377.4140367716771,380.95927437369363,73966600
2022-07-29,390.53326416015625,391.51910833460266,385.585124244229,386.352936564959,87003700
2022-08-01,389.3768615722656,391.8793828026547,387.1302971071062,387.8412366937113,69997500
2022-08-02,386.80792236328125,391.49064571833276,385.63251176391105,387.8127144423944,63435400
2022-08-03,392.8651428222656,394.0310649800449,388.6468906090099,388.93125481134643,67820600
2022-08-04,392.5997314453125,393.4718009620609,390.9598207163616,392.78929793981433,45656600
2022-08-05,391.93621826171875,392.58079648264055,388.26777497334547,388.3246478205913,56814900
2022-08-08,391.481201171875,395.87007236927724,390.3816112599049,393.6235081493515,53886100
2022-08-09,389.9265441894531,391.25362520037476,388.85539093228897,390.75122921309026,44931800
2022-08-10,398.11663818359375,398.2588492285253,395.01695232609546,396.96966387104465,68665700
2022-08-11,398.11663818359375,402.81833898357877,397.37726224840134,400.9603962309802,59489700
2022-08-12,404.8563537597656,404.9606110010774,399.10247645360926,400.050395788599,61694500
2022-08-15,406.5246887207031,407.0460617331619,402.5908291054767,402.6477019536426,54048300
2022-08-16,407.3209228515625,409.2451978170758,404.64778356108576,405.4535207281274,59289000
2022-08-17,404.4297790527344,407.1313549468698,402.42968313864895,403.7283280008868,63563400
2022-08-18,405.605224609375,406.2876987703884,403.3396834770453,404.6288399076743,49023200
2022-08-19,400.1546630859375,403.11216664311075,399.28256461046794,402.84675039895933,68016900
2022-08-22,391.82244873046875,395.5003802457015,390.9219138235221,395.3297327861423,77695600
2022-08-23,390.87451171875,393.7846307828097,390.3247023494631,391.39585573923233,49105200
2022-08-24,392.12579345703125,393.49077064865355,389.96453858867704,390.6470127203874,49177800
2022-08-25,397.66168212890625,397.70906652826534,392.5239461830148,393.61404772211625,50942300
2022-08-26,384.201171875,398.0881839321778,384.1442990308555,397.547891912805,103087000
2022-08-29,381.6607360839844,384.70354880710715,380.3052184856568,381.25313774516417,65370800
2022-08-30,377.470947265625,383.0542059895712,375.3760536519589,382.8172261577202,85652400
2022-08-31,374.5987548828125,380.3431437236325,374.4660612189248,379.10137171228644,76029700
2022-09-01,375.7742004394531,376.1154375189932,369.7264703742915,372.428046300128,78740100
2022-09-02,371.81182861328125,380.6464427581479,370.00129941700374,379.43310730382876,99632100
2022-09-06,370.408935546875,373.5939303427136,368.19080797230174,372.6554995418325,76637400
2022-09-07,377.06329345703125,377.83110568507885,369.8780787401788,370.0960816393788,70964200
2022-09-08,379.5279541015625,379.9829368756566,373.59396971166063,374.79784580059123,80821700
2022-09-09,385.4240417480469,386.2866518911624,381.4996414658426,381.7650577461701,76706900
2022-09-12,389.56640625,390.2868341942052,387.1871194866291,387.49046061347366,69256300
2022-09-13,372.6271057128906,382.1062993004574,371.5085678123265,380.9024232007864,122947100
2022-09-14,374.0489196777344,375.56559617352946,370.7501504689949,373.92568555402255,85023700
2022-09-15,369.80224609375,375.3380909362644,368.53203779447915,372.4943332407687,87633800
2022-09-16,366.9811096191406,367.6378630769438,363.69734233012485,365.6295510878898,103084800
2022-09-19,369.8269958496094,369.8269958496094,363.7639505998914,363.84011191988435,73278500
2022-09-20,365.5818786621094,367.51405803281153,362.8311539935767,366.50513850212155,77274900
2022-09-21,359.20477294921875,370.55036925173334,359.1952455228189,367.504555601014,106746600
2022-09-22,356.1875915527344,360.0709772242707,355.44517830463013,358.433857107036,89472600
2022-09-23,350.21966552734375,352.7609904104437,345.78421269474035,352.7229097506912,122346900
2022-09-26,346.75506591796875,352.3707580104209,345.53674617910787,348.7538794551558,92581200
2022-09-27,345.869873046875,352.5515910179344,343.4808127042095,350.2862710344236,108294100
2022-09-28,352.67535400390625,354.3600529595543,345.127482081543,346.8217084645166,110802200
2022-09-29,345.3082580566406,349.42006827966514,342.36715927302765,349.13453598884,112952300
2022-09-30,339.9686584472656,348.27799879138144,339.83541969328155,344.3660311283521,153711200
2022-10-03,348.9442138671875,350.7907337489844,341.90080218718504,343.6806881754969,89756500
2022-10-04,359.7568359375,359.78538917158465,348.9061712798272,354.45522944852485,103602800
2022-10-05,358.9191589355469,361.1749510870313,353.07504224847634,355.3974682809226,88065700
2022-10-06,355.2167053222656,360.47070383972516,354.72174385776447,357.5200770483229,82333500
2022-10-07,345.3082580566406,355.3022948939197,343.5473981378096,351.19045562386657,107789500
2022-10-10,342.6717529296875,346.659852271921,340.43501530969775,346.42189898919605,76042800
2022-10-11,340.5015563964844,345.53665504932576,338.56937726442624,340.97746287282405,92482800
2022-10-12,339.3785095214844,342.4814298234217,339.13102879643657,340.91094386553914,76991800
2022-10-13,348.3350830078125,349.8008834901985,331.3356839052994,332.3826842498608,147254500
2022-10-14,340.3970031738281,352.4184100845512,339.7592754670555,350.7907883892063,123737000
2022-10-17,349.1441345214844,350.24824134925336,340.06382821256403,346.46954168027236,93168200
2022-10-18,353.2464294433594,357.35826934412756,349.81036876588746,357.0536821558411,97162900
2022-10-19,350.7431335449219,353.9317132956456,347.9352732315164,351.2095126771094,79746900
2022-10-20,347.8020935058594,354.71226720130164,347.04062545500517,350.2958396474553,88283100
2022-10-21,356.2541809082031,356.7395859020458,346.02218871676973,347.5260408349085,131038400
2022-10-24,360.6134948730469,361.74615500669046,355.1310410528587,357.77710987202045,85436900
2022-10-25,366.3719177246094,366.68600327248134,360.4230857441992,360.53729867069814,78846300
2022-10-26,363.61163330078125,368.90371186098525,362.9739347843384,363.2309138667366,104087300
2022-10-27,361.6700134277344,366.44810554176166,361.0513115703601,364.6111129190357,81971800
2022-10-28,370.2743225097656,370.7502290607999,361.3843916220893,361.5652384352448,100302000
2022-10-31,367.5997619628906,369.68423516133385,366.69555686556424,367.81868945232327,96631300
2022-11-01,365.9912109375,371.57837896955164,364.8204992604764,371.3404256632253,85407600
2022-11-02,356.8061828613281,369.9031408055681,356.70149735976,365.4010542504777,126990400
2022-11-03,353.1322326660156,356.1685191668986,351.01920615203176,353.5700586148132,87100100
2022-11-04,358.2149658203125,360.6135250438023,352.170945141583,358.8336386983156,103505200
2022-11-07,361.6414794921875,362.23159909806725,357.4344518726958,359.50939792144624,68286900
2022-11-08,363.59259033203125,366.56224244323937,359.5188315812918,362.74546276276726,84641100
2022-11-09,356.1018981933594,362.77411841444257,355.6069367100275,361.622403460563,78495500
2022-11-10,375.6711120605469,376.00425245255667,367.0572151863192,369.3510591794325,141455800
2022-11-11,379.30706787109375,380.10658743180727,374.64316019638335,376.5277606911573,93839900
2022-11-14,376.0804443359375,380.89661702699635,375.80441036199727,377.5462448649226,71903500
2022-11-15,379.2879638671875,382.9238966019307,375.48071175885616,381.8197900048712,93194500
2022-11-16,376.3945007324219,378.61221246717844,375.76630060291683,377.66039937041876,68508500
2022-11-17,375.2428283691406,375.9186366580597,371.3404174691277,371.6449756187588,74496300
2022-11-18,376.9466247558594,378.6408512891868,374.1007122482851,378.5742173860638,92922500
2022-11-21,375.5758972167969,376.7466376918826,373.7389050539046,375.6235052961584,51243200
2022-11-22,380.63006591796875,380.79188693120494,376.1089535381112,377.5176474312929,60429000
2022-11-23,383.0286560058594,383.51406095455076,380.06850204043604,380.29692789864373,68261600
2022-11-25,382.9429931640625,383.49506108811516,382.1910816475926,382.46708656258517,30545400
2022-11-28,376.8323059082031,381.49618401653254,376.07083804443715,379.8590644182219,67881600
2022-11-29,376.18511962890625,378.1553507626501,374.34809818392904,376.96558433179973,52310000
2022-11-30,388.03521728515625,388.03521728515625,374.519486615748,376.4326114888511,144566700
2022-12-01,387.74969482421875,390.2434409456629,385.2464212750172,389.07270016589297,76398200
2022-12-02,387.30230712890625,388.20651222768515,382.76216868711776,382.86685419503635,85342700
2022-12-05,380.3350524902344,385.4177317516839,378.9834939436765,384.48497335823737,77289800
2022-12-06,374.85260009765625,380.7157732131678,372.76815579992063,380.1732617355015,77972200
2022-12-07,374.2149353027344,376.5754428369556,373.0822751072084,374.00553520657735,65927900
2022-12-08,377.14642333984375,378.212449392276,374.3195371968257,376.0994521400108,60737900
2022-12-09,374.3290710449219,378.45993659247966,374.205330689029,375.9090843451082,81447700
2022-12-12,379.72589111328125,379.72589111328125,374.45283780553007,375.11908962319546,75405800
2022-12-13,382.6003112792969,390.70974839855415,379.84005911089247,390.45276931962,123782500
2022-12-14,380.1542053222656,385.9602719426471,377.2131058725146,382.2577044665144,108111300
2022-12-15,370.85498046875,376.20416598654884,369.1988348015829,375.2999318308924,117705900
2022-12-16,366.4765930175781,369.6415593936089,364.34432159505855,368.302907769073,119858000
2022-12-19,363.36895751953125,367.0024734712642,361.70520704366805,366.66780330486046,79878100
2022-12-20,363.86627197265625,365.48222528681765,361.2941346468216,362.61367325179793,74427200
2022-12-21,369.30694580078125,370.4352358837999,365.92204637130624,366.4575070608886,78167400
2022-12-22,364.038330078125,369.28777027212345,358.34902428686854,366.2662256920997,100120900
2022-12-23,366.13238525390625,366.2758070046261,361.4662030943732,363.01521636298173,59857300
2022-12-27,364.6885681152344,366.36189009849295,363.01524613197586,366.0176778685383,51638200
2022-12-28,360.15631103515625,366.59144061221747,359.9268361860706,364.6216744960134,70911500
2022-12-29,366.6391296386719,367.50926042450396,362.47015297141144,362.9960715854847,66970900
2022-12-30,365.67333984375,365.8167615683377,361.848604892548,363.9617919629837,84022200
2023-01-03,364.1340026855469,369.4981809896888,361.2749926451564,367.52844425814527,74850700
2023-01-04,366.9451904296875,368.9722958919306,363.3499291613042,366.3905873546689,85934100
2023-01-05,362.7570495605469,365.1092537639918,362.16422021646383,364.9945163658359,76970500
2023-01-06,371.0758361816406,372.19458418736764,362.7857380848977,365.8455090657922,104189600
2023-01-09,370.8654479980469,376.4495872696216,370.68379991549534,373.2654787600865,73978100
2023-01-10,373.46630859375,373.5332484725184,369.34515816722075,370.2822289287242,65358100
2023-01-11,378.1898498535156,378.26636090740493,374.2312636370513,375.0440257972263,68881100
2023-01-12,379.5667419433594,381.0297021014003,375.2256881711222,379.2894696301709,90157700
2023-01-13,381.0392761230469,381.61299228704434,376.10536380133436,376.3730941204777,63903900
2023-01-17,380.34124755859375,382.69348088927234,379.66236518124305,381.0201591163604,62677300
2023-01-18,374.3363952636719,382.58826631918953,374.1356048315,381.5269162830095,99632300
2023-01-19,371.61138916015625,373.94445143359656,370.2918504811202,372.2998136739957,86958900
2023-01-20,378.5340881347656,378.68708106087394,371.36270886328373,373.00734634342695,91806400
2023-01-23,383.0760192871094,385.00750055643533,378.38115211629884,379.3373361629709,84178800
2023-01-24,382.6648254394531,383.57318267652687,380.21699688122226,381.40265563212273,59524900
2023-01-25,382.8082275390625,383.1428977378186,376.31573073269413,378.6010242444025,84800300
2023-01-26,387.0154113769531,387.1779754700334,382.5022224600164,385.4663982164665,72287400
2023-01-27,387.9046630859375,390.2760095744735,385.762820567528,385.97318218490153,68346200
2023-01-30,383.0377197265625,387.37880296998725,382.7413050405992,385.1508780562935,74202000
2023-01-31,388.6695556640625,388.71735317625667,383.2097258004509,383.55396710164393,86811800
2023-02-01,392.80029296875,395.5445649835094,384.7205573752073,387.4552290338302,101459200
2023-02-02,398.5182800292969,399.9812400651867,394.7891690731477,396.68239430758535,101654500
2023-02-03,394.2824401855469,398.7000051703591,393.0776391240828,393.55573107794413,94736800
2023-02-06,391.87286376953125,393.2689133762878,390.2186841761235,391.834637420615,60295300
2023-02-07,396.9980163574219,398.24104381969875,389.7118993305467,390.9549267928235,90990700
2023-02-08,392.6568603515625,396.366858057828,391.96840686812754,395.0282066123747,76227500
2023-02-09,389.2529296875,396.4051963035193,388.0290153704697,396.2522033663381,78694900
2023-02-10,390.1612854003906,390.54375312300726,387.26404936045475,388.07678232835883,70769700
2023-02-13,394.7413635253906,394.8752432701656,390.3524831825662,390.81146193268944,64913500
2023-02-14,394.55975341796875,396.86413102531327,390.61070909281807,393.2210725630297,88389300
2023-02-15,395.84100341796875,395.9174852871057,391.52860488743005,392.3700513500147,61555700
2023-02-16,390.3907470703125,394.8178830322616,390.25689650308516,390.87841017898984,76431500
2023-02-17,389.4154052734375,389.6544512121104,386.3460344109805,388.2679730956426,89257800
2023-02-21,381.60345458984375,386.4513142893378,381.34529542458307,385.39950609313314,82655900
2023-02-22,381.0774841308594,383.5539965692342,379.624066139242,382.0145255408099,83742300
2023-02-23,383.1046447753906,384.577176151522,378.88787027584414,383.965204449082,96242400
2023-02-24,379.0121154785156,379.84399066333657,376.3921813690038,378.0941872587558,108194400
2023-02-27,380.3030700683594,383.7070827492521,379.36599925020045,382.3492886397092,80444700
2023-02-28,378.8974914550781,381.785156708453,378.79229603840645,379.82499112745273,96438600
2023-03-01,377.44403076171875,379.30860107550785,376.1436346387775,378.0846868266854,99706800
2023-03-02,380.3795471191406,381.2209936912257,375.1396483986959,375.4743186281051,85127800
2023-03-03,386.47998046875,386.7285976253681,381.54606794616154,382.1962660076362,90120000
2023-03-06,386.7477111816406,389.59714976739536,386.3078747490803,387.3022850157021,72795900
2023-03-07,380.8194274902344,386.9390290181394,380.2074848456975,386.6999829953439,108310600
2023-03-08,381.44091796875,382.1962822868647,379.21299300204765,380.93414163742426,74746600
2023-03-09,374.4033203125,383.8886762938207,373.41845218171284,382.22489666616246,111945300
2023-03-10,369.00091552734375,375.9332484862883,367.48058669730784,373.8583166785041,189253000
2023-03-13,368.4749755859375,373.28460811867615,363.9713580532645,365.0805347641921,157790000
2023-03-14,374.56591796875,376.21055539266825,370.0909552792131,373.38980130348455,149752400
2023-03-15,372.2232666015625,372.4240570496017,366.89731528704147,368.98181836154816,172996900
2023-03-16,378.7539367675781,379.09817809644744,369.3642343818118,369.8710106095369,143254200
2023-03-17,374.32537841796875,378.5582467760813,372.943216125859,377.42565051475987,140553400
2023-03-20,377.9247131347656,378.33746367070916,374.40214170963634,375.1028011958168,93055800
2023-03-21,382.8870849609375,383.3670015855469,379.69082383763816,381.28415054635593,91524200
2023-03-22,376.3601989746094,386.3232727268631,376.3218267349629,382.71431965042825,111746600
2023-03-23,377.3776550292969,383.25182988301947,374.6709182110407,379.2205184817109,119351300
2023-03-24,379.85400390625,379.94038538264834,373.7590569871103,376.10105243097433,107682400
2023-03-27,380.5642395019531,382.89665633801565,379.67160169490063,382.1287722364247,74010400
2023-03-28,379.71002197265625,380.5642582938647,377.8767370350477,379.8731772141997,62871700
2023-03-29,385.22906494140625,385.4690232440617,382.6662973806607,383.8660888939379,77497900
2023-03-30,387.48468017578125,388.10856590647154,385.62260139743574,387.8589998974814,69840000
2023-03-31,392.94610595703125,393.2436518891425,388.3004877505952,388.4060846284512,112062600
2023-04-03,394.4435119628906,394.846625551224,392.0343209722465,392.42785614585927,67391100
2023-04-04,392.2550048828125,395.3744624499985,390.88242129149666,395.0864949456508,66601500
2023-04-05,391.2279968261719,392.2838191469049,389.577082640603,391.52554275858984,65200200
2023-04-06,392.7541809082031,393.0325407601975,389.3851567329968,390.4313714897771,63743300
2023-04-10,393.1572570800781,393.23406013832266,389.66347951634174,390.27775752337686,63681000
2023-04-11,393.2628479003906,394.6641961280183,392.4949930804865,393.78116601430696,59297900
2023-04-12,391.6598815917969,395.61441853712375,391.0743974655557,395.32645103436823,86420400
2023-04-13,396.8622741699219,397.21740780284637,391.602377161458,392.744581127332,85814800
2023-04-14,395.892822265625,398.4171884519207,393.5892282764297,396.2287697684171,78161500
2023-04-17,397.3133239746094,397.3325100919648,394.5777937246766,395.80637894641507,66436400
2023-04-18,397.57244873046875,399.0218060432113,396.199894466918,398.887415353016,63560000
2023-04-19,397.50531005859375,398.4075262603893,395.60482989922565,395.66241754419593,55227300
2023-04-20,395.3360595703125,397.0829628319808,393.79071305675006,394.6929585087422,75840400
2023-04-21,395.6432189941406,396.10392013942635,393.6947589557848,395.63361128968654,73457400
2023-04-24,396.0559997558594,396.47832873039835,394.1075394245126,395.44169241406223,64332100
2023-04-25,389.76904296875,394.6450119030647,389.7114553215701,394.088292257947,97766700
2023-04-26,388.11810302734375,391.4583328014488,387.56141271088387,390.3833244029181,80447000
2023-04-27,395.8448486328125,396.11360078097556,390.4025810177756,390.65214704527966,92968400
2023-04-28,399.2234191894531,399.23302689490464,394.9041697532796,394.9617574024191,89433100
2023-05-01,398.8203125,400.8455465437123,398.58993260769745,398.7819109693187,62122300
2023-05-02,394.3378601074219,398.1580067083917,391.43917444922255,398.1099974743272,103998500
2023-05-03,391.6310729980469,397.24610223448997,391.3911147340261,394.8369118903513,91531800
2023-05-04,388.85723876953125,390.91126663739385,387.52305652796423,390.5849268562114,94901900
2023-05-05,396.0559997558594,397.102214486308,392.2262744508848,392.48541888407567,87891800
2023-05-08,396.16156005859375,396.64147667611564,394.76021173712985,396.3823322476967,50046800
2023-05-09,394.4242248535156,395.53763480997924,394.1938742734827,394.6162031980649,49220100
2023-05-10,396.26715087890625,397.88927136463667,392.44700411687967,397.25577792419296,96142900
2023-05-11,395.5760803222656,395.8640185793233,393.5028369960926,395.4033173680311,70157100
2023-05-12,395.0577697753906,397.0254455424627,392.63900049417026,396.8142810526254,70481500
2023-05-15,396.42071533203125,396.8238288685914,393.75238023444746,395.6624389099318,54289400
2023-05-16,393.7715148925781,396.23829289950714,393.76190718855895,395.31683206708055,57705500
2023-05-17,398.551513671875,399.15618392738526,394.1458832024653,395.78718962241436,87287000
2023-05-18,402.390869140625,402.8131980774416,398.01403224251106,398.23477512417634,97177200
2023-05-19,401.8053894042969,403.8210450825171,400.5864117249465,403.29314851307697,103793300
2023-05-22,401.968505859375,403.504244653695,400.58634387366504,401.8245367549846,60745400
2023-05-23,397.45733642578125,401.9013689419868,397.0638012887145,400.32722839371974,86383500
2023-05-24,394.5777893066406,396.2383111304324,393.41639944632345,395.8543837451471,89213700
2023-05-25,397.99481201171875,399.4441694496832,395.84479511708275,398.0811934806872,90961600
2023-05-26,403.1491394042969,403.86901432087706,398.5707454798897,398.6475192492727,93830000
2023-05-30,403.3027038574219,405.6062976614237,401.9205417166639,405.07840112218025,72216000
2023-05-31,401.0663146972656,402.3812815149699,399.50178187032054,401.4790359496369,110811800
2023-06-01,404.8768310546875,405.93265339027886,400.04887142591303,401.29664281865877,88865000
2023-06-02,410.73187255859375,411.51891359121186,406.92133324219725,407.44922983268606,91426200
2023-06-05,409.94476318359375,412.36353228842165,409.2440744066445,411.0773593229492,65460200
2023-06-06,410.83740234375,411.3652988856477,408.8793344192004,409.53204325524,64022200
2023-06-07,409.41680908203125,412.36350381538136,408.99448016231673,411.2309077542299,85373300
2023-06-08,411.89324951171875,412.34437231335727,408.71620378018724,409.48405866767195,61952800
2023-06-09,412.6322937011719,414.63834160760314,411.64366666036057,412.6898813507892,85742800
2023-06-12,416.37567138671875,416.45247445367045,412.89150113320926,413.6113761039967,76104300
2023-06-13,419.1207580566406,419.76382988102273,417.1722978814529,417.8345851160925,95899700
2023-06-14,419.6198425292969,421.4243335080621,416.1740450929453,419.4566872999007,100612100
2023-06-15,424.8222351074219,426.07000671204355,418.70810151955646,418.8040614185362,110303100
2023-06-16,423.3751525878906,427.3732510116979,422.9030966686289,426.80484934957235,114165800
2023-06-20,421.1785888671875,422.32503554227975,419.1072877770987,421.4387253030806,76160400
2023-06-21,419.0205993652344,420.99555478179644,418.4329109170005,420.1959468611093,76982300
2023-06-22,420.5331115722656,420.6390713007603,417.72961825633774,418.06681362984074,70637200
2023-06-23,417.3539123535156,419.1362056994903,416.64100677536294,417.08416191308544,92074500
2023-06-26,415.6487121582031,418.7026693868189,415.40786249787595,416.7855154988048,72823600
2023-06-27,420.2055969238281,420.8221567639146,416.0726085341393,416.52540707007813,72813700
2023-06-28,420.4175720214844,421.4291288943605,418.51003201482644,419.1265918933675,75636000
2023-06-29,422.0745544433594,422.2383451446893,419.5986423394109,420.00325329466176,67882300
2023-06-30,427.05535888671875,428.0380149404403,424.9647708481831,425.2827088718478,104964000
2023-07-03,427.546630859375,427.8259952574617,426.4290850652605,426.7084788639364,32793400
2023-07-05,426.9108581542969,427.6430505530816,425.725867203726,425.7355105986345,58418400
2023-07-06,423.5677795410156,423.99167722455906,421.06293761114665,423.3365733138423,80658300
2023-07-07,422.49847412109375,426.4388005460157,422.2576244540767,422.5755624788719,86134200
2023-07-10,423.5677795410156,423.74118421139565,421.5735376298801,422.1419392054069,62443500
2023-07-11,426.2653503417969,426.7566930521444,423.3558970583311,424.32893908451956,64463800
2023-07-12,429.69500732421875,431.1015903646367,428.62564905437046,430.0514894814251,91924500
2023-07-13,433.10540771484375,433.89540150524687,431.0726510840857,431.5061627491208,72425200
2023-07-14,432.8357238769531,434.83958003816,432.07463074719146,433.991813962652,69815800
2023-07-17,434.33868408203125,435.3887851797582,432.64309289273456,432.6912804700556,52680200
2023-07-18,437.56597900390625,438.2114395521847,433.57749499281715,434.01103608987984,80668200
2023-07-19,438.5390930175781,439.72405458332963,437.48896257877516,438.35604491544507,65891700
2023-07-20,435.6296081542969,438.442745236727,434.91670253914305,437.5467915202886,70591600
2023-07-21,435.6296081542969,437.5467915202886,435.6199941598992,437.34445662901965,71275600
2023-07-24,437.57562255859375,438.38487379289774,435.7451418375123,436.77598531715506,54023400
2023-07-25,438.770263671875,440.02267010001805,437.2577208036124,437.3059083742901,55191200
2023-07-26,438.8376770019531,440.26348802035136,436.7856334140258,437.8357342912967,71052900
2023-07-27,435.9281921386719,442.62382369326946,435.0225951669556,442.2191833737535,92194400
2023-07-28,440.1961364746094,441.024645224626,435.9282579906258,439.1941936182639,80011800
2023-07-31,441.0343017578125,441.3907545748612,439.35796801732533,440.6682055455154,62040400
2023-08-01,439.772216796875,440.51402315707037,438.81843216166044,439.5698819163366,55291500
2023-08-02,433.6545715332031,436.92047716007846,432.90312187918494,436.660370149276,93933400
2023-08-03,432.4118347167969,434.2904737931767,430.9956375639887,431.64112757810364,64276100
2023-08-04,430.4561462402344,436.3232404604835,429.9359027397443,434.2230384704291,100128900
2023-08-07,434.21337890625,434.36752621178806,431.59293351328745,432.28658168791264,58357500
2023-08-08,432.32513427734375,434.2037733620173,428.9724964679823,431.67964426037906,71361300
2023-08-09,429.4349365234375,432.7586735355105,428.6738433785323,432.59488283321724,78789600
2023-08-10,429.58905029296875,435.1671361209915,428.4233462814403,431.7855978075418,93005500
2023-08-11,429.3385925292969,430.3501787286785,427.1227874459535,427.72008989099777,68690900
2023-08-14,431.70849609375,431.70849609375,428.11503843544807,428.4233330175674,47867400
2023-08-15,426.6796875,430.2924328209689,426.11125636364244,429.9359505861321,75707500
2023-08-16,423.548583984375,427.9223925566891,423.44259484772283,426.26534575201464,80107200
2023-08-17,420.3211669921875,425.273020314269,419.8009235363625,425.01291328665195,95711300
2023-08-18,420.5234069824219,421.5542503397566,417.1611559315748,417.5079652477325,98852000
2023-08-21,423.2595520019531,424.00135836533855,419.3867000805202,421.5350602162778,68719000
2023-08-22,422.11309814453125,425.0321947779214,421.55433988295033,425.0321947779214,64994200
2023-08-23,426.8144836425781,427.43107286328376,423.0283341735705,423.1728380844883,68441000
2023-08-24,420.8992919921875,428.924390605147,420.87036180525274,428.4137904461063,88517300
2023-08-25,423.8665466308594,425.1478540242897,419.0784536965099,422.6237540187648,102325100
2023-08-28,426.5543518066406,427.1709115909124,423.8664616174519,426.05336574379237,61595400
2023-08-29,432.7200927734375,432.9994865828607,426.26531078000176,426.44835885508,83081900
2023-08-30,434.50238037109375,435.13822692888783,432.35399106524045,433.057282576268,69053900
2023-08-31,433.8665466308594,436.2557562391773,433.6834985527266,435.1189529964718,66084600
2023-09-01,434.67584228515625,437.06508153807744,433.2211009052936,436.58338220970904,58944100
2023-09-05,432.7972412109375,434.5506339765606,432.72982564348763,434.2327253281371,55166200
2023-09-06,429.8876953125,432.09388618903915,427.5659013158959,431.98789706191957,70758500
2023-09-07,428.5679016113281,429.24226303585164,426.5447585365695,426.89156794336543,70355400
2023-09-08,429.21337890625,430.7451793135571,428.25962359995947,428.61607641541775,61659700
2023-09-11,432.0361328125,432.3443980335229,430.1285929169173,431.8337979292306,60180100
2023-09-12,429.6661682128906,432.11320909412444,429.08815252492514,430.59105211482444,67565400
2023-09-13,430.1671142578125,431.3231749266096,428.78943192828973,429.8877204342684,60199300
2023-09-14,433.8761901855469,434.5698383708397,431.332833106535,432.6334271290332,83430800
2023-09-15,428.6486511230469,432.6222009297626,428.21361030761426,432.29349359000435,111848900
2023-09-18,428.9001159667969,430.1956202798295,427.8656361967372,428.3393572391215,55752200
2023-09-19,428.0106506347656,428.57140936349316,425.33263382268484,427.9816479077142,66514600
2023-09-20,424.0758056640625,429.6832158729015,423.8727570723084,429.2675002876334,82562600
2023-09-21,417.0664978027344,421.49441429318694,416.91180676973505,421.233389771168,104095800
2023-09-22,416.1287536621094,419.68655933537104,415.7130085528767,418.0913502784636,100829700
2023-09-25,417.8786315917969,417.91728222441265,414.4851650567311,414.92023546020613,70874500
2023-09-26,411.739501953125,415.5486844090262,410.90804120931955,414.84291199312287,96168400
2023-09-27,411.90374755859375,413.4699830924983,408.2686118060124,412.9092244496163,104705800
2023-09-28,414.291748046875,415.964317107926,410.762945679416,411.35270706101295,92258300
2023-09-29,413.2863464355469,417.5112441372113,411.76846823252566,417.3372277775056,115111300
2023-10-02,413.1219177246094,414.3690937958554,410.36654108063146,412.4548256054054,83798600
2023-10-03,407.5918884277344,413.1799731499237,406.2287013020404,410.94667474306095,103760600
2023-10-04,410.5599670410156,411.3043900178651,406.59609392791054,408.0559666596498,87453000
2023-10-05,410.4052429199219,411.2463514179395,407.1858225474584,410.269877205424,70142700
2023-10-06,415.2779235839844,416.81512702154566,406.6347574601129,407.9592644123595,113273300
2023-10-09,417.93658447265625,418.5069910271343,412.8318987010215,413.3829504373266,80374400
2023-10-10,420.11187744140625,422.70288570856627,418.1686064888882,418.5649967058061,78607300
2023-10-11,421.83282470703125,422.08417183466213,418.797068320578,421.17540990507433,62451700
2023-10-12,419.2611083984375,422.8189135801861,416.91179922986146,422.44187816631086,81154200
2023-10-13,417.1728515625,421.95850789546967,415.60664534568787,420.75965970754623,95143100
2023-10-16,421.56207275390625,422.6255551040407,419.1740835467255,419.4157827397426,75433200
2023-10-17,421.5427551269531,423.5923892481788,418.09131276942526,418.4393454760135,75324700
2023-10-18,415.92559814453125,420.7305789017386,414.842790566168,419.7734596144878,93559800
2023-10-19,412.2711486816406,418.44899434083845,411.5944086302288,416.64108906158174,121323000
2023-10-20,407.20513916015625,412.37750784711915,407.0987761718527,411.83610400929126,123919900
2023-10-23,406.4993896484375,410.35692908932583,403.92770652261123,405.67760643648245,92035100
2023-10-24,409.5641174316406,410.71460793995783,406.77006062450005,408.61664598235126,78564200
2023-10-25,403.6860046386719,407.91093157015536,403.17360349885,407.88192884542195,94223200
2023-10-26,398.85198974609375,403.47327705797994,397.9335505307934,402.6225206966068,115156800
2023-10-27,397.0441589355469,400.83401590980566,395.6229662582375,400.43762562519,107367700
2023-10-30,401.79107666015625,402.8448816266276,398.5329761803426,399.8284803456642,86562700
2023-10-31,404.314453125,404.63348310254605,400.45691364342605,402.361504611754,79665200
2023-11-01,408.6263427734375,409.43844855236455,404.74947812853236,405.28123407598383,98068100
2023-11-02,416.4574279785156,416.61211901779166,412.39686933434086,412.41619465013827,94938900
2023-11-03,420.2569580078125,421.80383898984763,418.63274625361095,418.7584345746445,100167800
2023-11-06,421.2237243652344,421.66844265759465,419.28045324415575,421.01102787683624,67831700
2023-11-07,422.4225158691406,423.0606052933152,420.0828841514639,421.22369728667144,64256100
2023-11-08,422.7319030761719,423.544008852029,420.4309219590949,423.0219303160148,61746000
2023-11-09,419.4350891113281,423.91136268453704,419.0096961904857,423.87268255419826,83174400
2023-11-10,425.9803466796875,426.28972875327344,419.42546520511473,421.5041020397778,89462200
2023-11-13,425.57427978515625,426.6764127794683,423.86306009469695,424.64616313137293,52236100
2023-11-14,433.8307800292969,435.1166069139446,431.2784220719966,431.50079597873554,97176900
2023-11-15,434.7492370605469,436.3928036457593,433.89845104016877,435.164952660045,77327600
2023-11-16,435.28094482421875,435.59997479434537,433.24098818272,434.30447059030485,66665800
2023-11-17,435.8222961425781,436.43138278914034,434.3721010809706,435.2905402507456,83133200
2023-11-20,439.1771240234375,440.01823251915994,435.56128392675316,435.5709613361329,69936200
2023-11-21,438.2200012207031,439.0514618608499,436.9534996970191,438.13299304399567,49244600
2023-11-22,439.9118957519531,441.22675482120695,438.8194400859089,439.8732451207241,59394900
2023-11-24,440.18255615234375,440.3759273074353,439.631504418495,439.9602117787139,29737400
2023-11-27,439.3898620605469,440.3663068584605,439.0031197003399,439.55420100976517,50506000
2023-11-28,439.8248596191406,441.1203637861366,438.44234728096177,439.0030764411284,62115000
2023-11-29,439.5155334472656,443.1023712619962,439.1191726740231,441.97120588419773,63146000
2023-11-30,441.24603271484375,441.5940948885885,438.2876370073433,440.3565962233876,79752700
2023-12-01,443.8564453125,444.3881717849613,440.0472633152973,440.6369952391435,89183400
2023-12-04,441.5265197753906,443.8758293803344,439.2545409477628,440.472714596683,72430900
2023-12-05,441.4394226074219,442.3965419933345,439.7668535301099,440.14391844231596,69793500
2023-12-06,439.6605224609375,443.60504042530386,439.2254520989698,443.57603770145914,69124700
2023-12-07,443.015380859375,443.6631182990797,441.1397923997764,441.73920179328286,66995400
2023-12-08,444.9198913574219,445.4516177863762,442.02914891320626,442.2708481089666,83194400
2023-12-11,446.6505126953125,446.8245585692723,444.214195007191,444.42689151598506,65002200
2023-12-12,448.6903991699219,448.78708475043413,445.30661038207074,446.30240990232363,68327600
2023-12-13,454.8779296875,455.12930631637573,448.70976090431213,449.06747102737427,93278000
2023-12-14,456.3377685546875,458.0006602364905,453.6693999362765,456.8114895469167,119026000
2023-12-15,455.58636474609375,456.9162712434612,453.7420093093976,455.74168294193043,141553700
2023-12-18,458.1491394042969,459.12957270241793,456.13006180277284,457.1881393985243,70375300
2023-12-19,460.93505859375,461.012732509764,458.61506136543755,458.69270565753243,55761800
2023-12-20,454.5478210449219,461.9640813854923,454.12070331796554,460.08088857770923,102921000
2023-12-21,458.8577575683594,459.1295570366737,455.1107760152546,457.5278509164755,86667500
2023-12-22,459.7798767089844,461.4592269639175,457.88699725724837,459.98371888478914,67160400
2023-12-26,461.7213134765625,462.62407274345054,460.1099204752376,460.18759438735214,55387000
2023-12-27,462.55621337890625,462.70181495571654,460.9836571015111,461.5175394244562,68000300
2023-12-28,462.7309265136719,463.5657286208665,462.3135254600746,462.91536504878167,77158100
2023-12-29,461.391357421875,463.0609913493408,459.4402073535901,462.5367960308314,122283100
2024-01-02,458.8091735839844,459.7993234289346,456.71242227128295,458.333531951908,123623700
2024-01-03,455.062255859375,457.3919698393569,454.4604162904711,456.6542157231931,103585900
2024-01-04,453.5964660644531,457.16869615612853,453.37319057475315,454.5865863632777,84232200
2024-01-05,454.2177429199219,456.66393818647634,452.7713549830218,453.8003122508208,86118900
2024-01-08,460.7021484375,460.8477500166702,454.5866154970485,454.71281340697016,74879100
2024-01-09,460.0032043457031,461.02244496424106,457.54729244084217,458.05205442710235,65931400
2024-01-10,462.6047058105469,463.4686578138975,459.9934757568045,460.27499186871785,67310600
2024-01-11,462.4009094238281,464.11906733105025,458.43068164604205,463.6045886611641,77940700
2024-01-12,462.72119140625,464.58498035155515,461.3136700813151,463.8472262405501,58026400
2024-01-16,461.0224304199219,462.6532272077025,459.2071951071508,461.34278348918724,85014900
2024-01-17,458.4598083496094,458.94516670999695,456.1106608508071,458.0035703058881,68843900
2024-01-18,462.5367736816406,463.0900892897804,458.58597937392244,460.1294153145847,91856200
2024-01-19,468.30279541015625,468.5843115147551,462.5852901238366,463.66277131466796,110834500
2024-01-22,469.2929382324219,471.0110958989677,468.6425450951434,469.83653714242234,75844900
2024-01-23,470.66162109375,470.90430023582877,468.7493378931313,469.83653570981716,49945300
2024-01-24,471.1761169433594,474.45711397403113,470.68104202686277,473.5252343876121,81765000
2024-01-25,473.73883056640625,474.0106300348732,471.1761540957068,473.30199623812143,72525000
2024-01-26,473.1369934082031,474.79691054106985,472.29247468488353,473.3117152908374,76641600
2024-01-29,476.8839416503906,477.0295728420406,472.9040272208165,473.4476261562877,61322800
2024-01-30,476.51507568359375,477.2236798269538,475.7578883130134,476.1947226231299,58618400
2024-01-31,468.7396240234375,474.7580490082776,468.7201907326481,474.31152767890586,126011100
2024-02-01,474.8745422363281,474.90366254751126,469.63264923202524,470.43836054795435,91891600
2024-02-02,479.873779296875,481.5239798187347,474.971642466127,475.31139921660196,99228200
2024-02-05,478.1264953613281,479.9029234991888,475.8744551474019,479.24284325758833,75757100
2024-02-06,479.5146179199219,479.84465802363434,477.6411122849623,479.0680669349689,55918600
2024-02-07,483.513916015625,483.93131701939416,480.8541325434168,481.75692144262655,70556500
2024-02-08,483.7275390625,484.10610316011065,482.69858176017516,483.51398020972,52343600
2024-02-09,486.5231628417969,486.95996752942966,483.89249957484776,484.2322563033971,63979400
2024-02-12,486.3096008300781,488.7557959365899,485.59125041968997,486.4940393494017,56502300
2024-02-13,479.6116943359375,482.53356108402113,476.35010044182593,480.0485287007201,113099200
2024-02-14,483.97021484375,484.4555731763151,479.92231331563113,482.2423403647749,68387800
2024-02-15,487.30950927734375,487.4939478237512,484.19348728209525,484.66915861837293,61683000
2024-02-16,484.8826599121094,488.14425347916483,484.1449058140717,487.0085316428908,75532900
2024-02-20,482.2132263183594,483.8149029118612,479.97087316267243,483.14510603430045,71736700
2024-02-21,482.6500549316406,482.8053731626366,479.106944807319,480.9124933217148,59293400
2024-02-22,492.63873291015625,493.5997329784438,488.2899113619232,489.25094105413393,76402500
2024-02-23,492.9783935546875,495.19162604856547,492.250356160334,494.35679443193635,61321800
2024-02-26,491.1728820800781,493.8520693709636,491.0466841824756,493.4152350521733,50386700
2024-02-27,492.0853576660156,492.30863314805396,489.9692025931845,491.86211180789684,48854500
2024-02-28,491.4350280761719,492.01743437576624,490.17307863790023,490.5322390639573,56506600
2024-02-29,493.20166015625,494.8130532117829,490.55162288856457,493.19197313484807,83924800
2024-03-01,497.8320007324219,498.25911842016706,493.6676477127876,494.0753617325155,76844800
2024-03-04,497.2981262207031,499.1425115484434,497.00692307628157,497.03607301464484,49799300
2024-03-05,492.32806396484375,495.745005535815,490.1245478315941,495.2984545471132,72855600
2024-03-06,494.8227844238281,497.0748540345267,493.53174438668293,495.5993458504527,68382400
2024-03-07,499.7345886230469,500.78297909459656,494.88100583529064,498.1135085613306,58652100
2024-03-08,496.7351379394531,503.0447667007892,496.1624186562773,500.36563844693006,86532500
2024-03-11,496.3079833984375,496.89041928478855,493.6093924281333,495.5314219659159,62557200
2024-03-12,501.6470031738281,502.2294094929587,495.9003176684613,498.41449998303995,73114400
2024-03-13,500.860595703125,502.1419486738022,499.4239541516855,501.9672268025058,55104100
2024-03-14,499.8705139160156,501.9866689472691,496.8321662856789,501.83132111592977,110171800
2024-03-15,496.4381408691406,498.2590460217431,494.77306623402836,496.80816405826874,107646300
2024-03-18,499.3885192871094,501.93969410963876,498.97956820958467,500.4985887866016,88893300
2024-03-19,502.1636962890625,502.44605736767124,497.6942371868493,498.6972103635703,60755300
2024-03-20,506.8083801269531,506.94471696954355,501.5502591703246,502.22213711517423,69594600
2024-03-21,508.4832458496094,510.34304922248214,508.20082532016534,509.6419901809582,60256100
2024-03-22,507.5191955566406,508.8823855528386,507.2854498071945,508.39551924735605,79070800
2024-03-25,506.1170654296875,507.2660628859731,505.961234915521,506.14624650613894,48512100
2024-03-26,505.1822204589844,507.87947884663447,504.7830162330491,507.5386367689601,65463700
2024-03-27,509.427734375,509.46672172053235,505.8444050698442,508.00612262936903,82999800
2024-03-28,509.3303527832031,510.8298796934876,509.04799170553036,509.46668962011773,96294900
2024-04-01,508.44427490234375,510.6059925472889,507.2855305336226,510.07045141241963,62477500
2024-04-02,505.2115478515625,505.34782527414643,502.9134932946272,504.62727251731803,74230300
2024-04-03,505.76641845703125,507.2660046821648,504.0721332594207,504.12080800253995,59155800
2024-04-04,499.5930480957031,510.10934946561747,499.2911933332161,509.76856679026787,96858100
2024-04-05,504.81219482421875,506.7694068986325,500.5083132867227,500.9465048519071,74546500
2024-04-08,505.0945739746094,506.51624504555883,504.28641866242464,505.5133313161047,48401800
2024-04-09,505.6788635253906,507.071294128757,500.839381191466,506.82786095826793,68049200
2024-04-10,500.6154479980469,502.6018412987628,498.6388015333815,499.9922448100833,82652800
2024-04-11,504.39349365234375,505.8345989017068,498.62901322296943,502.13442685782303,70099000
2024-04-12,497.4313659667969,502.27081877394835,495.70784003413945,500.85889444352966,92561100
2024-04-15,491.1994934082031,501.7644698822578,490.3523209615631,501.5989519571189,92101400
2024-04-16,490.3036193847656,493.19560665785394,489.01828510429004,491.6765860412786,73484000
2024-04-17,487.4018859863281,492.9229634124424,486.00945537176443,492.7574157801548,75910300
2024-04-18,486.39892578125,490.88784877913054,485.46415075166374,488.7943295112607,74548100
2024-04-19,482.1534729003906,487.3142441699,480.8876025986124,486.32104754330464,102212600
2024-04-22,486.59368896484375,489.18382142190774,482.4163675078979,484.75331996273405,67961000
2024-04-23,492.367919921875,492.7963646750655,486.4086807205422,488.5995792337359,64633600
2024-04-24,492.13421630859375,494.04272395926796,489.91410708182036,493.25400289949073,55928100
2024-04-25,490.2646484375,491.02415872515365,484.42225246602163,486.0678630419317,69122400
2024-04-26,494.909423828125,496.48686615025724,492.41667033113185,493.0495906841402,64306100
2024-04-29,496.662109375,497.33398732987405,493.9259228058318,496.6913201679961,46415400
2024-04-30,488.7943420410156,496.1752226900087,488.7943420410156,495.20149000874,77483600
2024-05-01,487.2071838378906,494.84124497607075,486.7397814235659,488.2101273744075,80242800
2024-05-02,491.7641906738281,492.60161619088024,486.4281251448712,490.90730120185356,62550200
2024-05-03,497.85980224609375,499.08668524553275,495.20150126804214,497.73321224009646,72756700
2024-05-06,503.00103759765625,503.03996550471606,499.8169130959195,500.25510463599915,47264700
2024-05-07,503.55615234375,504.9485829994704,502.8842743906612,503.9651034446084,52561300
2024-05-08,503.60479736328125,504.14033844049237,501.6086572944442,501.72550045922026,42047200
2024-05-09,506.50653076171875,506.5455181068331,503.1374535973279,503.7898378767789,43643700
2024-05-10,507.1589660644531,508.9116730396104,505.94180018838176,508.1034582569593,52233200
2024-05-13,507.22705078125,508.94082976185797,506.0878002167031,508.8337334335511,36716400
2024-05-14,509.5542297363281,510.07033651333364,506.8862120678195,507.42175308205213,57535900
2024-05-15,515.8641357421875,516.1562436643347,511.38492968552964,512.0178797101214,59504900
2024-05-16,514.802734375,517.558414507879,514.6566506998298,515.9614786446474,50244800
2024-05-17,515.542724609375,515.6108930215729,513.4686694664939,514.9195214966393,59187600
2024-05-20,516.1367797851562,517.5973789121299,515.2701433728218,515.6596602461204,37764200
2024-05-21,517.4027099609375,517.5585405099803,515.172882970268,515.3773882789088,33437000
2024-05-22,515.9129028320312,517.4221768932046,513.7414381195646,516.7113709167669,48390000
2024-05-23,512.1444091796875,519.0676335599267,510.9369308576571,518.9605372397859,57211200
2024-05-24,515.5330810546875,516.3412958961842,513.0403275362747,513.9848197975488,41291100
2024-05-28,515.893310546875,516.5749353115505,513.2642204156563,516.3412489766735,36269600
2024-05-29,512.28076171875,513.4589997088932,511.56995584928654,511.871810616093,45190300
2024-05-30,508.88238525390625,511.4043788648702,507.6360384172024,510.7422478216335,46377600
2024-05-31,513.5174560546875,513.6440460717812,504.7441141188356,509.8367770177735,90785800
2024-06-03,513.93603515625,515.4063808363203,508.8726139393969,515.1240197883811,46835700
2024-06-04,514.5106201171875,515.2506664560023,511.17072418863216,512.631323194632,34632700
2024-06-05,520.6256713867188,520.6451650598835,514.84169649016,516.8281493311971,47610400
2024-06-06,520.6159057617188,521.3559521321091,518.6879340097541,520.9275073614583,30808500
2024-06-07,519.9830322265625,522.7873872843439,518.55161418802,519.6421901069427,43224500
2024-06-10,521.5895385742188,521.9108869486413,518.5807383516342,519.1747009286601,35686100
2024-06-11,522.845703125,522.9041247005574,518.0743898707741,520.0413486344055,36383400
2024-06-12,527.139892578125,529.8274041983666,526.1077383475028,527.4028194115604,63251300
2024-06-13,528.2013549804688,529.0582445758802,525.4164935113477,528.8829798084458,44760900
2024-06-14,528.5226440429688,528.5518251182958,525.6695550365463,526.6725282080745,40089900
2024-06-17,532.7290649414062,534.1215548157255,527.3832826445532,527.8409678567655,55839500
2024-06-18,534.0827026367188,534.2092926573293,532.3689233717765,532.7876213507444,41376400
2024-06-20,532.6317749023438,535.669816103357,530.8595742964317,535.0076850141029,70328200
2024-06-21,531.9176635742188,533.0313142277637,530.4621308750893,531.810221745453,64338600
2024-06-24,530.1885986328125,534.3012597413704,530.0713785197397,531.7418545665156,45528700
2024-06-25,532.2303466796875,532.5917853363576,529.8956032092343,531.4097461795637,37936200
2024-06-26,532.89453125,533.6076301716555,530.4719028733521,531.1166134619692,38550600
2024-06-27,533.7346801757812,534.3110621107577,532.0153722749866,532.7578061070262,35041500
2024-06-28,531.6343383789062,537.5542520433446,530.3937489459842,534.5063503169283,76144500
2024-07-01,532.728515625,533.2560061424955,529.9737236752046,533.0117876323043,40297800
2024-07-02,536.3136596679688,536.3136596679688,531.0776287968915,531.1264605772033,40434800
2024-07-03,538.70703125,539.068469909586,535.9620173191718,536.0010708200014,32789900
2024-07-05,541.8134155273438,542.2139076372644,538.3747999305978,539.0097918869257,41488400
2024-07-08,542.4386596679688,543.3861988920726,541.3738407022457,542.5949332840256,36110500
2024-07-09,542.9661865234375,544.2947210316149,542.6731362089374,543.396013525926,27289700
2024-07-10,548.3389282226562,548.6808102777995,543.894163387503,544.1872136667199,38701200
2024-07-11,543.61083984375,549.3255886798729,542.9759074999535,548.4561564855596,53054200
2024-07-12,547.0396728515625,550.6345620898736,544.2653840243584,544.7342644743289,53084400
2024-07-15,548.5440673828125,551.7775178290722,546.6879829958002,549.0325043663784,40584300
2024-07-16,551.7970581054688,552.090108393895,549.1008762046278,549.8530882979716,36475300
2024-07-17,544.0601806640625,547.5476278240299,543.7377955656038,545.8771519032762,57119000
2024-07-18,539.879150390625,546.580551242634,537.7007404833427,545.593898977862,56270400
2024-07-19,536.2940673828125,541.2663824595259,535.2390267295067,539.644738170822,65509100
2024-07-22,541.8232421875,542.4288993582354,538.277184442637,540.2113760766848,43346700
2024-07-23,540.9733276367188,543.8648365993427,540.484890622907,541.7157018138391,34439600
2024-07-24,528.7135009765625,536.4698829953903,527.7952370228695,536.1670544374522,74515300
2024-07-25,525.9588012695312,534.7995603016705,525.0210402154329,528.8308137450439,61158300
2024-07-26,531.8493041992188,534.5357078065754,528.9675138593225,529.7392825093052,53763800
2024-07-29,532.161865234375,534.3988851266782,530.169004207153,533.3927359573876,39515800
2024-07-30,529.4657592773438,534.6822931769603,526.0662565076813,533.6272524601584,46853600
2024-07-31,538.0719604492188,540.6997538692295,534.9166765387299,536.2842643515584,65663400
2024-08-01,530.452392578125,542.0381046138815,526.9551667505608,539.7913062018092,76428700
2024-08-02,520.5762329101562,524.5716145988897,516.3756265717791,523.3603002519518,82789100
2024-08-05,505.41510009765625,511.4717311244644,498.4695101090915,499.80785259777787,146267400
2024-08-06,510.0747985839844,517.4990173620844,505.89374911647377,507.2125052074326,84826300
2024-08-07,506.6654052734375,519.2964376315753,506.0695264870208,516.2485361223863,70698300
2024-08-08,518.378173828125,519.0033278281719,509.7719169059722,511.79399346845105,63276600
2024-08-09,520.6641235351562,522.1489912653111,516.3365783728381,517.5576710131196,45619600
2024-08-12,520.9376831054688,523.3407552909962,518.6713279832952,521.8559471668351,42542100
2024-08-13,529.5047607421875,529.739260585726,523.8780165940644,524.122235093717,52333100
2024-08-14,531.17529296875,532.3573320967027,527.6292352085552,530.2960824274743,42446900
2024-08-15,540.2797241210938,540.5629961238054,536.1866195717042,536.7922766972661,60846800
2024-08-16,541.4910278320312,542.1846298407453,538.5115740387317,538.6678476452682,44430700
2024-08-19,546.6683959960938,546.6683959960938,541.0513709978661,541.9012465320536,39121800
2024-08-20,545.7794799804688,547.8700045132335,544.4411674580102,546.2190851764095,33732300
2024-08-21,547.6550903320312,549.1106230342316,541.9012882335657,546.8247712917706,41514600
2024-08-22,543.3568725585938,550.1559376249218,542.1455582382872,549.5502804647684,56121500
2024-08-23,549.130126953125,550.0679473561338,544.4020310704757,546.5902786774961,50639400
2024-08-26,547.8212280273438,550.8690705771505,546.1214765619129,550.1559715338451,35788600
2024-08-27,548.5734252929688,549.0618623501647,545.4083627021253,546.5512887213379,32693900
2024-08-28,545.3887939453125,548.661357929549,542.204174863817,548.2315309438809,41066000
2024-08-29,545.4375610351562,550.6443160255352,544.294635177053,547.3522554939839,38715200
2024-08-30,550.644287109375,551.1522806301471,544.255553101835,547.8016102208953,62700100
2024-09-03,539.3126831054688,547.8407751289367,536.8021094517958,547.5086116923438,60600100
2024-09-04,538.208740234375,541.608242662233,536.7532075195429,537.4760847370844,47224900
2024-09-05,536.899658203125,540.9927622926045,534.4476951362813,538.1500854338868,44264300
2024-09-06,527.8636474609375,538.8437022454943,526.9649400293706,537.2221175565589,68493800
2024-09-09,533.7737426757812,535.0437266855093,530.1300214174476,532.054494369654,40445800
2024-09-10,536.0986328125,536.4503527479894,530.8137709847371,535.678584169421,36394600
2024-09-11,541.5985107421875,542.5167747623394,527.4729497044474,536.0108196239122,75248600
2024-09-12,546.1605224609375,546.4633510224045,539.9573366553728,542.1748597619055,51819600
2024-09-13,549.012939453125,550.0093699640063,546.5121445202687,546.7661412876428,39310500
2024-09-16,549.8237915039062,550.0875069413107,546.9517795427174,548.7491943236346,36656100
2024-09-17,550.048583984375,553.4774220972913,547.8212821038348,552.0316076819038,49321000
2024-09-18,548.4171142578125,555.5385046014119,547.8602888957543,550.702966140304,59044900
2024-09-19,557.7755737304688,559.6316584337985,554.9426745171918,557.8049085738365,75315500
2024-09-20,556.8113403320312,557.8500005367814,553.7933228326182,556.4096197933483,77503100
2024-09-23,558.2026977539062,558.8494456443765,556.6642942041962,557.8793836152081,44116900
2024-09-24,559.7998657226562,559.8586555458002,556.174333811357,558.9963649353333,46805700
2024-09-25,558.5653076171875,560.378103761662,557.4580492681129,559.6432009533316,38428600
2024-09-26,560.7799072265625,563.1414287581459,558.4282537761399,562.8180547288375,48336000
2024-09-27,559.9664916992188,562.6611352170194,558.9376397719122,561.8478858705382,42100900
2024-09-30,562.2103881835938,562.8179029799776,556.6447321030395,558.937595094156,63557400
2024-10-01,557.1738891601562,562.5043864049716,554.6066335561335,561.8576982708267,72668800
2024-10-02,557.4090576171875,558.4281611024765,553.8913563966638,556.282242548741,38097800
2024-10-03,556.3900146484375,558.3301388916863,554.106899883147,555.9392527365582,40846500
2024-10-04,561.4461059570312,561.8184614824812,556.6643337627131,560.8287828388663,42939100
2024-10-07,556.370361328125,560.446655391967,555.2239297880301,559.7999074826037,49964700
2024-10-08,561.6322631835938,562.230029540932,558.0655806170524,558.9376197622599,37398700
2024-10-09,565.5225219726562,566.0810553811073,561.024889687,561.6225963883663,37912200
2024-10-10,564.5327758789062,565.953600014702,562.9257739624676,564.1800368650188,44138100
2024-10-11,567.9132080078125,568.6481106846586,564.3170411817416,564.4542373683208,42268000
2024-10-14,572.557861328125,573.4887501402064,569.0401003876937,569.5202272995722,36217200
2024-10-15,568.1092529296875,573.1261842726946,566.8941634738084,572.8224268603595,54203600
2024-10-16,570.5784912109375,571.0978512020905,567.305757742965,568.1092586044506,30725400
2024-10-17,570.6275024414062,574.3216329805343,570.4413246734956,574.1158386665669,34393700
2024-10-18,572.8224487304688,573.6063330690159,570.8528997080355,572.3128969974695,37416800
2024-10-21,571.8817138671875,573.0771269383695,568.9126781204517,572.0972566282711,36439000
2024-10-22,571.5780639648438,572.7343039714391,568.6972423190728,569.3537388044809,34183800
2024-10-23,566.355224609375,570.0003732214365,562.8570804647936,569.5594196255329,49314600
2024-10-24,567.5802001953125,568.3837012123148,564.9639626077603,568.3052948235324,34979900
2024-10-25,567.384033203125,572.6949728800472,566.4433960638868,569.8043437567766,47268200
2024-10-28,569.1381225585938,570.9802836348513,568.8343651367928,570.8528957024953,30174700
2024-10-29,570.0592651367188,571.1762720247682,566.7864714367279,568.1778707648036,42899700
2024-10-30,568.3346557617188,571.5780244818477,567.6291179550885,569.5888588084969,41435800
2024-10-31,557.1935424804688,564.0428273008541,556.9975564307639,563.9742291931302,60182500
2024-11-01,559.545166015625,563.9643910438907,559.1336371976272,559.8195584319851,45667500
2024-11-04,558.3399047851562,560.9757583388703,556.4585705161212,559.6823223393656,38217000
2024-11-05,565.0912475585938,565.1304208425688,559.0356559214524,559.251198693126,39478300
2024-11-06,579.1426391601562,580.014738259286,573.6064067155438,577.3397109306703,68182000
2024-11-07,583.62060546875,584.639708979933,581.063158030651,581.1415644099445,47233200
2024-11-08,586.148681640625,587.5695056932594,584.1693242787533,584.1693242787533,46444900
2024-11-11,586.7072143554688,588.0888053142032,584.9826328704219,587.7360663213191,37586800
2024-11-12,584.8847045898438,587.2265495486535,582.4056036057904,586.6288429184635,43006100
2024-11-13,585.1688842773438,587.1677986284395,582.9837921332622,585.34525379598,47388600
2024-11-14,581.406005859375,585.7762488320935,580.7201445096133,585.2961219646461,38904100
2024-11-15,573.958984375,578.3194188381738,572.1070152959201,577.8490404616651,75988800
2024-11-18,576.310791015625,577.6237838402152,573.5573576252949,574.4195885423085,37001700
2024-11-19,578.4175415039062,579.1426361014928,572.2737941658764,572.9400989259979,49412000
2024-11-20,578.6134643554688,578.8976052377521,572.8616299600318,578.495884693383,50032600
2024-11-21,581.7196044921875,583.1404284379229,575.6248397212988,581.4550801704302,46750300
2024-11-22,583.5225830078125,584.1497143652956,581.2101034094488,581.7097870344509,38226400
2024-11-25,585.501953125,588.7648782973704,583.2188384863542,587.4518855330788,42441400
2024-11-26,588.5591430664062,589.2254477201681,586.0310608458545,586.7463470552605,45621300
2024-11-27,586.7758178710938,588.755115442667,585.2570306878304,588.3730114334577,34000200
2024-11-29,590.4210205078125,591.2049050297398,587.3148474388158,587.5891801085405,30177400
2024-12-02,591.4791870117188,592.1552999944694,590.3425038316959,590.8324390421951,31746000
2024-12-03,591.75341796875,591.9983855319149,590.2150743018244,591.2439261058101,26906600
2024-12-04,595.4280395507812,595.6730071584342,592.7726289600115,593.4389336760423,42787600
2024-12-05,594.4481201171875,596.2314913306755,594.0953811448159,595.4279904670244,28762200
2024-12-06,595.5750732421875,596.8097196143469,594.8009970944031,595.212525949607,31241500
2024-12-09,592.5079956054688,595.6239761392873,591.9200973185369,595.4574149257465,34742700
2024-12-10,590.6658325195312,593.6054435570935,590.0093361336401,593.184106485161,37234500
2024-12-11,595.2320556640625,596.1825011825678,593.3114882757061,593.5858806768452,28677700
2024-12-12,592.1650390625,594.9380289691392,592.1650390625,594.369747252086,31543800
2024-12-13,592.0475463867188,594.9087513561514,590.6757038334936,594.1934650654297,35904700
2024-12-16,594.5756225585938,595.5457446292651,593.027470168396,593.8015463634949,43695200
2024-12-17,592.1257934570312,592.9880840930309,590.7540109408761,592.0278303510687,55773500
2024-12-18,574.4784545898438,594.2031909866316,574.0962907751041,591.822113059209,108248700
2024-12-19,574.302001953125,581.0631314525076,574.057034359764,579.456129686489,85919500
2024-12-20,581.199951171875,585.7225012446567,571.132257605004,571.9778279294948,125716700
2024-12-23,584.6803588867188,585.2800771480029,577.7686569320756,580.9443313472664,57635800
2024-12-24,591.1790771484375,591.2184422848073,585.4471892507113,586.0272849416975,33160100
2024-12-26,591.218505859375,592.3392722176656,588.0133673077331,589.4094496188982,41219100
2024-12-27,584.9949340820312,587.7183292627742,580.8164691334702,587.4823184826345,64969300
2024-12-30,578.3191528320312,581.7799239969942,574.5732845002501,577.9947505411832,56578800
2024-12-31,576.2152099609375,580.698454354243,574.583117216775,579.9807007946825,57052700
2025-01-02,574.799560546875,581.1803135593343,570.7292291618253,579.4696102256324,50204000
2025-01-03,581.9865112304688,582.6255346471705,576.5594027877501,577.64092396713,37888500
2025-01-06,585.3390502929688,589.6060270134918,583.608664526265,586.2337670283534,47679400
2025-01-07,578.7223510742188,587.6888410122485,576.903513754268,587.3643786767495,60393100
2025-01-08,579.56787109375,580.6395509433228,575.350100693004,578.7911897402016,47304700
2025-01-10,570.7192993164062,576.0874192959229,568.8119506064235,576.0185903209236,73105000
2025-01-13,571.604248046875,571.9581742427216,565.6658729466735,566.0788468496604,47910100
2025-01-14,572.3906860351562,575.1533862250869,568.6152938144415,574.5241441869972,48420600
2025-01-15,582.8025512695312,583.9430001285099,579.2827918470954,580.3937768602567,56900200
2025-01-16,581.6817626953125,584.346110636513,580.9836915331506,584.1691475266347,43319700
2025-01-17,587.521728515625,589.2717368825727,585.5848557638515,586.9121689712896,58070600
2025-01-21,592.899658203125,592.9094994878243,588.5933760531964,590.5597127423754,42532900
2025-01-22,596.2326049804688,597.5893820777127,595.1707663809229,595.7213382459036,48196000
2025-01-23,599.4868774414062,599.4868774414062,595.3280946897063,595.6033506126263,41152100
2025-01-24,597.7367553710938,600.4995156835615,596.5864653530726,599.5458113037603,34604700
2025-01-27,589.2816162109375,589.5962372876534,584.6312490621345,584.7983708814467,70361100
2025-01-28,594.3449096679688,595.1805787054238,587.1972570477369,590.5105293609671,44433300
2025-01-29,591.6805419921875,593.9614997638901,589.1341095636221,593.5583671362218,37177400
2025-01-30,594.8561401367188,596.3898803192325,590.6088457833347,593.7943615542468,39281300
2025-01-31,591.6903686523438,599.6933732210748,590.9333098394596,597.2747575383468,66566900
2025-02-03,587.70849609375,590.1860392450765,580.5510025263411,582.6943020815504,65857200
2025-02-04,591.6510620117188,592.1622687341741,587.2268045597665,587.767535135661,33457800
2025-02-05,594.0499267578125,594.1974260072697,588.5049031019603,590.5302274178379,30653100
2025-02-06,596.1145629882812,596.2423796576439,592.4866698522919,595.7901006731433,35771500
2025-02-07,590.6580810546875,597.8941858585465,589.9501686239648,596.6750666805723,50788500
2025-02-10,594.6693725585938,595.30845601079,592.5949016719809,593.863227291288,26048700
2025-02-11,595.1216430664062,595.6623736678141,592.2901133629294,592.408088766588,30056700
2025-02-12,593.2044677734375,594.3744405625547,588.4361250659014,589.1145136580423,45076100
2025-02-13,599.4671630859375,599.6736500230521,593.0471055616473,594.3055297285264,40921300
2025-02-14,599.437744140625,600.7060096863363,598.8183432907158,599.6736949390985,26910400
2025-02-18,601.197509765625,601.197509765625,598.1398710820379,600.5977915687461,26749000
2025-02-19,602.61328125,602.9082197102092,599.3000091966954,599.8112758662747,31011100
2025-02-20,600.1062622070312,601.3843689751305,596.8028311734677,601.2467110134413,36554000
2025-02-21,589.8419799804688,600.0275889538111,589.3798596850504,599.8899309928074,76519800
2025-02-24,587.157958984375,592.8800056614799,586.4500466079941,591.8869960824046,50737200
2025-02-25,584.2379150390625,587.8265033006376,579.6366946428752,587.098968367302,58266500
2025-02-26,584.5328369140625,589.488043359785,581.8979531727184,585.8994552001853,43321600
2025-02-27,575.2026977539062,587.9544239336753,574.8094663730844,586.8040736253654,74196700
2025-02-28,584.1788940429688,584.70978328648,572.636508577737,575.7039886670112,88744100
2025-03-03,573.9441528320312,587.2857532860544,570.1392964764723,586.1452445030724,74249200
2025-03-04,567.1504516601562,575.5369060706639,562.6180601948478,569.9525173224438,109648200
2025-03-05,573.24609375,575.035467216836,563.434093538414,566.9833166199888,71230500
2025-03-06,563.0703125,570.4047092717689,560.5238803180225,565.7936477589768,80094900
2025-03-07,566.2262573242188,567.6715458955733,556.1094773560538,561.2907933786839,81158800
2025-03-10,551.1444702148438,559.9536192631458,546.2384702857362,558.0364891964213,99326600
2025-03-11,546.5628662109375,554.5265648872522,542.7285461144836,549.9843324603625,88102100
2025-03-12,549.4632568359375,553.631880779765,544.3704523001988,552.7077001878538,69588200
2025-03-13,542.1386108398438,549.6991769603108,540.4279077137791,549.0896174558009,74079400
2025-03-14,553.3369750976562,554.3398260143258,542.2075022062043,546.7497351697265,62660300
2025-03-17,557.6039428710938,560.1208513978755,552.8846868765244,553.3172833424321,49008700
2025-03-18,551.5770874023438,555.5097605205915,549.6500559715837,555.2934322950165,66041400
2025-03-19,557.5842895507812,561.3399999727566,552.1768634471969,553.3566775077279,66556000
2025-03-20,555.9718017578125,560.9663132490421,553.1304311253591,553.8481847501696,62958200
2025-03-21,556.1552734375,557.0526817242638,550.2878724028328,551.5205297947124,83763000
2025-03-24,566.1151733398438,567.1703352751009,562.2890000340255,562.880651498493,58766800
2025-03-25,567.4760131835938,568.4127846067184,565.73055113845,567.3181993393742,38355700
2025-03-26,560.7013549804688,568.3339598573967,559.3207546377017,567.2097618801449,51848300
2025-03-27,559.2122802734375,562.9792883535321,557.101956447335,559.3108687859911,42164200
2025-03-28,547.9507446289062,558.413587192946,547.3689639965595,557.6838635858104,71662700
2025-03-31,551.6289672851562,552.93066066187,539.2826520783074,542.201606334121,95328200
2025-04-01,553.18701171875,555.1297110203275,545.9981756472096,549.715889513425,54609600
2025-04-02,556.6878051757812,559.5475341360295,547.1125011420022,547.3491617248258,76014500
2025-04-03,529.2537841796875,540.3673821784607,529.2537841796875,537.5470765410741,125986000
2025-04-04,498.26971435546875,518.574043873056,498.0527654446422,516.4045547647906,217965100
2025-04-07,497.3821716308594,515.9114550791749,475.115432610906,482.40291724281104,256611400
2025-04-08,489.591796875,517.6963548854247,482.3733480760591,514.6196468974629,165816600
2025-04-09,541.0084838867188,541.0084838867188,486.20945053098467,486.5940541464612,241867300
2025-04-10,517.3018798828125,526.098105010763,502.2535908103832,524.7865408671853,162331200
2025-04-11,526.531982421875,528.9874258955272,512.8544231608307,515.7536352571723,97866300
2025-04-14,531.64013671875,536.7285795544979,526.4531053782949,536.5017296923237,68034000
2025-04-15,530.1510620117188,535.6930840370895,529.3621734315309,532.1824786951643,56892900
2025-04-16,518.366943359375,530.4273047249436,513.0714517926509,524.3034408726064,83484800
2025-04-17,519.1065063476562,523.800475242003,516.6411916080497,520.3194821276195,79868100
2025-04-21,506.7503662109375,514.4618777265953,501.4055507612705,513.9293312369678,69368100
2025-04-22,519.9349365234375,521.956482797522,511.9867633247528,512.9235950678715,75948100
2025-04-23,527.991455078125,537.8625838932508,526.4728430251603,532.9319549297188,90590700
2025-04-24,539.1051635742188,539.8348871004667,528.0211182344198,529.2734571828396,64150400
2025-04-25,543.0003662109375,543.4046513367819,536.1467793425768,539.0657336001437,61119600
2025-04-28,543.2073974609375,545.8699492792146,537.4583271221219,543.7399439376,47613800
2025-04-29,546.6293334960938,547.7436606136026,540.9393676118534,541.2943585019403,47775100
2025-04-30,546.8462524414062,548.7988227140515,534.0069337400583,539.9729835885655,93101500
2025-05-01,550.7216796875,556.2440206119321,550.1201573586014,552.595342895286,63186100
2025-05-02,558.8966674804688,560.4941864598073,554.5774316657111,556.894803218062,60717300
2025-05-05,555.6917724609375,558.7882219920989,553.9068871278389,554.7648117792631,38659200
2025-05-06,551.0470581054688,555.5339182387945,549.232620427504,550.1891335164119,48264700
2025-05-07,553.3645629882812,555.9975022415719,548.3254139860352,552.3784371058738,55588000
2025-05-08,557.2202758789062,562.3974366423718,553.9069074354913,557.3977713110521,65130800
2025-05-09,556.51025390625,559.6263849147109,554.9521583078488,558.6205173502777,37603400
2025-05-12,574.9015502929688,574.9114211824733,569.0340889310521,573.4026196086874,78993600
2025-05-13,578.6981811523438,580.907093658496,574.7536773375426,575.3157161654024,67947200
2025-05-14,579.437744140625,580.8084133986617,577.4161378946785,579.6546629482465,66283500
2025-05-15,582.2678833007812,582.770756919371,576.9822030720642,577.4358426248243,71268100
2025-05-16,585.9559936523438,586.2518193704545,581.1042713102905,583.0469103495059,76052100
2025-05-19,586.596923828125,587.2773530559552,579.9405744991373,579.9405744991373,68168500
2025-05-20,584.6246948242188,585.8080578995526,581.419785763877,584.8614155899625,60614500
2025-05-21,574.7733154296875,584.3584902721909,573.7477661832594,580.2759146876367,95197700
2025-05-22,575.0001831054688,578.4811762683786,573.3434386116112,574.5760959985981,70860400
2025-05-23,571.0753173828125,573.7378691727489,567.6140060747297,567.988738706783,76029000
2025-05-27,582.9483642578125,583.1061179228353,570.4048112020747,577.938827709351,72588500
2025-05-28,579.5757446289062,584.545857588394,578.8460211072919,583.3526236048898,68445500
2025-05-29,581.8635864257812,584.9699071457442,577.9388245287198,584.8318350718904,69973300
2025-05-30,581.2128295898438,582.928679235147,575.1481304892388,580.7591899526665,90601200
2025-06-02,584.4866943359375,584.5655410710423,576.9428072484826,579.6053591727813,61630500
2025-06-03,587.8197631835938,588.7960181097066,583.6385391723649,584.121791379625,63606200
2025-06-04,587.6619873046875,589.6539808386906,587.2280895107962,588.6777258495218,57314200
2025-06-05,584.8219604492188,590.6894216670538,582.8497086239531,589.3384339818148,92278700
2025-06-06,590.8274536132812,592.4940086999786,588.5790577947733,590.3540722792903,66588700
2025-06-09,591.3599853515625,592.9082102708385,590.1864930975049,591.3994087206146,53016400
2025-06-10,594.7127685546875,595.0973118762876,590.7781362147839,591.8924030034493,66247000
2025-06-11,593.0167236328125,596.6654019118176,590.9557539749433,595.807477097167,73658200
2025-06-12,595.3734741210938,595.3734741210938,591.2021810906274,591.6853731206485,64129000
2025-06-13,588.7171630859375,593.499849631983,587.218232455665,590.1963519379123,89506000
2025-06-16,594.318359375,596.0638215052488,591.8924679557008,592.0700235861916,79984100
2025-06-17,589.2398681640625,593.401290785268,588.480531921813,591.8826784891205,82209400
2025-06-18,589.1510009765625,592.8785252065284,588.1944276516227,590.1371267775953,76605000
2025-06-20,587.7673950195312,592.8906208578056,586.3629131433069,591.8224395288368,94051400
2025-06-23,593.5730590820312,593.9587392448562,585.4035696790836,588.5190130228361,87426000
2025-06-24,600.13037109375,601.1885919192599,596.7972471416377,597.7072083922786,67735300
2025-06-25,600.4666748046875,601.940336500435,598.903972841808,601.247995602986,62114800
2025-06-26,605.1646118164062,605.5997923429508,601.7029677445283,602.3161684365299,78548400
2025-06-27,608.1712646484375,609.6350865938839,604.1360202356653,606.1635425121184,86258400
2025-06-30,611.0790405273438,612.4340220516922,608.2998373553096,610.6142201701539,92502500
2025-07-01,610.8812866210938,612.0483479268365,608.7746241554748,609.6053849111585,70030100
2025-07-02,613.6505737304688,613.6901136433279,609.8526292762224,610.4757300098587,66510400
2025-07-03,618.4869995117188,619.4167005776212,615.6088560521965,615.628656191773,51065800
2025-07-07,613.8780517578125,617.1913758193931,611.0988485499288,616.5286747873084,74814500
2025-07-08,613.5418090820312,615.2923708557059,612.7307881009865,614.5406899285775,59024600
2025-07-09,617.2210083007812,617.8737488887257,614.1055045789822,615.945166968477,66113300
2025-07-10,618.9617309570312,620.0002120765442,616.1825277796053,617.3594891460615,57529000
2025-07-11,616.7858276367188,618.0122289852302,614.7187654701638,615.9154666088177,63670200
2025-07-14,617.9627685546875,618.3089087938923,614.9857451789246,616.3308265898004,51898500
2025-07-15,615.322021484375,620.9793073894895,615.2428812967698,620.6430672331502,74317300
2025-07-16,617.3792114257812,617.8836320494379,611.276844692317,616.9044910111767,88987500
2025-07-17,621.1573486328125,621.5134493059918,617.3396644874989,617.557284919235,68885700
2025-07-18,620.7025146484375,622.5717567026577,619.5947932954602,622.4036365954075,65621600
2025-07-21,621.8794555664062,624.6190586454088,621.4541750937276,621.8794555664062,63375000
2025-07-22,621.9683837890625,622.8288447335428,619.3276609031153,622.2057439990875,60046300
2025-07-23,627.259765625,627.259765625,622.8288205336723,624.6288825447934,70511000
2025-07-24,627.4674072265625,629.1784892953694,627.0421268182102,627.6454273719465,71307100
2025-07-25,630.1181030273438,630.5928838363332,627.8829206987424,628.1301809903662,56865400
2025-07-28,629.9598999023438,631.0478210681617,628.5752180855901,630.4939604147171,54917100
2025-07-29,628.2982788085938,631.6708825055948,627.3883778702398,631.3543820995848,60556300
2025-07-30,627.5070190429688,630.6917023127537,624.6189756546709,628.9509803708415,80418900
2025-07-31,625.1531982421875,632.8380075585872,623.857556644127,632.4523273568442,103385200
2025-08-01,614.9066162109375,619.476041722763,612.5032535330552,619.4364414435403,140103600
2025-08-04,624.2530517578125,624.3024917393647,618.7243458354196,618.813325728958,73218000
2025-08-05,621.0880737304688,625.6772386500149,620.168272806011,624.8662177521945,68051400
2025-08-06,625.845458984375,626.4981995520814,621.2463937026511,622.1562946160922,64357500
2025-08-07,625.3212280273438,629.9993730574174,622.2156245224251,629.2674923107387,74205800
2025-08-08,630.197265625,630.6621463802445,626.794961476664,627.1114619051468,64051600
2025-08-11,628.9509887695312,631.9478122276477,627.7047873460086,630.474150672182,58742300
2025-08-12,635.6468505859375,635.8050706066525,629.8114837326607,631.2950454377703,64730800
2025-08-13,637.8228149414062,639.1085564704525,635.6370120856271,637.8425547169825,60092800
2025-08-14,637.882080078125,638.5447207235369,635.300697252298,635.7457174616427,59327500
2025-08-15,636.388671875,639.0096552004113,635.4787708739423,638.9107148606824,68592500
2025-08-18,636.2501831054688,636.9425240091701,635.1424618060598,635.8150025688236,43804900
2025-08-19,632.7984008789062,637.0512656505922,631.4829592777961,636.0721245937336,69750700
2025-08-20,631.1170043945312,632.6500060324975,626.013578858981,632.3929060531275,88890300
2025-08-21,628.5850830078125,630.9785456585483,626.864161086776,629.3071240874224,54805800
2025-08-22,638.2381591796875,639.4151205943501,630.2664897119097,630.7709103705197,84083200
2025-08-25,635.42919921875,638.2183023325629,635.3105191174199,636.9820009718095,51274300
2025-08-26,638.0897827148438,638.4359833484747,634.5391586749303,635.1622594491828,51581600
2025-08-27,639.543701171875,640.2755819843173,637.3578984386413,637.5062787617181,48341100
2025-08-28,641.8085327148438,642.3623933153343,638.267809046051,640.146950913372,61519500
2025-08-29,637.9810180664062,640.7404816664739,636.0919759234915,640.374480883152,74522200
2025-09-02,633.2533569335938,633.4709169972102,627.9619508913343,630.5136938017484,81983500
2025-09-03,636.6853637695312,637.1502445176759,633.4413400681225,635.6270824559713,70820900
2025-09-04,642.00634765625,642.0360478647699,636.4578416280056,637.3578424589464,65219200
2025-09-05,640.14697265625,645.0625384730564,636.2798483910566,644.3404973975818,85178900
2025-09-08,641.719482421875,642.7184234803435,640.1369806181674,641.5117620821245,63133100
2025-09-09,643.2030639648438,643.7272243154101,640.1271005117621,641.8579222981767,66133900
2025-09-10,645.0625,647.3768223058731,643.4997982019892,646.4570213518696,78034500
2025-09-11,650.4231567382812,651.1154976382888,646.4274520986086,647.0109525903231,69934400
2025-09-12,650.20556640625,651.8869485652141,649.701206088218,650.3934866540098,72780100
2025-09-15,653.6671142578125,653.7956944276398,652.114372883025,652.4110731340584,63772400
2025-09-16,652.76708984375,654.5276118800496,651.9857691498868,654.2209512044083,61169000
2025-09-17,651.9561767578125,654.4683196962441,647.1296508296768,652.7770978636573,101952200
2025-09-18,655.00244140625,657.6036246179045,653.0342590569163,654.6365009878455,90459200
2025-09-19,658.2465209960938,659.0895125014193,654.9438659954435,656.8877828567474,97945600
2025-09-22,661.3607177734375,661.8069717744121,656.7290467709187,656.7588293222589,69452200
2025-09-23,657.7605590820312,661.856628548307,656.5406245808955,661.2416672722171,81708900
2025-09-24,655.6677856445312,659.1489540239103,654.2495430702726,659.0497999269948,68082200
2025-09-25,652.6429443359375,653.9917550046746,649.0328388399253,652.5338627083877,89622100
2025-09-26,656.3819580078125,656.9274266555326,652.4743298182361,654.0909412604747,69179200
2025-09-29,658.2266845703125,659.8135740530697,656.4216318338509,658.9010899003678,73499000
2025-09-30,660.7061157226562,661.1722852976668,656.173659297658,657.4828203674869,86288000
2025-10-01,662.9574584960938,663.8698820443607,657.6117327913598,657.7208144097488,72545400
2025-10-02,663.7210693359375,665.0600128657511,661.3011766397112,664.9410037342527,56896000
2025-10-03,663.7112426757812,667.1527012490268,662.6698219114437,664.4848020775174,70494400
2025-10-06,666.0914916992188,666.9841207809839,663.9591941673339,666.1014192164715,54623300
2025-10-07,663.6219482421875,667.4601442579947,662.1838505424819,667.0138297258598,72020100
2025-10-08,667.5791625976562,667.6783772359653,663.919480237528,664.7426772273783,60702200
2025-10-09,665.6452026367188,668.4023890582872,663.7112737749407,667.9957845708525,66501900
2025-10-10,647.6542358398438,668.4122493878771,647.4757221413303,666.6071968358344,159422600
2025-10-13,657.5919189453125,659.664772492732,654.3488290056752,655.2216030747315,79560500
2025-10-14,656.78857421875,660.3590300864076,647.8030207789583,651.7701536094826,88779600
2025-10-15,659.7044067382812,664.7228272522149,653.5156893256119,661.3408732132422,81702600
2025-10-16,655.2117309570312,663.2154294168515,651.710706867285,661.3409444600238,110563300
2025-10-17,658.9308471679688,660.2895852935891,652.7322022395391,654.0810128478913,96500900
2025-10-20,665.7840576171875,666.6866142382812,661.7872027532737,661.8367798071084,60493400
2025-10-21,665.7741088867188,667.4601523988813,664.4748753427003,665.9229005771253,56249000
2025-10-22,662.3128051757812,666.4783066993808,657.8497808005621,666.4783066993808,80564000
2025-10-23,666.2402954101562,667.1825015615415,662.3128121266341,662.6301900162397,65604500
2025-10-24,671.6851806640625,672.8951271271609,670.0983517375236,670.9016937183009,74356500
2025-10-27,679.6094970703125,679.9070199177999,676.5151383891614,677.1201116013259,63339800
2025-10-28,681.4144897460938,683.2492642554724,679.2028328185232,681.4045622297778,61738100
2025-10-29,681.7418823242188,684.0328991417463,677.2590027977353,683.0609104229828,85657100
2025-10-30,674.2440185546875,680.3037996369978,674.2440185546875,678.2805836148408,76335800
2025-10-31,676.4556274414062,679.4508319897004,673.6587916341136,679.4111219213156,87164100
2025-11-03,677.7251586914062,680.1649066224819,674.3530715971103,680.0359699637585,57315000
2025-11-04,669.6917114257812,674.3729598389511,669.0371611161902,670.5545580097922,78427000
2025-11-05,672.012451171875,675.2654684624238,668.6304366940664,669.4337786331213,74402400
2025-11-06,664.8021850585938,671.8140994484131,663.2252231578799,670.9115428502156,85035300
2025-11-07,665.4567260742188,665.5658682287408,655.7769731606511,662.4218719882706,100592400
2025-11-10,675.8407592773438,676.57466917413,669.4834554774103,671.6752576501947,75842900
2025-11-11,677.3878784179688,677.9532020666294,673.1529450781785,674.3629519753922,58953400
2025-11-12,677.7647705078125,679.3318048264125,675.3547447293747,679.1631581075335,62312500
2025-11-13,666.5180053710938,675.265541055433,665.0105359672095,674.9085136071693,103457800
2025-11-14,666.4088745117188,670.1082064558575,657.8200586834998,659.9127066954921,96846700
2025-11-17,660.2002563476562,668.1742314199619,656.7290154076413,664.1971714004484,90456100
2025-11-18,654.6561889648438,659.6547538697382,650.4708329116884,656.6595496130724,114467500
2025-11-19,657.185302734375,661.856623370592,653.3371790986623,655.3505280387882,94703000
2025-11-20,647.1683349609375,670.0090710879778,646.5335791707308,667.3808213360044,165293500
2025-11-21,653.6148681640625,659.0894699034471,645.5020288545189,649.6675301260088,123956200
2025-11-24,663.2351684570312,664.5542570793402,656.1538823239337,657.2448196444445,80437900
2025-11-25,669.4734497070312,670.6536740212097,659.020017057554,663.135941149376,81077100
2025-11-26,674.09521484375,676.0986363282427,671.1595147067713,672.0620713400136,71879600
2025-11-28,677.7747192382812,678.0523870500939,674.9084513312986,675.2654787466182,49212000
2025-12-01,674.6802978515625,677.3779187836101,673.1628406770591,673.232272756968,61201200
2025-12-02,675.9300537109375,678.2012155152329,673.7481184984898,676.316803165018,62953800
2025-12-03,678.2706298828125,679.2822075879724,674.105128319461,674.9779023816353,57238500
2025-12-04,678.7665405273438,679.7384687237238,675.7416137771377,679.6690366334618,61970300
2025-12-05,680.0557861328125,682.7336127271673,678.9549213715281,679.8375623637357,79241000
2025-12-08,678.0127563476562,680.9980334759979,675.9696853695019,680.9484564225444,55231500
2025-12-09,677.4276123046875,679.7583392727543,676.9813582671167,677.5367544682442,58310100
2025-12-10,681.92041015625,683.3088703732143,675.711837383319,676.9515664343469,85671300
2025-12-11,683.5072631835938,683.5866227950731,676.5647802535024,679.5104080599091,86173700
2025-12-12,676.1581420898438,683.2196338188487,673.5893968987631,682.5154459360199,113160300
2025-12-15,675.1365356445312,680.1252340287925,673.6687159286942,680.1053789946951,90811000
2025-12-16,673.2918701171875,675.4837328267965,669.4338188610296,673.6488975485244,122030600
2025-12-17,665.8832397460938,674.8489377460819,665.6848710067972,674.3034691132465,110625200
2025-12-18,670.9114990234375,675.1464323222394,669.3544527925658,672.0322187932205,108650100
2025-12-19,676.9923095703125,677.4896664833268,672.8940327515619,673.0134542661981,103599500
2025-12-22,681.2098388671875,681.7370055876305,676.9922622536055,680.3245290528953,69556700
2025-12-23,684.3233032226562,684.562024812114,680.2548972126992,680.3046207584179,64840000
2025-12-24,686.7305297851562,687.1781631452748,684.164151137988,684.313382495532,39445600
2025-12-26,686.660888671875,688.0037280321676,685.6264081645946,686.989161229118,41613300
2025-12-29,684.2138671875,685.5567672531378,682.4433081832867,683.9055083361335,62559500
2025-12-30,683.3782958984375,684.9200900521846,682.9505762759469,683.8159723723246,47160700
2025-12-31,678.3152465820312,683.726492314561,678.1063955310838,683.5076844111845,74144800
2026-01-02,679.55859375,683.2390468658663,676.2263268834449,682.0852055985325,89377200
2026-01-05,684.0845947265625,685.7855773037328,682.7517121374489,682.910839643419,71927200
2026-01-06,688.1529541015625,688.6602678554459,684.1442890432024,684.2934596862484,69273800
2026-01-07,685.9347534179688,690.2916046822218,685.6761181181482,688.5309418430683,75588300
2026-01-08,685.8651123046875,686.9692300361542,683.8557710289468,685.1787573638412,64019200
2026-01-09,690.4010009765625,691.6344363504869,685.5368360184962,686.9791831428475,80125500
2026-01-12,691.4852294921875,692.410366767912,686.979207477028,687.0289310253164,63976000
2026-01-13,690.1026000976562,692.4103433578374,687.6953490317495,691.813478661017,78309700
2026-01-14,686.7105712890625,688.0633674208381,682.4134005947378,687.347202661372,94676700
2026-01-15,688.5806884765625,691.7737417111902,687.5959315038539,690.8983886882239,77862000
2026-01-16,688.0037231445312,690.5800586110835,686.4519720383781,689.9931507530615,79289200
2026-01-20,673.9981689453125,681.1501633341576,672.9934983300664,677.8874730475171,111623300
2026-01-21,681.77685546875,685.0991655259935,674.5452667925615,676.0572511802958,127844500
2026-01-22,685.3379516601562,687.476610793547,683.2888434897402,686.2033478813381,77112200
2026-01-23,685.5865478515625,687.3074439470811,683.5274830754288,684.5123006998919,63059600
2026-01-26,689.068115234375,690.4607389282814,686.2729717064406,686.8399658941375,60473800
2026-01-27,691.8134765625,692.8480177488461,689.9036431059924,690.5104039402848,55506100
2026-01-28,691.7438354492188,694.1510864943795,690.271678492269,693.3652237572153,61172200
2026-01-29,690.3711547851562,693.375209936545,681.2098793986574,692.7087686795362,97486200
2026-01-30,688.3121337890625,690.540343876794,683.4877957603626,688.1330925763239,101835100
2026-02-02,691.73388671875,693.2458711004026,685.7755608588325,685.9347490634862,79286500
2026-02-03,685.885009765625,693.2757257351432,680.4140840721383,692.529690413304,107904600
2026-02-04,682.5626831054688,687.7948875474046,678.1561081391175,686.7006659106327,105204600
2026-02-05,674.0379638671875,680.0758839506523,672.2176206040476,677.3404209861714,113610800
2026-02-06,686.96923828125,688.6503070282812,677.2508650473027,677.8576866055596,89127600
2026-02-09,690.2816162109375,692.1914496038428,684.7012866666231,685.7755337993461,73885200
2026-02-10,688.4613037109375,692.8579216647231,688.0037135108784,691.276360737094,65185700
2026-02-11,688.3021850585938,693.4547952732178,685.5368515439336,692.7087599208829,76353900
2026-02-12,677.668701171875,691.6742279947084,676.7734344520502,690.5701102294341,118829000
2026-02-13,678.1461181640625,682.6522007204912,673.9384983110481,678.0864377658819,96267500
2026-02-17,679.2402954101562,681.31927396984,672.2077222570326,676.5446598627462,81354700
2026-02-18,682.662109375,685.507036973797,679.2204384959671,680.4041503420104,73570300
2026-02-19,680.8616943359375,682.5527199680946,677.9471901363287,680.2251236342836,58649400
2026-02-20,685.7855834960938,686.4122580979458,678.126274472082,678.7131823752115,100034000
2026-02-23,678.7827758789062,686.3525334522094,676.7734345413753,684.1940214696967,90558100
2026-02-24,683.7164916992188,684.7112054782021,676.4053697086953,678.295350173768,73798700
2026-02-25,689.4859008789062,690.0130676270821,686.4519751919497,686.53156929616,56369500
2026-02-26,685.6561889648438,689.6350440416309,680.7323436648176,689.615191050754,71671000
2026-02-27,682.3637084960938,683.2291046432514,678.0367277603054,679.4790749097389,83308900
2026-03-02,682.7516479492188,684.9797970984218,674.4358553343317,675.1122534180175,87477200
2026-03-03,676.7337036132812,679.0016196644848,666.1200629162043,671.4915420947397,105003100
2026-03-04,681.50830078125,683.4579617719511,676.027417786932,678.026802327329,79182200
2026-03-05,677.7084350585938,681.9061587313661,672.0385544367263,678.4743840881955,106606500
2026-03-06,668.8256225585938,672.5358853430707,666.2194774432897,669.8501461298736,100687000
2026-03-09,674.6845092773438,676.3257505242918,658.888450195908,662.8673051642795,102667700
2026-03-10,673.6002807617188,679.7476047325034,671.1930903760745,674.1374043547928,81505300
2026-03-11,672.7548217773438,676.4849986405864,669.7806371390539,673.9982140650914,68441700
2026-03-12,662.5390625,668.0995392824933,662.3500644519811,667.6120785283837,108882200
2026-03-13,658.7890014648438,668.7859240392634,657.863924887251,665.7321452917186,97200200
2026-03-16,665.493408203125,668.5173163233716,663.5934708305671,664.8468199428278,82023100
2026-03-17,667.2440185546875,670.8747480492216,666.1598145596139,668.8355969918504,87128000
2026-03-18,657.9335327148438,666.1796881508768,657.6948111200146,664.8268919718373,82062600
2026-03-19,656.3121337890625,659.4753162945015,651.7066041735543,653.497076818377,111272500
2026-03-20,646.9034423828125,655.0025723674255,643.063298812559,654.8230422006715,163617500
2026-03-23,653.6959228515625,660.9173090129275,652.2596206790361,656.3790129905765,134802700
2026-03-24,651.5015869140625,655.3417305137531,648.2100787416998,649.6463809650626,96457500
2026-03-25,655.1322021484375,659.1917509309695,652.5588148295345,656.9774239230809,90653800
2026-03-26,643.432373046875,653.1672421520028,643.1630473705688,650.3844333840033,96494400
2026-03-27,632.4606323242188,641.0085567819559,631.4831091918358,640.8489947137006,103649400
2026-03-30,630.3460693359375,638.7245091624994,627.6630399662237,638.4651675144013,99275900
2026-03-31,648.6688842773438,649.865752001465,636.3405988140365,637.2981538716512,152534100
2026-04-01,653.5562744140625,656.8278752918841,651.3220400966815,652.219751792706,97841500
2026-04-02,654.144775390625,656.5086804928782,643.4522901873171,644.7589215344626,68358700
2026-04-06,657.23681640625,658.0247645183308,653.8356054757206,654.1746977251443,39105800
2026-04-07,657.5260009765625,657.9150134208243,649.386996170508,654.9626585699763,69980400
2026-04-08,674.27294921875,675.3402070755335,669.734652974974,674.6519776493207,93606100
2026-04-09,678.162841796875,679.4096297331154,672.0386657215836,673.1059235004034,57134400
2026-04-10,677.7140502929688,680.2774536083281,676.7066358948267,679.5692561407437,42253500
2026-04-13,684.3369750976562,684.536473353906,674.8414790590384,675.669302461078,54185800
2026-04-14,692.675537109375,692.7952238870419,685.8929616905456,685.9229138241225,63480500
2026-04-15,698.1414184570312,698.480571570673,692.4161778504387,693.4734516118131,58240400
2026-04-16,699.8569946289062,700.9741726960574,696.7350934539525,699.2585607342904,49972400
2026-04-17,708.3152465820312,710.5594650064761,703.9464965121796,704.3255249385737,70661900
2026-04-20,706.8988037109375,708.0857482546458,704.3254772575062,706.9587079747221,43546800
2026-04-21,702.2708129882812,709.4523240430285,700.8345107773317,708.4548936431559,58941400
2026-04-22,709.3825073242188,709.6218808832724,706.4001392457644,707.3278031045794,42518500
2026-04-23,706.6295776367188,710.5295037064266,700.4754491270062,707.6768673789517,56174000
2026-04-24,712.10546875,712.6340752101273,707.1881441382454,708.9236633096505,45182000
2026-04-27,713.332275390625,713.7911152864904,710.4696550399041,711.3374146094498,33135900
2026-04-28,709.8612060546875,711.0481506026886,707.4274735730012,709.9908768700561,43117400
2026-04-29,709.7515258789062,710.3699278433978,706.5497524472755,709.1729992133655,41859200
2026-04-30,716.8132934570312,717.9403946619685,708.6244289610544,712.7936806635566,67240900
2026-05-01,718.7982177734375,723.0073446973263,718.6186267345964,719.3966516418469,43049800
2026-05-04,716.1649780273438,720.2644021704073,713.152718877996,718.2196821209096,51950600
2026-05-05,721.9102172851562,723.1769124909786,719.6360467603954,719.9153564929043,36933200
2026-05-06,731.9443359375,732.7023927493656,725.9497697512824,726.288861980811,53288900
2026-05-07,729.7001342773438,734.238430329629,727.8748196364371,733.161188473549,51724600
2026-05-08,735.724609375,736.1834492768152,732.6824588199246,733.0415191543954,47227100
2026-05-11,737.4002685546875,738.8864300819614,734.5576163199453,734.5576163199453,44024000
2026-05-12,736.2831420898438,736.9414802248905,729.9494836014034,734.9964788307154,54185300
2026-05-13,740.4025268554688,741.9983910774667,733.5800764180441,736.5723674930287,44200200
2026-05-14,746.2474975585938,747.6040491923611,741.649357949993,741.7391534739264,45307600
2026-05-15,737.2706298828125,741.5496453663399,736.0637780312098,739.8838927249178,60410800
2026-05-18,736.751953125,739.5147938000424,731.5054597381557,737.9289136337939,47843900
2026-05-19,731.8446044921875,735.7545755811656,729.650306265128,732.8919551385734,54255900
2026-05-20,739.3452758789062,739.9636778498481,732.0042028263388,733.8195334397973,45768000
2026-05-21,740.8114624023438,742.9559620700644,735.1361419849363,736.7419902854853,43332200
2026-05-22,743.7239990234375,747.015507083493,742.566945697205,744.3224328967863,41762000
2026-05-26,748.6613159179688,750.1973368284331,746.4469887578754,748.0827892360243,41123600
2026-05-27,748.5316162109375,749.4492351039673,746.2973210478585,748.9505199197505,42106300
2026-05-28,752.6609497070312,753.2095851254732,747.3047533704411,748.3221518516883,41562600
2026-05-29,754.5361328125,756.1320579864754,752.7507543048832,753.9576670103595,55075700
2026-06-01,756.5908203125,758.3264003155792,752.7507376917755,753.4189990020213,43634900
2026-06-02,757.6182250976562,758.4461093852723,754.805464031348,755.0847737682097,31581900
2026-06-03,752.3018798828125,756.8501599793441,751.6336185743088,756.2018667594974,51402500
2026-06-04,755.1445922851562,756.3614281257201,749.5389775481502,750.1673635570705,49923000
2026-06-05,735.65478515625,750.8855669656407,733.6400171295905,750.3768677170906,93989400
2026-06-08,737.3204345703125,743.4247643242134,736.2931129658897,741.4498108327123,49319100
2026-06-09,735.1560668945312,744.9807928982774,720.7332622187009,741.7191759970133,87683500
2026-06-10,723.56591796875,736.4826536495077,723.4661992814284,731.5054857614351,60341300
2026-06-11,735.8642578125,738.0984921563339,722.5485255148498,726.8873842592473,86330500
2026-06-12,739.843994140625,742.5270843334097,733.1412911200548,738.8066884479139,57079500
2026-06-15,752.890380859375,754.7356026867302,749.8282623277308,749.9179969688896,60176400
2026-06-16,748.4019775390625,753.4988323298886,747.9531216783239,752.6111046530555,67093100
2026-06-17,739.0560302734375,750.217278570044,737.3204502885575,749.3594421826946,85945200
2026-06-18,746.739990234375,748.22998046875,743.8599853515625,747.760009765625,80875700
2026-06-22,744.3900146484375,750.1799926757812,743.1300048828125,747.7000122070312,46628100
2026-06-23,733.5800170898438,739.6300048828125,732.2999877929688,733.8099975585938,66846800
2026-06-24,733.239990234375,739.9500122070312,730.8400268554688,735.1699829101562,57439500
2026-06-25,734.2999877929688,739.3699951171875,729.5999755859375,738.9099731445312,53934400
2026-06-26,728.989990234375,736.530029296875,716.5800170898438,728.9500122070312,71034000
2026-06-29,741.0,741.5599975585938,732.0900268554688,736.530029296875,58035200
2026-06-30,746.77001953125,748.02001953125,740.8900146484375,741.2899780273438,55626000
2026-07-01,745.760009765625,749.4400024414062,742.3800048828125,745.0,47100900
2026-07-02,744.780029296875,751.3099975585938,740.030029296875,747.4000244140625,57447800
2026-07-06,751.280029296875,752.4099731445312,747.4099731445312,748.739990234375,50673300
2026-07-07,747.7100219726562,750.9600219726562,745.2100219726562,750.219970703125,43721500
2026-07-08,745.4000244140625,746.1500244140625,739.510009765625,743.1599731445312,43767400
2026-07-09,751.7100219726562,751.969970703125,745.5900268554688,747.3499755859375,41441700
2026-07-10,754.9500122070312,755.4199829101562,748.0999755859375,752.0499877929688,42191300
2026-07-13,749.1699829101562,753.9099731445312,748.0,752.469970703125,44013600
2026-07-14,751.8300170898438,753.3400268554688,748.6599731445312,750.9099731445312,35143100
2026-07-15,754.8099975585938,755.5800170898438,750.2000122070312,754.239990234375,43844800
2026-07-16,750.719970703125,754.5700073242188,747.8800048828125,752.760009765625,46409800
2026-07-17,743.2899780273438,747.2899780273438,740.7999877929688,742.0800170898438,62651000
2026-07-20,742.0900268554688,748.72998046875,741.510009765625,747.0599975585938,50422300
2026-07-21,748.280029296875,749.0399780273438,744.1799926757812,746.2899780273438,34324300
2026-07-22,747.4099731445312,750.02001953125,746.3699951171875,746.6199951171875,32836200
2026-07-23,738.1799926757812,742.5599975585938,735.2100219726562,739.3699951171875,55437300
2026-07-24,738.9299926757812,743.719970703125,737.2899780273438,738.510009765625,44725600
