{
  "primary": {
    "corr_2022": -0.21303306260757277,
    "corr_SE_approx": 0.0995,
    "corr_full": -0.12797066517534111,
    "corr_full_abs": 0.12797066517534111,
    "corr_rolling12_last": -0.2931563879994877,
    "corr_rolling12_mean": -0.0744848884099983,
    "diversification_lift": -0.10199999999999987,
    "label": "primary_ratediff",
    "n_overlap_months": 101,
    "null_corr_triggered": false,
    "sharpe_5050_blend": 1.064,
    "sharpe_tsmom_overlap": 0.239,
    "sharpe_v015_overlap": 1.166
  },
  "robustness_broken_model": {
    "corr_2022": -0.21700188216279678,
    "corr_SE_approx": 0.0995,
    "corr_full": -0.1362162224868953,
    "corr_full_abs": 0.1362162224868953,
    "corr_rolling12_last": -0.3254832343413167,
    "corr_rolling12_mean": -0.07615336365254673,
    "diversification_lift": -0.03400000000000003,
    "label": "robustness_broken",
    "n_overlap_months": 101,
    "null_corr_triggered": false,
    "sharpe_5050_blend": 1.132,
    "sharpe_tsmom_overlap": 0.321,
    "sharpe_v015_overlap": 1.166
  }
}