{"theta": [0.55, 1.03185481486, 1.4885799796217871, 2.503007208645185, 0.6, 0.05], "n_updates": 10, "params": {"entry_threshold": 0.55, "size_multiplier": 1.03185481486, "stop_atr_mult": 1.4885799796217871, "tp_rr_ratio": 2.503007208645185, "hmm_conf_gate": 0.6, "kelly_fraction_cap": 0.05}}